time_s,target_dof_right_hip_pitch_04,target_dof_right_hip_roll_03,target_dof_right_hip_yaw_03,target_dof_right_knee_04,target_dof_right_ankle_02,target_dof_left_hip_pitch_04,target_dof_left_hip_roll_03,target_dof_left_hip_yaw_03,target_dof_left_knee_04,target_dof_left_ankle_02,pos_dof_right_hip_pitch_04,pos_dof_right_hip_roll_03,pos_dof_right_hip_yaw_03,pos_dof_right_knee_04,pos_dof_right_ankle_02,pos_dof_left_hip_pitch_04,pos_dof_left_hip_roll_03,pos_dof_left_hip_yaw_03,pos_dof_left_knee_04,pos_dof_left_ankle_02,vel_dof_right_hip_pitch_04,vel_dof_right_hip_roll_03,vel_dof_right_hip_yaw_03,vel_dof_right_knee_04,vel_dof_right_ankle_02,vel_dof_left_hip_pitch_04,vel_dof_left_hip_roll_03,vel_dof_left_hip_yaw_03,vel_dof_left_knee_04,vel_dof_left_ankle_02,policy_target_dof_right_hip_pitch_04,policy_target_dof_right_hip_roll_03,policy_target_dof_right_hip_yaw_03,policy_target_dof_right_knee_04,policy_target_dof_right_ankle_02,policy_target_dof_left_hip_pitch_04,policy_target_dof_left_hip_roll_03,policy_target_dof_left_hip_yaw_03,policy_target_dof_left_knee_04,policy_target_dof_left_ankle_02,acc_x,acc_y,acc_z,gyro_x,gyro_y,gyro_z,pg_x,pg_y,pg_z
0.0,-0.0847313329577446,-0.005737477447837591,0.07299289852380753,-0.007324112579226494,0.08221201598644257,-0.0245321374386549,-0.006844538729637861,-0.04999969154596329,0.0893334373831749,0.038670819252729416,-0.0847313329577446,-0.005737477447837591,0.07299289852380753,-0.007324112579226494,0.08221201598644257,-0.0245321374386549,-0.006844538729637861,-0.04999969154596329,0.0893334373831749,0.038670819252729416,0.0,0.0,0.0,0.0,0.0,0.0,0.0,0.0,0.0,0.0,0.019467651844024658,-0.028713921085000038,0.15778201818466187,-0.8958002924919128,-0.48301565647125244,-0.07580709457397461,0.04504147171974182,-0.0949632003903389,0.851008951663971,-0.18959131836891174,-32.813106536865234,-3.564539909362793,-3.6741299629211426,0.0,0.0,-0.0,9.8100004196167,-2.2824278858024627e-05,2.6844125500247173e-07
0.02,-0.11817935109138489,0.0004723527526948601,0.079665407538414,-0.13564470410346985,-0.0363134890794754,-0.013278280384838581,-0.0025936681777238846,-0.0553550086915493,0.2587983310222626,-0.22703109681606293,-0.11817935109138489,0.0004723527526948601,0.079665407538414,-0.13564470410346985,-0.0363134890794754,-0.013278280384838581,-0.0025936681777238846,-0.0553550086915493,0.2587983310222626,-0.22703109681606293,-0.7730405926704407,0.3011263906955719,1.459776759147644,-8.565256118774414,8.557218551635742,-0.6678964495658875,0.2572475075721741,-0.9804456830024719,10.17229175567627,-1.9164429903030396,-0.0603596568107605,-0.061092227697372437,0.11268019676208496,-0.8147139549255371,-0.40235579013824463,-0.018294692039489746,0.08138877153396606,-0.14416107535362244,0.7792994976043701,-0.1587863266468048,-4.1956071853637695,8.526036262512207,1.2806931734085083,0.09443103522062302,0.2935299575328827,-1.6117362976074219,9.809630393981934,0.0734662413597107,0.043088797479867935
0.04,-0.12848298251628876,0.0021163104102015495,0.10010503977537155,-0.30680572986602783,0.07333158701658249,-0.026181582361459732,0.0022315820679068565,-0.08300801366567612,0.42362281680107117,-0.28381556272506714,-0.12848298251628876,0.0021163104102015495,0.10010503977537155,-0.30680572986602783,0.07333158701658249,-0.026181582361459732,0.0022315820679068565,-0.08300801366567612,0.42362281680107117,-0.28381556272506714,-0.3677128255367279,0.16935555636882782,0.6059976816177368,-7.485225677490234,4.792569637298584,-0.3936326503753662,0.39542269706726074,-1.676295518875122,6.616948127746582,1.1345196962356567,-0.14149580895900726,-0.07898177951574326,0.03221597895026207,-0.7258458137512207,0.0722740888595581,0.09821274876594543,0.07174372673034668,-0.24275991320610046,0.6740928888320923,-0.2775360941886902,-5.155462265014648,2.668267011642456,0.05091874673962593,-0.5063813924789429,0.20729556679725647,-2.1350724697113037,9.798322677612305,0.4696252942085266,0.09183147549629211
0.06,-0.1341114193201065,0.0018907622434198856,0.0883370116353035,-0.43490710854530334,0.13584043085575104,-0.026109544560313225,0.0053317914716899395,-0.13486286997795105,0.5223082900047302,-0.3224543333053589,-0.1341114193201065,0.0018907622434198856,0.0883370116353035,-0.43490710854530334,0.13584043085575104,-0.026109544560313225,0.0053317914716899395,-0.13486286997795105,0.5223082900047302,-0.3224543333053589,-0.23829279839992523,-0.11453642696142197,-1.5377684831619263,-5.406899452209473,3.1913936138153076,0.19570329785346985,0.08692558109760284,-3.2863259315490723,4.127861976623535,-3.1400668621063232,-0.2712428867816925,-0.09912823140621185,0.03916953131556511,-0.8350992798805237,0.1552060842514038,0.06931164860725403,0.14253589510917664,-0.2624177038669586,0.6139357089996338,-0.3596354126930237,-6.752241611480713,-2.5625,-1.2879765033721924,-1.1395419836044312,0.09284389019012451,-1.8930168151855469,9.770099639892578,0.8735871911048889,0.13453879952430725
0.08,-0.14543528854846954,-0.0014845224795863032,0.060060929507017136,-0.5437736511230469,0.18868455290794373,-0.020920854061841965,0.013249974697828293,-0.18985937535762787,0.5772975087165833,-0.3720863163471222,-0.14543528854846954,-0.0014845224795863032,0.060060929507017136,-0.5437736511230469,0.18868455290794373,-0.020920854061841965,0.013249974697828293,-0.18985937535762787,0.5772975087165833,-0.3720863163471222,-0.8278114795684814,-0.19445392489433289,-1.1451261043548584,-5.471005916595459,3.417537212371826,0.2574322819709778,0.6829551458358765,-2.3050363063812256,1.5954768657684326,-1.6110433340072632,-0.2764466106891632,-0.08894237875938416,0.0037671662867069244,-0.771842360496521,0.14603489637374878,0.10504955053329468,0.197483092546463,-0.28498682379722595,0.6138393878936768,-0.402871310710907,-2.7092013359069824,-1.2397745847702026,-0.46845752000808716,-1.1759076118469238,0.07573364675045013,-1.45962655544281,9.735533714294434,1.1931219100952148,0.17870865762233734
0.1,-0.15902428328990936,-0.007387840189039707,0.036547865718603134,-0.6347308158874512,0.24360938370227814,-0.014311345294117928,0.0311594158411026,-0.2297571897506714,0.6041429042816162,-0.44235607981681824,-0.15902428328990936,-0.007387840189039707,0.036547865718603134,-0.6347308158874512,0.24360938370227814,-0.014311345294117928,0.0311594158411026,-0.2297571897506714,0.6041429042816162,-0.44235607981681824,-0.5224493145942688,-0.2695055305957794,-1.2477037906646729,-3.925877809524536,4.138744831085205,0.47337815165519714,1.1077995300292969,-1.801797866821289,1.0207617282867432,-3.4976863861083984,-0.38253363966941833,-0.1280573308467865,0.07907117903232574,-0.8304283618927002,0.0709274411201477,0.05873331427574158,0.17256101965904236,-0.3935798704624176,0.5734875798225403,-0.29965585470199585,-4.833539009094238,-2.50205397605896,0.9003289341926575,-1.395115613937378,0.156643807888031,-1.125551700592041,9.701191902160645,1.4380744695663452,0.23433393239974976
0.12,-0.1697230339050293,-0.01805051974952221,0.032528992742300034,-0.7055349946022034,0.28483086824417114,-0.004347837530076504,0.03224659338593483,-0.2606907784938812,0.6435712575912476,-0.48948049545288086,-0.1697230339050293,-0.01805051974952221,0.032528992742300034,-0.7055349946022034,0.28483086824417114,-0.004347837530076504,0.03224659338593483,-0.2606907784938812,0.6435712575912476,-0.48948049545288086,-0.5118303298950195,-0.40602800250053406,0.8660579919815063,-3.5846877098083496,1.785620093345642,0.26634329557418823,-0.713093101978302,-0.9044855833053589,2.6064555644989014,-0.9956591129302979,-0.2805429697036743,-0.1297096610069275,0.14399370551109314,-0.8985639810562134,0.24533936381340027,0.07100799679756165,0.16546966135501862,-0.4041372537612915,0.5869687795639038,-0.4337341785430908,-19.09157943725586,-6.749698638916016,-2.4813880920410156,-0.9056932330131531,-0.42094019055366516,-1.0169670581817627,9.671731948852539,1.6213933229446411,0.2545114755630493
0.14,-0.18097254633903503,-0.022025316953659058,0.05891845002770424,-0.7659432888031006,0.2953854203224182,-0.003447385272011161,0.023329271003603935,-0.27865341305732727,0.6766152381896973,-0.5037450790405273,-0.18097254633903503,-0.022025316953659058,0.05891845002770424,-0.7659432888031006,0.2953854203224182,-0.003447385272011161,0.023329271003603935,-0.27865341305732727,0.6766152381896973,-0.5037450790405273,-0.5267112255096436,-0.24811379611492157,1.7340996265411377,-2.5116896629333496,-0.318170428276062,-0.01728234998881817,-0.37418755888938904,-0.9572958946228027,1.2488614320755005,-0.5572047829627991,-0.2161838710308075,-0.1316276341676712,0.1607947200536728,-0.898884654045105,0.3247033953666687,0.09679794311523438,0.14625689387321472,-0.417555570602417,0.6349921226501465,-0.3471982479095459,-10.994099617004395,-4.295177459716797,-2.8529012203216553,-0.9223846197128296,-0.25864171981811523,-0.7286084294319153,9.645029067993164,1.7766458988189697,0.23032739758491516
0.16,-0.18798770010471344,-0.029525091871619225,0.09412892162799835,-0.806204080581665,0.3047454059123993,-0.0025866925716400146,0.016976337879896164,-0.3013981282711029,0.6990774273872375,-0.5130363702774048,-0.18798770010471344,-0.029525091871619225,0.09412892162799835,-0.806204080581665,0.3047454059123993,-0.0025866925716400146,0.016976337879896164,-0.3013981282711029,0.6990774273872375,-0.5130363702774048,-0.18293240666389465,-0.475515216588974,1.7556636333465576,-1.6560338735580444,0.8013731837272644,0.12493793666362762,-0.26722267270088196,-1.2944127321243286,1.1099401712417603,-0.44742026925086975,-0.12731677293777466,-0.10767900943756104,0.09590321034193039,-0.9242061376571655,0.3313688039779663,0.04336827993392944,0.17116034030914307,-0.37946125864982605,0.5684366226196289,-0.4447864294052124,-10.27312183380127,-3.58536434173584,-2.4121389389038086,-1.280473232269287,-0.2508143186569214,-0.5896241664886475,9.622542381286621,1.8959240913391113,0.21964965760707855
0.18,-0.18529395759105682,-0.039199043065309525,0.11248534917831421,-0.8362597823143005,0.3186487555503845,-0.004673854447901249,0.015773635357618332,-0.32520803809165955,0.7153475284576416,-0.5204070210456848,-0.18529395759105682,-0.039199043065309525,0.11248534917831421,-0.8362597823143005,0.3186487555503845,-0.004673854447901249,0.015773635357618332,-0.32520803809165955,0.7153475284576416,-0.5204070210456848,0.31778907775878906,-0.45421814918518066,0.0910378247499466,-1.4592151641845703,0.5436748266220093,-0.2830734848976135,0.11036944389343262,-1.063047170639038,0.5319876670837402,-0.2572541832923889,-0.12030002474784851,-0.11852328479290009,0.14485600590705872,-0.8906090259552002,0.5567086338996887,-0.03344219923019409,0.21288439631462097,-0.37532106041908264,0.5671983957290649,-0.4742991626262665,-11.404356956481934,-4.396628379821777,-3.1522538661956787,-1.2891993522644043,-0.13456138968467712,-0.6931933164596558,9.598529815673828,2.0122604370117188,0.23481285572052002
0.2,-0.1764538586139679,-0.046418529003858566,0.11680535227060318,-0.8577443361282349,0.41198375821113586,-0.012905671261250973,0.02167556807398796,-0.3407863676548004,0.7199276685714722,-0.5228773355484009,-0.1764538586139679,-0.046418529003858566,0.11680535227060318,-0.8577443361282349,0.41198375821113586,-0.012905671261250973,0.02167556807398796,-0.3407863676548004,0.7199276685714722,-0.5228773355484009,0.47950029373168945,-0.3214768171310425,0.53730309009552,-0.6723098754882812,6.754965305328369,-0.49606236815452576,0.3975978493690491,-0.5167855620384216,0.07026953250169754,-0.3326643705368042,-0.04638901352882385,-0.07292799651622772,0.0938810333609581,-0.9145058393478394,0.5404468774795532,-0.010959535837173462,0.2172549068927765,-0.3969061076641083,0.572628378868103,-0.48549240827560425,-10.342728614807129,-4.064786434173584,-3.168593645095825,-0.9660546183586121,-0.09936283528804779,-0.6388186812400818,9.571831703186035,2.132370710372925,0.2629321217536926
0.22,-0.1656862199306488,-0.0510016568005085,0.11918433755636215,-0.8690882325172424,0.4951401352882385,-0.022690890356898308,0.03269858658313751,-0.34988826513290405,0.7182582020759583,-0.5215737819671631,-0.1656862199306488,-0.0510016568005085,0.11918433755636215,-0.8690882325172424,0.4951401352882385,-0.022690890356898308,0.03269858658313751,-0.34988826513290405,0.7182582020759583,-0.5215737819671631,0.6365212798118591,-0.1617429405450821,-0.3778632879257202,-0.5934146642684937,2.367291212081909,-0.4632593095302582,0.5618951916694641,-0.6213400363922119,0.0604851171374321,-0.43260329961776733,-0.005611628293991089,-0.0679042786359787,0.11350434273481369,-0.946699321269989,0.4942033290863037,0.01263245940208435,0.17545902729034424,-0.47434201836586,0.5535022020339966,-0.43166694045066833,-10.619359016418457,-3.773470401763916,-3.198657274246216,-0.9203625321388245,-0.0059306425973773,-0.5658719539642334,9.546558380126953,2.2391560077667236,0.29241710901260376
0.24,-0.1517685055732727,-0.053128715604543686,0.11317283660173416,-0.8841690421104431,0.5073540210723877,-0.030930737033486366,0.04213012382388115,-0.369208961725235,0.7171390056610107,-0.5241768956184387,-0.1517685055732727,-0.053128715604543686,0.11317283660173416,-0.8841690421104431,0.5073540210723877,-0.030930737033486366,0.04213012382388115,-0.369208961725235,0.7171390056610107,-0.5241768956184387,0.7650389671325684,-0.08394888043403625,-0.11075183749198914,-0.8976415395736694,-0.36591583490371704,-0.33303302526474,0.40274226665496826,-1.2028274536132812,-0.12295937538146973,-0.007586166262626648,-0.013654768466949463,-0.12603868544101715,0.22844380140304565,-1.0330398082733154,0.5635115504264832,0.008269816637039185,0.15519806742668152,-0.45056185126304626,0.533686637878418,-0.41878920793533325,-9.473834037780762,-3.775172233581543,-3.6470212936401367,-1.0569791793823242,-0.09382160007953644,-0.4364204406738281,9.523895263671875,2.3288681507110596,0.3284585773944855
0.26,-0.13782784342765808,-0.056942399591207504,0.13343237340450287,-0.9141761660575867,0.5273492932319641,-0.03677055984735489,0.04709029570221901,-0.39162376523017883,0.7107119560241699,-0.5217245817184448,-0.13782784342765808,-0.056942399591207504,0.13343237340450287,-0.9141761660575867,0.5273492932319641,-0.03677055984735489,0.04709029570221901,-0.39162376523017883,0.7107119560241699,-0.5217245817184448,0.6516643166542053,-0.3151438236236572,2.1107375621795654,-1.9516534805297852,1.6733152866363525,-0.28961899876594543,0.11184889078140259,-0.9873495101928711,-0.5139683485031128,0.23696044087409973,-0.04937008023262024,-0.0548846572637558,0.1383323222398758,-0.9783908128738403,0.5865596532821655,0.1361427903175354,0.17578911781311035,-0.43104588985443115,0.5893548130989075,-0.39529818296432495,-9.166153907775879,-3.7037830352783203,-3.7884082794189453,-0.9698444604873657,-0.4381684362888336,-0.27400538325309753,9.509513854980469,2.386847496032715,0.32893529534339905
0.28,-0.1278635561466217,-0.06110365688800812,0.16060642898082733,-0.9412565231323242,0.5561013221740723,-0.03316250815987587,0.052494633942842484,-0.4086863398551941,0.7050871253013611,-0.5171822905540466,-0.1278635561466217,-0.06110365688800812,0.16060642898082733,-0.9412565231323242,0.5561013221740723,-0.03316250815987587,0.052494633942842484,-0.4086863398551941,0.7050871253013611,-0.5171822905540466,0.41137245297431946,-0.08296357840299606,0.36445313692092896,-0.7545433044433594,1.2956563234329224,0.5196333527565002,0.3505266308784485,-0.8893989324569702,0.04558900371193886,-0.2560335099697113,-0.04880085587501526,-0.025608018040657043,0.17851315438747406,-0.9476409554481506,0.772107720375061,0.2263142168521881,0.16186869144439697,-0.4766791760921478,0.5839027166366577,-0.5307787656784058,-8.708434104919434,-3.4473209381103516,-2.654985189437866,-1.0837748050689697,-0.3488825559616089,0.16912968456745148,9.510162353515625,2.388335704803467,0.29793816804885864
0.3,-0.12071219831705093,-0.058966245502233505,0.16570612788200378,-0.947999119758606,0.6451262831687927,-0.017518749460577965,0.05988386273384094,-0.4281967282295227,0.7077429890632629,-0.5185402035713196,-0.12071219831705093,-0.058966245502233505,0.16570612788200378,-0.947999119758606,0.6451262831687927,-0.017518749460577965,0.05988386273384094,-0.4281967282295227,0.7077429890632629,-0.5185402035713196,0.3418724536895752,0.21952806413173676,0.4092409610748291,0.004254173021763563,5.997711181640625,0.9742632508277893,0.3076998293399811,-1.093630075454712,0.2807594835758209,-0.2620144486427307,0.05582451820373535,-0.023529574275016785,0.158964142203331,-0.9442098140716553,0.867351770401001,0.31735560297966003,0.2366584837436676,-0.46875622868537903,0.6208020448684692,-0.7032622694969177,-8.27165412902832,-3.3314247131347656,-3.3306596279144287,-1.0805931091308594,-0.33251819014549255,0.4710581302642822,9.527610778808594,2.3190221786499023,0.28788211941719055
0.32,-0.10952842235565186,-0.05223611369729042,0.16818635165691376,-0.9444005489349365,0.761059045791626,0.006792404688894749,0.07244520634412766,-0.4392758309841156,0.7169697880744934,-0.5239962935447693,-0.10952842235565186,-0.05223611369729042,0.16818635165691376,-0.9444005489349365,0.761059045791626,0.006792404688894749,0.07244520634412766,-0.4392758309841156,0.7169697880744934,-0.5239962935447693,0.791242241859436,0.3459486663341522,-0.20024046301841736,0.2396441549062729,5.302765846252441,1.4364442825317383,0.892810046672821,-0.0697212964296341,0.6011485457420349,-0.03720710426568985,0.0330234169960022,0.0029944628477096558,0.1363479048013687,-0.8732556700706482,0.7983990907669067,0.3391318917274475,0.2680390775203705,-0.43563950061798096,0.6577594876289368,-0.7124072909355164,-5.562291622161865,-2.1838724613189697,-2.9367189407348633,-1.357451319694519,-0.2745360732078552,0.5135626792907715,9.552491188049316,2.2149815559387207,0.2825969159603119
0.34,-0.09239184856414795,-0.0449434295296669,0.16016162931919098,-0.9311264157295227,0.8010830283164978,0.03900923579931259,0.09226648509502411,-0.43357008695602417,0.7338139414787292,-0.5320435762405396,-0.09239184856414795,-0.0449434295296669,0.16016162931919098,-0.9311264157295227,0.8010830283164978,0.03900923579931259,0.09226648509502411,-0.43357008695602417,0.7338139414787292,-0.5320435762405396,0.8519245386123657,0.39168938994407654,-0.57484370470047,1.026773452758789,0.12010497599840164,1.6989846229553223,1.0794414281845093,0.5807932019233704,0.8572018146514893,-0.18133804202079773,-0.02017250657081604,-0.001260027289390564,0.15414275228977203,-0.7231033444404602,0.7088303565979004,0.3373123109340668,0.304719477891922,-0.3876661956310272,0.7015659213066101,-0.690039336681366,-5.787333011627197,-2.0117075443267822,-3.1237070560455322,-1.3375834226608276,-0.32889214158058167,0.5555671453475952,9.577186584472656,2.1057355403900146,0.2819264829158783
0.36,-0.07687817513942719,-0.03720961883664131,0.15302108228206635,-0.8909119367599487,0.7638548612594604,0.07420625537633896,0.1150706335902214,-0.41399621963500977,0.751139223575592,-0.5310642719268799,-0.07687817513942719,-0.03720961883664131,0.15302108228206635,-0.8909119367599487,0.7638548612594604,0.07420625537633896,0.1150706335902214,-0.41399621963500977,0.751139223575592,-0.5310642719268799,0.6638844013214111,0.3385164737701416,-0.11848318576812744,2.817467451095581,-2.7126784324645996,1.77654230594635,1.1600147485733032,1.3151910305023193,0.8884310126304626,0.1535380631685257,-0.17753510177135468,-0.026784464716911316,0.19782231748104095,-0.5910102725028992,0.6756294369697571,0.3881591856479645,0.16166655719280243,-0.2971075177192688,0.8091129064559937,-0.5807132720947266,-5.642122268676758,-1.4739398956298828,-3.074268102645874,-0.9430310130119324,-0.43280020356178284,0.6158290505409241,9.6030855178833,1.9878102540969849,0.2558460831642151
0.38,-0.08154122531414032,-0.03079555183649063,0.1544262170791626,-0.8433815836906433,0.6254760026931763,0.10917532444000244,0.13272462785243988,-0.386409193277359,0.7733410000801086,-0.5429495573043823,-0.08154122531414032,-0.03079555183649063,0.1544262170791626,-0.8433815836906433,0.6254760026931763,0.10917532444000244,0.13272462785243988,-0.386409193277359,0.7733410000801086,-0.5429495573043823,-0.9323949217796326,0.44003990292549133,-0.2803174555301666,1.158613681793213,-12.87735366821289,1.3339539766311646,0.6757852435112,1.5690207481384277,0.9200127720832825,-1.1179163455963135,-0.3534056842327118,-0.03662383556365967,0.25914543867111206,-0.5909050107002258,0.28371769189834595,0.47037333250045776,0.12717673182487488,-0.2476063370704651,0.9121115207672119,-0.3737240433692932,-9.010143280029297,-1.7900902032852173,2.3506267070770264,-0.45225077867507935,-0.4477223753929138,0.4588564932346344,9.630865097045898,1.8576812744140625,0.1776561439037323
0.4,-0.10037320852279663,-0.022159870713949203,0.1419278383255005,-0.8598999381065369,0.58221834897995,0.14305347204208374,0.14369958639144897,-0.3489685654640198,0.8037896156311035,-0.5114741325378418,-0.10037320852279663,-0.022159870713949203,0.1419278383255005,-0.8598999381065369,0.58221834897995,0.14305347204208374,0.14369958639144897,-0.3489685654640198,0.8037896156311035,-0.5114741325378418,-0.8994441032409668,0.4265417158603668,-0.6957834959030151,-0.9708142280578613,0.9952511787414551,2.017218828201294,0.45701098442077637,2.2224009037017822,1.9488624334335327,1.5154366493225098,-0.2404494285583496,-0.042721740901470184,0.32418230175971985,-0.5647731423377991,0.22391188144683838,0.5326722860336304,0.08249591290950775,-0.35065141320228577,1.0366284847259521,-0.28493887186050415,-17.118993759155273,-4.844993591308594,3.729508638381958,-0.7388940453529358,-0.26111459732055664,0.5267581939697266,9.646893501281738,1.7767518758773804,0.1292446404695511
0.42,-0.11241243034601212,-0.01432322058826685,0.13423041999340057,-0.8606768250465393,0.5833011865615845,0.18542960286140442,0.14424000680446625,-0.3313787579536438,0.8527652025222778,-0.4604724943637848,-0.11241243034601212,-0.01432322058826685,0.13423041999340057,-0.8606768250465393,0.5833011865615845,0.18542960286140442,0.14424000680446625,-0.3313787579536438,0.8527652025222778,-0.4604724943637848,-0.35545840859413147,0.41944608092308044,-0.13703344762325287,0.6119347214698792,-0.48483115434646606,2.169771909713745,-0.2813069522380829,-0.2884679138660431,2.839350938796997,2.7800230979919434,-0.17045146226882935,-0.032261744141578674,0.27775195240974426,-0.5211753249168396,0.2990846633911133,0.42738229036331177,-0.021535634994506836,-0.31609103083610535,1.070829153060913,-0.2977972626686096,-15.800474166870117,-3.0160648822784424,3.553828239440918,-0.5123500227928162,-0.21126602590084076,0.5427946448326111,9.667099952697754,1.66522216796875,0.10152454674243927
0.44,-0.11245721578598022,-0.007676644716411829,0.13803021609783173,-0.8368580341339111,0.5674212574958801,0.2197926789522171,0.13246574997901917,-0.3389752507209778,0.9097381830215454,-0.39182502031326294,-0.11245721578598022,-0.007676644716411829,0.13803021609783173,-0.8368580341339111,0.5674212574958801,0.2197926789522171,0.13246574997901917,-0.3389752507209778,0.9097381830215454,-0.39182502031326294,0.1944291889667511,0.24784234166145325,0.2496325969696045,1.5239176750183105,-1.0799319744110107,1.3429030179977417,-0.8352189064025879,-0.14751236140727997,2.844762086868286,3.8515374660491943,-0.09671062231063843,-0.04853750765323639,0.270957350730896,-0.5330348610877991,0.2920524775981903,0.3107832968235016,-0.04951084405183792,-0.3175460696220398,1.0336496829986572,-0.21464380621910095,-12.626497268676758,-3.6966371536254883,3.8439688682556152,0.05345641076564789,-0.22267316281795502,0.3228631615638733,9.681533813476562,1.5809242725372314,0.06835982948541641
0.46,-0.10503369569778442,-0.003792820731177926,0.14813990890979767,-0.800119936466217,0.5424474477767944,0.23655866086483002,0.1133817732334137,-0.33919551968574524,0.9528579115867615,-0.3164701461791992,-0.10503369569778442,-0.003792820731177926,0.14813990890979767,-0.800119936466217,0.5424474477767944,0.23655866086483002,0.1133817732334137,-0.33919551968574524,0.9528579115867615,-0.3164701461791992,0.4506029784679413,0.1320098340511322,0.7154728770256042,1.9869384765625,-1.3436620235443115,0.48613983392715454,-1.045480728149414,0.07815949618816376,1.5554282665252686,4.313839912414551,-0.10514537990093231,-0.0350281223654747,0.1947237253189087,-0.5797324180603027,0.18224602937698364,0.2526412308216095,-0.06565514951944351,-0.38360273838043213,0.9838867783546448,-0.1769254505634308,-9.975854873657227,-2.746936559677124,2.6672475337982178,0.6021196842193604,-0.24299664795398712,0.2198783904314041,9.690499305725098,1.5264538526535034,0.016049088910222054
0.48,-0.09791159629821777,-0.0019361523445695639,0.16312821209430695,-0.7606446743011475,0.5149479508399963,0.24273887276649475,0.09221237897872925,-0.35071319341659546,0.9714828729629517,-0.2567031979560852,-0.09791159629821777,-0.0019361523445695639,0.16312821209430695,-0.7606446743011475,0.5149479508399963,0.24273887276649475,0.09221237897872925,-0.35071319341659546,0.9714828729629517,-0.2567031979560852,0.26592913269996643,0.09698348492383957,0.7392611503601074,1.9042130708694458,-1.352896809577942,0.19236689805984497,-1.034691572189331,-1.2594515085220337,0.4554048776626587,1.9553202390670776,-0.10411413013935089,-0.016447624191641808,0.028458774089813232,-0.5610257983207703,0.08567136526107788,0.22682051360607147,-0.023526377975940704,-0.3824353814125061,0.923806369304657,-0.1512005627155304,-7.4348063468933105,-1.3395718336105347,1.7482249736785889,0.8474896550178528,-0.20127764344215393,0.3250446319580078,9.698785781860352,1.4720371961593628,-0.052520476281642914
0.5,-0.09338654577732086,-0.0009764886926859617,0.1501619815826416,-0.7242189049720764,0.48766499757766724,0.24442394077777863,0.07654458284378052,-0.37291786074638367,0.9671457409858704,-0.21100366115570068,-0.09338654577732086,-0.0009764886926859617,0.1501619815826416,-0.7242189049720764,0.48766499757766724,0.24442394077777863,0.07654458284378052,-0.37291786074638367,0.9671457409858704,-0.21100366115570068,0.2230416089296341,0.0037878938019275665,-2.1878271102905273,1.8218779563903809,-1.4358747005462646,0.0327950157225132,-0.5385349988937378,-1.0267512798309326,-0.6716004610061646,2.1226439476013184,-0.19126179814338684,-0.002661934122443199,-0.022717751562595367,-0.5389423966407776,0.03337836265563965,0.27063503861427307,0.0318465530872345,-0.39684849977493286,0.839265763759613,-0.19403895735740662,-5.254447937011719,-1.1389802694320679,1.440881371498108,0.6955918073654175,0.06207290664315224,0.34557104110717773,9.708508491516113,1.4043996334075928,-0.0928894653916359
0.52,-0.09407676011323929,2.4636835860292194e-06,0.0881359651684761,-0.6900880336761475,0.4638213515281677,0.24794873595237732,0.07177435606718063,-0.3903436064720154,0.9438183903694153,-0.20393557846546173,-0.09407676011323929,2.4636835860292194e-06,0.0881359651684761,-0.6900880336761475,0.4638213515281677,0.24794873595237732,0.07177435606718063,-0.3903436064720154,0.9438183903694153,-0.20393557846546173,-0.3268592357635498,0.3010684549808502,-1.954295039176941,1.1504889726638794,-0.9493098855018616,0.22747834026813507,0.08064728230237961,-0.9030826091766357,-1.0043201446533203,-2.2194294929504395,-0.2263452410697937,-0.014421692118048668,-0.056165896356105804,-0.5663099884986877,0.1265830397605896,0.34211522340774536,-0.01614910364151001,-0.346693754196167,0.8678598999977112,-0.30802902579307556,-22.135465621948242,-1.7009681463241577,3.0486209392547607,0.8307021856307983,0.24191001057624817,0.7010530233383179,9.722687721252441,1.3031262159347534,-0.08542577177286148
0.54,-0.10483818501234055,0.0034598750062286854,0.03761265054345131,-0.6634721159934998,0.43623408675193787,0.2564676105976105,0.06740429997444153,-0.39373594522476196,0.9195742607116699,-0.2457854449748993,-0.10483818501234055,0.0034598750062286854,0.03761265054345131,-0.6634721159934998,0.43623408675193787,0.2564676105976105,0.06740429997444153,-0.39373594522476196,0.9195742607116699,-0.2457854449748993,-0.67511385679245,0.23962068557739258,-2.1831157207489014,1.0889852046966553,-0.558070957660675,0.5564207434654236,-0.3657463788986206,0.4982510507106781,-1.0399984121322632,-2.891922950744629,-0.21338826417922974,-0.00610445998609066,-0.024308212101459503,-0.5591703057289124,0.20217370986938477,0.19103509187698364,-0.03651107847690582,-0.24306046962738037,0.915244996547699,-0.3185808062553406,-7.004557132720947,-0.3209664821624756,0.6061407923698425,0.6402845978736877,0.207151859998703,0.8984636068344116,9.743033409118652,1.1430100202560425,-0.054181329905986786
0.56,-0.11501671373844147,0.011395134963095188,0.019345462322235107,-0.6480929851531982,0.43059247732162476,0.25959262251853943,0.05799870565533638,-0.36031919717788696,0.9069651365280151,-0.289456307888031,-0.11501671373844147,0.011395134963095188,0.019345462322235107,-0.6480929851531982,0.43059247732162476,0.25959262251853943,0.05799870565533638,-0.36031919717788696,0.9069651365280151,-0.289456307888031,-0.3771609663963318,0.44486960768699646,-0.11354994028806686,0.5741050243377686,-0.5467900633811951,-0.1765933483839035,-0.5877109169960022,2.7247536182403564,-0.21541465818881989,-1.5561747550964355,-0.205143541097641,-0.007963305339217186,-0.007559679448604584,-0.3985026180744171,0.25598156452178955,0.26176923513412476,-0.16461162269115448,-0.17801278829574585,0.904186487197876,-0.31910860538482666,-7.614998817443848,-0.14492209255695343,1.6554155349731445,0.5658692717552185,0.20486170053482056,0.46558448672294617,9.757942199707031,1.009109616279602,-0.019009945914149284
0.58,-0.11994382739067078,0.019300058484077454,0.016974471509456635,-0.631628155708313,0.41893038153648376,0.25743740797042847,0.03891490399837494,-0.29915374517440796,0.9054108262062073,-0.3063966631889343,-0.11994382739067078,0.019300058484077454,0.016974471509456635,-0.631628155708313,0.41893038153648376,0.25743740797042847,0.03891490399837494,-0.29915374517440796,0.9054108262062073,-0.3063966631889343,-0.12375367432832718,0.381974458694458,-0.17118807137012482,1.2032930850982666,-0.7772929072380066,0.03447443246841431,-1.2646797895431519,3.2360928058624268,-0.06065075099468231,-0.48065099120140076,-0.23468118906021118,-0.04472210258245468,-0.11046253144741058,-0.5404553413391113,-0.06233799457550049,-0.019974172115325928,-0.24349398910999298,-0.09415575116872787,0.771852433681488,-0.3065800666809082,-11.622640609741211,-2.68005108833313,3.4351134300231934,0.08372433483600616,0.18985778093338013,0.5373397469520569,9.7669677734375,0.917794942855835,0.009787720628082752
0.6,-0.12194586545228958,0.02092091366648674,-0.010007796809077263,-0.6123805046081543,0.40505996346473694,0.2446625679731369,0.007656301837414503,-0.22921709716320038,0.8814501166343689,-0.3294614851474762,-0.12194586545228958,0.02092091366648674,-0.010007796809077263,-0.6123805046081543,0.40505996346473694,0.2446625679731369,0.007656301837414503,-0.22921709716320038,0.8814501166343689,-0.3294614851474762,-0.2297719568014145,-0.20559090375900269,-2.7734553813934326,0.6048911809921265,-0.506962776184082,-1.0987780094146729,-1.4430230855941772,3.3316240310668945,-1.5899052619934082,-10.396073341369629,-0.2778899073600769,0.13057200610637665,-0.17368923127651215,-0.5878735184669495,-0.2777599096298218,-0.265289843082428,-0.20142370462417603,-0.010172096081078053,0.49973565340042114,-0.22673791646957397,-13.709381103515625,1.0102837085723877,-7.3959550857543945,0.29875338077545166,-0.015051665715873241,0.32849419116973877,9.774779319763184,0.8299437165260315,0.03126702457666397
0.62,-0.12761300802230835,0.020556379109621048,-0.06819158047437668,-0.6085466146469116,0.3965325653553009,0.2056405246257782,-0.014274908229708672,-0.1541745513677597,0.8022795915603638,-0.3577146530151367,-0.12761300802230835,0.020556379109621048,-0.06819158047437668,-0.6085466146469116,0.3965325653553009,0.2056405246257782,-0.014274908229708672,-0.1541745513677597,0.8022795915603638,-0.3577146530151367,-0.433797687292099,0.19163337349891663,-2.862473964691162,-0.19503875076770782,-0.4676417112350464,-2.4832615852355957,-0.7591918706893921,3.812270402908325,-5.5542311668396,1.8499910831451416,-0.29494136571884155,0.3171956539154053,-0.09511014819145203,-0.655714213848114,-0.26201242208480835,-0.4292154312133789,0.10994306206703186,-0.2679840922355652,0.29314255714416504,-0.2576083838939667,-4.82472038269043,-0.42038658261299133,2.9798388481140137,0.9919518828392029,0.22281266748905182,0.12077800929546356,9.778240203857422,0.7880052924156189,0.03412842005491257
0.64,-0.1383131891489029,0.041759785264730453,-0.09244557470083237,-0.6186011433601379,0.37587422132492065,0.14614148437976837,-0.007863765582442284,-0.1412799060344696,0.6779646873474121,-0.4134739637374878,-0.1383131891489029,0.041759785264730453,-0.09244557470083237,-0.6186011433601379,0.37587422132492065,0.14614148437976837,-0.007863765582442284,-0.1412799060344696,0.6779646873474121,-0.4134739637374878,-0.6933429837226868,1.7607518434524536,0.009486055932939053,-0.8150215148925781,-1.6630139350891113,-3.3865749835968018,1.2033950090408325,-2.4104392528533936,-6.319177627563477,-5.522939682006836,-0.28016984462738037,0.06345959007740021,-0.008067157119512558,-1.1466705799102783,-0.1471937894821167,-0.31224942207336426,0.2506246268749237,-0.45929741859436035,0.26334792375564575,0.06896114349365234,-13.127285957336426,-0.7602493762969971,-3.38885760307312,1.372365117073059,1.204053521156311,0.014713209122419357,9.77800178527832,0.7781499028205872,0.145831897854805
0.66,-0.15754014253616333,0.05555393919348717,-0.07616061717271805,-0.693087637424469,0.30982524156570435,0.09769958257675171,0.008158138953149319,-0.1656477153301239,0.5968981981277466,-0.4089958965778351,-0.15754014253616333,0.05555393919348717,-0.07616061717271805,-0.693087637424469,0.30982524156570435,0.09769958257675171,0.008158138953149319,-0.1656477153301239,0.5968981981277466,-0.4089958965778351,-0.9131004214286804,0.09203017503023148,1.6573712825775146,-6.37074613571167,-9.957352638244629,-2.4956586360931396,0.6070858240127563,-0.48066556453704834,-3.2876124382019043,1.501944661140442,-0.3384844660758972,-0.04226423799991608,-0.006257582455873489,-1.2593002319335938,-0.07232403755187988,-0.21854060888290405,0.2517784535884857,-0.4623401165008545,0.34673017263412476,-0.10466751456260681,-14.908282279968262,0.3768211007118225,-3.8800392150878906,0.9474213123321533,0.1150347962975502,-0.6798610091209412,9.772332191467285,0.8211644291877747,0.25162655115127563
0.68,-0.18780837953090668,0.05690969154238701,-0.05420726165175438,-0.8279502987861633,0.20713002979755402,0.048250894993543625,0.021619658917188644,-0.2655889093875885,0.5224557518959045,-0.3748757541179657,-0.18780837953090668,0.05690969154238701,-0.05420726165175438,-0.8279502987861633,0.20713002979755402,0.048250894993543625,0.021619658917188644,-0.2655889093875885,0.5224557518959045,-0.3748757541179657,-1.6005704402923584,-0.20828837156295776,0.6895065903663635,-7.059032440185547,-8.252593994140625,-2.1997554302215576,0.7711875438690186,-5.948946952819824,-3.306732416152954,1.6078259944915771,-0.3460438847541809,-0.04637123644351959,0.03287641331553459,-1.2834386825561523,0.0845099687576294,-0.15985208749771118,0.2761855125427246,-0.42888134717941284,0.3754713237285614,-0.15349021553993225,-2.9645564556121826,0.5840251445770264,0.02219376340508461,0.554259717464447,0.33909356594085693,-0.6262043714523315,9.75899600982666,0.9559837579727173,0.2901502549648285
0.7,-0.21524082124233246,0.05054563656449318,-0.03478562831878662,-0.9590426683425903,0.12432581931352615,0.012227742001414299,0.04192839562892914,-0.3539697229862213,0.4719078540802002,-0.3504871428012848,-0.21524082124233246,0.05054563656449318,-0.03478562831878662,-0.9590426683425903,0.12432581931352615,0.012227742001414299,0.04192839562892914,-0.3539697229862213,0.4719078540802002,-0.3504871428012848,-1.1044212579727173,-0.42956385016441345,1.329758882522583,-6.1030402183532715,-2.2158589363098145,-1.4954842329025269,1.0966641902923584,-3.0465903282165527,-1.8917686939239502,2.9387441827566363e-05,-0.2521153688430786,-0.06886716187000275,0.04892927035689354,-1.3090760707855225,0.11100345849990845,-0.12038266658782959,0.2715758979320526,-0.38004636764526367,0.40330567955970764,-0.197240948677063,-3.0388779640197754,-0.9129588603973389,0.11002299934625626,0.07192154973745346,0.43178752064704895,-0.6125150918960571,9.743242263793945,1.0829780101776123,0.3639988601207733
0.72,-0.22834265232086182,0.03781326860189438,-0.006156308576464653,-1.063744306564331,0.10802479833364487,-0.01164504885673523,0.06161915883421898,-0.3795236349105835,0.4492341876029968,-0.350445419549942,-0.22834265232086182,0.03781326860189438,-0.006156308576464653,-1.063744306564331,0.10802479833364487,-0.01164504885673523,0.06161915883421898,-0.3795236349105835,0.4492341876029968,-0.350445419549942,-0.2619849443435669,-0.7537813782691956,1.5389894247055054,-4.584774971008301,-0.10606016963720322,-0.9658316969871521,0.8531908988952637,-0.20718075335025787,-0.49001526832580566,0.03934112563729286,-0.1339067667722702,-0.1556161791086197,0.0370512492954731,-1.2492834329605103,0.24789032340049744,-0.16798973083496094,0.2503960132598877,-0.39785218238830566,0.4019683301448822,-0.27292364835739136,-7.816550254821777,-1.4793294668197632,-1.8694566488265991,-0.30485638976097107,0.31940045952796936,-0.6851517558097839,9.725852012634277,1.2024949789047241,0.44487518072128296
0.74,-0.2231481373310089,0.017266152426600456,0.015719369053840637,-1.131605863571167,0.15959566831588745,-0.03205186873674393,0.07687465846538544,-0.3861486613750458,0.44262900948524475,-0.35215288400650024,-0.2231481373310089,0.017266152426600456,0.015719369053840637,-1.131605863571167,0.15959566831588745,-0.03205186873674393,0.07687465846538544,-0.3861486613750458,0.44262900948524475,-0.35215288400650024,0.5949657559394836,-1.2613006830215454,0.7353368401527405,-2.4083476066589355,3.9528262615203857,-1.0153928995132446,0.6807683706283569,-0.39878877997398376,-0.181265726685524,-0.18906906247138977,-0.062352776527404785,-0.1443246752023697,0.035878706723451614,-1.3154324293136597,0.3171709477901459,-0.11214405298233032,0.2366020381450653,-0.32995501160621643,0.4428497850894928,-0.33099523186683655,-7.856626510620117,-1.85884690284729,-2.298053741455078,-0.4780089855194092,0.20848946273326874,-0.8476110696792603,9.703512191772461,1.348901391029358,0.5083407163619995
0.76,-0.20952190458774567,-0.006909547373652458,0.028295312076807022,-1.1777148246765137,0.24096864461898804,-0.048184800893068314,0.09163433313369751,-0.38453707098960876,0.44757115840911865,-0.361050546169281,-0.20952190458774567,-0.006909547373652458,0.028295312076807022,-1.1777148246765137,0.24096864461898804,-0.048184800893068314,0.09163433313369751,-0.38453707098960876,0.44757115840911865,-0.361050546169281,0.7947826385498047,-1.1738322973251343,0.5503438711166382,-2.3574366569519043,3.7682368755340576,-0.6748899221420288,0.7314671874046326,0.420132040977478,0.6573514342308044,-0.9273806214332581,0.041396915912628174,-0.1798298954963684,0.041776202619075775,-1.261045217514038,0.6953070759773254,-0.09477484226226807,0.1711796522140503,-0.3170628547668457,0.5074231624603271,-0.47074970602989197,-11.255213737487793,-1.941497802734375,-4.333434104919434,-0.42333701252937317,0.21392269432544708,-0.8147215843200684,9.678086280822754,1.5028789043426514,0.558660626411438
0.78,-0.18692834675312042,-0.03154126554727554,0.03654777258634567,-1.2121144533157349,0.4302299916744232,-0.058468613773584366,0.10521049052476883,-0.3697638511657715,0.4688720703125,-0.3778870403766632,-0.18692834675312042,-0.03154126554727554,0.03654777258634567,-1.2121144533157349,0.4302299916744232,-0.058468613773584366,0.10521049052476883,-0.3697638511657715,0.4688720703125,-0.3778870403766632,1.3695498704910278,-1.2879244089126587,0.3572646975517273,-1.054125428199768,12.592276573181152,-0.35053372383117676,0.6365892291069031,1.0502595901489258,1.3684872388839722,-0.4968288540840149,0.19490951299667358,-0.18786445260047913,0.09074591845273972,-1.2231593132019043,0.7753357291221619,-0.04953250288963318,0.20562902092933655,-0.3105858564376831,0.5945401191711426,-0.44767171144485474,-3.127821922302246,-0.903071939945221,-1.8573113679885864,-0.3995994031429291,0.010480333119630814,-0.9063525199890137,9.649444580078125,1.6669620275497437,0.5878435373306274
0.8,-0.15228846669197083,-0.05490276589989662,0.05126463621854782,-1.2195478677749634,0.6261285543441772,-0.0643245056271553,0.11461210995912552,-0.3511502742767334,0.5096595883369446,-0.408615380525589,-0.15228846669197083,-0.05490276589989662,0.05126463621854782,-1.2195478677749634,0.6261285543441772,-0.0643245056271553,0.11461210995912552,-0.3511502742767334,0.5096595883369446,-0.408615380525589,2.0247416496276855,-1.112097978591919,1.064225673675537,0.04290095716714859,7.565319538116455,-0.20721179246902466,0.3451992869377136,0.7981551885604858,2.5877676010131836,-2.3317952156066895,0.120583176612854,-0.09896703064441681,0.11399488896131516,-1.1154510974884033,1.0048787593841553,0.16453680396080017,0.2559441328048706,-0.3091054856777191,0.6641881465911865,-0.4359084963798523,-12.21777629852295,-2.328481912612915,-5.120413303375244,-0.4062797725200653,-0.05781906470656395,-1.0568461418151855,9.615300178527832,1.8540537357330322,0.5870146751403809
0.82,-0.11835198104381561,-0.06758313626050949,0.07826504111289978,-1.2038567066192627,0.806854248046875,-0.05477748066186905,0.1254865676164627,-0.33483850955963135,0.5700846314430237,-0.44722092151641846,-0.11835198104381561,-0.06758313626050949,0.07826504111289978,-1.2038567066192627,0.806854248046875,-0.05477748066186905,0.1254865676164627,-0.33483850955963135,0.5700846314430237,-0.44722092151641846,1.461874008178711,-0.34424856305122375,1.472062587738037,1.5227612257003784,9.571678161621094,0.9159776568412781,0.5358641743659973,0.5229714512825012,3.4691171646118164,-2.6324374675750732,0.0341259241104126,-0.1603781282901764,0.1362672597169876,-0.964194655418396,1.028515100479126,0.25455689430236816,0.25864988565444946,-0.31170976161956787,0.7555564045906067,-0.41596102714538574,-11.599268913269043,-3.5734989643096924,-4.429213523864746,-0.4331071674823761,0.08987888693809509,-0.4936179518699646,9.584565162658691,2.0041654109954834,0.5962625741958618
0.84,-0.09575308114290237,-0.07629778981208801,0.10284430533647537,-1.153154730796814,0.9371978044509888,-0.028783295303583145,0.13463592529296875,-0.3279794156551361,0.6395775079727173,-0.4897453486919403,-0.09575308114290237,-0.07629778981208801,0.10284430533647537,-1.153154730796814,0.9371978044509888,-0.028783295303583145,0.13463592529296875,-0.3279794156551361,0.6395775079727173,-0.4897453486919403,0.902110755443573,-0.5657256245613098,1.130344033241272,3.363725185394287,4.504073619842529,1.5034111738204956,0.3002047836780548,0.1280863881111145,3.701765298843384,-2.6399688720703125,-0.005704909563064575,-0.1888171285390854,0.1293918937444687,-0.7718877792358398,0.9946450591087341,0.2738804221153259,0.2735941410064697,-0.2652598023414612,0.7709764242172241,-0.49001723527908325,-7.579489707946777,-2.621246099472046,-2.832315444946289,-0.2568390667438507,-0.05732911452651024,-0.04836543649435043,9.574061393737793,2.0489137172698975,0.6126930713653564
0.86,-0.08061125129461288,-0.08896350860595703,0.11930976063013077,-1.0641676187515259,0.9789465665817261,0.0015907674096524715,0.14394795894622803,-0.3170395791530609,0.70672208070755,-0.5297828912734985,-0.08061125129461288,-0.08896350860595703,0.11930976063013077,-1.0641676187515259,0.9789465665817261,0.0015907674096524715,0.14394795894622803,-0.3170395791530609,0.70672208070755,-0.5297828912734985,0.6069324612617493,-0.7558454275131226,0.573807954788208,5.293164253234863,0.6766605973243713,1.4789928197860718,0.4754417836666107,0.8063189387321472,3.316307306289673,-2.3729469776153564,-0.09713581204414368,-0.16353259980678558,0.12984032928943634,-0.6409912109375,0.8757741451263428,0.3149948716163635,0.25555431842803955,-0.23486328125,0.8658403754234314,-0.5470069050788879,-12.477157592773438,-3.1065621376037598,-5.6483869552612305,0.1408856362104416,-0.0525408536195755,0.1761600375175476,9.57727336883545,2.036376953125,0.6042435169219971
0.88,-0.07589342445135117,-0.10191119462251663,0.12843738496303558,-0.9518958926200867,0.9411340951919556,0.03355596959590912,0.1555134803056717,-0.2958713173866272,0.7714008092880249,-0.5702911019325256,-0.07589342445135117,-0.10191119462251663,0.12843738496303558,-0.9518958926200867,0.9411340951919556,0.03355596959590912,0.1555134803056717,-0.2958713173866272,0.7714008092880249,-0.5702911019325256,-0.01596135087311268,-0.6161019802093506,0.35650917887687683,5.811683177947998,-3.125946283340454,1.65582275390625,0.5389371514320374,1.1210503578186035,3.380218982696533,-2.445361375808716,-0.07839310169219971,-0.23765535652637482,0.2201511710882187,-0.5538040995597839,0.7033787965774536,0.32881975173950195,0.20545005798339844,-0.21327927708625793,0.8671872019767761,-0.5693333148956299,-9.83862590789795,-1.8533750772476196,-4.835257053375244,0.647165060043335,-0.09998612850904465,0.4523307979106903,9.591102600097656,1.9820404052734375,0.5642319917678833
0.9,-0.07736145704984665,-0.11706016957759857,0.14950887858867645,-0.83800208568573,0.8335604667663574,0.06194081902503967,0.16065344214439392,-0.2745741009712219,0.8347235321998596,-0.6141676902770996,-0.07736145704984665,-0.11706016957759857,0.14950887858867645,-0.83800208568573,0.8335604667663574,0.06194081902503967,0.16065344214439392,-0.2745741009712219,0.8347235321998596,-0.6141676902770996,-0.11502725630998611,-0.8978742957115173,1.8455935716629028,5.539205074310303,-6.295195579528809,1.2638142108917236,0.05085136368870735,1.1114345788955688,3.0311310291290283,-2.2016358375549316,-0.4053006172180176,-0.1297413557767868,0.17904020845890045,-0.5786662101745605,0.4495166540145874,0.34686052799224854,0.10899004340171814,-0.2139190137386322,0.8616766929626465,-0.3563554286956787,-6.77225923538208,-2.0818231105804443,-4.005581378936768,1.1856659650802612,-0.4927247166633606,0.4194062352180481,9.610540390014648,1.9118362665176392,0.4674266278743744
0.92,-0.10822330415248871,-0.11888273060321808,0.15199622511863708,-0.8137012720108032,0.5335731506347656,0.0804947093129158,0.16740599274635315,-0.2589603364467621,0.879623532295227,-0.6372336745262146,-0.10822330415248871,-0.11888273060321808,0.15199622511863708,-0.8137012720108032,0.5335731506347656,0.0804947093129158,0.16740599274635315,-0.2589603364467621,0.879623532295227,-0.6372336745262146,-1.732790470123291,0.48207518458366394,0.3773401081562042,-2.2375996112823486,-1.0188343524932861,0.9511687159538269,0.42644861340522766,0.4172159433364868,1.7876050472259521,-0.6305459141731262,-0.2883263826370239,-0.1591317504644394,0.28600579500198364,-0.6872424483299255,0.2726881206035614,0.39740800857543945,-0.0027928128838539124,-0.33806726336479187,1.0869084596633911,-0.11415532231330872,-52.19343566894531,-7.698034286499023,17.37262725830078,0.8691417574882507,-0.41359779238700867,0.45068255066871643,9.623653411865234,1.865710735321045,0.374866783618927
0.94,-0.1322920024394989,-0.11382342129945755,0.1583484560251236,-0.8510010242462158,0.5568128228187561,0.10815607756376266,0.1597776859998703,-0.2838937044143677,0.9245998859405518,-0.6151522397994995,-0.1322920024394989,-0.11382342129945755,0.1583484560251236,-0.8510010242462158,0.5568128228187561,0.10815607756376266,0.1597776859998703,-0.2838937044143677,0.9245998859405518,-0.6151522397994995,-0.7797228693962097,0.02138352394104004,0.367925763130188,-1.0840785503387451,0.6412026882171631,1.7058806419372559,-0.9750962853431702,-2.2189512252807617,2.857757091522217,2.330756187438965,-0.08747094869613647,-0.1532992571592331,0.246457040309906,-0.534919798374176,0.357893168926239,0.20146706700325012,-0.046656884253025055,-0.3726999759674072,1.012455940246582,-0.18146869540214539,-16.63625144958496,-2.17278790473938,3.2836899757385254,0.07057399302721024,-0.46269795298576355,0.3478725850582123,9.640238761901855,1.7908769845962524,0.30765941739082336
0.96,-0.12875494360923767,-0.11483326554298401,0.1655104160308838,-0.8499590754508972,0.5586069226264954,0.1264512836933136,0.13820424675941467,-0.3294440805912018,0.9690971374511719,-0.5539910197257996,-0.12875494360923767,-0.11483326554298401,0.1655104160308838,-0.8499590754508972,0.5586069226264954,0.1264512836933136,0.13820424675941467,-0.3294440805912018,0.9690971374511719,-0.5539910197257996,0.7751189470291138,-0.08969584852457047,0.3366909921169281,0.9284281134605408,-0.39263099431991577,0.4168529510498047,-1.1147466897964478,-2.2751238346099854,1.671454906463623,3.6039974689483643,-0.09666311740875244,-0.12781545519828796,0.1655050814151764,-0.5323024392127991,0.3193812370300293,0.16656796634197235,-0.03444019705057144,-0.4105812609195709,1.0053268671035767,-0.14870083332061768,-17.155858993530273,-4.273822784423828,2.93796706199646,0.277079313993454,-0.40264883637428284,-0.2832776606082916,9.642352104187012,1.7929952144622803,0.2151891142129898
0.98,-0.11252123862504959,-0.11624922603368759,0.17194300889968872,-0.8194980621337891,0.5421095490455627,0.13449640572071075,0.11741650104522705,-0.37028661370277405,0.9945909380912781,-0.4746427834033966,-0.11252123862504959,-0.11624922603368759,0.17194300889968872,-0.8194980621337891,0.5421095490455627,0.13449640572071075,0.11741650104522705,-0.37028661370277405,0.9945909380912781,-0.4746427834033966,0.7941910624504089,-0.0284593366086483,0.30180561542510986,1.9141180515289307,-1.1147335767745972,0.40269482135772705,-0.9543771743774414,-1.9389913082122803,0.9503685832023621,4.108876705169678,-0.10349734127521515,-0.12339835613965988,0.07885299623012543,-0.5589927434921265,0.16959381103515625,0.16344325244426727,-0.05092935264110565,-0.45014169812202454,0.9889594912528992,-0.15208053588867188,-12.439146041870117,-3.483848810195923,1.8059018850326538,0.49454978108406067,-0.2527453303337097,-0.035703472793102264,9.637929916381836,1.8242831230163574,0.13567082583904266
1.0,-0.09946849197149277,-0.11807293444871902,0.169050931930542,-0.7778917551040649,0.5152309536933899,0.14251747727394104,0.09891612827777863,-0.41013380885124207,1.0065245628356934,-0.39356091618537903,-0.09946849197149277,-0.11807293444871902,0.169050931930542,-0.7778917551040649,0.5152309536933899,0.14251747727394104,0.09891612827777863,-0.41013380885124207,1.0065245628356934,-0.39356091618537903,0.5409570932388306,-0.19698671996593475,-1.0715411901474,2.183919906616211,-1.4412018060684204,0.3783114552497864,-0.8865020275115967,-2.0573995113372803,0.3302237391471863,3.8870930671691895,-0.09422498941421509,-0.10439936071634293,-0.008825987577438354,-0.536741316318512,0.04916411638259888,0.11508239805698395,0.014290332794189453,-0.47822830080986023,0.9377120733261108,-0.15796011686325073,-8.146167755126953,-2.116835594177246,1.0909628868103027,0.5680840611457825,-0.15585148334503174,0.2201576977968216,9.642454147338867,1.803695559501648,0.07656266540288925
1.02,-0.08975796401500702,-0.1199774444103241,0.13130401074886322,-0.7345156669616699,0.4814855754375458,0.14572738111019135,0.08839178830385208,-0.44762107729911804,1.0041831731796265,-0.32579371333122253,-0.08975796401500702,-0.1199774444103241,0.13130401074886322,-0.7345156669616699,0.4814855754375458,0.14572738111019135,0.08839178830385208,-0.44762107729911804,1.0041831731796265,-0.32579371333122253,0.4291660189628601,-0.09790027141571045,-3.214811086654663,2.236678123474121,-1.7685489654541016,0.00263981893658638,-0.2597683370113373,-1.7537215948104858,-0.44729533791542053,2.8912417888641357,-0.27948129177093506,-0.1220100000500679,-0.06656116247177124,-0.5147222280502319,0.030322551727294922,0.3115173578262329,0.06251482665538788,-0.502441942691803,0.8955485820770264,-0.07844766974449158,-7.40525484085083,-1.8386445045471191,1.1484025716781616,0.6992120146751404,0.1362518072128296,0.307851105928421,9.651907920837402,1.7532545328140259,0.053563665598630905
1.04,-0.09500222653150558,-0.11984781175851822,0.06429657340049744,-0.6964666247367859,0.4404158592224121,0.15714028477668762,0.08687739819288254,-0.4780428111553192,0.995093584060669,-0.2715736925601959,-0.09500222653150558,-0.11984781175851822,0.06429657340049744,-0.6964666247367859,0.4404158592224121,0.15714028477668762,0.08687739819288254,-0.4780428111553192,0.995093584060669,-0.2715736925601959,-0.719650387763977,0.010742083191871643,-4.059747219085693,1.9496052265167236,-1.7033013105392456,0.9548909664154053,0.02599254809319973,-1.308255672454834,-0.5425744652748108,2.484520435333252,-0.2299042046070099,-0.05215708166360855,-0.04662945121526718,-0.5035457611083984,0.16326898336410522,0.2451896220445633,0.05953490734100342,-0.3910425007343292,1.0140833854675293,-0.38832253217697144,-8.332754135131836,-2.465364933013916,-0.20950570702552795,0.8197885751724243,0.2565779983997345,1.1204016208648682,9.675227165222168,1.6188688278198242,0.0731511041522026
1.06,-0.10788879543542862,-0.11439334601163864,0.013517881743609905,-0.6552704572677612,0.40307191014289856,0.17272034287452698,0.08999241888523102,-0.479209303855896,0.9915260672569275,-0.3038356900215149,-0.10788879543542862,-0.11439334601163864,0.013517881743609905,-0.6552704572677612,0.40307191014289856,0.17272034287452698,0.08999241888523102,-0.479209303855896,0.9915260672569275,-0.3038356900215149,-0.5287925601005554,0.46459630131721497,-1.6085174083709717,2.068906545639038,-0.9486002922058105,0.6126426458358765,0.12600909173488617,1.2388733625411987,0.22499750554561615,-3.924422025680542,-0.24987950921058655,-0.08272608369588852,-0.06644762307405472,-0.47031694650650024,0.2372940182685852,0.20675329864025116,-0.07456177473068237,-0.21773453056812286,1.181880235671997,-0.3300444483757019,-3.700446128845215,-0.30711960792541504,0.9174797534942627,1.094506859779358,0.33721405267715454,1.041495680809021,9.708974838256836,1.4006516933441162,0.10039953887462616
1.08,-0.11918753385543823,-0.10852184891700745,0.007202198728919029,-0.6206179857254028,0.37551894783973694,0.18389523029327393,0.08283530920743942,-0.4202491343021393,1.021004557609558,-0.3374093472957611,-0.11918753385543823,-0.10852184891700745,0.007202198728919029,-0.6206179857254028,0.37551894783973694,0.18389523029327393,0.08283530920743942,-0.4202491343021393,1.021004557609558,-0.3374093472957611,-0.5158199667930603,0.054796360433101654,-0.37384021282196045,1.7188950777053833,-3.040005922317505,0.4338211417198181,-0.7781961560249329,4.5201802253723145,2.5380702018737793,-0.1072399839758873,-0.11747303605079651,-0.14098115265369415,-0.021220006048679352,-0.361078679561615,0.37572646141052246,0.21554507315158844,-0.23412738740444183,-0.17042282223701477,1.0135141611099243,-0.29739266633987427,-0.7051337361335754,-0.07875855267047882,0.19810333847999573,1.0490148067474365,0.184251070022583,0.7949754595756531,9.732876777648926,1.2216426134109497,0.12167027592658997
1.1,-0.12235719710588455,-0.10799753665924072,0.006724708713591099,-0.5875077247619629,0.3535122275352478,0.18535096943378448,0.05618112161755562,-0.3283161222934723,1.0451431274414062,-0.3177955746650696,-0.12235719710588455,-0.10799753665924072,0.006724708713591099,-0.5875077247619629,0.3535122275352478,0.18535096943378448,0.05618112161755562,-0.3283161222934723,1.0451431274414062,-0.3177955746650696,0.07148680835962296,0.005173835437744856,0.037317365407943726,1.8480901718139648,-0.975062370300293,-0.032260071486234665,-1.803175926208496,4.475624084472656,-0.09096518903970718,1.2414627075195312,-0.24512764811515808,-0.1521741896867752,-0.1622457355260849,-0.5468382835388184,-0.12185060977935791,-0.04447418451309204,-0.28728988766670227,-0.12240023165941238,0.7436612248420715,-0.39946824312210083,-10.818662643432617,-1.9439712762832642,3.8168227672576904,0.5970220565795898,0.011382031254470348,0.5810108184814453,9.7476806640625,1.0977511405944824,0.11734838038682938
1.12,-0.12578335404396057,-0.11148925125598907,-0.023199807852506638,-0.5651051998138428,0.3254454433917999,0.1727573126554489,0.014857359230518341,-0.24386897683143616,0.9946677684783936,-0.33906683325767517,-0.12578335404396057,-0.11148925125598907,-0.023199807852506638,-0.5651051998138428,0.3254454433917999,0.1727573126554489,0.014857359230518341,-0.24386897683143616,0.9946677684783936,-0.33906683325767517,-0.49820125102996826,-0.2521727681159973,-3.4081692695617676,0.2645549476146698,-0.08388339728116989,-1.1421892642974854,-2.1782472133636475,4.024054527282715,-4.399058818817139,-2.5097434520721436,-0.2748602330684662,0.0016753021627664566,-0.18831072747707367,-0.5497955083847046,-0.6848437786102295,-0.1308290958404541,-0.21125519275665283,-0.12399433553218842,0.4670116603374481,-0.4633607566356659,-4.279255390167236,-0.11997947841882706,2.21472430229187,0.7599054574966431,-0.007304053753614426,0.5088334679603577,9.759138107299805,0.9920480847358704,0.10563270002603531
1.14,-0.13842174410820007,-0.10681384801864624,-0.09207085520029068,-0.562255859375,0.31511420011520386,0.1426844447851181,-0.019160771742463112,-0.17791886627674103,0.8718206286430359,-0.3963303565979004,-0.13842174410820007,-0.10681384801864624,-0.09207085520029068,-0.562255859375,0.31511420011520386,0.1426844447851181,-0.019160771742463112,-0.17791886627674103,0.8718206286430359,-0.3963303565979004,-0.7658902406692505,0.6727800369262695,-3.146329879760742,0.07378009706735611,-0.6664462685585022,-1.6647261381149292,-1.3384976387023926,2.464085102081299,-7.4050092697143555,-3.0141658782958984,-0.2929363548755646,0.3525322675704956,0.00952508207410574,-0.6051512956619263,-0.35062360763549805,-0.43664735555648804,0.1435987651348114,-0.4008370339870453,0.15299314260482788,-0.2285151183605194,-3.784757137298584,-0.11944228410720825,3.0580694675445557,1.0383152961730957,0.6491248607635498,0.5554149150848389,9.768110275268555,0.893451988697052,0.1478489637374878
1.16,-0.1520344465970993,-0.06806178390979767,-0.09076567739248276,-0.5628432631492615,0.28782495856285095,0.08858344703912735,-0.021391544491052628,-0.19677622616291046,0.7131767272949219,-0.4758390784263611,-0.1520344465970993,-0.06806178390979767,-0.09076567739248276,-0.5628432631492615,0.28782495856285095,0.08858344703912735,-0.021391544491052628,-0.19677622616291046,0.7131767272949219,-0.4758390784263611,-0.8367679715156555,2.8630170822143555,2.657660484313965,-0.169486865401268,-1.554142713546753,-3.689467191696167,1.2687500715255737,-4.130839824676514,-7.1091461181640625,-10.514101028442383,-0.3479672372341156,0.03805433213710785,-0.011001963168382645,-1.1835741996765137,-0.27894824743270874,-0.23890221118927002,0.1779487431049347,-0.45296621322631836,0.24681204557418823,0.2928723692893982,-10.834836959838867,-3.0774829387664795,-1.8615162372589111,1.6481467485427856,1.9401299953460693,0.2206578403711319,9.768050193786621,0.8251233100891113,0.37479862570762634
1.18,-0.1818435937166214,-0.03878524899482727,-0.05349334701895714,-0.64150071144104,0.2418312132358551,0.04340994730591774,-0.0030906610190868378,-0.24783408641815186,0.6219009757041931,-0.4793873429298401,-0.1818435937166214,-0.03878524899482727,-0.05349334701895714,-0.64150071144104,0.2418312132358551,0.04340994730591774,-0.0030906610190868378,-0.24783408641815186,0.6219009757041931,-0.4793873429298401,-1.3379085063934326,0.3567368984222412,1.340911626815796,-7.476419925689697,-7.859602451324463,-1.977682113647461,0.9164842963218689,0.12774145603179932,-2.5592145919799805,0.7359667420387268,-0.4352935254573822,-0.026145055890083313,-0.07759219408035278,-1.194892168045044,-0.3960420489311218,-0.21713793277740479,0.16345444321632385,-0.40328481793403625,0.3820294439792633,-0.025433748960494995,-14.393972396850586,-0.7493038773536682,-6.812817096710205,1.4197180271148682,0.48908841609954834,-0.3036132752895355,9.758639335632324,0.79161536693573,0.6151509284973145
1.2,-0.21899017691612244,-0.03526223078370094,-0.04921751841902733,-0.7801756858825684,0.12850934267044067,0.0023659414146095514,0.013792520388960838,-0.29182133078575134,0.5605272054672241,-0.4368760883808136,-0.21899017691612244,-0.03526223078370094,-0.04921751841902733,-0.7801756858825684,0.12850934267044067,0.0023659414146095514,0.013792520388960838,-0.29182133078575134,0.5605272054672241,-0.4368760883808136,-2.0023486614227295,0.030555663630366325,-0.6427243947982788,-6.482244968414307,-11.535038948059082,-1.909873366355896,0.8213041424751282,-3.1364810466766357,-2.841763496398926,2.3971853256225586,-0.4848042130470276,0.02166716754436493,0.020271148532629013,-1.2418317794799805,0.08955702185630798,-0.10925412178039551,0.1591060757637024,-0.40654686093330383,0.4028724133968353,-0.029538273811340332,-4.691645622253418,0.49673348665237427,-1.519081473350525,1.0263473987579346,0.48452523350715637,-0.30129459500312805,9.747159957885742,0.8720748424530029,0.6844459176063538
1.22,-0.2593252658843994,-0.030994808301329613,-0.042574383318424225,-0.9044650793075562,0.06425678730010986,-0.026777325198054314,0.031063156202435493,-0.3450550436973572,0.5171594023704529,-0.3920283019542694,-0.2593252658843994,-0.030994808301329613,-0.042574383318424225,-0.9044650793075562,0.06425678730010986,-0.026777325198054314,0.031063156202435493,-0.3450550436973572,0.5171594023704529,-0.3920283019542694,-1.8127468824386597,0.3532685935497284,1.3388060331344604,-6.141263961791992,0.8303588628768921,-1.0846030712127686,0.8124002814292908,-2.138505697250366,-1.646888256072998,2.020519495010376,-0.35634279251098633,-0.029655680060386658,0.03361948952078819,-1.2959144115447998,0.10340219736099243,-0.19558244943618774,0.18290241062641144,-0.4167313873767853,0.4119054079055786,-0.1578957736492157,-5.428116798400879,-1.0829447507858276,-2.0795652866363525,0.5621044039726257,0.4603535234928131,-0.21344375610351562,9.734784126281738,0.9384883642196655,0.7676723003387451
1.24,-0.282178670167923,-0.026982173323631287,-0.014913396909832954,-1.0160353183746338,0.08414140343666077,-0.04973916709423065,0.046667881309986115,-0.3775174617767334,0.48639777302742004,-0.3634674549102783,-0.282178670167923,-0.026982173323631287,-0.014913396909832954,-1.0160353183746338,0.08414140343666077,-0.04973916709423065,0.046667881309986115,-0.3775174617767334,0.48639777302742004,-0.3634674549102783,-0.6668615937232971,0.06127682328224182,1.3113189935684204,-5.187297344207764,0.8442959189414978,-1.2001245021820068,0.7482118010520935,-1.3645493984222412,-1.3386969566345215,0.9454661011695862,-0.17050963640213013,-0.11919741332530975,0.006457138806581497,-1.3064591884613037,0.22428083419799805,-0.2415674924850464,0.20762616395950317,-0.3903566598892212,0.4051657021045685,-0.25498780608177185,-3.081860303878784,-0.6987118124961853,-0.5176947116851807,0.10700149834156036,0.32108819484710693,-0.504296064376831,9.722041130065918,1.0112268924713135,0.8339253664016724
1.26,-0.2819797098636627,-0.03241966664791107,-0.0010295367101207376,-1.1044543981552124,0.14170844852924347,-0.07618208229541779,0.06149563565850258,-0.39191535115242004,0.4638943076133728,-0.3577621579170227,-0.2819797098636627,-0.03241966664791107,-0.0010295367101207376,-1.1044543981552124,0.14170844852924347,-0.07618208229541779,0.06149563565850258,-0.39191535115242004,0.4638943076133728,-0.3577621579170227,0.48762133717536926,-0.5346243977546692,0.1901494413614273,-3.8194069862365723,3.8405654430389404,-1.3566067218780518,0.7530693411827087,-0.22013436257839203,-0.9230147004127502,-0.30179449915885925,-0.0587887167930603,-0.15270157158374786,0.0037608779966831207,-1.3205935955047607,0.4376525282859802,-0.2656101584434509,0.16291165351867676,-0.41529688239097595,0.4266481101512909,-0.2881006598472595,-2.161844253540039,-1.0657864809036255,0.09021293371915817,-0.385390967130661,0.26673755049705505,-0.7735335230827332,9.703300476074219,1.1337511539459229,0.8925634622573853
1.28,-0.2644663155078888,-0.04692452400922775,-0.0005089771002531052,-1.1701247692108154,0.2749733030796051,-0.10202174633741379,0.0749916359782219,-0.39842620491981506,0.45165854692459106,-0.37819626927375793,-0.2644663155078888,-0.04692452400922775,-0.0005089771002531052,-1.1701247692108154,0.2749733030796051,-0.10202174633741379,0.0749916359782219,-0.39842620491981506,0.45165854692459106,-0.37819626927375793,1.150481104850769,-0.8416959047317505,0.0015568038215860724,-2.8517887592315674,7.809976100921631,-1.2228405475616455,0.5944862365722656,-0.4839457869529724,-0.3456885516643524,-1.6037710905075073,0.02036869525909424,-0.16169287264347076,-0.022826675325632095,-1.320261836051941,0.5855301022529602,-0.18529587984085083,0.09213763475418091,-0.4110698401927948,0.5040808320045471,-0.40155452489852905,-2.254863739013672,-0.7810268998146057,-0.7120595574378967,-0.7408962249755859,0.181472510099411,-0.8423145413398743,9.679739952087402,1.2771518230438232,0.9526913166046143
1.3,-0.23840901255607605,-0.06557536870241165,-0.0032744118943810463,-1.2169114351272583,0.4330484867095947,-0.11907914280891418,0.083279550075531,-0.4060439467430115,0.458514004945755,-0.4281202256679535,-0.23840901255607605,-0.06557536870241165,-0.0032744118943810463,-1.2169114351272583,0.4330484867095947,-0.11907914280891418,0.083279550075531,-0.4060439467430115,0.458514004945755,-0.4281202256679535,1.4660824537277222,-0.9473061561584473,-0.2538143992424011,-1.932050108909607,7.485330581665039,-0.5746235847473145,0.27682939171791077,-0.23652775585651398,0.9038020372390747,-3.259544849395752,0.022409766912460327,-0.08247749507427216,0.04604240506887436,-1.171948790550232,0.7419242858886719,-0.15392285585403442,0.12428432703018188,-0.41795530915260315,0.5557131767272949,-0.31786781549453735,-2.0688016414642334,-0.41059327125549316,-1.1506260633468628,-1.0203185081481934,0.03812480345368385,-0.7454054355621338,9.65682315826416,1.4097522497177124,0.9972285032272339
1.32,-0.20274531841278076,-0.07628491520881653,0.010486473329365253,-1.2264344692230225,0.5852705240249634,-0.1258820742368698,0.07781340926885605,-0.41561242938041687,0.4994819462299347,-0.4568961262702942,-0.20274531841278076,-0.07628491520881653,0.010486473329365253,-1.2264344692230225,0.5852705240249634,-0.1258820742368698,0.07781340926885605,-0.41561242938041687,0.4994819462299347,-0.4568961262702942,1.6352869272232056,-0.05008913576602936,1.200147032737732,0.6447447538375854,7.442923545837402,-0.3070806860923767,-0.1306343376636505,-0.27451926469802856,1.9412624835968018,-1.4401859045028687,-0.0959862470626831,0.007890507578849792,0.08049517124891281,-1.0860170125961304,0.8981388211250305,-0.02408653497695923,0.13161349296569824,-0.406048446893692,0.6271331310272217,-0.20414802432060242,-8.032501220703125,-2.9417524337768555,-3.2642250061035156,-0.33715754747390747,-0.11642549186944962,-0.820235550403595,9.633633613586426,1.5732437372207642,0.9767870903015137
1.34,-0.18120399117469788,-0.07028451561927795,0.040382903069257736,-1.1988450288772583,0.7405354976654053,-0.12315322458744049,0.07612886279821396,-0.4173566699028015,0.5420376062393188,-0.48824307322502136,-0.18120399117469788,-0.07028451561927795,0.040382903069257736,-1.1988450288772583,0.7405354976654053,-0.12315322458744049,0.07612886279821396,-0.4173566699028015,0.5420376062393188,-0.48824307322502136,0.6918609738349915,0.5420980453491211,1.6594120264053345,1.9548462629318237,7.5971198081970215,0.4379791021347046,-0.07353249937295914,0.008387373760342598,2.27164888381958,-1.6674233675003052,-0.09070336818695068,-0.04118634760379791,0.09679680317640305,-0.9253180027008057,0.937579870223999,0.11357802152633667,0.0989312008023262,-0.3680764138698578,0.6965348720550537,-0.21978071331977844,-8.767160415649414,-2.6243577003479004,-3.263256549835205,0.004577009938657284,-0.03957153111696243,-0.22705702483654022,9.618727684020996,1.6686382293701172,0.9653065800666809
1.36,-0.17046676576137543,-0.06325681507587433,0.0667974129319191,-1.1385053396224976,0.851651668548584,-0.10766927152872086,0.07263527065515518,-0.4084811806678772,0.5917571187019348,-0.523269534111023,-0.17046676576137543,-0.06325681507587433,0.0667974129319191,-1.1385053396224976,0.851651668548584,-0.10766927152872086,0.07263527065515518,-0.4084811806678772,0.5917571187019348,-0.523269534111023,0.45445874333381653,0.1726900190114975,1.1136360168457031,3.8754796981811523,4.196654796600342,1.0496617555618286,-0.2687828838825226,0.4520636796951294,2.694826602935791,-1.8640775680541992,0.0010484755039215088,-0.038022056221961975,0.07424270361661911,-0.7847622036933899,0.939601480960846,0.09323039650917053,0.14371846616268158,-0.3617355227470398,0.7362769842147827,-0.39476311206817627,-10.58777141571045,-2.3859822750091553,-4.397878646850586,-0.008976894430816174,-0.18074961006641388,0.1512422114610672,9.619608879089355,1.6782737970352173,0.9394757151603699
1.38,-0.15541338920593262,-0.05886454880237579,0.07998964935541153,-1.047086238861084,0.9042290449142456,-0.08962148427963257,0.069741390645504,-0.3996301293373108,0.6442998647689819,-0.5578956007957458,-0.15541338920593262,-0.05886454880237579,0.07998964935541153,-1.047086238861084,0.9042290449142456,-0.08962148427963257,0.069741390645504,-0.3996301293373108,0.6442998647689819,-0.5578956007957458,0.9133727550506592,0.24867603182792664,0.18298155069351196,4.990182399749756,1.6961811780929565,0.7679086923599243,0.03267451003193855,0.9270554184913635,2.5402355194091797,-2.891658306121826,-0.11598744988441467,0.0454249233007431,0.08027230948209763,-0.6023293137550354,0.733806848526001,0.05879202485084534,0.1615109145641327,-0.3640163838863373,0.7802157998085022,-0.4378451108932495,-3.540532350540161,-2.1883187294006348,-0.8353614807128906,0.08662260323762894,-0.11059176921844482,0.048935454338788986,9.62597942352295,1.6633412837982178,0.8999519944190979
1.4,-0.140602707862854,-0.04911423847079277,0.0842788890004158,-0.9349167943000793,0.8442303538322449,-0.07205461710691452,0.06951303780078888,-0.3889424204826355,0.7006296515464783,-0.6035681962966919,-0.140602707862854,-0.04911423847079277,0.0842788890004158,-0.9349167943000793,0.8442303538322449,-0.07205461710691452,0.06951303780078888,-0.3889424204826355,0.7006296515464783,-0.6035681962966919,0.48615798354148865,0.720501720905304,0.19069191813468933,6.0800299644470215,-5.341001987457275,0.8502150177955627,0.0871540978550911,0.6993817090988159,2.6918511390686035,-2.1173973083496094,-0.18504032492637634,-0.07653437554836273,0.040852002799510956,-0.5240473747253418,0.5254228711128235,0.15259653329849243,0.07441279292106628,-0.28630658984184265,0.828785240650177,-0.36380910873413086,-7.532388687133789,-2.391533613204956,-3.039510726928711,0.6432116031646729,-0.0021092796232551336,0.20317058265209198,9.631156921386719,1.6483980417251587,0.8716061115264893
1.42,-0.13970783352851868,-0.04523627832531929,0.07382497191429138,-0.8177908062934875,0.6937134861946106,-0.051991548389196396,0.06676007062196732,-0.36324992775917053,0.7535882592201233,-0.6446976661682129,-0.13970783352851868,-0.04523627832531929,0.07382497191429138,-0.8177908062934875,0.6937134861946106,-0.051991548389196396,0.06676007062196732,-0.36324992775917053,0.7535882592201233,-0.6446976661682129,-0.23267923295497894,-0.22887490689754486,-0.9683297872543335,5.625385761260986,-8.245546340942383,1.0850772857666016,-0.3646789789199829,1.4024662971496582,2.628023624420166,-2.027064561843872,-0.44223493337631226,-0.10653328895568848,0.1844194233417511,-0.5907108187675476,0.7290440201759338,0.15389932692050934,0.039429157972335815,-0.2095174491405487,0.8331778645515442,-0.25589749217033386,-7.186022758483887,-1.8265256881713867,-3.23103928565979,1.088388204574585,-0.41789528727531433,0.5009527802467346,9.645883560180664,1.5952098369598389,0.8051918148994446
1.44,-0.16479595005512238,-0.04606752097606659,0.08502452075481415,-0.7594488859176636,0.5369373559951782,-0.0315738283097744,0.060173455625772476,-0.3230823874473572,0.7996033430099487,-0.6802084445953369,-0.16479595005512238,-0.04606752097606659,0.08502452075481415,-0.7594488859176636,0.5369373559951782,-0.0315738283097744,0.060173455625772476,-0.3230823874473572,0.7996033430099487,-0.6802084445953369,-1.9039723873138428,0.11550874263048172,1.458402395248413,0.1482924222946167,-13.125282287597656,0.6792164444923401,-0.11777154356241226,2.825212240219116,1.7935694456100464,-1.279253602027893,-0.38675957918167114,-0.08787228912115097,0.13962388038635254,-0.5857484936714172,0.5031604170799255,0.22616253793239594,0.014154449105262756,-0.26579782366752625,0.9273467659950256,0.06525814533233643,-11.372314453125,-2.8069167137145996,-0.8015686869621277,1.8366085290908813,-0.3678472638130188,0.5589730739593506,9.672175407409668,1.4977967739105225,0.664621889591217
1.46,-0.19555948674678802,-0.04187730327248573,0.10625771433115005,-0.781032919883728,0.44863373041152954,-0.014147256501019001,0.05815985053777695,-0.28344547748565674,0.840336263179779,-0.6907197833061218,-0.19555948674678802,-0.04187730327248573,0.10625771433115005,-0.781032919883728,0.44863373041152954,-0.014147256501019001,0.05815985053777695,-0.28344547748565674,0.840336263179779,-0.6907197833061218,-1.128928780555725,0.3965579867362976,0.6694424748420715,-1.7474433183670044,1.4268176555633545,1.053945541381836,-0.07448074966669083,0.770634651184082,2.315290927886963,0.4924554228782654,-0.28082481026649475,-0.12404095381498337,0.12233275920152664,-0.5816538333892822,0.32538044452667236,0.16326464712619781,-0.05507399141788483,-0.32678520679473877,0.9594237804412842,-0.0720033049583435,-19.613245010375977,-3.7170495986938477,2.727090835571289,0.9446843862533569,-0.1068597361445427,0.39461949467658997,9.690719604492188,1.4198933839797974,0.5567430257797241
1.48,-0.2049950808286667,-0.03971821442246437,0.11291368305683136,-0.7927388548851013,0.4592623710632324,0.006269903853535652,0.049458377063274384,-0.29233336448669434,0.8837839365005493,-0.6629940867424011,-0.2049950808286667,-0.03971821442246437,0.11291368305683136,-0.7927388548851013,0.4592623710632324,0.006269903853535652,0.049458377063274384,-0.29233336448669434,0.8837839365005493,-0.6629940867424011,-0.07369731366634369,-0.07080533355474472,0.17477431893348694,0.1197715625166893,0.07366231828927994,0.9755449891090393,-0.6838106513023376,-1.185614824295044,2.011516571044922,2.008056402206421,-0.12095724046230316,-0.1488589495420456,0.09768963605165482,-0.5494880676269531,0.3100278973579407,0.0778660774230957,-0.09918831288814545,-0.3605943024158478,0.9593923091888428,-0.15982162952423096,-15.429825782775879,-2.85257887840271,1.5332199335098267,0.35255804657936096,-0.271011620759964,0.2561159133911133,9.70187759399414,1.3627092838287354,0.5026872158050537
1.5,-0.19572730362415314,-0.04419377073645592,0.11377478390932083,-0.7769363522529602,0.45453697443008423,0.019370470196008682,0.03296063095331192,-0.3220052719116211,0.9158419370651245,-0.6124035120010376,-0.19572730362415314,-0.04419377073645592,0.11377478390932083,-0.7769363522529602,0.45453697443008423,0.019370470196008682,0.03296063095331192,-0.3220052719116211,0.9158419370651245,-0.6124035120010376,0.842098593711853,-0.3415958881378174,-0.05119656026363373,1.2605719566345215,-0.4578557312488556,0.45566853880882263,-0.9293542504310608,-1.621625304222107,1.3487492799758911,2.935305118560791,-0.07677143812179565,-0.15120847523212433,0.032900139689445496,-0.5629539489746094,0.19770604372024536,0.0934329628944397,-0.10006006062030792,-0.3933737576007843,0.9679492712020874,-0.17249706387519836,-13.233479499816895,-2.190023183822632,0.8563946485519409,0.12250031530857086,-0.3513796031475067,-0.025950554758310318,9.708283424377441,1.3399146795272827,0.43583551049232483
1.52,-0.17692697048187256,-0.05298759788274765,0.1071895882487297,-0.7455365061759949,0.4415595233440399,0.029538633301854134,0.01412379089742899,-0.3521202802658081,0.9400297403335571,-0.5487874746322632,-0.17692697048187256,-0.05298759788274765,0.1071895882487297,-0.7455365061759949,0.4415595233440399,0.029538633301854134,0.01412379089742899,-0.3521202802658081,0.9400297403335571,-0.5487874746322632,1.0107258558273315,-0.5444926619529724,-0.9141536355018616,1.8256704807281494,-0.719516932964325,0.5467597246170044,-0.9418612122535706,-1.4410765171051025,1.1063671112060547,3.290804147720337,-0.05344873666763306,-0.1777714192867279,-0.010355226695537567,-0.6005523800849915,0.006815493106842041,0.0895383358001709,-0.1000542938709259,-0.3896300494670868,0.9591041803359985,-0.0877724289894104,-8.617512702941895,-1.7315914630889893,-0.3302012085914612,-0.08987817168235779,-0.34843218326568604,0.039183590561151505,9.71152400970459,1.337827205657959,0.36417558789253235
1.54,-0.15848848223686218,-0.06548462808132172,0.07591565698385239,-0.7128188014030457,0.4231082499027252,0.03939815238118172,-0.003069169819355011,-0.3729064464569092,0.9576369524002075,-0.4838995039463043,-0.15848848223686218,-0.06548462808132172,0.07591565698385239,-0.7128188014030457,0.4231082499027252,0.03939815238118172,-0.003069169819355011,-0.3729064464569092,0.9576369524002075,-0.4838995039463043,0.8517761826515198,-0.6975159645080566,-2.2636935710906982,1.4802883863449097,-0.8295925259590149,0.4225611686706543,-0.8148729205131531,-0.7189735770225525,0.7037789225578308,3.2567968368530273,-0.07953369617462158,-0.19127461314201355,-0.08994459360837936,-0.5786384344100952,-0.16157764196395874,0.13355468213558197,-0.07940442860126495,-0.37366652488708496,0.919501543045044,-0.048520416021347046,-9.020069122314453,-0.7106130123138428,-0.2569366991519928,0.011389610357582569,-0.3791778087615967,0.05512262135744095,9.715749740600586,1.3243141174316406,0.2941119074821472
1.56,-0.14472711086273193,-0.08047052472829819,0.015687530860304832,-0.6847203969955444,0.4040411412715912,0.048344239592552185,-0.01668509654700756,-0.3769915699958801,0.9673806428909302,-0.4206264019012451,-0.14472711086273193,-0.08047052472829819,0.015687530860304832,-0.6847203969955444,0.4040411412715912,0.048344239592552185,-0.01668509654700756,-0.3769915699958801,0.9673806428909302,-0.4206264019012451,0.5538233518600464,-0.7503364682197571,-3.4363434314727783,1.3818120956420898,-1.040350317955017,0.468976765871048,-0.5635252594947815,0.14153870940208435,0.27849629521369934,3.0645101070404053,-0.19376157224178314,-0.17159344255924225,-0.16771790385246277,-0.5722418427467346,-0.19891482591629028,0.2417798787355423,-0.044889047741889954,-0.33688509464263916,0.8498491048812866,0.0363619327545166,-9.674094200134277,-1.4241697788238525,-0.3348366618156433,0.25655385851860046,-0.3685949444770813,0.21242493391036987,9.720876693725586,1.3015449047088623,0.21593576669692993
1.58,-0.14284299314022064,-0.09377545863389969,-0.05553700402379036,-0.6604679226875305,0.37955528497695923,0.0623483769595623,-0.023739013820886612,-0.36347758769989014,0.967744767665863,-0.3627951443195343,-0.14284299314022064,-0.09377545863389969,-0.05553700402379036,-0.6604679226875305,0.37955528497695923,0.0623483769595623,-0.023739013820886612,-0.36347758769989014,0.967744767665863,-0.3627951443195343,-0.24024972319602966,-0.6027558445930481,-3.665485382080078,1.1467869281768799,-1.3851618766784668,0.8410020470619202,-0.18630723655223846,1.0311274528503418,-0.26616549491882324,2.729046106338501,-0.24009409546852112,-0.10055787116289139,-0.17053472995758057,-0.5426391959190369,0.05824941396713257,0.2956904172897339,-0.007694363594055176,-0.28196823596954346,0.9449254274368286,-0.23478814959526062,-10.479193687438965,-2.119023561477661,-0.5760534405708313,0.5326658487319946,-0.30823907256126404,0.6964176297187805,9.733377456665039,1.2157200574874878,0.13961932063102722
1.6,-0.15178091824054718,-0.09912572056055069,-0.11219632625579834,-0.6351029872894287,0.3518877327442169,0.08383069187402725,-0.021724166348576546,-0.3357514441013336,0.9642286896705627,-0.3154660761356354,-0.15178091824054718,-0.09912572056055069,-0.11219632625579834,-0.6351029872894287,0.3518877327442169,0.08383069187402725,-0.021724166348576546,-0.3357514441013336,0.9642286896705627,-0.3154660761356354,-0.5477137565612793,-0.002602372085675597,-2.179872989654541,1.3626430034637451,-1.2076988220214844,1.2291455268859863,0.2994147837162018,1.5395350456237793,-0.009673952125012875,1.9530586004257202,-0.1776079535484314,-0.10447517782449722,-0.12044424563646317,-0.4972469210624695,0.27435415983200073,0.2186245322227478,-0.048431217670440674,-0.1774996966123581,1.038234829902649,-0.3219674825668335,-5.084827423095703,-0.25927796959877014,1.0132683515548706,0.6406986713409424,-0.04242132231593132,0.9995038509368896,9.75354290008545,1.047190546989441,0.08881867676973343
1.62,-0.1572132110595703,-0.09847620129585266,-0.13340996205806732,-0.6035781502723694,0.34224411845207214,0.1035538986325264,-0.019188890233635902,-0.2925664484500885,0.9746586680412292,-0.3083856701850891,-0.1572132110595703,-0.09847620129585266,-0.13340996205806732,-0.6035781502723694,0.34224411845207214,0.1035538986325264,-0.019188890233635902,-0.2925664484500885,0.9746586680412292,-0.3083856701850891,-0.0571463517844677,0.037825606763362885,-0.11687681823968887,1.6457048654556274,0.5071644186973572,0.7977300882339478,-0.052080705761909485,2.9264793395996094,0.9779956936836243,-0.5540554523468018,-0.07531571388244629,-0.14054416120052338,-0.09008795022964478,-0.4472251236438751,0.24942231178283691,0.27940553426742554,-0.19035698473453522,-0.12748271226882935,0.9198104739189148,-0.35497426986694336,-1.3821829557418823,0.19450852274894714,-0.012055709026753902,0.8290914297103882,-0.1820814460515976,0.7442096471786499,9.770659446716309,0.8757926225662231,0.05749256908893585
1.64,-0.16089679300785065,-0.09654547274112701,-0.12463045120239258,-0.5841655731201172,0.3359793722629547,0.11440801620483398,-0.02594798617064953,-0.23634473979473114,0.977292001247406,-0.32464730739593506,-0.16089679300785065,-0.09654547274112701,-0.12463045120239258,-0.5841655731201172,0.3359793722629547,0.11440801620483398,-0.02594798617064953,-0.23634473979473114,0.977292001247406,-0.32464730739593506,0.03345204517245293,-0.010680466890335083,0.4047786593437195,1.0272787809371948,-0.6079367995262146,0.49544215202331543,-0.8076433539390564,2.7184107303619385,-0.6264224648475647,-1.0321828126907349,-0.09674286842346191,-0.16864444315433502,-0.20388756692409515,-0.5003073215484619,-0.09996038675308228,0.10460968315601349,-0.25027263164520264,-0.10253026336431503,0.5603741407394409,-0.6657100319862366,-9.989713668823242,-0.2466307282447815,2.9507031440734863,0.483865350484848,-0.12414297461509705,0.4205400347709656,9.780210494995117,0.7634934782981873,0.02559024654328823
1.66,-0.15640677511692047,-0.10045955330133438,-0.12738636136054993,-0.5641196370124817,0.3250739872455597,0.1145378053188324,-0.04846848174929619,-0.18501900136470795,0.9085436463356018,-0.4544394016265869,-0.15640677511692047,-0.10045955330133438,-0.12738636136054993,-0.5641196370124817,0.3250739872455597,0.1145378053188324,-0.04846848174929619,-0.18501900136470795,0.9085436463356018,-0.4544394016265869,0.24564841389656067,-0.3460586369037628,-1.1141268014907837,0.9181140065193176,-0.3725239634513855,-0.27037227153778076,-1.351007103919983,2.432161331176758,-5.801140308380127,-9.582215309143066,-0.1886613368988037,0.015417614951729774,-0.20582516491413116,-0.544376790523529,-0.4092012643814087,-0.012599945068359375,-0.0960230827331543,-0.22120213508605957,0.3640780448913574,-0.4650937020778656,-4.70986270904541,-0.37630903720855713,1.6417850255966187,0.20484483242034912,-0.21567365527153015,0.27900680899620056,9.784788131713867,0.7027714848518372,-0.011478330008685589
1.68,-0.15501399338245392,-0.09542649239301682,-0.14686506986618042,-0.5522527694702148,0.31314608454704285,0.10606154799461365,-0.06315337866544724,-0.16462068259716034,0.767479419708252,-0.5062255263328552,-0.15501399338245392,-0.09542649239301682,-0.14686506986618042,-0.5522527694702148,0.31314608454704285,0.10606154799461365,-0.06315337866544724,-0.16462068259716034,0.767479419708252,-0.5062255263328552,-0.10796588659286499,0.7265675663948059,-1.4472111463546753,0.29193922877311707,-0.6564645767211914,-0.5744702219963074,-0.2286028414964676,-0.5737864971160889,-7.673803806304932,1.535292148590088,-0.2862916886806488,0.23563678562641144,-0.08595454692840576,-0.5558112859725952,-0.3368913531303406,-0.33568358421325684,0.1547800600528717,-0.4439689517021179,0.1973400115966797,-0.26169100403785706,-3.9229862689971924,0.6085325479507446,2.9559543132781982,0.12188822776079178,0.6196160912513733,0.3288257420063019,9.788947105407715,0.6419612765312195,0.022351985797286034
1.7,-0.1570475697517395,-0.062381014227867126,-0.14329631626605988,-0.551726758480072,0.29586905241012573,0.07782688736915588,-0.049042992293834686,-0.2305086851119995,0.6113524436950684,-0.4328116476535797,-0.1570475697517395,-0.062381014227867126,-0.14329631626605988,-0.551726758480072,0.29586905241012573,0.07782688736915588,-0.049042992293834686,-0.2305086851119995,0.6113524436950684,-0.4328116476535797,-0.1776401549577713,2.2329370975494385,1.6155956983566284,-0.2958824932575226,-1.2749184370040894,-2.4819793701171875,1.4507429599761963,-5.336253643035889,-5.3046417236328125,-7.564223766326904,-0.25484246015548706,-0.03281085193157196,-0.022977743297815323,-1.2067348957061768,-0.1121264100074768,-0.20223122835159302,0.21572405099868774,-0.46549084782600403,0.27683311700820923,-0.01649874448776245,-23.097055435180664,-5.456357479095459,-7.223437786102295,0.712917149066925,1.760467767715454,-0.010266548953950405,9.787572860717773,0.6137654185295105,0.250618577003479
1.72,-0.17394740879535675,-0.04481945186853409,-0.10677345097064972,-0.6371476054191589,0.2682678997516632,0.0417475551366806,-0.03068757802248001,-0.26421672105789185,0.5560885071754456,-0.4260837733745575,-0.17394740879535675,-0.04481945186853409,-0.10677345097064972,-0.6371476054191589,0.2682678997516632,0.0417475551366806,-0.03068757802248001,-0.26421672105789185,0.5560885071754456,-0.4260837733745575,-1.2374682426452637,0.19344671070575714,1.9903123378753662,-7.459136486053467,2.6523261070251465,-2.03829026222229,0.8771093487739563,-0.6127018332481384,-2.517538070678711,1.2260456085205078,-0.3641350567340851,-0.0229962021112442,-0.049138713628053665,-1.1176294088363647,-0.27547043561935425,-0.2656186819076538,0.22782555222511292,-0.4846091568470001,0.34254956245422363,-0.06949862837791443,-14.41055965423584,0.9675216674804688,-1.6983968019485474,0.79258793592453,0.4455306828022003,-0.4842941462993622,9.779059410095215,0.6531403660774231,0.42368873953819275
1.74,-0.2016267031431198,-0.03893639147281647,-0.07838835567235947,-0.7730534076690674,0.1537807583808899,-0.0018617133609950542,-0.009768393822014332,-0.3360799551010132,0.49908095598220825,-0.3985249400138855,-0.2016267031431198,-0.03893639147281647,-0.07838835567235947,-0.7730534076690674,0.1537807583808899,-0.0018617133609950542,-0.009768393822014332,-0.3360799551010132,0.49908095598220825,-0.3985249400138855,-1.486424446105957,0.27186232805252075,0.8100955486297607,-5.572838306427002,-11.208395957946777,-2.0708084106445312,1.216286540031433,-4.38593864440918,-2.7248029708862305,1.3148853778839111,-0.37522417306900024,-0.045814260840415955,-0.0035426951944828033,-1.1916301250457764,0.03764212131500244,-0.19409286975860596,0.2301492691040039,-0.439254492521286,0.37901613116264343,-0.14727246761322021,-4.70932674407959,0.16238662600517273,-1.0534430742263794,0.40935832262039185,0.7505525946617126,-0.43254613876342773,9.766387939453125,0.7534568309783936,0.5348465442657471
1.76,-0.2309119999408722,-0.034558895975351334,-0.06161574646830559,-0.8835771679878235,0.07462063431739807,-0.03559553995728493,0.015390098094940186,-0.3977358937263489,0.45661982893943787,-0.37815603613853455,-0.2309119999408722,-0.034558895975351334,-0.06161574646830559,-0.8835771679878235,0.07462063431739807,-0.03559553995728493,0.015390098094940186,-0.3977358937263489,0.45661982893943787,-0.37815603613853455,-1.2241438627243042,0.07145941257476807,1.1911381483078003,-5.602073669433594,-1.9751238822937012,-1.3749641180038452,1.199142336845398,-1.8299163579940796,-1.5939643383026123,0.5810667872428894,-0.3358409106731415,-0.059572890400886536,0.04471605643630028,-1.2716872692108154,0.09284770488739014,-0.20037370920181274,0.18128591775894165,-0.4363742172718048,0.404208242893219,-0.1976843774318695,-3.586162567138672,-0.49663957953453064,-0.7424415349960327,-0.02665615640580654,0.6875410079956055,-0.4258277118206024,9.750436782836914,0.8401898145675659,0.6776097416877747
1.78,-0.24924466013908386,-0.03582789748907089,-0.02914026379585266,-0.9915710091590881,0.07259076833724976,-0.05921220779418945,0.03639966994524002,-0.41979077458381653,0.43450140953063965,-0.37863466143608093,-0.24924466013908386,-0.03582789748907089,-0.02914026379585266,-0.9915710091590881,0.07259076833724976,-0.05921220779418945,0.03639966994524002,-0.41979077458381653,0.43450140953063965,-0.37863466143608093,-0.6740285158157349,-0.15726621448993683,1.9818129539489746,-5.216853618621826,0.7724953889846802,-1.0616217851638794,0.9137523770332336,-0.6787256002426147,-0.733328640460968,-0.5329585671424866,-0.18005965650081635,-0.12696240842342377,0.023342367261648178,-1.29451322555542,0.1652488112449646,-0.2509308457374573,0.18677514791488647,-0.42680975794792175,0.38727331161499023,-0.209938645362854,-3.374417304992676,-0.41550323367118835,-1.0542526245117188,-0.32229939103126526,0.5184158086776733,-0.49498841166496277,9.733511924743652,0.9248406887054443,0.7996974587440491
1.8,-0.2493705004453659,-0.04577360674738884,0.001620493596419692,-1.081676959991455,0.11153794080018997,-0.08269713073968887,0.048913002014160156,-0.4280194342136383,0.4266994595527649,-0.3856463134288788,-0.2493705004453659,-0.04577360674738884,0.001620493596419692,-1.081676959991455,0.11153794080018997,-0.08269713073968887,0.048913002014160156,-0.4280194342136383,0.4266994595527649,-0.3856463134288788,0.42752933502197266,-0.6505396962165833,1.1005927324295044,-3.9888250827789307,2.4344418048858643,-1.2756640911102295,0.5030675530433655,-0.31635454297065735,-0.24988064169883728,-0.19866417348384857,-0.1552625149488449,-0.10821427404880524,0.06037116423249245,-1.3274359703063965,0.4099408984184265,-0.22239959239959717,0.1424102634191513,-0.46009930968284607,0.42697638273239136,-0.23145082592964172,-8.047579765319824,-2.00262188911438,-2.599571943283081,-0.4477832019329071,0.21382364630699158,-0.8782758116722107,9.714176177978516,1.0523855686187744,0.8737082481384277
1.82,-0.23955170810222626,-0.057095933705568314,0.02418397180736065,-1.1543575525283813,0.23849961161613464,-0.1041264757514,0.05727123096585274,-0.4357551038265228,0.42801451683044434,-0.39381587505340576,-0.23955170810222626,-0.057095933705568314,0.02418397180736065,-1.1543575525283813,0.23849961161613464,-0.1041264757514,0.05727123096585274,-0.4357551038265228,0.42801451683044434,-0.39381587505340576,0.5552496910095215,-0.4918285012245178,1.2660235166549683,-3.284205675125122,8.140717506408691,-0.9063634872436523,0.3251405358314514,-0.4332188069820404,0.3442983031272888,-0.5768094062805176,-0.06299221515655518,-0.1650199443101883,0.04418937489390373,-1.2940309047698975,0.4875115156173706,-0.24373537302017212,0.0698232501745224,-0.4875267744064331,0.47520357370376587,-0.3257586658000946,-7.7142205238342285,-1.7979871034622192,-2.9692130088806152,-0.46972236037254333,0.13168661296367645,-0.7529864311218262,9.69278621673584,1.2008681297302246,0.9186491966247559
1.84,-0.2225356251001358,-0.07136761397123337,0.04107346013188362,-1.2031948566436768,0.3735113739967346,-0.12112773209810257,0.05929490923881531,-0.44708454608917236,0.44133344292640686,-0.40913841128349304,-0.2225356251001358,-0.07136761397123337,0.04107346013188362,-1.2031948566436768,0.3735113739967346,-0.12112773209810257,0.05929490923881531,-0.44708454608917236,0.44133344292640686,-0.40913841128349304,1.0815831422805786,-0.8694321513175964,0.5073477029800415,-1.7921779155731201,5.566447734832764,-0.7980858087539673,-0.08006270229816437,-0.640021562576294,0.9715456366539001,-0.9451371431350708,-0.08975303173065186,-0.1215289980173111,0.10902392119169235,-1.2528743743896484,0.6410578489303589,-0.15580135583877563,0.07317414879798889,-0.46660178899765015,0.531883955001831,-0.26183295249938965,-6.899235248565674,-1.4214224815368652,-2.9452884197235107,-0.5973899364471436,-0.12129925936460495,-0.8606372475624084,9.672581672668457,1.3446203470230103,0.932345449924469
1.86,-0.20392784476280212,-0.08295734971761703,0.060893017798662186,-1.2263538837432861,0.5019508004188538,-0.13117851316928864,0.05622405931353569,-0.457019567489624,0.4684126377105713,-0.4321950376033783,-0.20392784476280212,-0.08295734971761703,0.060893017798662186,-1.2263538837432861,0.5019508004188538,-0.13117851316928864,0.05622405931353569,-0.457019567489624,0.4684126377105713,-0.4321950376033783,0.8037115335464478,-0.3561743497848511,1.4765419960021973,-0.6102672219276428,6.649769306182861,-0.29256105422973633,-0.2118634283542633,-0.3797323703765869,1.6028307676315308,-1.2990520000457764,0.017950773239135742,0.003372207283973694,0.14138369262218475,-1.1019753217697144,0.783165454864502,-0.06365883350372314,0.11795716732740402,-0.4693584144115448,0.5732215642929077,-0.24186640977859497,-7.620630741119385,-2.020785093307495,-3.045476198196411,-0.4110562205314636,-0.17003051936626434,-0.6183063983917236,9.654330253601074,1.4798717498779297,0.9165053963661194
1.88,-0.18325786292552948,-0.07956648617982864,0.09627147018909454,-1.2110570669174194,0.6409578919410706,-0.1343573033809662,0.055279381573200226,-0.4638392925262451,0.5049678087234497,-0.461587518453598,-0.18325786292552948,-0.07956648617982864,0.09627147018909454,-1.2110570669174194,0.6409578919410706,-0.1343573033809662,0.055279381573200226,-0.4638392925262451,0.5049678087234497,-0.461587518453598,1.1859660148620605,0.5376887321472168,1.870863914489746,1.8654675483703613,6.843503475189209,0.016686277464032173,0.06185588613152504,-0.3793164789676666,2.0341408252716064,-1.602174997329712,-0.06810173392295837,-0.024119660258293152,0.1350182145833969,-0.976518452167511,0.8828755617141724,0.04834824800491333,0.10731346905231476,-0.4746299684047699,0.643978476524353,-0.31381773948669434,-8.144689559936523,-2.7156286239624023,-3.002284049987793,-0.4476589262485504,0.03420764207839966,-0.4918941259384155,9.638346672058105,1.5826719999313354,0.9129732847213745
1.9,-0.16559922695159912,-0.0709875077009201,0.12292957305908203,-1.15781831741333,0.7658653259277344,-0.12453820556402206,0.054387740790843964,-0.4716620147228241,0.5517968535423279,-0.49625614285469055,-0.16559922695159912,-0.0709875077009201,0.12292957305908203,-1.15781831741333,0.7658653259277344,-0.12453820556402206,0.054387740790843964,-0.4716620147228241,0.5517968535423279,-0.49625614285469055,0.6596682667732239,0.35052651166915894,0.8917015790939331,3.297590732574463,5.654704570770264,0.8015404343605042,-0.11165601015090942,-0.3924524784088135,2.5416462421417236,-1.8197072744369507,-0.03561359643936157,-0.022748485207557678,0.08414971083402634,-0.7790151834487915,0.9023186564445496,0.0262736976146698,0.12794291973114014,-0.477232962846756,0.6554839015007019,-0.421139657497406,-7.842849254608154,-2.487778663635254,-3.025346279144287,-0.4586181044578552,-0.05618024989962578,0.003606452140957117,9.631287574768066,1.6190783977508545,0.9235725998878479
1.92,-0.14941218495368958,-0.06451661139726639,0.1250264197587967,-1.0690689086914062,0.8433669805526733,-0.11037473380565643,0.05360227823257446,-0.47759953141212463,0.6000767350196838,-0.5325554609298706,-0.14941218495368958,-0.06451661139726639,0.1250264197587967,-1.0690689086914062,0.8433669805526733,-0.11037473380565643,0.05360227823257446,-0.47759953141212463,0.6000767350196838,-0.5325554609298706,0.8526437282562256,0.3072219789028168,-0.571646511554718,5.3063154220581055,2.7721564769744873,0.656223475933075,0.01217355765402317,-0.2069854736328125,2.315371036529541,-1.7957011461257935,-0.024020224809646606,0.09371711313724518,0.07924719899892807,-0.7336167693138123,0.7904795408248901,-0.02117934823036194,0.1544399857521057,-0.49386996030807495,0.6739860773086548,-0.46016019582748413,-8.133981704711914,-2.702014923095703,-3.4862146377563477,-0.3117339313030243,-0.036102328449487686,0.027054140344262123,9.632645606994629,1.6097787618637085,0.925664484500885
1.94,-0.133081316947937,-0.05001471936702728,0.1128460094332695,-0.9683475494384766,0.8366280198097229,-0.10101164877414703,0.05748111009597778,-0.47874021530151367,0.6434199810028076,-0.5688867568969727,-0.133081316947937,-0.05001471936702728,0.1128460094332695,-0.9683475494384766,0.8366280198097229,-0.10101164877414703,0.05748111009597778,-0.47874021530151367,0.6434199810028076,-0.5688867568969727,0.7740525007247925,1.0330798625946045,-0.628835141658783,4.654128551483154,-2.025573253631592,0.33203428983688354,0.3100675046443939,0.04824398458003998,2.07141375541687,-1.834950566291809,-0.1453247368335724,-0.04844503104686737,0.05580159276723862,-0.525841236114502,0.5175153613090515,0.04553946852684021,0.07664673030376434,-0.38676533102989197,0.7578325867652893,-0.3783876299858093,-7.8274712562561035,-2.282686233520508,-3.9536538124084473,0.03528287261724472,0.11829406768083572,-0.03325781971216202,9.632089614868164,1.6067249774932861,0.9366900324821472
1.96,-0.1253984570503235,-0.040577780455350876,0.090701162815094,-0.8611128330230713,0.700318455696106,-0.08873475342988968,0.05803325027227402,-0.4624587893486023,0.6861003041267395,-0.6057164669036865,-0.1253984570503235,-0.040577780455350876,0.090701162815094,-0.8611128330230713,0.700318455696106,-0.08873475342988968,0.05803325027227402,-0.4624587893486023,0.6861003041267395,-0.6057164669036865,0.07694020867347717,-0.009743043221533298,-1.2909462451934814,6.055556774139404,-8.964536666870117,0.8049482703208923,-0.2267809808254242,1.1750563383102417,2.286264419555664,-1.9172956943511963,-0.4210054278373718,-0.02771918475627899,0.20876817405223846,-0.5047352313995361,0.5382145047187805,0.2087765634059906,0.036124490201473236,-0.2743411660194397,0.8282878994941711,-0.24230706691741943,-11.356452941894531,-2.056055784225464,-5.870649337768555,0.3765808939933777,-0.31624695658683777,0.3646154999732971,9.638736724853516,1.5818867683410645,0.9102118015289307
1.98,-0.14360037446022034,-0.03846077248454094,0.10481715202331543,-0.7553585171699524,0.5931454300880432,-0.06211186200380325,0.051811277866363525,-0.414326936006546,0.7356048226356506,-0.6458406448364258,-0.14360037446022034,-0.03846077248454094,0.10481715202331543,-0.7553585171699524,0.5931454300880432,-0.06211186200380325,0.051811277866363525,-0.414326936006546,0.7356048226356506,-0.6458406448364258,-1.5617601871490479,0.14406836032867432,2.5413269996643066,4.735846519470215,-2.9477009773254395,1.641973614692688,-0.46397271752357483,2.8340702056884766,2.820216178894043,-2.3218743801116943,-0.35267606377601624,-0.07924960553646088,0.1546061784029007,-0.5517531633377075,0.48743778467178345,0.1670292764902115,0.01571081578731537,-0.24480494856834412,0.8504764437675476,-0.30964523553848267,-10.614910125732422,-1.7395304441452026,-6.029258728027344,1.2443960905075073,-0.6343502998352051,1.05545973777771,9.6690034866333,1.4576486349105835,0.7885022163391113
2.0,-0.1740536093711853,-0.03641415759921074,0.14082616567611694,-0.7197726964950562,0.4218991994857788,-0.03852148354053497,0.046243831515312195,-0.34844034910202026,0.7811477184295654,-0.6769886612892151,-0.1740536093711853,-0.03641415759921074,0.14082616567611694,-0.7197726964950562,0.4218991994857788,-0.03852148354053497,0.046243831515312195,-0.34844034910202026,0.7811477184295654,-0.6769886612892151,-1.6442930698394775,0.4849526882171631,0.9794433116912842,-2.414177656173706,0.10870607197284698,0.847889244556427,0.29867205023765564,3.4041895866394043,1.9835360050201416,-1.3540204763412476,-0.29818373918533325,-0.18761135637760162,0.23010888695716858,-0.6768231391906738,0.17748993635177612,0.3419703543186188,-0.11787459999322891,-0.31011855602264404,1.0424609184265137,-0.0500338077545166,-63.0151481628418,-0.22611193358898163,23.514846801757812,1.1729546785354614,-0.6231441497802734,0.5796991586685181,9.701316833496094,1.3167363405227661,0.621893584728241
2.02,-0.19652004539966583,-0.035812605172395706,0.14871016144752502,-0.7590713500976562,0.4513234496116638,-0.009581562131643295,0.037651512771844864,-0.3181655704975128,0.8418380618095398,-0.6553164720535278,-0.19652004539966583,-0.035812605172395706,0.14871016144752502,-0.7590713500976562,0.4513234496116638,-0.009581562131643295,0.037651512771844864,-0.3181655704975128,0.8418380618095398,-0.6553164720535278,-0.7373049855232239,-0.3978756368160248,0.24169063568115234,-1.2214092016220093,0.9136594533920288,1.948814868927002,-1.0481582880020142,0.3398572504520416,3.918828248977661,1.4296046495437622,-0.07935452461242676,-0.20264221727848053,0.16720238327980042,-0.547641396522522,0.23494625091552734,0.12604396045207977,-0.13618236780166626,-0.3255346715450287,0.9821349382400513,-0.1239919364452362,-16.678192138671875,-0.9615927934646606,1.2642208337783813,0.17372001707553864,-0.6141387820243835,0.43271979689598083,9.716870307922363,1.2361605167388916,0.5389281511306763
2.04,-0.19011494517326355,-0.04648708179593086,0.15094111859798431,-0.7620260715484619,0.45999741554260254,0.013331023044884205,0.015726016834378242,-0.32005003094673157,0.9026354551315308,-0.6033228039741516,-0.19011494517326355,-0.04648708179593086,0.15094111859798431,-0.7620260715484619,0.45999741554260254,0.013331023044884205,0.015726016834378242,-0.32005003094673157,0.9026354551315308,-0.6033228039741516,1.0040817260742188,-0.6295604109764099,-0.0073472363874316216,0.6634477972984314,0.042446088045835495,0.6346542239189148,-1.1022924184799194,-0.3181699514389038,2.34804105758667,3.366638422012329,-0.08357119560241699,-0.17980612814426422,0.08986743539571762,-0.5952430963516235,0.12907743453979492,0.13863088190555573,-0.11907051503658295,-0.320936918258667,1.0172638893127441,-0.06223791837692261,-15.430157661437988,-2.8137197494506836,1.5896117687225342,0.004692227579653263,-0.6298035979270935,-0.29983168840408325,9.723732948303223,1.2310866117477417,0.41175198554992676
2.06,-0.17027586698532104,-0.06020449846982956,0.14515003561973572,-0.7413486838340759,0.45511889457702637,0.02886580489575863,-0.005120002664625645,-0.3224492073059082,0.9446166753768921,-0.5286356210708618,-0.17027586698532104,-0.06020449846982956,0.14515003561973572,-0.7413486838340759,0.45511889457702637,0.02886580489575863,-0.005120002664625645,-0.3224492073059082,0.9446166753768921,-0.5286356210708618,0.9708721041679382,-0.7516496777534485,-0.8948608636856079,1.2485136985778809,-0.3539767265319824,0.859360933303833,-0.9799272418022156,0.027599085122346878,1.9284995794296265,3.8657093048095703,-0.06749415397644043,-0.24056632816791534,0.0027979686856269836,-0.6169007420539856,-0.6824915409088135,0.12424899637699127,-0.16433803737163544,-0.30506452918052673,1.0006651878356934,0.4446723461151123,-9.453692436218262,-1.738765835762024,0.4241013526916504,-0.05680541321635246,-0.5821387767791748,-0.0854724645614624,9.723639488220215,1.2653820514678955,0.2928291857242584
2.08,-0.15272098779678345,-0.07933907955884933,0.11257480829954147,-0.7190572023391724,0.4363540709018707,0.044028885662555695,-0.02559507265686989,-0.3206294775009155,0.9757602214813232,-0.44885265827178955,-0.15272098779678345,-0.07933907955884933,0.11257480829954147,-0.7190572023391724,0.4363540709018707,0.044028885662555695,-0.02559507265686989,-0.3206294775009155,0.9757602214813232,-0.44885265827178955,0.7792543172836304,-1.1981401443481445,-2.085357189178467,1.1362155675888062,-5.283669948577881,0.6578115820884705,-1.0860925912857056,0.18428725004196167,1.2710784673690796,4.0733642578125,-0.06011146306991577,-0.23477406799793243,-0.08912606537342072,-0.5792499780654907,-0.21844452619552612,0.12256325781345367,-0.11815927922725677,-0.3264946937561035,0.9258019328117371,0.20612794160842896,-5.008288383483887,-0.7922258973121643,-1.765140414237976,0.04032931104302406,-0.6506505012512207,-0.06633790582418442,9.72503662109375,1.2768151760101318,0.1717735230922699
2.1,-0.13607476651668549,-0.10146623849868774,0.044303979724645615,-0.697959303855896,0.4291311204433441,0.053360842168331146,-0.04319208860397339,-0.3151247501373291,0.9909000396728516,-0.3704972565174103,-0.13607476651668549,-0.10146623849868774,0.044303979724645615,-0.697959303855896,0.4291311204433441,0.053360842168331146,-0.04319208860397339,-0.3151247501373291,0.9909000396728516,-0.3704972565174103,0.7673637866973877,-1.0496028661727905,-4.057132244110107,1.2460660934448242,-0.7491452097892761,0.35947486758232117,-0.7303745150566101,0.25150442123413086,0.3307132124900818,3.677239418029785,-0.25481492280960083,-0.21005494892597198,-0.16135218739509583,-0.5701349973678589,-0.1849082112312317,0.3155916929244995,-0.09941063821315765,-0.24779273569583893,0.8592404127120972,0.15626978874206543,-10.302718162536621,-2.473193407058716,0.3139829635620117,0.27489787340164185,-0.5440253019332886,0.038278017193078995,9.725244522094727,1.2859385013580322,0.04571717604994774
2.12,-0.13615576922893524,-0.11964241415262222,-0.03644895181059837,-0.6765451431274414,0.40678727626800537,0.07117186486721039,-0.052692264318466187,-0.2969155013561249,0.9932904839515686,-0.2995697259902954,-0.13615576922893524,-0.11964241415262222,-0.03644895181059837,-0.6765451431274414,0.40678727626800537,0.07117186486721039,-0.052692264318466187,-0.2969155013561249,0.9932904839515686,-0.2995697259902954,-0.5309154391288757,-0.8313218355178833,-3.9684720039367676,1.048232078552246,-1.3561198711395264,1.2299163341522217,-0.28400933742523193,1.4548377990722656,-0.15459196269512177,3.450918197631836,-0.1990395486354828,-0.10476135462522507,-0.057632625102996826,-0.5010520219802856,0.12240242958068848,0.28840264678001404,-0.02528706192970276,-0.24667277932167053,0.9933208227157593,-0.19430813193321228,-11.255819320678711,-3.0328292846679688,-0.4690333306789398,0.660896897315979,-0.4517971873283386,0.8999584913253784,9.736946105957031,1.1935056447982788,-0.05937282368540764
2.14,-0.14383770525455475,-0.12414727360010147,-0.07442646473646164,-0.6437979340553284,0.38040611147880554,0.09522975236177444,-0.051078882068395615,-0.26995792984962463,0.99021977186203,-0.24209287762641907,-0.14383770525455475,-0.12414727360010147,-0.07442646473646164,-0.6437979340553284,0.38040611147880554,0.09522975236177444,-0.051078882068395615,-0.26995792984962463,0.99021977186203,-0.24209287762641907,-0.24667592346668243,0.23921388387680054,-0.22161702811717987,2.0394699573516846,-1.062787413597107,1.20853853225708,0.2946782112121582,1.0238255262374878,-0.018525615334510803,2.260849952697754,-0.12134014070034027,-0.12599581480026245,-0.10850255936384201,-0.46167808771133423,0.25666162371635437,0.3485461175441742,-0.11325773596763611,-0.1441439986228943,1.0686886310577393,-0.17120781540870667,-3.6998088359832764,-0.26168113946914673,1.439534306526184,0.7777466177940369,-0.05480685830116272,1.0009170770645142,9.757975578308105,1.000653862953186,-0.1292506456375122
2.16,-0.1468329280614853,-0.12124337255954742,-0.07857637107372284,-0.6026703119277954,0.36805394291877747,0.12115924805402756,-0.04973452538251877,-0.24102184176445007,1.0020259618759155,-0.20548515021800995,-0.1468329280614853,-0.12124337255954742,-0.07857637107372284,-0.6026703119277954,0.36805394291877747,0.12115924805402756,-0.04973452538251877,-0.24102184176445007,1.0020259618759155,-0.20548515021800995,-0.325315922498703,0.29355588555336,0.24098478257656097,1.3574237823486328,-0.6834059357643127,1.291276454925537,0.10375449806451797,2.043653964996338,1.0488322973251343,1.5761278867721558,-0.08890381455421448,-0.17536960542201996,-0.06620601564645767,-0.38647645711898804,0.30850762128829956,0.270782470703125,-0.25853317975997925,-0.16466179490089417,0.9421204924583435,-0.31419646739959717,-17.335065841674805,1.990695595741272,6.779885292053223,0.6618910431861877,0.014037453569471836,0.9425743818283081,9.775633811950684,0.8044832348823547,-0.16090330481529236
2.18,-0.14450542628765106,-0.12052592635154724,-0.07545969635248184,-0.5723069906234741,0.3526199758052826,0.13780094683170319,-0.06311796605587006,-0.21182721853256226,1.0040900707244873,-0.23610463738441467,-0.14450542628765106,-0.12052592635154724,-0.07545969635248184,-0.5723069906234741,0.3526199758052826,0.13780094683170319,-0.06311796605587006,-0.21182721853256226,1.0040900707244873,-0.23610463738441467,0.3059307932853699,-0.11274456977844238,0.1253676563501358,1.6473358869552612,-0.7903092503547668,0.6345531344413757,-1.1879005432128906,1.043582558631897,-0.8224510550498962,-3.335050106048584,-0.1338011920452118,-0.18280021846294403,-0.24823090434074402,-0.5632426738739014,-0.9545750617980957,0.06263929605484009,-0.22757914662361145,-0.11708864569664001,0.5662517547607422,-0.7347261905670166,-8.733940124511719,-1.041595220565796,2.912057638168335,0.24364794790744781,-0.17875052988529205,0.5421616435050964,9.785094261169434,0.6754469275474548,-0.17833420634269714
2.2,-0.14084360003471375,-0.1255926787853241,-0.10709522664546967,-0.5538668036460876,0.3336729109287262,0.13676252961158752,-0.08471924811601639,-0.18305303156375885,0.9292664527893066,-0.4337717890739441,-0.14084360003471375,-0.1255926787853241,-0.10709522664546967,-0.5538668036460876,0.3336729109287262,0.13676252961158752,-0.08471924811601639,-0.18305303156375885,0.9292664527893066,-0.4337717890739441,-0.043406084179878235,-0.3403026759624481,-3.6165261268615723,0.2378249615430832,0.09313493967056274,-0.522579550743103,-0.9575173258781433,1.8068718910217285,-6.184284210205078,-13.932393074035645,-0.208179771900177,0.08753395825624466,-0.14561708271503448,-0.5615276098251343,-0.5334408283233643,0.03362187743186951,0.03721606731414795,-0.2257845401763916,0.1553635597229004,-0.41267135739326477,-3.9677600860595703,0.4065145254135132,1.6567460298538208,0.3951382637023926,-0.09593965113162994,0.39689478278160095,9.790313720703125,0.5852659344673157,-0.2081393599510193
2.22,-0.14688919484615326,-0.11417751014232635,-0.1488969326019287,-0.5500600337982178,0.3242659866809845,0.12268955260515213,-0.08319330215454102,-0.16599901020526886,0.7510358691215515,-0.4955459535121918,-0.14688919484615326,-0.11417751014232635,-0.1488969326019287,-0.5500600337982178,0.3242659866809845,0.12268955260515213,-0.08319330215454102,-0.16599901020526886,0.7510358691215515,-0.4955459535121918,-0.5565152764320374,1.3666424751281738,-0.49792659282684326,0.1822337806224823,-0.8607428669929504,-0.7316887378692627,0.9454691410064697,-0.5480954051017761,-10.786975860595703,3.592116117477417,-0.25513383746147156,0.2634273171424866,-0.23441866040229797,-0.6197509169578552,-0.4188281297683716,-0.3714134097099304,0.22063478827476501,-0.46161580085754395,0.1884872317314148,-0.0598139762878418,-3.4754910469055176,0.3351721167564392,3.0912866592407227,0.5656251311302185,0.9851428866386414,0.6092581748962402,9.796799659729004,0.4899344742298126,-0.1370742917060852
2.24,-0.15239191055297852,-0.07485166937112808,-0.16746409237384796,-0.5547678470611572,0.30568790435791016,0.09062125533819199,-0.05164718255400658,-0.23791633546352386,0.5745270252227783,-0.3881019353866577,-0.15239191055297852,-0.07485166937112808,-0.16746409237384796,-0.5547678470611572,0.30568790435791016,0.09062125533819199,-0.05164718255400658,-0.23791633546352386,0.5745270252227783,-0.3881019353866577,-0.19433623552322388,2.221228837966919,-1.53254234790802,-0.8126809000968933,-1.3345435857772827,-2.9736533164978027,2.0933454036712646,-5.647276878356934,-4.145941734313965,-7.019787311553955,-0.2806687653064728,-0.0351799875497818,-0.06999602913856506,-1.201928734779358,-0.3916998505592346,-0.2111479640007019,0.2022986114025116,-0.4396553039550781,0.28197795152664185,0.08791989088058472,-13.62089729309082,-3.9540605545043945,-2.1377484798431396,1.0032504796981812,1.8036750555038452,-0.14962276816368103,9.799413681030273,0.43137818574905396,0.14661578834056854
2.26,-0.17422813177108765,-0.05708612501621246,-0.16679610311985016,-0.6467800140380859,0.2652583718299866,0.04853423684835434,-0.024592459201812744,-0.28133493661880493,0.5169242024421692,-0.40481534600257874,-0.17422813177108765,-0.05708612501621246,-0.16679610311985016,-0.6467800140380859,0.2652583718299866,0.04853423684835434,-0.024592459201812744,-0.28133493661880493,0.5169242024421692,-0.40481534600257874,-1.280030608177185,0.13672612607479095,1.8235013484954834,-7.895397663116455,-7.53530740737915,-1.995685338973999,0.9852330684661865,-0.08642295747995377,-2.4562957286834717,0.7937934994697571,-0.4188128709793091,-0.03827400505542755,-0.08925755321979523,-1.1682687997817993,-0.41706353425979614,-0.18020623922348022,0.20638597011566162,-0.4435306191444397,0.3742126524448395,-0.006772041320800781,-11.068380355834961,0.747310221195221,-3.817391872406006,0.9286507368087769,0.48559898138046265,-0.34039267897605896,9.793353080749512,0.44788771867752075,0.35459449887275696
2.28,-0.20918482542037964,-0.05274178460240364,-0.13377918303012848,-0.7846746444702148,0.1778620183467865,0.011537694372236729,-0.002817131346091628,-0.33512428402900696,0.4705810844898224,-0.3847103416919708,-0.20918482542037964,-0.05274178460240364,-0.13377918303012848,-0.7846746444702148,0.1778620183467865,0.011537694372236729,-0.002817131346091628,-0.33512428402900696,0.4705810844898224,-0.3847103416919708,-1.9947805404663086,0.26271599531173706,1.1544877290725708,-5.900965213775635,-3.5437207221984863,-1.586395263671875,1.1882396936416626,-3.2820348739624023,-1.8830136060714722,0.9431807994842529,-0.4535341262817383,-0.028766974806785583,-0.02085505798459053,-1.2340086698532104,-0.04733377695083618,-0.15286529064178467,0.2081243097782135,-0.4773986041545868,0.3774598240852356,-0.07944580912590027,-10.947522163391113,2.4000041484832764,1.2372444868087769,0.5749115943908691,0.6862618327140808,-0.27853187918663025,9.7852144241333,0.5193692445755005,0.4646870791912079
2.3,-0.2460881769657135,-0.047725096344947815,-0.10364482551813126,-0.9030239582061768,0.06281965970993042,-0.017132824286818504,0.01984455995261669,-0.39592087268829346,0.4418802559375763,-0.3717309236526489,-0.2460881769657135,-0.047725096344947815,-0.10364482551813126,-0.9030239582061768,0.06281965970993042,-0.017132824286818504,0.01984455995261669,-0.39592087268829346,0.4418802559375763,-0.3717309236526489,-1.6275343894958496,0.21840685606002808,2.0295841693878174,-5.955576419830322,-5.182824611663818,-1.2851828336715698,1.058560848236084,-2.765982151031494,-1.1134543418884277,0.31642264127731323,-0.3924621343612671,-0.04431767761707306,0.03264899179339409,-1.2998735904693604,0.0605463981628418,-0.18046218156814575,0.20738792419433594,-0.4402686655521393,0.3949570655822754,-0.2285548746585846,-4.8068718910217285,-0.7275263667106628,-1.493299961090088,0.2205340564250946,0.6465638875961304,-0.3830092251300812,9.773786544799805,0.5926761031150818,0.5982728600502014
2.32,-0.2705841362476349,-0.04455965757369995,-0.05743939056992531,-1.0160468816757202,0.03576909750699997,-0.04119411110877991,0.0401163250207901,-0.42864856123924255,0.4249204099178314,-0.3773902356624603,-0.2705841362476349,-0.04455965757369995,-0.05743939056992531,-1.0160468816757202,0.03576909750699997,-0.04119411110877991,0.0401163250207901,-0.42864856123924255,0.4249204099178314,-0.3773902356624603,-0.9230642318725586,0.0959346815943718,2.5016930103302,-5.343000411987305,0.8361469507217407,-1.1317094564437866,0.9724348187446594,-0.7170926332473755,-0.6113387942314148,-0.8507317900657654,-0.2150334119796753,-0.1182599812746048,0.028039973229169846,-1.2583274841308594,0.13015669584274292,-0.3102062940597534,0.1958969086408615,-0.4414675235748291,0.37211471796035767,-0.20168441534042358,-3.0755085945129395,-0.7128788828849792,-0.66716468334198,-0.10680242627859116,0.5532693862915039,-0.47349321842193604,9.76068115234375,0.6756645441055298,0.7132251262664795
2.34,-0.2721590995788574,-0.05075007304549217,-0.01626221276819706,-1.0980925559997559,0.0748247504234314,-0.06924263387918472,0.05412930250167847,-0.43513381481170654,0.4156509041786194,-0.39032861590385437,-0.2721590995788574,-0.05075007304549217,-0.01626221276819706,-1.0980925559997559,0.0748247504234314,-0.06924263387918472,0.05412930250167847,-0.43513381481170654,0.4156509041786194,-0.39032861590385437,0.4708440899848938,-0.533139705657959,1.7383463382720947,-3.1602673530578613,2.424159049987793,-1.6003504991531372,0.5144997835159302,-0.1605842113494873,-0.40151020884513855,-0.27843573689460754,-0.14699135720729828,-0.09473459422588348,0.07368515431880951,-1.313399076461792,0.30211853981018066,-0.30365896224975586,0.18150772154331207,-0.4492921233177185,0.3971923887729645,-0.19869664311408997,-8.531951904296875,-1.9478803873062134,-2.8627140522003174,-0.26721838116645813,0.19258734583854675,-0.9703674912452698,9.744415283203125,0.8111594915390015,0.7902473211288452
2.36,-0.2604181468486786,-0.058946214616298676,0.019157733768224716,-1.157208800315857,0.17505641281604767,-0.09997453540563583,0.06403549015522003,-0.43847984075546265,0.41091880202293396,-0.3987288177013397,-0.2604181468486786,-0.058946214616298676,0.019157733768224716,-1.157208800315857,0.17505641281604767,-0.09997453540563583,0.06403549015522003,-0.43847984075546265,0.41091880202293396,-0.3987288177013397,0.6966174244880676,-0.32031676173210144,1.8663508892059326,-2.8369224071502686,6.086385250091553,-1.4605427980422974,0.453351229429245,-0.1879657655954361,-0.04433867707848549,-0.5535146594047546,-0.02933371067047119,-0.17495973408222198,0.05871043726801872,-1.2960753440856934,0.41316598653793335,-0.3255016803741455,0.07159855961799622,-0.4796536862850189,0.45074501633644104,-0.27416515350341797,-7.800188064575195,-1.7172855138778687,-2.8477542400360107,-0.26985466480255127,0.15158693492412567,-0.9508883953094482,9.724449157714844,0.9920576810836792,0.8288651704788208
2.38,-0.23965656757354736,-0.0727527067065239,0.04491126164793968,-1.2023403644561768,0.29620370268821716,-0.1275627315044403,0.06737041473388672,-0.446583092212677,0.41778895258903503,-0.4139540195465088,-0.23965656757354736,-0.0727527067065239,0.04491126164793968,-1.2023403644561768,0.29620370268821716,-0.1275627315044403,0.06737041473388672,-0.446583092212677,0.41778895258903503,-0.4139540195465088,1.3197015523910522,-0.9527175426483154,0.869844913482666,-1.7733632326126099,5.681056976318359,-1.3033455610275269,-0.07207459956407547,-0.532720685005188,0.7182658314704895,-0.9738438129425049,-0.12596754729747772,-0.13324345648288727,0.12193038314580917,-1.208209753036499,0.5782627463340759,-0.22823107242584229,0.08864296972751617,-0.4810791015625,0.5224976539611816,-0.2207264006137848,-6.533829689025879,-1.1540805101394653,-2.8349716663360596,-0.5011420249938965,-0.16961908340454102,-1.0857601165771484,9.702795028686523,1.1802442073822021,0.8359990119934082
2.4,-0.2187928408384323,-0.08594106882810593,0.07043305039405823,-1.2202284336090088,0.4298168420791626,-0.14448007941246033,0.06419479846954346,-0.4556140899658203,0.4423617422580719,-0.43860796093940735,-0.2187928408384323,-0.08594106882810593,0.07043305039405823,-1.2202284336090088,0.4298168420791626,-0.14448007941246033,0.06419479846954346,-0.4556140899658203,0.4423617422580719,-0.43860796093940735,0.8011610507965088,-0.42337659001350403,1.6800509691238403,-0.08450812101364136,7.01118803024292,-0.5271419882774353,-0.20925657451152802,-0.3680279850959778,1.5472252368927002,-1.4029722213745117,-0.21608488261699677,-0.040136292576789856,0.14468859136104584,-1.0732543468475342,0.7374659776687622,-0.07434162497520447,0.11016334593296051,-0.4421285092830658,0.5627020597457886,-0.15638524293899536,-7.825508117675781,-1.9658249616622925,-2.999351739883423,-0.3554191589355469,-0.2014344334602356,-0.6954907774925232,9.683311462402344,1.347954273223877,0.8078346848487854
2.42,-0.210393026471138,-0.08663007616996765,0.10693519562482834,-1.1986392736434937,0.5800027251243591,-0.1461796760559082,0.061327118426561356,-0.45895418524742126,0.47900843620300293,-0.4697156548500061,-0.210393026471138,-0.08663007616996765,0.10693519562482834,-1.1986392736434937,0.5800027251243591,-0.1461796760559082,0.061327118426561356,-0.45895418524742126,0.47900843620300293,-0.4697156548500061,0.12031612545251846,0.25791946053504944,1.8171042203903198,2.0590105056762695,7.499411106109619,0.23800089955329895,-0.08393482863903046,-0.03234296664595604,1.9980663061141968,-1.6500635147094727,-0.10666552186012268,-0.0010109394788742065,0.1444491595029831,-0.9230937957763672,0.8669546246528625,-0.015536189079284668,0.13390731811523438,-0.4512447416782379,0.6254520416259766,-0.2243129312992096,-8.504987716674805,-2.6489105224609375,-3.0789361000061035,-0.11968491226434708,-0.08295764774084091,-0.16897597908973694,9.673518180847168,1.4297541379928589,0.7841888070106506
2.44,-0.20334425568580627,-0.0780971497297287,0.13379594683647156,-1.1352545022964478,0.726158082485199,-0.13979093730449677,0.06155921146273613,-0.4599741995334625,0.5221045613288879,-0.5051555037498474,-0.20334425568580627,-0.0780971497297287,0.13379594683647156,-1.1352545022964478,0.726158082485199,-0.13979093730449677,0.06155921146273613,-0.4599741995334625,0.5221045613288879,-0.5051555037498474,0.536849856376648,0.5366735458374023,0.9373447299003601,3.965226650238037,6.863305568695068,0.43430811166763306,0.07063525915145874,-0.1244649887084961,2.3557322025299072,-1.908822774887085,-0.14617229998111725,0.043580248951911926,0.13726811110973358,-0.7736856937408447,0.8597903251647949,0.0030039846897125244,0.15158095955848694,-0.4520028531551361,0.6479367017745972,-0.31606289744377136,-7.444530963897705,-2.130119562149048,-2.7146685123443604,-0.2095222771167755,0.02636673115193844,-0.09828312695026398,9.670365333557129,1.452701210975647,0.780892550945282
2.46,-0.19368982315063477,-0.06449716538190842,0.14485640823841095,-1.0434002876281738,0.8088324666023254,-0.12913453578948975,0.06436438858509064,-0.46116405725479126,0.5699489116668701,-0.5445349812507629,-0.19368982315063477,-0.06449716538190842,0.14485640823841095,-1.0434002876281738,0.8088324666023254,-0.12913453578948975,0.06436438858509064,-0.46116405725479126,0.5699489116668701,-0.5445349812507629,0.38789451122283936,0.7814087867736816,0.25193241238594055,5.054685115814209,2.472334146499634,0.5919486880302429,0.1834787130355835,0.01064826175570488,2.368472099304199,-1.9805866479873657,-0.11950415372848511,0.06860794126987457,0.11670210212469101,-0.6362197399139404,0.7418249249458313,-0.020339220762252808,0.141459658741951,-0.45725101232528687,0.7007263898849487,-0.4372369349002838,-7.98573112487793,-2.5046229362487793,-3.496589183807373,-0.07539132237434387,0.07761677354574203,0.08927734196186066,9.669320106506348,1.4519522190093994,0.7951052188873291
2.48,-0.18457014858722687,-0.047995682805776596,0.1426430344581604,-0.9346628189086914,0.7940850853919983,-0.11865891516208649,0.06816653907299042,-0.45981690287590027,0.6172247529029846,-0.5855327844619751,-0.18457014858722687,-0.047995682805776596,0.1426430344581604,-0.9346628189086914,0.7940850853919983,-0.11865891516208649,0.06816653907299042,-0.45981690287590027,0.6172247529029846,-0.5855327844619751,0.5027008056640625,0.8392260670661926,-0.3990933895111084,5.665834426879883,-2.3942484855651855,0.4881121516227722,0.15738606452941895,0.11554823815822601,2.4478418827056885,-2.1412575244903564,-0.17335069179534912,-0.06449972093105316,0.07723956555128098,-0.5185574889183044,0.46806639432907104,0.07481113076210022,0.059885572642087936,-0.3313145339488983,0.8027978539466858,-0.3780754804611206,-7.374120235443115,-2.01938533782959,-3.3779609203338623,0.09178923815488815,0.04515240341424942,0.07649051398038864,9.671035766601562,1.4348276853561401,0.8052608370780945
2.5,-0.1800108402967453,-0.04228096455335617,0.12125367671251297,-0.820167064666748,0.6550101637840271,-0.10283887386322021,0.06595852226018906,-0.43103641271591187,0.6722878217697144,-0.6282296776771545,-0.1800108402967453,-0.04228096455335617,0.12125367671251297,-0.820167064666748,0.6550101637840271,-0.10283887386322021,0.06595852226018906,-0.43103641271591187,0.6722878217697144,-0.6282296776771545,0.049924399703741074,-0.11989529430866241,-1.4695463180541992,5.739266872406006,-9.0242338180542,0.9669330716133118,-0.22240447998046875,2.754462957382202,2.856618642807007,-2.275639295578003,-0.45600730180740356,-0.08016596734523773,0.1961207091808319,-0.5381723642349243,0.6014773845672607,0.24517497420310974,0.07198383659124374,-0.22886258363723755,0.8347300887107849,-0.1796218454837799,-3.749980926513672,-1.0424054861068726,-2.224684953689575,0.2785758972167969,-0.39740827679634094,0.3147396147251129,9.679359436035156,1.4012855291366577,0.7632184028625488
2.52,-0.1995321363210678,-0.04273274913430214,0.12145046144723892,-0.740605354309082,0.5262234210968018,-0.07313272356987,0.06242581829428673,-0.36219385266304016,0.7324510812759399,-0.6698635816574097,-0.1995321363210678,-0.04273274913430214,0.12145046144723892,-0.740605354309082,0.5262234210968018,-0.07313272356987,0.06242581829428673,-0.36219385266304016,0.7324510812759399,-0.6698635816574097,-1.9726805686950684,0.28714531660079956,1.1356351375579834,0.7939990162849426,-16.451799392700195,1.5997623205184937,-0.028087513521313667,3.5576071739196777,2.9681320190429688,-1.948904275894165,-0.44546180963516235,-0.12921778857707977,0.18150556087493896,-0.6244637370109558,0.3704087734222412,0.3286367654800415,0.006711617112159729,-0.27180343866348267,0.923570990562439,0.06332659721374512,-22.423616409301758,-1.4810740947723389,3.755321741104126,0.7606757283210754,-0.41950297355651855,0.9619069695472717,9.704710960388184,1.2777116298675537,0.6497203707695007
2.54,-0.23392510414123535,-0.03831205144524574,0.13026852905750275,-0.7691479921340942,0.4331984221935272,-0.03947395458817482,0.06164975091814995,-0.3101104497909546,0.7928729057312012,-0.6948143243789673,-0.23392510414123535,-0.03831205144524574,0.13026852905750275,-0.7691479921340942,0.4331984221935272,-0.03947395458817482,0.06164975091814995,-0.3101104497909546,0.7928729057312012,-0.6948143243789673,-1.3383690118789673,0.13450893759727478,-0.045607779175043106,-2.14804744720459,1.6188641786575317,1.8374063968658447,-0.1436702013015747,1.3569825887680054,3.1890225410461426,0.21339552104473114,-0.2698710560798645,-0.15327173471450806,0.16812869906425476,-0.6129717826843262,0.23451489210128784,0.17487840354442596,-0.0707041397690773,-0.32489752769470215,0.9620286822319031,-0.02130448818206787,-19.55771827697754,-2.907196283340454,2.390183687210083,0.050632309168577194,-0.23101310431957245,0.6774551272392273,9.727924346923828,1.1302679777145386,0.5710400342941284
2.56,-0.24344514310359955,-0.04113122820854187,0.1272915154695511,-0.7883408665657043,0.45146897435188293,-0.010461420752108097,0.05192005634307861,-0.3076072633266449,0.8489612936973572,-0.6690528392791748,-0.24344514310359955,-0.04113122820854187,0.1272915154695511,-0.7883408665657043,0.45146897435188293,-0.010461420752108097,0.05192005634307861,-0.3076072633266449,0.8489612936973572,-0.6690528392791748,0.08376965671777725,-0.31267058849334717,-0.14579689502716064,-0.2289247065782547,0.5156720876693726,1.156473994255066,-0.7520031332969666,-0.6596630215644836,2.5334131717681885,2.0542550086975098,-0.08480459451675415,-0.16532756388187408,0.160903662443161,-0.5379441380500793,0.24172696471214294,0.09382230043411255,-0.09423157572746277,-0.31937843561172485,0.9631717205047607,-0.0975629985332489,-15.785327911376953,-1.7429814338684082,1.7021576166152954,-0.1810828000307083,-0.4222259223461151,0.22952906787395477,9.741683006286621,1.0382579565048218,0.5076776742935181
2.58,-0.2292981892824173,-0.048716846853494644,0.12500610947608948,-0.776591956615448,0.4538349211215973,0.00500551937147975,0.03603600338101387,-0.31991010904312134,0.8913981318473816,-0.614298403263092,-0.2292981892824173,-0.048716846853494644,0.12500610947608948,-0.776591956615448,0.4538349211215973,0.00500551937147975,0.03603600338101387,-0.31991010904312134,0.8913981318473816,-0.614298403263092,1.149301290512085,-0.4419848322868347,-0.0961294174194336,1.210847020149231,-0.2054506540298462,0.5522809624671936,-0.8276298642158508,-0.4778319001197815,1.8638622760772705,3.3104021549224854,-0.0158044695854187,-0.18950089812278748,0.07979660481214523,-0.5835250616073608,0.0953713059425354,0.04994988441467285,-0.12214536964893341,-0.3449590802192688,0.9629719257354736,-0.1054801344871521,-14.712027549743652,-1.882936954498291,1.3815988302230835,-0.12392774969339371,-0.4332040846347809,-0.13531425595283508,9.746724128723145,1.027463674545288,0.42637503147125244
2.6,-0.2026837021112442,-0.060788415372371674,0.12121771275997162,-0.7457779049873352,0.44556304812431335,0.013667231425642967,0.01665157824754715,-0.3306691646575928,0.9227727651596069,-0.5398764610290527,-0.2026837021112442,-0.060788415372371674,0.12121771275997162,-0.7457779049873352,0.44556304812431335,0.013667231425642967,0.01665157824754715,-0.3306691646575928,0.9227727651596069,-0.5398764610290527,1.427673101425171,-0.7052308917045593,-0.292121022939682,1.6900027990341187,-0.5395658016204834,0.3465285301208496,-1.0578680038452148,-0.6036179065704346,1.3500136137008667,3.939268112182617,-0.020488321781158447,-0.2401515394449234,0.0060591623187065125,-0.6201116442680359,-0.6038981676101685,0.07067722082138062,-0.1469811648130417,-0.3237328827381134,0.9684629440307617,0.4376404881477356,-10.662435531616211,-1.1104656457901,0.25516998767852783,-0.08376624435186386,-0.5588542222976685,-0.209794819355011,9.747114181518555,1.0587345361709595,0.33005639910697937
2.62,-0.17750577628612518,-0.07995878905057907,0.09328345209360123,-0.7158717513084412,0.43372687697410583,0.021589064970612526,-0.005701589863747358,-0.33566850423812866,0.9465702176094055,-0.4581282138824463,-0.17750577628612518,-0.07995878905057907,0.09328345209360123,-0.7158717513084412,0.43372687697410583,0.021589064970612526,-0.005701589863747358,-0.33566850423812866,0.9465702176094055,-0.4581282138824463,1.1331877708435059,-1.1388461589813232,-2.3783326148986816,1.2971097230911255,-0.621552050113678,0.39708974957466125,-1.1350919008255005,0.09166651964187622,1.0618159770965576,4.178202152252197,-0.04774785041809082,-0.25740715861320496,-0.08502138406038284,-0.6084178686141968,-0.695669412612915,0.11556245386600494,-0.1400989592075348,-0.28221824765205383,0.9676346778869629,0.5384585857391357,-8.837814331054688,-0.5788458585739136,-0.08896032720804214,0.05325760319828987,-0.7032734155654907,-0.13905909657478333,9.747097969055176,1.0896210670471191,0.20711907744407654
2.64,-0.15842938423156738,-0.10372557491064072,0.03045869991183281,-0.6930160522460938,0.4205288589000702,0.03138275817036629,-0.025742441415786743,-0.32198193669319153,0.9660567045211792,-0.3735444247722626,-0.15842938423156738,-0.10372557491064072,0.03045869991183281,-0.6930160522460938,0.4205288589000702,0.03138275817036629,-0.025742441415786743,-0.32198193669319153,0.9660567045211792,-0.3735444247722626,0.8328787684440613,-1.1967155933380127,-3.622614860534668,1.0568162202835083,-0.6979528665542603,0.5526427030563354,-0.88630610704422,1.1149673461914062,0.8918269276618958,4.277393817901611,-0.13147799670696259,-0.24365033209323883,-0.1797163188457489,-0.5697895288467407,-0.3311504125595093,0.2357749044895172,-0.11402773857116699,-0.2480728030204773,0.8904237151145935,0.19166940450668335,-9.28066349029541,-0.8803799748420715,0.029900183901190758,0.3184182941913605,-0.6820360422134399,-0.026419468224048615,9.747138977050781,1.106765627861023,0.06677126884460449
2.66,-0.14838139712810516,-0.12607921659946442,-0.04725591465830803,-0.6722080111503601,0.40332239866256714,0.046619292348623276,-0.03990371525287628,-0.2924083471298218,0.9792504906654358,-0.28838393092155457,-0.14838139712810516,-0.12607921659946442,-0.04725591465830803,-0.6722080111503601,0.40332239866256714,0.046619292348623276,-0.03990371525287628,-0.2924083471298218,0.9792504906654358,-0.28838393092155457,0.24846474826335907,-1.0467908382415771,-4.106529712677002,1.1347568035125732,-1.0235310792922974,0.9086971282958984,-0.5629867911338806,1.677192211151123,0.3703693151473999,4.197983741760254,-0.1548631340265274,-0.17904327809810638,-0.17073190212249756,-0.5498729944229126,-0.026613712310791016,0.35973870754241943,-0.08541154861450195,-0.20260705053806305,0.967444896697998,-0.0901896059513092,-10.916426658630371,-2.688121795654297,-0.1126594990491867,0.600972056388855,-0.5946162343025208,0.400371253490448,9.75065803527832,1.075210452079773,-0.06843612343072891
2.68,-0.14874574542045593,-0.13932283222675323,-0.10961486399173737,-0.6453510522842407,0.38150960206985474,0.07165178656578064,-0.04591408371925354,-0.2562791407108307,0.9881694912910461,-0.20904232561588287,-0.14874574542045593,-0.13932283222675323,-0.10961486399173737,-0.6453510522842407,0.38150960206985474,0.07165178656578064,-0.04591408371925354,-0.2562791407108307,0.9881694912910461,-0.20904232561588287,-0.16141824424266815,-0.3547946512699127,-2.3127617835998535,1.51572585105896,-0.9962940812110901,1.4809306859970093,-0.11051230132579803,1.7734620571136475,0.563355028629303,3.6436071395874023,-0.15831543505191803,-0.15490584075450897,-0.09333590418100357,-0.5156051516532898,0.20356833934783936,0.3954322934150696,-0.12657667696475983,-0.12026756256818771,1.0280858278274536,-0.20568126440048218,-6.156237602233887,-0.9009097814559937,1.2393690347671509,0.6775068640708923,-0.30120423436164856,0.8446634411811829,9.762643814086914,0.9473032355308533,-0.17174597084522247
2.7,-0.1533149629831314,-0.14270517230033875,-0.12541450560092926,-0.6131346821784973,0.371016263961792,0.10320448130369186,-0.04977643862366676,-0.21536360681056976,1.0007728338241577,-0.1860353797674179,-0.1533149629831314,-0.14270517230033875,-0.12541450560092926,-0.6131346821784973,0.371016263961792,0.10320448130369186,-0.04977643862366676,-0.21536360681056976,1.0007728338241577,-0.1860353797674179,-0.4492563009262085,0.03466452285647392,0.563664972782135,1.264870047569275,-0.514358401298523,1.653096079826355,-0.1747143715620041,2.463339328765869,0.5823179483413696,-0.5763896107673645,-0.08460980653762817,-0.17660672962665558,-0.06216967850923538,-0.4635786712169647,0.2768065929412842,0.39028167724609375,-0.2652079164981842,-0.11016582697629929,0.88521409034729,-0.35152527689933777,-21.18132972717285,2.0690979957580566,9.565778732299805,0.7258812785148621,-0.3237577974796295,0.9569006562232971,9.777177810668945,0.7649056911468506,-0.24044865369796753
2.72,-0.1570703089237213,-0.14433099329471588,-0.11447978019714355,-0.5902169346809387,0.35944169759750366,0.12884719669818878,-0.0640537291765213,-0.17642711102962494,0.9900172352790833,-0.2492091804742813,-0.1570703089237213,-0.14433099329471588,-0.11447978019714355,-0.5902169346809387,0.35944169759750366,0.12884719669818878,-0.0640537291765213,-0.17642711102962494,0.9900172352790833,-0.2492091804742813,0.010871995240449905,-0.17065925896167755,0.46156784892082214,1.2221871614456177,-0.5568098425865173,1.1670467853546143,-1.1427420377731323,1.6213054656982422,-1.5103557109832764,-4.514766693115234,-0.08557891845703125,-0.17851522564888,-0.21922384202480316,-0.5213360786437988,-0.837548017501831,0.20425455272197723,-0.23633718490600586,-0.10503478348255157,0.478630006313324,-0.7312060594558716,-8.484519958496094,-0.09820389002561569,3.3608198165893555,0.4621566832065582,-0.27080315351486206,0.6109454035758972,9.786192893981934,0.6175597906112671,-0.29181402921676636
2.74,-0.15265816450119019,-0.14779098331928253,-0.1253380924463272,-0.5679677724838257,0.3483768105506897,0.13941070437431335,-0.08585546165704727,-0.14702492952346802,0.8984934091567993,-0.44756507873535156,-0.15265816450119019,-0.14779098331928253,-0.1253380924463272,-0.5679677724838257,0.3483768105506897,0.13941070437431335,-0.08585546165704727,-0.14702492952346802,0.8984934091567993,-0.44756507873535156,0.2472340166568756,-0.20486989617347717,-2.0361735820770264,0.9583320021629333,-0.38871219754219055,0.168082132935524,-1.0178248882293701,1.3131321668624878,-7.138209819793701,-13.100863456726074,-0.19326218962669373,0.07677672058343887,-0.1762603372335434,-0.5585740804672241,-0.46774303913116455,0.08072167634963989,-0.005887448787689209,-0.2647773027420044,0.19659537076950073,-0.4235568642616272,-4.2442169189453125,-0.08575734496116638,2.1651108264923096,0.3352108299732208,-0.09401954710483551,0.40312206745147705,9.790410041809082,0.524875819683075,-0.32936862111091614
2.76,-0.15225237607955933,-0.13435004651546478,-0.14698398113250732,-0.5554572939872742,0.33546504378318787,0.138322651386261,-0.08738654851913452,-0.15397591888904572,0.7206989526748657,-0.5053860545158386,-0.15225237607955933,-0.13435004651546478,-0.14698398113250732,-0.5554572939872742,0.33546504378318787,0.138322651386261,-0.08738654851913452,-0.15397591888904572,0.7206989526748657,-0.5053860545158386,-0.21886448562145233,1.3742661476135254,-0.6896440982818604,0.3077818751335144,-0.8519487380981445,-0.2405809611082077,0.6797649264335632,-2.2696588039398193,-9.872106552124023,3.3817834854125977,-0.34546756744384766,0.22137288749217987,-0.24353915452957153,-0.6257873177528381,-0.46792376041412354,-0.2931509017944336,0.20506060123443604,-0.49196532368659973,0.18873488903045654,-0.0553605854511261,-3.489663600921631,0.7642727494239807,3.246345043182373,0.3982893228530884,1.0288348197937012,0.4634670913219452,9.797158241271973,0.4372767210006714,-0.2461240440607071
2.78,-0.15800221264362335,-0.09524980187416077,-0.17167086899280548,-0.5646266341209412,0.3172851502895355,0.11780159175395966,-0.05879132077097893,-0.2530782222747803,0.5497016310691833,-0.3582768440246582,-0.15800221264362335,-0.09524980187416077,-0.17167086899280548,-0.5646266341209412,0.3172851502895355,0.11780159175395966,-0.05879132077097893,-0.2530782222747803,0.5497016310691833,-0.3582768440246582,-0.38517704606056213,2.1886816024780273,-1.7378374338150024,-1.2120779752731323,-1.2498633861541748,-2.265838384628296,2.021477222442627,-6.639430999755859,-4.230713367462158,-6.528363227844238,-0.2551257312297821,-0.07581855356693268,-0.08381065726280212,-1.2464675903320312,-0.4114670157432556,-0.18941140174865723,0.1947910040616989,-0.42623093724250793,0.3085569143295288,0.02766728401184082,-30.407560348510742,-5.270507335662842,-10.881325721740723,1.0381131172180176,1.997301697731018,-0.033495500683784485,9.802119255065918,0.3902069926261902,0.047836992889642715
2.8,-0.17899256944656372,-0.07996821403503418,-0.17446549236774445,-0.6626421809196472,0.26528605818748474,0.07913799583911896,-0.03400436043739319,-0.2900336682796478,0.5067629814147949,-0.3670259714126587,-0.17899256944656372,-0.07996821403503418,-0.17446549236774445,-0.6626421809196472,0.26528605818748474,0.07913799583911896,-0.03400436043739319,-0.2900336682796478,0.5067629814147949,-0.3670259714126587,-1.3995040655136108,0.22604839503765106,1.5094748735427856,-8.388490676879883,-7.819144248962402,-2.3797054290771484,1.0731420516967773,-2.4588372707366943,-2.4821829795837402,0.27072131633758545,-0.40000858902931213,-0.0013466030359268188,-0.07486331462860107,-1.1589057445526123,-0.31516414880752563,-0.26054906845092773,0.2613116204738617,-0.48157933354377747,0.33144932985305786,-0.047345250844955444,-4.849071502685547,0.988655686378479,-1.4360618591308594,1.1683435440063477,0.6236683130264282,-0.5073544979095459,9.797253608703613,0.44165879487991333,0.23422838747501373
2.82,-0.21048830449581146,-0.07102393358945847,-0.13806821405887604,-0.8011107444763184,0.16974613070487976,0.03355566784739494,-0.007727430202066898,-0.34787946939468384,0.4597916603088379,-0.35487937927246094,-0.21048830449581146,-0.07102393358945847,-0.13806821405887604,-0.8011107444763184,0.16974613070487976,0.03355566784739494,-0.007727430202066898,-0.34787946939468384,0.4597916603088379,-0.35487937927246094,-1.7613404989242554,0.7311314344406128,1.697487235069275,-5.64373254776001,-4.231584548950195,-2.212458372116089,1.575528621673584,-3.7177178859710693,-2.2579517364501953,0.5150032639503479,-0.39586180448532104,-0.03305809199810028,-0.01615731790661812,-1.2531514167785645,-0.020766735076904297,-0.2059856653213501,0.23680630326271057,-0.47793322801589966,0.3646446466445923,-0.10877048969268799,-10.823372840881348,1.7768405675888062,1.2257777452468872,0.7904215455055237,0.9343201518058777,-0.5629243850708008,9.786931037902832,0.5590059757232666,0.3736130893230438
2.84,-0.24277937412261963,-0.060833681374788284,-0.10250581055879593,-0.9176220893859863,0.0646035373210907,-0.005285593681037426,0.02079341746866703,-0.41150975227355957,0.42597106099128723,-0.35013502836227417,-0.24277937412261963,-0.060833681374788284,-0.10250581055879593,-0.9176220893859863,0.0646035373210907,-0.005285593681037426,0.02079341746866703,-0.41150975227355957,0.42597106099128723,-0.35013502836227417,-1.355039358139038,0.32773929834365845,2.094352960586548,-5.983549118041992,-3.8719024658203125,-1.7011046409606934,1.2719135284423828,-2.4949557781219482,-1.1996091604232788,-0.11003895103931427,-0.36344000697135925,-0.07250918447971344,0.027960117906332016,-1.3144521713256836,0.05013471841812134,-0.19771569967269897,0.20829901099205017,-0.46101152896881104,0.37976083159446716,-0.21354088187217712,-4.086056232452393,-0.4246008098125458,-1.175136685371399,0.33885493874549866,0.796230673789978,-0.624466598033905,9.771294593811035,0.6802359819412231,0.5433111190795898
2.86,-0.26204046607017517,-0.05944442003965378,-0.05698789283633232,-1.0306458473205566,0.03882696107029915,-0.03349151834845543,0.04054790735244751,-0.42811036109924316,0.41279318928718567,-0.355148047208786,-0.26204046607017517,-0.05944442003965378,-0.05698789283633232,-1.0306458473205566,0.03882696107029915,-0.03349151834845543,0.04054790735244751,-0.42811036109924316,0.41279318928718567,-0.355148047208786,-0.6767240762710571,-0.06338200718164444,2.443896770477295,-5.320519924163818,0.22764314711093903,-1.2321748733520508,0.8059491515159607,-0.15544171631336212,-0.29768380522727966,-0.32586371898651123,-0.21407397091388702,-0.12613724172115326,0.01330292597413063,-1.2815814018249512,0.19394993782043457,-0.27500051259994507,0.2077956199645996,-0.41802191734313965,0.37584730982780457,-0.24001610279083252,-7.4019012451171875,-1.3197968006134033,-2.552213668823242,-0.14378413558006287,0.5061811208724976,-0.6833897233009338,9.753929138183594,0.807593822479248,0.6669027805328369
2.88,-0.2632006108760834,-0.06504594534635544,-0.01928725838661194,-1.1149934530258179,0.09834567457437515,-0.06166549026966095,0.055032823234796524,-0.43169406056404114,0.40769797563552856,-0.36308252811431885,-0.2632006108760834,-0.06504594534635544,-0.01928725838661194,-1.1149934530258179,0.09834567457437515,-0.06166549026966095,0.055032823234796524,-0.43169406056404114,0.40769797563552856,-0.36308252811431885,0.33373478055000305,-0.4516102075576782,1.3863978385925293,-3.312694549560547,4.326789855957031,-1.500908374786377,0.6611167192459106,-0.15333712100982666,-0.19882479310035706,-0.4607345461845398,-0.16457507014274597,-0.09185124933719635,0.06684257090091705,-1.34017014503479,0.34620529413223267,-0.2705851197242737,0.15955819189548492,-0.4564449191093445,0.4052576720714569,-0.19985216856002808,-7.841996192932129,-1.788068413734436,-2.608201265335083,-0.32810598611831665,0.3488723039627075,-0.9454018473625183,9.73344612121582,0.9634844064712524,0.7535421848297119
2.9,-0.254491925239563,-0.07219665497541428,0.012022964656352997,-1.1765655279159546,0.21611419320106506,-0.08962736278772354,0.0661458969116211,-0.4359346330165863,0.4087120294570923,-0.37514957785606384,-0.254491925239563,-0.07219665497541428,0.012022964656352997,-1.1765655279159546,0.21611419320106506,-0.08962736278772354,0.0661458969116211,-0.4359346330165863,0.4087120294570923,-0.37514957785606384,0.5332720279693604,-0.2683047354221344,1.826274037361145,-2.9656550884246826,6.308465003967285,-1.3111333847045898,0.45184966921806335,-0.26001375913619995,0.2645404040813446,-0.7298253178596497,-0.048606038093566895,-0.16921810805797577,0.047439079731702805,-1.2869858741760254,0.42524415254592896,-0.3303791284561157,0.09399260580539703,-0.47989991307258606,0.4393520653247833,-0.25332894921302795,-7.585352897644043,-1.517201542854309,-3.126272678375244,-0.30548450350761414,0.22441408038139343,-0.9166443943977356,9.709589958190918,1.1374865770339966,0.8161442875862122
2.92,-0.23550967872142792,-0.08378317207098007,0.03752131760120392,-1.2186009883880615,0.32605284452438354,-0.11689464747905731,0.07053229212760925,-0.44425755739212036,0.4176911413669586,-0.39196714758872986,-0.23550967872142792,-0.08378317207098007,0.03752131760120392,-1.2186009883880615,0.32605284452438354,-0.11689464747905731,0.07053229212760925,-0.44425755739212036,0.4176911413669586,-0.39196714758872986,1.241281509399414,-0.8109128475189209,0.8162397146224976,-1.3893532752990723,4.77554178237915,-1.3742767572402954,0.033086780458688736,-0.5061941146850586,0.6441842317581177,-0.9570826292037964,-0.14547376334667206,-0.11438362300395966,0.1299567073583603,-1.2470872402191162,0.6132965683937073,-0.16964459419250488,0.06269055604934692,-0.48367011547088623,0.5143676996231079,-0.12887057662010193,-7.069096088409424,-1.4097139835357666,-3.063293933868408,-0.48997554183006287,-0.08339454978704453,-1.1064621210098267,9.683770179748535,1.3256641626358032,0.8386365175247192
2.94,-0.21896523237228394,-0.09445261210203171,0.06547962129116058,-1.2356454133987427,0.4583137631416321,-0.1327044516801834,0.06806714087724686,-0.4535030722618103,0.44151604175567627,-0.4158042371273041,-0.21896523237228394,-0.09445261210203171,0.06547962129116058,-1.2356454133987427,0.4583137631416321,-0.1327044516801834,0.06806714087724686,-0.4535030722618103,0.44151604175567627,-0.4158042371273041,0.5366677045822144,-0.29871079325675964,2.010798931121826,-0.3409433364868164,7.375344276428223,-0.37775981426239014,-0.2428794950246811,-0.42723843455314636,1.5531269311904907,-1.3614845275878906,-0.10772532224655151,-0.02222616970539093,0.17410443723201752,-1.0667753219604492,0.7865722179412842,-0.013070642948150635,0.11097477376461029,-0.4238208830356598,0.5627830028533936,-0.15231892466545105,-7.736802577972412,-1.848520278930664,-3.2658779621124268,-0.3885733485221863,-0.20548754930496216,-0.5905948877334595,9.66231918334961,1.4837515354156494,0.8210736513137817
2.96,-0.2079366147518158,-0.09156059473752975,0.11189784854650497,-1.2120534181594849,0.6185442805290222,-0.13297243416309357,0.06529016047716141,-0.45766958594322205,0.4788646399974823,-0.44673794507980347,-0.2079366147518158,-0.09156059473752975,0.11189784854650497,-1.2120534181594849,0.6185442805290222,-0.13297243416309357,0.06529016047716141,-0.45766958594322205,0.4788646399974823,-0.44673794507980347,0.5442577600479126,0.4605269134044647,2.4366965293884277,2.4522595405578613,8.061031341552734,0.2926942706108093,-0.040608759969472885,0.1487964391708374,2.0552964210510254,-1.7340677976608276,-0.0786268413066864,-0.01518411934375763,0.14046858251094818,-0.9263267517089844,0.8853777647018433,0.012293398380279541,0.10893842577934265,-0.4600740671157837,0.620613694190979,-0.24550002813339233,-5.441922187805176,-2.481318235397339,-1.3816906213760376,-0.38687029480934143,-0.07639054208993912,-0.22952128946781158,9.65207290649414,1.559232473373413,0.8014839291572571
2.98,-0.19485488533973694,-0.08317483216524124,0.1447465717792511,-1.1438180208206177,0.7595880031585693,-0.12419344484806061,0.06341242045164108,-0.4639492928981781,0.5245177149772644,-0.48243802785873413,-0.19485488533973694,-0.08317483216524124,0.1447465717792511,-1.1438180208206177,0.7595880031585693,-0.12419344484806061,0.06341242045164108,-0.4639492928981781,0.5245177149772644,-0.48243802785873413,0.7169237732887268,0.4014585614204407,0.871709942817688,4.070145130157471,6.155238151550293,0.5462208986282349,-0.0989602729678154,-0.3953171968460083,2.4185774326324463,-1.867573618888855,-0.1226520836353302,0.045458510518074036,0.11990582197904587,-0.7873527407646179,0.8842378854751587,0.031629204750061035,0.14971137046813965,-0.44584921002388,0.637414813041687,-0.34270238876342773,-7.883002758026123,-2.3517661094665527,-2.757991313934326,-0.4284989833831787,-0.07781422883272171,-0.06884343922138214,9.649240493774414,1.57870614528656,0.7974631786346436
3.0,-0.18273994326591492,-0.07052546739578247,0.15048548579216003,-1.0520501136779785,0.8352062106132507,-0.112156443297863,0.0640539675951004,-0.4677422344684601,0.5723850131034851,-0.5208262801170349,-0.18273994326591492,-0.07052546739578247,0.15048548579216003,-1.0520501136779785,0.8352062106132507,-0.112156443297863,0.0640539675951004,-0.4677422344684601,0.5723850131034851,-0.5208262801170349,0.46832898259162903,0.8093528151512146,-0.1501874476671219,4.973453521728516,2.350623846054077,0.6298925280570984,0.11758876591920853,-0.040057722479104996,2.3338258266448975,-1.921590805053711,-0.11167401075363159,0.06854884326457977,0.11213790625333786,-0.6538301110267639,0.7542295455932617,0.034944891929626465,0.12603171169757843,-0.46962639689445496,0.6957786083221436,-0.4038427472114563,-8.249658584594727,-2.81825852394104,-3.2053675651550293,-0.15275362133979797,0.03516959771513939,0.11677796393632889,9.650285720825195,1.5702167749404907,0.8015615344047546
3.02,-0.17378602921962738,-0.053335074335336685,0.14118827879428864,-0.9455071091651917,0.8145352005958557,-0.09957511723041534,0.0660434290766716,-0.4673258364200592,0.6192530393600464,-0.5602279305458069,-0.17378602921962738,-0.053335074335336685,0.14118827879428864,-0.9455071091651917,0.8145352005958557,-0.09957511723041534,0.0660434290766716,-0.4673258364200592,0.6192530393600464,-0.5602279305458069,0.4429498612880707,0.8850273489952087,-0.6235752105712891,5.5479207038879395,-2.7810449600219727,0.6470232605934143,0.060934919863939285,0.05794589966535568,2.4052541255950928,-2.038026809692383,-0.18631145358085632,-0.07063035666942596,0.08222576230764389,-0.5117537379264832,0.4699521064758301,0.09578442573547363,0.0409441776573658,-0.3353860676288605,0.783310055732727,-0.3556551933288574,-6.852430820465088,-2.0501463413238525,-3.124081611633301,0.05178414657711983,-0.012552393600344658,0.19094201922416687,9.655083656311035,1.5390362739562988,0.8042595386505127
3.04,-0.17034997045993805,-0.04705330729484558,0.11916857957839966,-0.8296878337860107,0.6659119129180908,-0.08170490711927414,0.06196135655045509,-0.4389328956604004,0.6706985831260681,-0.6004803776741028,-0.17034997045993805,-0.04705330729484558,0.11916857957839966,-0.8296878337860107,0.6659119129180908,-0.08170490711927414,0.06196135655045509,-0.4389328956604004,0.6706985831260681,-0.6004803776741028,-0.025875363498926163,-0.1185053214430809,-1.3442633152008057,5.965118885040283,-9.511631965637207,1.0155333280563354,-0.3198007047176361,2.8134939670562744,2.5558507442474365,-2.1479029655456543,-0.49021369218826294,-0.06625136733055115,0.1958361268043518,-0.5233580470085144,0.5722229480743408,0.2549942135810852,0.0535002201795578,-0.22700020670890808,0.8296361565589905,-0.15536746382713318,-3.7157506942749023,-1.0162334442138672,-2.3297548294067383,0.301465779542923,-0.4846000373363495,0.43588197231292725,9.668435096740723,1.4816632270812988,0.7497541308403015
3.06,-0.1907060593366623,-0.04825670272111893,0.12328171730041504,-0.7335941195487976,0.5812646746635437,-0.050865281373262405,0.054847776889801025,-0.36806753277778625,0.726026177406311,-0.644285261631012,-0.1907060593366623,-0.04825670272111893,0.12328171730041504,-0.7335941195487976,0.5812646746635437,-0.050865281373262405,0.054847776889801025,-0.36806753277778625,0.726026177406311,-0.644285261631012,-1.7252686023712158,-2.780868817353621e-05,1.5821255445480347,4.024094104766846,-0.9490140676498413,1.7916107177734375,-0.334134578704834,4.487306594848633,2.625778913497925,-3.0691027641296387,-0.4424199163913727,-0.08935460448265076,0.15246054530143738,-0.5534899234771729,0.3946196436882019,0.2103525847196579,0.021909967064857483,-0.22213894128799438,0.8345834612846375,-0.2443346083164215,-3.6154022216796875,-1.3219678401947021,-2.1210122108459473,0.926941990852356,-0.7440431714057922,1.1601208448410034,9.699540138244629,1.3355437517166138,0.6093853116035461
3.08,-0.22596590220928192,-0.04310881346464157,0.14462660253047943,-0.7441809177398682,0.41261667013168335,-0.025064775720238686,0.054779812693595886,-0.3072708547115326,0.7745633721351624,-0.6701815128326416,-0.22596590220928192,-0.04310881346464157,0.14462660253047943,-0.7441809177398682,0.41261667013168335,-0.025064775720238686,0.054779812693595886,-0.3072708547115326,0.7745633721351624,-0.6701815128326416,-1.3741222620010376,0.3922276198863983,0.317527711391449,-2.3555855751037598,1.6103211641311646,1.029881477355957,0.27095696330070496,2.5522618293762207,2.0251705646514893,-0.5674000382423401,-0.2614675760269165,-0.12268049269914627,0.18399235606193542,-0.5804249048233032,0.27074456214904785,0.19799719750881195,-0.047120802104473114,-0.29455000162124634,0.9588682055473328,0.03539776802062988,-23.17321014404297,-3.1011886596679688,3.8802223205566406,0.5512096881866455,-0.13377083837985992,0.5803976058959961,9.726163864135742,1.1813944578170776,0.492073118686676
3.1,-0.23678317666053772,-0.04216466844081879,0.14516867697238922,-0.7631987929344177,0.4294069707393646,-0.0018006127793341875,0.05127143859863281,-0.28799504041671753,0.8203455209732056,-0.6530557870864868,-0.23678317666053772,-0.04216466844081879,0.14516867697238922,-0.7631987929344177,0.4294069707393646,-0.0018006127793341875,0.05127143859863281,-0.28799504041671753,0.8203455209732056,-0.6530557870864868,0.0048603154718875885,-0.15001608431339264,-0.07853470742702484,-0.1353444904088974,0.41560834646224976,1.2452683448791504,-0.5134120583534241,-0.14535075426101685,2.5817883014678955,1.8250240087509155,-0.13489650189876556,-0.1661595106124878,0.15015622973442078,-0.5585645437240601,0.23418676853179932,0.10802502930164337,-0.11201031506061554,-0.3178029954433441,0.9474334120750427,-0.04061177372932434,-15.880940437316895,-1.1865413188934326,2.188838005065918,-0.07219572365283966,-0.3107050061225891,0.3193177878856659,9.738936424255371,1.092269778251648,0.44289788603782654
3.12,-0.22601722180843353,-0.049101509153842926,0.14326736330986023,-0.7531030774116516,0.4316707253456116,0.016420522704720497,0.03582516312599182,-0.30145666003227234,0.8653316497802734,-0.6021305322647095,-0.22601722180843353,-0.049101509153842926,0.14326736330986023,-0.7531030774116516,0.4316707253456116,0.016420522704720497,0.03582516312599182,-0.30145666003227234,0.8653316497802734,-0.6021305322647095,0.8802753686904907,-0.5026608109474182,-0.07472413033246994,0.9299389719963074,-0.09473863244056702,0.6773423552513123,-0.9641340970993042,-0.9211447834968567,1.957620620727539,3.06571102142334,-0.10906796157360077,-0.1901150792837143,0.09153444319963455,-0.5708358883857727,0.13582134246826172,0.09238392114639282,-0.1260431855916977,-0.3359184265136719,0.9492380023002625,-0.04446789622306824,-13.37767505645752,-1.5325552225112915,0.9723343253135681,-0.06478407979011536,-0.4745025038719177,-0.028401298448443413,9.74505615234375,1.0647897720336914,0.3690671920776367
3.14,-0.2068035751581192,-0.061719030141830444,0.13991694152355194,-0.7289925217628479,0.42591917514801025,0.029000991955399513,0.014874729327857494,-0.3181845545768738,0.8987881541252136,-0.5343467593193054,-0.2068035751581192,-0.061719030141830444,0.13991694152355194,-0.7289925217628479,0.42591917514801025,0.029000991955399513,0.014874729327857494,-0.3181845545768738,0.8987881541252136,-0.5343467593193054,0.993000328540802,-0.7017600536346436,-0.26899299025535583,1.3708652257919312,-0.4325488209724426,0.5977731347084045,-1.077957272529602,-0.7636001110076904,1.4436266422271729,3.568331241607666,-0.09024524688720703,-0.23356355726718903,0.01522761583328247,-0.5907329320907593,-0.5372636318206787,0.10070507228374481,-0.14479593932628632,-0.3150518536567688,0.9824424982070923,0.0374792218208313,-10.919074058532715,-1.2594804763793945,0.45873773097991943,-0.03322074934840202,-0.5609259605407715,0.003194997552782297,9.748187065124512,1.0667977333068848,0.2662540674209595
3.16,-0.1882200539112091,-0.07972858846187592,0.11445031315088272,-0.7027590274810791,0.4158018231391907,0.04170002415776253,-0.00685257650911808,-0.32564398646354675,0.9255124926567078,-0.4594876170158386,-0.1882200539112091,-0.07972858846187592,0.11445031315088272,-0.7027590274810791,0.4158018231391907,0.04170002415776253,-0.00685257650911808,-0.32564398646354675,0.9255124926567078,-0.4594876170158386,0.8965330719947815,-1.0050088167190552,-2.0754716396331787,1.212736964225769,-0.6406095027923584,0.6356467604637146,-1.0675289630889893,-0.05354529991745949,1.286782145500183,3.902221202850342,-0.11137591302394867,-0.2454587072134018,-0.085068479180336,-0.5946800708770752,-0.6590027809143066,0.12793298065662384,-0.15394125878810883,-0.2933434844017029,0.9358160495758057,0.53065025806427,-8.877426147460938,-0.264951229095459,-0.0694141536951065,0.016095057129859924,-0.6115463972091675,0.014575950801372528,9.751402854919434,1.0601825714111328,0.14918655157089233
3.18,-0.173130065202713,-0.10275643318891525,0.047418441623449326,-0.6813517808914185,0.4028777778148651,0.053471677005290985,-0.027062872424721718,-0.3188542127609253,0.946060299873352,-0.38144785165786743,-0.173130065202713,-0.10275643318891525,0.047418441623449326,-0.6813517808914185,0.4028777778148651,0.053471677005290985,-0.027062872424721718,-0.3188542127609253,0.946060299873352,-0.38144785165786743,0.6123334169387817,-1.1874738931655884,-4.017917156219482,0.9574369788169861,-0.7003598213195801,0.5376381874084473,-0.9295213222503662,0.6145908236503601,0.7673919796943665,3.8551759719848633,-0.18383906781673431,-0.22693605720996857,-0.16761910915374756,-0.5633403062820435,-0.25838786363601685,0.25145423412323,-0.10718415677547455,-0.2710743546485901,0.8855072855949402,0.14863485097885132,-9.577823638916016,-1.0556211471557617,0.10491683334112167,0.36806368827819824,-0.641111433506012,0.08720273524522781,9.753251075744629,1.0534688234329224,0.01995874010026455
3.2,-0.16747406125068665,-0.12349715083837509,-0.03518160060048103,-0.6618545055389404,0.3849950134754181,0.06870442628860474,-0.04126986116170883,-0.29902395606040955,0.9575732946395874,-0.3058948516845703,-0.16747406125068665,-0.12349715083837509,-0.03518160060048103,-0.6618545055389404,0.3849950134754181,0.06870442628860474,-0.04126986116170883,-0.29902395606040955,0.9575732946395874,-0.3058948516845703,0.05206945911049843,-0.9060126543045044,-4.207514762878418,1.092063546180725,-1.0709922313690186,0.9289594888687134,-0.534717321395874,1.1981650590896606,0.3658892512321472,3.69158673286438,-0.17386744916439056,-0.15529032051563263,-0.1326446533203125,-0.5346549153327942,0.034223854541778564,0.29302966594696045,-0.05796174705028534,-0.24537625908851624,0.9242544174194336,-0.08316504955291748,-10.648655891418457,-2.169318437576294,0.06928711384534836,0.6481794118881226,-0.48661258816719055,0.5194929242134094,9.758707046508789,0.9966699481010437,-0.10194922238588333
3.22,-0.16823960840702057,-0.1327790468931198,-0.09274101257324219,-0.6343616843223572,0.36156532168388367,0.0886925756931305,-0.0462665818631649,-0.27326637506484985,0.9626713991165161,-0.23890037834644318,-0.16823960840702057,-0.1327790468931198,-0.09274101257324219,-0.6343616843223572,0.36156532168388367,0.0886925756931305,-0.0462665818631649,-0.27326637506484985,0.9626713991165161,-0.23890037834644318,-0.09559714049100876,-0.12583039700984955,-1.7931562662124634,1.5705394744873047,-1.1374262571334839,1.0426440238952637,-0.054249972105026245,1.242040753364563,0.22117429971694946,2.962970733642578,-0.1666751205921173,-0.10333418101072311,-0.09482946991920471,-0.49257880449295044,0.23221880197525024,0.34745752811431885,-0.08920784294605255,-0.16351787745952606,1.0041224956512451,-0.20390939712524414,-6.893155097961426,-0.8044770956039429,1.01686429977417,0.8030741214752197,-0.17641067504882812,0.7565496563911438,9.76996898651123,0.8664527535438538,-0.18184763193130493
3.24,-0.1704239696264267,-0.13177362084388733,-0.1072884351015091,-0.5994539856910706,0.34911084175109863,0.11287574470043182,-0.047370102256536484,-0.24191592633724213,0.9718518853187561,-0.20813708007335663,-0.1704239696264267,-0.13177362084388733,-0.1072884351015091,-0.5994539856910706,0.34911084175109863,0.11287574470043182,-0.047370102256536484,-0.24191592633724213,0.9718518853187561,-0.20813708007335663,-0.06640379875898361,0.1396942287683487,0.04691612720489502,1.8829032182693481,-0.023478010669350624,1.3516850471496582,-0.10677261650562286,1.9923086166381836,0.6340838670730591,0.41922640800476074,-0.08690306544303894,-0.1613910049200058,-0.1161934956908226,-0.4836674928665161,0.18553626537322998,0.35301440954208374,-0.19548118114471436,-0.10183057188987732,0.9196705222129822,-0.3013613224029541,-1.79408597946167,0.15807276964187622,0.6687328219413757,0.8005951642990112,-0.12450699508190155,0.8890005350112915,9.782541275024414,0.6994249820709229,-0.22089308500289917
3.26,-0.17288576066493988,-0.1288629025220871,-0.10017384588718414,-0.5760228037834167,0.3375959098339081,0.1345931887626648,-0.054142385721206665,-0.20074935257434845,0.9708265662193298,-0.2394658625125885,-0.17288576066493988,-0.1288629025220871,-0.10017384588718414,-0.5760228037834167,0.3375959098339081,0.1345931887626648,-0.054142385721206665,-0.20074935257434845,0.9708265662193298,-0.2394658625125885,0.08875413984060287,-0.009670254774391651,0.16022400557994843,1.115933895111084,-0.495566725730896,0.998487114906311,-0.7065951228141785,2.2831966876983643,-0.6310707330703735,-2.6132450103759766,-0.10200777649879456,-0.17701584100723267,-0.18148155510425568,-0.5140954256057739,-0.1658744215965271,0.208540678024292,-0.2144269496202469,-0.10356162488460541,0.5732278227806091,-0.6268942356109619,-8.201369285583496,0.6067581176757812,2.8023133277893066,0.38409286737442017,-0.09104007482528687,0.5439420938491821,9.791217803955078,0.559283435344696,-0.2352856993675232
3.28,-0.16807284951210022,-0.13096415996551514,-0.10836891829967499,-0.5572264194488525,0.3303159773349762,0.14402830600738525,-0.0715327039361,-0.15905722975730896,0.9052331447601318,-0.3949405550956726,-0.16807284951210022,-0.13096415996551514,-0.10836891829967499,-0.5572264194488525,0.3303159773349762,0.14402830600738525,-0.0715327039361,-0.15905722975730896,0.9052331447601318,-0.3949405550956726,0.2482929527759552,-0.1928320974111557,-1.4336414337158203,0.7997455596923828,-0.1444862186908722,0.1786988079547882,-0.9792002439498901,1.8142327070236206,-5.5390214920043945,-10.649575233459473,-0.1971186399459839,0.023393908515572548,-0.20879369974136353,-0.5738170146942139,-0.3963432312011719,0.10769754648208618,-0.0120343416929245,-0.237251877784729,0.31466835737228394,-0.44449156522750854,-4.560201168060303,-0.06623592227697372,1.8739495277404785,0.12422354519367218,-0.08504003286361694,0.36753910779953003,9.795053482055664,0.47839629650115967,-0.2532983422279358
3.3,-0.16774237155914307,-0.1212407648563385,-0.13414010405540466,-0.5500194430351257,0.32192569971084595,0.14385659992694855,-0.07515446841716766,-0.15272116661071777,0.760130763053894,-0.46569111943244934,-0.16774237155914307,-0.1212407648563385,-0.13414010405540466,-0.5500194430351257,0.32192569971084595,0.14385659992694855,-0.07515446841716766,-0.15272116661071777,0.760130763053894,-0.46569111943244934,-0.20045769214630127,1.0034559965133667,-1.9679850339889526,-0.012638230808079243,-0.5045495629310608,-0.16429449617862701,0.45733383297920227,-1.363326907157898,-8.297815322875977,0.6352047920227051,-0.30860599875450134,0.22749920189380646,-0.27011364698410034,-0.5792704820632935,-0.4270380139350891,-0.2656260132789612,0.18320515751838684,-0.41858717799186707,0.188118577003479,-0.2323732078075409,-3.7485461235046387,0.7727946639060974,2.9547781944274902,0.04688265174627304,0.8642017841339111,0.4330616891384125,9.800180435180664,0.39992937445640564,-0.1805860698223114
3.32,-0.16984602808952332,-0.08704034984111786,-0.17930598556995392,-0.5576722025871277,0.30982378125190735,0.1238567903637886,-0.049467600882053375,-0.2267848253250122,0.5910627245903015,-0.3736274540424347,-0.16984602808952332,-0.08704034984111786,-0.17930598556995392,-0.5576722025871277,0.30982378125190735,0.1238567903637886,-0.049467600882053375,-0.2267848253250122,0.5910627245903015,-0.3736274540424347,-0.1912827491760254,2.248183012008667,-2.463453769683838,-0.824124813079834,-0.7682287693023682,-1.6839243173599243,1.9576303958892822,-5.625563144683838,-8.238633155822754,6.430966854095459,-0.21717263758182526,0.0018534213304519653,-0.12762174010276794,-1.1420530080795288,-0.21139615774154663,-0.2382756471633911,0.2226869761943817,-0.4949738383293152,0.19864702224731445,0.2897613048553467,-3.664398670196533,0.4113689064979553,2.763059139251709,0.6390436887741089,1.8894857168197632,-0.003972796723246574,9.803024291992188,0.3592432141304016,0.08810153603553772
3.34,-0.1807994693517685,-0.06937026232481003,-0.19380049407482147,-0.6392462253570557,0.2704206109046936,0.08448737859725952,-0.025843478739261627,-0.26665887236595154,0.5327533483505249,-0.3915240466594696,-0.1807994693517685,-0.06937026232481003,-0.19380049407482147,-0.6392462253570557,0.2704206109046936,0.08448737859725952,-0.025843478739261627,-0.26665887236595154,0.5327533483505249,-0.3915240466594696,-0.5997582077980042,0.35171929001808167,1.143035650253296,-7.055994987487793,-8.113924980163574,-2.450240135192871,0.9929498434066772,-0.44997653365135193,-2.5707693099975586,1.0872498750686646,-0.3391740620136261,-0.051167771220207214,-0.09591937065124512,-1.2211475372314453,-0.07495516538619995,-0.16463053226470947,0.20026090741157532,-0.4196775257587433,0.35178470611572266,-0.06578531861305237,-14.034594535827637,-1.1860103607177734,-4.466480731964111,0.7944579720497131,0.4799237847328186,-0.6879704594612122,9.796921730041504,0.4081299602985382,0.29975637793540955
3.36,-0.20691964030265808,-0.06224643811583519,-0.16421464085578918,-0.7822215557098389,0.18164747953414917,0.040388770401477814,-0.004912139382213354,-0.32239675521850586,0.4788517653942108,-0.3579881489276886,-0.20691964030265808,-0.06224643811583519,-0.16421464085578918,-0.7822215557098389,0.18164747953414917,0.040388770401477814,-0.004912139382213354,-0.32239675521850586,0.4788517653942108,-0.3579881489276886,-1.514893651008606,0.24872539937496185,1.5718753337860107,-7.1467671394348145,-1.5678610801696777,-1.8149369955062866,1.0587236881256104,-3.0306556224823,-2.2219815254211426,1.6525657176971436,-0.4093211591243744,-0.037996962666511536,-0.0490211583673954,-1.2075908184051514,-0.021369516849517822,-0.1630547046661377,0.2396405041217804,-0.4495833218097687,0.3560367822647095,-0.13123682141304016,-9.038508415222168,1.4658527374267578,1.6774241924285889,0.3717552423477173,0.573128879070282,-0.4039660394191742,9.788074493408203,0.5158048272132874,0.40453627705574036
3.38,-0.23256376385688782,-0.0560467392206192,-0.12695947289466858,-0.9127952456474304,0.06066935136914253,0.009669458493590355,0.0179947167634964,-0.3755922019481659,0.44152724742889404,-0.33763572573661804,-0.23256376385688782,-0.0560467392206192,-0.12695947289466858,-0.9127952456474304,0.06066935136914253,0.009669458493590355,0.0179947167634964,-0.3755922019481659,0.44152724742889404,-0.33763572573661804,-1.1709680557250977,0.34429171681404114,2.049877166748047,-5.7885260581970215,-4.403698921203613,-1.2810841798782349,1.226043701171875,-2.3790738582611084,-1.7404674291610718,0.46665292978286743,-0.37701988220214844,-0.036691173911094666,-0.0033558793365955353,-1.2556631565093994,0.03939777612686157,-0.16863441467285156,0.20013976097106934,-0.44258689880371094,0.38643255829811096,-0.1639801561832428,-2.7825329303741455,-0.7629861831665039,-0.26379138231277466,-0.004927944857627153,0.6713272929191589,-0.254887193441391,9.77828311920166,0.5860094428062439,0.5271365642547607
3.4,-0.25178059935569763,-0.05153466388583183,-0.08327571302652359,-1.0154712200164795,0.030271830037236214,-0.012448092922568321,0.04048721119761467,-0.41129615902900696,0.4150572419166565,-0.3407578468322754,-0.25178059935569763,-0.05153466388583183,-0.08327571302652359,-1.0154712200164795,0.030271830037236214,-0.012448092922568321,0.04048721119761467,-0.41129615902900696,0.4150572419166565,-0.3407578468322754,-0.7809399962425232,0.14374041557312012,2.340689182281494,-4.6616950035095215,0.038289111107587814,-0.9961297512054443,1.0167667865753174,-1.2561441659927368,-0.9489942789077759,-0.6893599629402161,-0.23677323758602142,-0.09740836918354034,0.010969024151563644,-1.2732973098754883,0.10923939943313599,-0.24584782123565674,0.18268702924251556,-0.43410733342170715,0.35570669174194336,-0.15996137261390686,-2.9621593952178955,-0.17499975860118866,-0.6775339841842651,-0.1847895234823227,0.554382860660553,-0.24741308391094208,9.768230438232422,0.6290533542633057,0.649667501449585
3.42,-0.25636932253837585,-0.055493928492069244,-0.042330410331487656,-1.0941838026046753,0.0603732205927372,-0.03662610426545143,0.056202467530965805,-0.4253344237804413,0.39920398592948914,-0.3596220910549164,-0.25636932253837585,-0.055493928492069244,-0.042330410331487656,-1.0941838026046753,0.0603732205927372,-0.03662610426545143,0.056202467530965805,-0.4253344237804413,0.39920398592948914,-0.3596220910549164,0.27735990285873413,-0.6445164084434509,1.942282795906067,-3.3311753273010254,2.165580987930298,-1.2146927118301392,0.25419479608535767,-0.21509650349617004,-0.288532018661499,-0.15844038128852844,-0.17513558268547058,-0.09522600471973419,0.025093596428632736,-1.33376145362854,0.29477930068969727,-0.26433104276657104,0.16697755455970764,-0.40639808773994446,0.39807307720184326,-0.15651386976242065,-20.641138076782227,-1.5863964557647705,-8.31783676147461,-0.29261481761932373,0.06650435924530029,-0.6256903409957886,9.756945610046387,0.7058544754981995,0.7347650527954102
3.44,-0.24807964265346527,-0.06311129778623581,-0.00677087577059865,-1.1595940589904785,0.1620207130908966,-0.06264949589967728,0.06291213631629944,-0.4267455041408539,0.39422115683555603,-0.3659735321998596,-0.24807964265346527,-0.06311129778623581,-0.00677087577059865,-1.1595940589904785,0.1620207130908966,-0.06264949589967728,0.06291213631629944,-0.4267455041408539,0.39422115683555603,-0.3659735321998596,0.5073564052581787,-0.3044918179512024,1.5165929794311523,-3.205324411392212,6.331688404083252,-1.297634482383728,0.3254624903202057,-0.007325238082557917,-0.08288027346134186,-0.505588173866272,-0.0653117299079895,-0.1313890665769577,0.048121269792318344,-1.2964427471160889,0.4913458824157715,-0.2932840585708618,0.14826081693172455,-0.4069936275482178,0.4387853145599365,-0.23909828066825867,-7.630416393280029,-1.0704737901687622,-2.492518424987793,-0.11900825053453445,0.05587582290172577,-0.7538272738456726,9.745153427124023,0.8423340916633606,0.7473684549331665
3.46,-0.23109881579875946,-0.07060170918703079,0.017492473125457764,-1.2082695960998535,0.3192668557167053,-0.0889744907617569,0.06748185306787491,-0.4267861843109131,0.3988674283027649,-0.3808175027370453,-0.23109881579875946,-0.07060170918703079,0.017492473125457764,-1.2082695960998535,0.3192668557167053,-0.0889744907617569,0.06748185306787491,-0.4267861843109131,0.3988674283027649,-0.3808175027370453,1.0945476293563843,-0.44065865874290466,1.0794183015823364,-1.7582265138626099,8.281993865966797,-1.291671633720398,0.13209033012390137,0.012972633354365826,0.5502792596817017,-0.9565463662147522,-0.08435863256454468,-0.14005491137504578,0.1352180391550064,-1.202986717224121,0.6135673522949219,-0.32328110933303833,0.10300984978675842,-0.4564613699913025,0.4876965582370758,-0.3049106001853943,-7.107486248016357,-1.077424168586731,-2.404783010482788,-0.1001095324754715,-0.03525731340050697,-0.9255805611610413,9.729552268981934,1.003812313079834,0.7511822581291199
3.48,-0.2090035229921341,-0.0787898600101471,0.05007530748844147,-1.2233744859695435,0.47087183594703674,-0.11245746910572052,0.0669780746102333,-0.4265964925289154,0.4168250858783722,-0.404452919960022,-0.2090035229921341,-0.0787898600101471,0.05007530748844147,-1.2233744859695435,0.47087183594703674,-0.11245746910572052,0.0669780746102333,-0.4265964925289154,0.4168250858783722,-0.404452919960022,1.0771437883377075,-0.40334609150886536,2.2420976161956787,0.07122799754142761,6.846383571624756,-1.0914267301559448,-0.17021965980529785,0.03627194091677666,1.1540162563323975,-1.3438376188278198,-0.08937260508537292,-0.026509657502174377,0.1494145542383194,-1.0838388204574585,0.8072998523712158,-0.09786397218704224,0.10218605399131775,-0.4689352214336395,0.5548779964447021,-0.23235446214675903,-6.903231620788574,-1.0794740915298462,-2.7562060356140137,0.09260629862546921,-0.1820216327905655,-0.8972051739692688,9.711196899414062,1.1808375120162964,0.7310059070587158
3.5,-0.19202223420143127,-0.07968182861804962,0.09791038185358047,-1.2008193731307983,0.6318963766098022,-0.12279722839593887,0.06408074498176575,-0.4272480309009552,0.45264118909835815,-0.4375735819339752,-0.19202223420143127,-0.07968182861804962,0.09791038185358047,-1.2008193731307983,0.6318963766098022,-0.12279722839593887,0.06408074498176575,-0.4272480309009552,0.45264118909835815,-0.4375735819339752,0.7182784676551819,0.25015369057655334,2.292829990386963,2.0076282024383545,8.422504425048828,-0.05460524186491966,-0.09980732947587967,-0.14782950282096863,2.2558140754699707,-1.9040412902832031,-0.11917495727539062,0.022614941000938416,0.1760280877351761,-0.9219284057617188,0.9535031914710999,0.01976296305656433,0.16051864624023438,-0.43549686670303345,0.616273820400238,-0.25243648886680603,-8.112247467041016,-2.180245876312256,-2.864238977432251,-0.065469890832901,-0.05316155403852463,-0.4549829661846161,9.695842742919922,1.3164525032043457,0.7026317715644836
3.52,-0.18027397990226746,-0.0695239007472992,0.1380399912595749,-1.1392405033111572,0.7951479554176331,-0.11648156493902206,0.06414303183555603,-0.4300571382045746,0.5032902359962463,-0.4782719910144806,-0.18027397990226746,-0.0695239007472992,0.1380399912595749,-1.1392405033111572,0.7951479554176331,-0.11648156493902206,0.06414303183555603,-0.4300571382045746,0.5032902359962463,-0.4782719910144806,0.46390482783317566,0.6806533932685852,1.7763370275497437,3.940345287322998,7.6659770011901855,0.5792670249938965,0.09113497287034988,-0.11621733009815216,2.7009475231170654,-2.121870517730713,-0.20194441080093384,0.04964013397693634,0.15926392376422882,-0.8097956776618958,0.9300815463066101,0.02201855182647705,0.14397135376930237,-0.45149415731430054,0.6452720165252686,-0.2762818932533264,-8.365560531616211,-2.62949538230896,-2.6561717987060547,-0.1542004942893982,0.08796779066324234,-0.07024350017309189,9.688652038574219,1.3659380674362183,0.7073452472686768
3.54,-0.17545202374458313,-0.05584871023893356,0.1614653766155243,-1.052686333656311,0.8824806809425354,-0.10322202742099762,0.06629198044538498,-0.43134668469429016,0.5555074214935303,-0.5201011896133423,-0.17545202374458313,-0.05584871023893356,0.1614653766155243,-1.052686333656311,0.8824806809425354,-0.10322202742099762,0.06629198044538498,-0.43134668469429016,0.5555074214935303,-0.5201011896133423,0.052279599010944366,0.6922975182533264,0.6551000475883484,4.563329696655273,2.339629888534546,0.6895372271537781,0.114144466817379,-0.0015368934255093336,2.499380588531494,-2.048124313354492,-0.1537492573261261,0.01736326515674591,0.11170326918363571,-0.6333242654800415,0.8692414164543152,0.026535481214523315,0.14856690168380737,-0.41863712668418884,0.6839321851730347,-0.4307149052619934,-8.380770683288574,-2.2799465656280518,-3.30718731880188,0.019987186416983604,0.056907374411821365,0.15803393721580505,9.689059257507324,1.3545573949813843,0.7234706878662109
3.56,-0.17226175963878632,-0.044709187000989914,0.15671978890895844,-0.946922242641449,0.8874472975730896,-0.09101669490337372,0.06852539628744125,-0.4295545816421509,0.6040403246879578,-0.561273455619812,-0.17226175963878632,-0.044709187000989914,0.15671978890895844,-0.946922242641449,0.8874472975730896,-0.09101669490337372,0.06852539628744125,-0.4295545816421509,0.6040403246879578,-0.561273455619812,0.22247296571731567,0.4585840106010437,-0.9158667922019958,5.846847057342529,-0.8072878122329712,0.5792049169540405,0.10184328258037567,0.17067784070968628,2.4375839233398438,-2.10302472114563,-0.2324064075946808,-0.0018606632947921753,0.08636980503797531,-0.5222026109695435,0.5628229379653931,0.056923240423202515,0.08904781937599182,-0.3792188763618469,0.759353518486023,-0.33430635929107666,-7.088612079620361,-2.1263015270233154,-2.8907766342163086,0.12120164930820465,-0.014681503176689148,0.14920742809772491,9.692952156066895,1.3264904022216797,0.7233303785324097
3.58,-0.17345832288265228,-0.03824064880609512,0.13187922537326813,-0.8293066024780273,0.7569763660430908,-0.0769946277141571,0.06784718483686447,-0.42118486762046814,0.6543304324150085,-0.6042137742042542,-0.17345832288265228,-0.03824064880609512,0.13187922537326813,-0.8293066024780273,0.7569763660430908,-0.0769946277141571,0.06784718483686447,-0.42118486762046814,0.6543304324150085,-0.6042137742042542,-0.2621564269065857,0.2273222953081131,-1.369744896888733,5.836238861083984,-9.349113464355469,0.7557773590087891,-0.16376382112503052,0.5668963193893433,2.5664501190185547,-2.201968193054199,-0.41906505823135376,-0.09911511838436127,0.062427274882793427,-0.5245950222015381,0.477733314037323,0.23117375373840332,0.04070066660642624,-0.23415431380271912,0.831329882144928,-0.18114247918128967,-6.592098236083984,-1.404815912246704,-3.1456868648529053,0.48149043321609497,-0.2179265320301056,0.34901943802833557,9.701131820678711,1.2820134162902832,0.6932349801063538
3.6,-0.19348852336406708,-0.040182940661907196,0.10659196972846985,-0.7416112422943115,0.561693012714386,-0.05180944502353668,0.06218117102980614,-0.3751002848148346,0.7120270133018494,-0.648118257522583,-0.19348852336406708,-0.040182940661907196,0.10659196972846985,-0.7416112422943115,0.561693012714386,-0.05180944502353668,0.06218117102980614,-0.3751002848148346,0.7120270133018494,-0.648118257522583,-1.5304597616195679,-0.29178521037101746,-0.3230311870574951,1.6175549030303955,-17.044025421142578,1.4940605163574219,-0.0873633474111557,3.901589870452881,2.916501998901367,-2.090738534927368,-0.4814295172691345,-0.13961611688137054,0.1762838363647461,-0.6208518147468567,0.32456833124160767,0.3309701979160309,0.007753625512123108,-0.22758617997169495,0.8863397836685181,0.10486924648284912,-14.98110580444336,-1.5604780912399292,2.8959238529205322,0.7412342429161072,-0.4772818088531494,0.8235019445419312,9.721330642700195,1.1739012002944946,0.5948052406311035
3.62,-0.2264314740896225,-0.041002292186021805,0.10455410182476044,-0.7584090232849121,0.4385099709033966,-0.018175585195422173,0.06298515200614929,-0.3085462152957916,0.7711746096611023,-0.6747497916221619,-0.2264314740896225,-0.041002292186021805,0.10455410182476044,-0.7584090232849121,0.4385099709033966,-0.018175585195422173,0.06298515200614929,-0.3085462152957916,0.7711746096611023,-0.6747497916221619,-1.625983715057373,0.23625394701957703,0.20062094926834106,-2.4161036014556885,1.7113220691680908,1.7788076400756836,0.04859540984034538,2.4593513011932373,2.9521541595458984,-0.11895496398210526,-0.292655348777771,-0.14573928713798523,0.17641180753707886,-0.6188794374465942,0.22644531726837158,0.2075759917497635,-0.055687956511974335,-0.3058483302593231,0.9647328853607178,0.0331568717956543,-21.42555809020996,-2.462723731994629,2.0972964763641357,0.31286701560020447,-0.1945551633834839,0.8179411292076111,9.743576049804688,1.0169026851654053,0.5145319700241089
3.64,-0.24102383852005005,-0.04226626828312874,0.10685709863901138,-0.7826091647148132,0.4590774476528168,0.01109288726001978,0.05527057498693466,-0.2912624478340149,0.8263986110687256,-0.65349942445755,-0.24102383852005005,-0.04226626828312874,0.10685709863901138,-0.7826091647148132,0.4590774476528168,0.01109288726001978,0.05527057498693466,-0.2912624478340149,0.8263986110687256,-0.65349942445755,-0.12256912887096405,-0.2196597009897232,0.09942427277565002,-0.4362628757953644,0.6199842095375061,1.243778109550476,-0.696109414100647,-0.27449315786361694,2.6984164714813232,1.8998939990997314,-0.10795347392559052,-0.15862099826335907,0.16959607601165771,-0.5500103831291199,0.22039681673049927,0.11766012012958527,-0.07973584532737732,-0.3014465570449829,0.9660835862159729,-0.06963899731636047,-16.000011444091797,-1.2704282999038696,1.9571378231048584,0.03712024912238121,-0.4298385977745056,0.3292510211467743,9.758125305175781,0.9047361016273499,0.44333887100219727
3.66,-0.2301090955734253,-0.047756899148225784,0.1094629168510437,-0.7746433019638062,0.4633816182613373,0.027826253324747086,0.039968717843294144,-0.29950639605522156,0.8731226325035095,-0.6009606122970581,-0.2301090955734253,-0.047756899148225784,0.1094629168510437,-0.7746433019638062,0.4633816182613373,0.027826253324747086,0.039968717843294144,-0.29950639605522156,0.8731226325035095,-0.6009606122970581,1.0086852312088013,-0.33096882700920105,0.15390829741954803,1.0241371393203735,-0.10839958488941193,0.5923995971679688,-0.8142626881599426,-0.36881786584854126,2.0902743339538574,3.2239277362823486,-0.04196369647979736,-0.1847846657037735,0.09074538201093674,-0.5883502960205078,0.10045886039733887,0.03730803728103638,-0.11419564485549927,-0.3167211711406708,0.9831289052963257,-0.07883521914482117,-14.756415367126465,-1.598572015762329,1.4417258501052856,0.11679895967245102,-0.428850382566452,-0.090886689722538,9.763626098632812,0.8830417394638062,0.3576979339122772
3.68,-0.20532575249671936,-0.05766064673662186,0.11157067120075226,-0.7476999163627625,0.45745542645454407,0.03610401228070259,0.020605307072401047,-0.3076089918613434,0.9091297388076782,-0.5272445678710938,-0.20532575249671936,-0.05766064673662186,0.11157067120075226,-0.7476999163627625,0.45745542645454407,0.03610401228070259,0.020605307072401047,-0.3076089918613434,0.9091297388076782,-0.5272445678710938,1.3767024278640747,-0.6086517572402954,0.04127245023846626,1.4832756519317627,-0.39713194966316223,0.28381770849227905,-1.0705333948135376,-0.4228224754333496,1.5990772247314453,3.9564170837402344,-0.040463805198669434,-0.24487389624118805,-2.4110078811645508e-05,-0.6151814460754395,-0.6306067705154419,0.08495604991912842,-0.16953647136688232,-0.3013764023780823,1.001404881477356,0.47037702798843384,-10.572493553161621,-0.7127501368522644,0.355668306350708,0.21851061284542084,-0.5658532381057739,-0.2520192861557007,9.763838768005371,0.9153148531913757,0.25640466809272766
3.7,-0.1806754469871521,-0.0763954296708107,0.08908754587173462,-0.7210344672203064,0.4494260251522064,0.04424852505326271,-0.003950422164052725,-0.3115643262863159,0.940107524394989,-0.44227954745292664,-0.1806754469871521,-0.0763954296708107,0.08908754587173462,-0.7210344672203064,0.4494260251522064,0.04424852505326271,-0.003950422164052725,-0.3115643262863159,0.940107524394989,-0.44227954745292664,1.1424968242645264,-1.1927932500839233,-2.3226418495178223,1.2091171741485596,-0.3788530230522156,0.4695098102092743,-1.3200743198394775,0.039442028850317,1.5018585920333862,4.451620578765869,-0.042758822441101074,-0.2660483717918396,-0.07652872800827026,-0.6154305934906006,-0.7317960262298584,0.11101247370243073,-0.16495108604431152,-0.2566152811050415,0.9838012456893921,0.5392968654632568,-8.77686882019043,-0.4740264415740967,0.11435268819332123,0.30982881784439087,-0.7694199681282043,-0.1790742576122284,9.7625093460083,0.9565012454986572,0.12089578807353973
3.72,-0.16028212010860443,-0.1003618836402893,0.035324059426784515,-0.7010641694068909,0.4382022023200989,0.05366269126534462,-0.02722044847905636,-0.29959219694137573,0.9662257432937622,-0.34983792901039124,-0.16028212010860443,-0.1003618836402893,0.035324059426784515,-0.7010641694068909,0.4382022023200989,0.05366269126534462,-0.02722044847905636,-0.29959219694137573,0.9662257432937622,-0.34983792901039124,0.9459412693977356,-1.2724307775497437,-3.4255030155181885,0.9467905163764954,-0.5736727714538574,0.4626554250717163,-1.0607250928878784,1.0887601375579834,1.1260509490966797,4.707942008972168,-0.12963034212589264,-0.251052588224411,-0.17738595604896545,-0.5891259908676147,-0.338026762008667,0.22858251631259918,-0.14753741025924683,-0.20337092876434326,0.9291231632232666,0.25220173597335815,-9.303571701049805,-0.8412824273109436,-0.006591854151338339,0.5255604386329651,-0.7616323828697205,-0.16047914326190948,9.75966739654541,0.9919150471687317,-0.03312474861741066
3.74,-0.1485389769077301,-0.12494228780269623,-0.04091479256749153,-0.6836102604866028,0.4239759147167206,0.0678124651312828,-0.04444240406155586,-0.26715287566185,0.9847813248634338,-0.2540682256221771,-0.1485389769077301,-0.12494228780269623,-0.04091479256749153,-0.6836102604866028,0.4239759147167206,0.0678124651312828,-0.04444240406155586,-0.26715287566185,0.9847813248634338,-0.2540682256221771,0.3275933265686035,-1.1843109130859375,-4.110865116119385,0.9125021696090698,-0.8491425514221191,0.8749762773513794,-0.6999306082725525,1.9572690725326538,0.6891932487487793,4.83260440826416,-0.14940433204174042,-0.18351295590400696,-0.19659802317619324,-0.5555256605148315,-0.06610006093978882,0.3593747019767761,-0.10374118387699127,-0.15163278579711914,0.9739222526550293,-0.03943857550621033,-10.704938888549805,-2.206289052963257,0.0006522530457004905,0.8669819235801697,-0.6912412047386169,0.24555441737174988,9.758554458618164,0.9852647185325623,-0.1896444708108902
3.76,-0.146565243601799,-0.14103762805461884,-0.10930566489696503,-0.660194456577301,0.4054211676120758,0.09122573584318161,-0.05172247812151909,-0.22361750900745392,0.9982367753982544,-0.16193267703056335,-0.146565243601799,-0.14103762805461884,-0.10930566489696503,-0.660194456577301,0.4054211676120758,0.09122573584318161,-0.05172247812151909,-0.22361750900745392,0.9982367753982544,-0.16193267703056335,-0.03838631138205528,-0.49337080121040344,-2.8876967430114746,1.410186529159546,-0.8570567965507507,1.371165156364441,-0.1152181476354599,2.1787631511688232,0.6803377866744995,4.234233856201172,-0.15331308543682098,-0.143134206533432,-0.10692881792783737,-0.5266952514648438,0.17749083042144775,0.41309094429016113,-0.14035721123218536,-0.08776523917913437,1.0300085544586182,-0.1691512167453766,-6.462680816650391,-1.475710153579712,1.331929087638855,1.010890245437622,-0.35971394181251526,0.6870617866516113,9.764710426330566,0.8878856897354126,-0.3133612275123596
3.78,-0.14993619918823242,-0.14534243941307068,-0.1323969066143036,-0.6287632584571838,0.39586174488067627,0.12137950211763382,-0.05544883385300636,-0.17912544310092926,1.0112119913101196,-0.13923341035842896,-0.14993619918823242,-0.14534243941307068,-0.1323969066143036,-0.6287632584571838,0.39586174488067627,0.12137950211763382,-0.05544883385300636,-0.17912544310092926,1.0112119913101196,-0.13923341035842896,-0.41419780254364014,0.08751843869686127,0.700620710849762,1.3093547821044922,-0.5343315601348877,1.628592848777771,-0.17592793703079224,2.405914783477783,0.49735528230667114,-1.0023630857467651,-0.0721672773361206,-0.1481139063835144,-0.05655785650014877,-0.45753663778305054,0.28936561942100525,0.43687090277671814,-0.2763741612434387,-0.0891822800040245,0.9183738827705383,-0.3038097620010376,-20.585084915161133,1.7543847560882568,9.23623275756836,1.0855915546417236,-0.30717119574546814,0.9072234034538269,9.775708198547363,0.7197878956794739,-0.39184504747390747
3.8,-0.1527440845966339,-0.1446201056241989,-0.11667238920927048,-0.6029927134513855,0.3831147849559784,0.14881585538387299,-0.06991571933031082,-0.14486835896968842,1.0028736591339111,-0.20483610033988953,-0.1527440845966339,-0.1446201056241989,-0.11667238920927048,-0.6029927134513855,0.3831147849559784,0.14881585538387299,-0.06991571933031082,-0.14486835896968842,1.0028736591339111,-0.20483610033988953,0.07774856686592102,-0.012594928033649921,0.6770815253257751,1.4367055892944336,-0.6569549441337585,1.3285492658615112,-1.1487160921096802,1.2642619609832764,-1.1903306245803833,-4.407069683074951,-0.07985904812812805,-0.18005873262882233,-0.20577189326286316,-0.5177459716796875,-0.8675377368927002,0.29520028829574585,-0.26028820872306824,-0.0658721849322319,0.4870571196079254,-0.7431005835533142,-8.588197708129883,-0.24621550738811493,3.525949478149414,0.7066684365272522,-0.19347290694713593,0.6186447739601135,9.783554077148438,0.5712487101554871,-0.43799999356269836
3.82,-0.14838238060474396,-0.1463073492050171,-0.12261151522397995,-0.5765899419784546,0.3704809546470642,0.16443566977977753,-0.0932440310716629,-0.11847627907991409,0.9147624373435974,-0.4192315340042114,-0.14838238060474396,-0.1463073492050171,-0.12261151522397995,-0.5765899419784546,0.3704809546470642,0.16443566977977753,-0.0932440310716629,-0.11847627907991409,0.9147624373435974,-0.4192315340042114,0.20022229850292206,-0.17735202610492706,-1.7501068115234375,1.176536202430725,-0.4389335513114929,0.496123343706131,-1.1402877569198608,1.4126008749008179,-7.1628546714782715,-14.850281715393066,-0.19573292136192322,0.07109702378511429,-0.18795818090438843,-0.5557464361190796,-0.4548647403717041,0.21267521381378174,-0.030512943863868713,-0.22750167548656464,0.2561827301979065,-0.43241173028945923,-4.153202056884766,-0.21034488081932068,1.923726201057434,0.5724570751190186,-0.10425136983394623,0.5073208212852478,9.787728309631348,0.4646911919116974,-0.46962282061576843
3.84,-0.1493915468454361,-0.13297037780284882,-0.1455451250076294,-0.5601711273193359,0.3566950559616089,0.17319412529468536,-0.09745902568101883,-0.12153324484825134,0.7432053685188293,-0.5017396211624146,-0.1493915468454361,-0.13297037780284882,-0.1455451250076294,-0.5601711273193359,0.3566950559616089,0.17319412529468536,-0.09745902568101883,-0.12153324484825134,0.7432053685188293,-0.5017396211624146,-0.27829134464263916,1.3425843715667725,-1.0980771780014038,0.5029814839363098,-0.8702157735824585,0.3427221477031708,0.5403529405593872,-2.0498931407928467,-9.253951072692871,2.6564688682556152,-0.33799102902412415,0.241308331489563,-0.29010674357414246,-0.6198248267173767,-0.5216877460479736,-0.22438180446624756,0.21080002188682556,-0.45959198474884033,0.1806897521018982,-0.07448852062225342,-3.4377212524414062,0.9132140278816223,3.1704273223876953,0.5429671406745911,1.001588225364685,0.6172429919242859,9.796006202697754,0.34785783290863037,-0.3916037976741791
3.86,-0.15448448061943054,-0.09290288388729095,-0.18457616865634918,-0.5657350420951843,0.33730873465538025,0.16080813109874725,-0.06875040382146835,-0.21833905577659607,0.5658811330795288,-0.3279332220554352,-0.15448448061943054,-0.09290288388729095,-0.18457616865634918,-0.5657350420951843,0.33730873465538025,0.16080813109874725,-0.06875040382146835,-0.21833905577659607,0.5658811330795288,-0.3279332220554352,-0.3953959345817566,2.484262704849243,-2.7506213188171387,-1.1319894790649414,-1.1454968452453613,-1.4782898426055908,2.216764450073242,-7.116547584533691,-8.181612014770508,11.700678825378418,-0.18779177963733673,-0.05260510742664337,-0.16591514647006989,-1.2175965309143066,-0.2191033959388733,-0.18594872951507568,0.23847568035125732,-0.4711510241031647,0.21251410245895386,0.11190921068191528,-3.3739874362945557,0.9486209154129028,2.5461177825927734,1.235787034034729,2.0659947395324707,0.002748436527326703,9.805496215820312,0.281794935464859,-0.09451182931661606
3.88,-0.17016200721263885,-0.0746188834309578,-0.2132265716791153,-0.6613237261772156,0.30031636357307434,0.12121204286813736,-0.039263464510440826,-0.2752682566642761,0.5055314302444458,-0.33566874265670776,-0.17016200721263885,-0.0746188834309578,-0.2132265716791153,-0.6613237261772156,0.30031636357307434,0.12121204286813736,-0.039263464510440826,-0.2752682566642761,0.5055314302444458,-0.33566874265670776,-0.6688515543937683,-0.01641201227903366,0.29417356848716736,-7.912245750427246,-7.612214088439941,-2.3821043968200684,1.0997588634490967,0.2720167934894562,-1.9453784227371216,0.0425492487847805,-0.33219021558761597,-0.054593607783317566,-0.11282157897949219,-1.213947057723999,-0.09115403890609741,-0.14393973350524902,0.19249005615711212,-0.434368759393692,0.35118526220321655,-0.04316863417625427,-14.707742691040039,-0.21249139308929443,-4.304564952850342,1.1868575811386108,0.5418031215667725,-0.7055375576019287,9.803163528442383,0.32887324690818787,0.16101768612861633
3.9,-0.19414681196212769,-0.07095490396022797,-0.1882355809211731,-0.8095017671585083,0.18846522271633148,0.0776289850473404,-0.015656398609280586,-0.3191998600959778,0.4619137644767761,-0.31794729828834534,-0.19414681196212769,-0.07095490396022797,-0.1882355809211731,-0.8095017671585083,0.18846522271633148,0.0776289850473404,-0.015656398609280586,-0.3191998600959778,0.4619137644767761,-0.31794729828834534,-1.3343878984451294,0.22020524740219116,1.7954784631729126,-6.9936676025390625,-10.063254356384277,-1.8752132654190063,1.129905343055725,-3.2154390811920166,-1.821753740310669,1.04027259349823,-0.5035600066184998,0.009640172123908997,-0.027191076427698135,-1.2413928508758545,-0.009503066539764404,-0.1455749273300171,0.2636452317237854,-0.4594711661338806,0.34885507822036743,-0.13780319690704346,-4.086645126342773,-0.26445311307907104,-0.804792582988739,0.7314104437828064,0.701603889465332,-0.4524649679660797,9.795626640319824,0.4500727355480194,0.2814752459526062
3.92,-0.22581680119037628,-0.06015685200691223,-0.13703688979148865,-0.9370280504226685,0.07455766946077347,0.0473170131444931,0.011732724495232105,-0.37974080443382263,0.42679744958877563,-0.31220415234565735,-0.22581680119037628,-0.06015685200691223,-0.13703688979148865,-0.9370280504226685,0.07455766946077347,0.0473170131444931,0.011732724495232105,-0.37974080443382263,0.42679744958877563,-0.31220415234565735,-1.7091469764709473,0.739545464515686,3.0923361778259277,-5.951601028442383,-4.483921527862549,-1.3162630796432495,1.4832065105438232,-2.77034068107605,-1.6177778244018555,-0.3121896982192993,-0.41850870847702026,-0.035034969449043274,0.026290174573659897,-1.3020942211151123,0.022038578987121582,-0.1695849895477295,0.20505240559577942,-0.4456176161766052,0.3743630349636078,-0.1684061586856842,-2.6269145011901855,-0.7573121190071106,-0.44540226459503174,0.6316004395484924,0.8751407265663147,-0.1635492593050003,9.786886215209961,0.5169923305511475,0.4308919608592987
3.94,-0.2522137463092804,-0.05337676778435707,-0.07612725347280502,-1.0436898469924927,0.033034272491931915,0.02289251983165741,0.03426358476281166,-0.40562745928764343,0.4054624140262604,-0.3221128582954407,-0.2522137463092804,-0.05337676778435707,-0.07612725347280502,-1.0436898469924927,0.033034272491931915,0.02289251983165741,0.03426358476281166,-0.40562745928764343,0.4054624140262604,-0.3221128582954407,-0.9035621881484985,0.0463261716067791,3.178999423980713,-4.875040531158447,-0.6764039397239685,-1.1276390552520752,0.7186943888664246,0.28430742025375366,-0.45783111453056335,-0.22237320244312286,-0.3059552311897278,-0.08611615002155304,0.0077960304915905,-1.2727711200714111,0.11178028583526611,-0.2079232931137085,0.19693617522716522,-0.45449572801589966,0.3564556837081909,-0.16033411026000977,-8.973759651184082,-0.7151017785072327,-2.5661377906799316,0.36659714579582214,0.4011392891407013,-0.38426443934440613,9.777587890625,0.5661914348602295,0.5606278777122498
3.96,-0.26088690757751465,-0.055657606571912766,-0.02787613309919834,-1.121103286743164,0.05833544582128525,-0.002453932538628578,0.04747876152396202,-0.40334585309028625,0.39581188559532166,-0.3277904987335205,-0.26088690757751465,-0.055657606571912766,-0.02787613309919834,-1.121103286743164,0.05833544582128525,-0.002453932538628578,0.04747876152396202,-0.40334585309028625,0.39581188559532166,-0.3277904987335205,-0.12735337018966675,-0.2860387861728668,1.6991193294525146,-3.03898024559021,2.260955572128296,-1.3059251308441162,0.6007373929023743,-0.032947029918432236,-0.4723075032234192,-0.3170264661312103,-0.14876122772693634,-0.08018152415752411,0.02306043729186058,-1.2952094078063965,0.238145112991333,-0.341668963432312,0.22186830639839172,-0.40423786640167236,0.37152910232543945,-0.1574806272983551,-8.463122367858887,-1.393024206161499,-2.322157859802246,0.024081746116280556,0.2942827045917511,-0.5791945457458496,9.76721477508545,0.6664698123931885,0.6272387504577637
3.98,-0.25274527072906494,-0.06016997620463371,-0.0013345936313271523,-1.1719542741775513,0.1391953080892563,-0.03513580560684204,0.06039908528327942,-0.4034056067466736,0.3853897452354431,-0.33530986309051514,-0.25274527072906494,-0.06016997620463371,-0.0013345936313271523,-1.1719542741775513,0.1391953080892563,-0.03513580560684204,0.06039908528327942,-0.4034056067466736,0.3853897452354431,-0.33530986309051514,0.7564294338226318,-0.17619171738624573,1.1087665557861328,-2.2673776149749756,4.706556797027588,-1.8441194295883179,0.6587867140769958,0.050713494420051575,-0.4640001654624939,-0.4704929292201996,-0.06607478857040405,-0.10641007125377655,0.02021941915154457,-1.3084912300109863,0.39171773195266724,-0.3664708137512207,0.19196315109729767,-0.4072793424129486,0.40304404497146606,-0.1656341254711151,-7.674614429473877,-0.8195767998695374,-2.179230213165283,-0.042298611253499985,0.2868098318576813,-0.982261598110199,9.752079010009766,0.8158795237541199,0.6836636066436768
4.0,-0.2333388328552246,-0.06575943529605865,0.013315399177372456,-1.211988925933838,0.2595972418785095,-0.07186585664749146,0.07131095230579376,-0.40280407667160034,0.3820215165615082,-0.3485293388366699,-0.2333388328552246,-0.06575943529605865,0.013315399177372456,-1.211988925933838,0.2595972418785095,-0.07186585664749146,0.07131095230579376,-0.40280407667160034,0.3820215165615082,-0.3485293388366699,1.1269378662109375,-0.354949951171875,0.479249507188797,-1.7717397212982178,6.380356788635254,-1.8059334754943848,0.44435352087020874,0.008765620179474354,0.10339611023664474,-0.8329399824142456,-0.0453757643699646,-0.16937899589538574,0.13138945400714874,-1.2360527515411377,0.5667790174484253,-0.26771795749664307,0.07330402731895447,-0.4356289207935333,0.49292704463005066,-0.18411502242088318,-7.273646354675293,-0.9362413287162781,-2.2792224884033203,-0.07146505266427994,0.17524310946464539,-1.1306523084640503,9.729423522949219,1.020726203918457,0.7297552227973938
4.02,-0.2119767814874649,-0.07642597705125809,0.03677724674344063,-1.2321279048919678,0.4075649678707123,-0.09914930909872055,0.07310806959867477,-0.4086703062057495,0.3980414569377899,-0.371967077255249,-0.2119767814874649,-0.07642597705125809,0.03677724674344063,-1.2321279048919678,0.4075649678707123,-0.09914930909872055,0.07310806959867477,-0.4086703062057495,0.3980414569377899,-0.371967077255249,1.0481088161468506,-0.6529605984687805,2.0681450366973877,-0.30232372879981995,7.641251087188721,-1.0564929246902466,-0.18170641362667084,-0.6261954307556152,1.29666006565094,-1.5695042610168457,-0.10576677322387695,-0.02728201448917389,0.13787995278835297,-1.0883514881134033,0.7697451710700989,-0.061608195304870605,0.130135178565979,-0.41414210200309753,0.5438714027404785,-0.11935678124427795,-3.3183321952819824,-0.3833233416080475,-1.219971776008606,-0.11704777926206589,-0.14924903213977814,-0.9423040151596069,9.70598316192627,1.2205991744995117,0.7349340319633484
4.04,-0.19518323242664337,-0.0801006406545639,0.08656574785709381,-1.212440013885498,0.5819725394248962,-0.10819612443447113,0.06959166377782822,-0.41147249937057495,0.4376559555530548,-0.40695488452911377,-0.19518323242664337,-0.0801006406545639,0.08656574785709381,-1.212440013885498,0.5819725394248962,-0.10819612443447113,0.06959166377782822,-0.41147249937057495,0.4376559555530548,-0.40695488452911377,0.6274529695510864,0.24808765947818756,2.4537107944488525,2.0693187713623047,8.994707107543945,-0.002355505246669054,-0.05008736252784729,-0.12041572481393814,2.3270368576049805,-1.924564003944397,-0.08473560214042664,0.03518293797969818,0.14485280215740204,-0.9760564565658569,0.9456382989883423,0.037426114082336426,0.1566021889448166,-0.4210725724697113,0.602713942527771,-0.13524511456489563,-8.764394760131836,-2.606372594833374,-2.5766167640686035,-0.15027374029159546,0.01610649935901165,-0.4310663640499115,9.68918228149414,1.3578741550445557,0.7155634760856628
4.06,-0.18343180418014526,-0.06995341926813126,0.12513555586338043,-1.1554887294769287,0.7655233144760132,-0.10240470618009567,0.07085935771465302,-0.41501230001449585,0.48856815695762634,-0.4478924572467804,-0.18343180418014526,-0.06995341926813126,0.12513555586338043,-1.1554887294769287,0.7655233144760132,-0.10240470618009567,0.07085935771465302,-0.41501230001449585,0.48856815695762634,-0.4478924572467804,0.5695207715034485,0.6874489188194275,1.476572036743164,3.4001758098602295,8.821066856384277,0.5138826370239258,0.14320500195026398,-0.24487745761871338,2.7187609672546387,-2.142756938934326,-0.18387828767299652,0.05622096359729767,0.13923488557338715,-0.809017539024353,0.9606713652610779,0.05841642618179321,0.15926101803779602,-0.4204120934009552,0.6432511806488037,-0.2618103325366974,-8.18639087677002,-2.3307199478149414,-2.685396909713745,-0.27171120047569275,0.16357988119125366,-0.12749235332012177,9.680484771728516,1.407082200050354,0.7378577589988708
4.08,-0.17643670737743378,-0.05525834113359451,0.14331652224063873,-1.07206130027771,0.8811771869659424,-0.08847055584192276,0.07419442385435104,-0.41861119866371155,0.5427354574203491,-0.49073249101638794,-0.17643670737743378,-0.05525834113359451,0.14331652224063873,-1.07206130027771,0.8811771869659424,-0.08847055584192276,0.07419442385435104,-0.41861119866371155,0.5427354574203491,-0.49073249101638794,0.1369600147008896,0.7622796297073364,0.4999920725822449,4.811332702636719,3.872617244720459,0.7967053651809692,0.17478975653648376,-0.08230704069137573,2.6461877822875977,-2.116269111633301,-0.18653467297554016,0.07180483639240265,0.11371537297964096,-0.7018689513206482,0.8345789313316345,0.05114871263504028,0.13944579660892487,-0.42675045132637024,0.6790416836738586,-0.33684438467025757,-8.202228546142578,-2.2572193145751953,-3.173309326171875,-0.11232107877731323,0.1553722470998764,0.18844783306121826,9.678997039794922,1.3974435329437256,0.7747718691825867
4.1,-0.1748100221157074,-0.04024331644177437,0.14326098561286926,-0.9710357189178467,0.8812954425811768,-0.07390141487121582,0.07723266631364822,-0.4184451103210449,0.5934561491012573,-0.5326051115989685,-0.1748100221157074,-0.04024331644177437,0.14326098561286926,-0.9710357189178467,0.8812954425811768,-0.07390141487121582,0.07723266631364822,-0.4184451103210449,0.5934561491012573,-0.5326051115989685,0.045445989817380905,0.7454078793525696,-0.3806704580783844,5.138580799102783,-2.0739328861236572,0.6778486371040344,0.11956656724214554,0.0788462907075882,2.4850075244903564,-2.095916271209717,-0.23969650268554688,-0.01693384349346161,0.06081252545118332,-0.48757290840148926,0.5633118748664856,0.09557849168777466,0.06470710039138794,-0.36220207810401917,0.7807234525680542,-0.33136487007141113,-7.389782905578613,-1.738377571105957,-3.299837589263916,0.09622713923454285,0.06023971736431122,0.22430911660194397,9.68326187133789,1.3563008308410645,0.7943419218063354
4.12,-0.1766730546951294,-0.03324883058667183,0.11998453736305237,-0.8517033457756042,0.7453556060791016,-0.05658694729208946,0.07538503408432007,-0.40557587146759033,0.6462294459342957,-0.5753268003463745,-0.1766730546951294,-0.03324883058667183,0.11998453736305237,-0.8517033457756042,0.7453556060791016,-0.05658694729208946,0.07538503408432007,-0.40557587146759033,0.6462294459342957,-0.5753268003463745,-0.21878209710121155,0.07168427109718323,-1.703560709953308,6.648217678070068,-8.914186477661133,0.9777843952178955,-0.20771750807762146,1.1979165077209473,2.6856203079223633,-2.324967861175537,-0.4730340242385864,-0.10827001929283142,0.02642332762479782,-0.4910129904747009,0.4477119445800781,0.24881112575531006,-0.0016578324139118195,-0.24978777766227722,0.8280647397041321,-0.16569086909294128,-3.712324619293213,-0.8122386336326599,-2.0974984169006348,0.2390880286693573,-0.25814488530158997,0.4228366017341614,9.693320274353027,1.2983037233352661,0.7681527137756348
4.14,-0.1976941078901291,-0.039309125393629074,0.0821642056107521,-0.7390109896659851,0.5862939357757568,-0.02759377472102642,0.06476031243801117,-0.3668086528778076,0.7059704661369324,-0.6213384866714478,-0.1976941078901291,-0.039309125393629074,0.0821642056107521,-0.7390109896659851,0.5862939357757568,-0.02759377472102642,0.06476031243801117,-0.3668086528778076,0.7059704661369324,-0.6213384866714478,-1.6196597814559937,-0.529823362827301,-1.948224425315857,4.810735702514648,-6.905137538909912,1.650985598564148,-0.5891693830490112,3.2341320514678955,2.9141337871551514,-2.4614267349243164,-0.45360612869262695,-0.09712127596139908,0.1788967102766037,-0.559117317199707,0.35979196429252625,0.21147885918617249,0.03331862390041351,-0.232568621635437,0.8380486369132996,-0.1722334325313568,-3.7180559635162354,-0.8443655371665955,-2.6029152870178223,0.7927712798118591,-0.7173060774803162,0.9631706476211548,9.717761993408203,1.170990228652954,0.6557355523109436
4.16,-0.23075619339942932,-0.041542403399944305,0.0868803858757019,-0.72171950340271,0.38598698377609253,-0.0028103545773774385,0.059642814099788666,-0.31100401282310486,0.7581253051757812,-0.659538745880127,-0.23075619339942932,-0.041542403399944305,0.0868803858757019,-0.72171950340271,0.38598698377609253,-0.0028103545773774385,0.059642814099788666,-0.31100401282310486,0.7581253051757812,-0.659538745880127,-1.9260815382003784,0.6026540994644165,0.6882173418998718,-3.6251060962677,3.109825611114502,0.9170222282409668,0.408475399017334,2.678323745727539,2.114254951477051,-1.29332435131073,-0.31966686248779297,-0.14832757413387299,0.17115303874015808,-0.5986261367797852,0.24669867753982544,0.2645954489707947,-0.08194614201784134,-0.2915976345539093,0.9697855710983276,0.027941107749938965,-38.92399597167969,0.029900694265961647,10.72172737121582,0.8591692447662354,-0.11861824989318848,0.6791730523109436,9.74255084991455,1.0256296396255493,0.5166053771972656
4.18,-0.24896790087223053,-0.03891865909099579,0.09385059028863907,-0.7581328749656677,0.42118698358535767,0.020476147532463074,0.05435679480433464,-0.2921364903450012,0.8110581636428833,-0.6503021717071533,-0.24896790087223053,-0.03891865909099579,0.09385059028863907,-0.7581328749656677,0.42118698358535767,0.020476147532463074,0.05435679480433464,-0.2921364903450012,0.8110581636428833,-0.6503021717071533,-0.3572513163089752,-0.19229991734027863,0.24154385924339294,-0.7735256552696228,0.8744253516197205,1.4137250185012817,-0.7478365898132324,-0.10654980689287186,3.077348232269287,1.6697502136230469,-0.1282477229833603,-0.191408172249794,0.1356355845928192,-0.52009516954422,0.23718130588531494,0.10578246414661407,-0.12422621250152588,-0.3080960214138031,0.9557058811187744,-0.08955344557762146,-17.176761627197266,-1.1667324304580688,1.8460038900375366,0.1895817220211029,-0.38363751769065857,0.3784685730934143,9.753636360168457,0.9392948150634766,0.46947425603866577
4.2,-0.23952870070934296,-0.046342480927705765,0.09795952588319778,-0.754285454750061,0.42839932441711426,0.0379001721739769,0.035659004002809525,-0.30145445466041565,0.8623080849647522,-0.5990937352180481,-0.23952870070934296,-0.046342480927705765,0.09795952588319778,-0.754285454750061,0.42839932441711426,0.0379001721739769,0.035659004002809525,-0.30145445466041565,0.8623080849647522,-0.5990937352180481,1.0292463302612305,-0.514169454574585,0.18421921133995056,0.8856649994850159,-0.0016873920103535056,0.5171396136283875,-1.0700268745422363,-0.6238645315170288,2.1524341106414795,3.239574670791626,-0.08024829626083374,-0.19343839585781097,0.08829431980848312,-0.5540158748626709,0.15762656927108765,0.08392578363418579,-0.12851877510547638,-0.3180740773677826,0.9756617546081543,-0.07778933644294739,-15.361361503601074,-1.7704707384109497,1.3089253902435303,0.15604719519615173,-0.5161033272743225,-0.15923087298870087,9.759393692016602,0.9210159182548523,0.3769255578517914
4.22,-0.2160499393939972,-0.05869309604167938,0.10129299759864807,-0.7284865379333496,0.42329978942871094,0.04773450270295143,0.013004682026803493,-0.3104950487613678,0.9000831246376038,-0.5252871513366699,-0.2160499393939972,-0.05869309604167938,0.10129299759864807,-0.7284865379333496,0.42329978942871094,0.04773450270295143,0.013004682026803493,-0.3104950487613678,0.9000831246376038,-0.5252871513366699,1.2475192546844482,-0.6717326045036316,0.13843968510627747,1.5062590837478638,-0.3973323404788971,0.4757424592971802,-1.1510039567947388,-0.31895574927330017,1.7051228284835815,3.935088634490967,-0.053127825260162354,-0.2452467530965805,-0.01773492991924286,-0.6208182573318481,-0.6683413982391357,0.08532226085662842,-0.16876661777496338,-0.2948979437351227,0.9908704161643982,0.4749738574028015,-10.840188980102539,-1.0767327547073364,0.49606335163116455,0.20549362897872925,-0.5885278582572937,-0.14284087717533112,9.760354995727539,0.9500226974487305,0.26271525025367737
4.24,-0.19310641288757324,-0.0781642496585846,0.07759813219308853,-0.7022194266319275,0.4144614636898041,0.056998975574970245,-0.011711952276527882,-0.3111656606197357,0.9307255744934082,-0.44243675470352173,-0.19310641288757324,-0.0781642496585846,0.07759813219308853,-0.7022194266319275,0.4144614636898041,0.056998975574970245,-0.011711952276527882,-0.3111656606197357,0.9307255744934082,-0.44243675470352173,1.0729459524154663,-1.2132174968719482,-2.5542471408843994,1.0750398635864258,-0.42797356843948364,0.4084148406982422,-1.2693556547164917,0.2707666754722595,1.4165980815887451,4.258101940155029,-0.04662907123565674,-0.26510950922966003,-0.10083433240652084,-0.594660222530365,-0.7111809253692627,0.10124678909778595,-0.17759841680526733,-0.2726462483406067,0.9399531483650208,0.5793308019638062,-8.612317085266113,0.07511889934539795,0.1734333336353302,0.34475937485694885,-0.7429195046424866,-0.17130284011363983,9.760372161865234,0.9771873354911804,0.12781454622745514
4.26,-0.172984316945076,-0.10317341238260269,0.018567753955721855,-0.6830477714538574,0.39592844247817993,0.06307511031627655,-0.03510495647788048,-0.29944899678230286,0.9531220197677612,-0.356757789850235,-0.172984316945076,-0.10317341238260269,0.018567753955721855,-0.6830477714538574,0.39592844247817993,0.06307511031627655,-0.03510495647788048,-0.29944899678230286,0.9531220197677612,-0.356757789850235,0.9030614495277405,-1.2785425186157227,-2.411935329437256,0.9489601850509644,-5.248137950897217,0.24705083668231964,-1.0852559804916382,0.7322989702224731,0.8501156568527222,4.339944839477539,-0.17862188816070557,-0.2471037060022354,-0.18961825966835022,-0.5777420997619629,-0.26594114303588867,0.2635558247566223,-0.12448227405548096,-0.210772305727005,0.8859390616416931,0.20636188983917236,-5.4990105628967285,-0.9804322123527527,-1.853040099143982,0.5414531230926514,-0.6552272439002991,-0.17236587405204773,9.75733757019043,1.014813780784607,-0.02479790523648262
4.28,-0.1640850007534027,-0.1255025714635849,-0.053274329751729965,-0.6675335764884949,0.383261114358902,0.07619936019182205,-0.050728388130664825,-0.27071911096572876,0.9664930105209351,-0.2684665322303772,-0.1640850007534027,-0.1255025714635849,-0.053274329751729965,-0.6675335764884949,0.383261114358902,0.07619936019182205,-0.050728388130664825,-0.27071911096572876,0.9664930105209351,-0.2684665322303772,0.08188273012638092,-1.0774202346801758,-4.113075256347656,0.8724334239959717,-1.060556173324585,0.9371360540390015,-0.5561791658401489,1.961504578590393,0.4380505681037903,4.400341033935547,-0.20333291590213776,-0.15730981528759003,-0.1581442952156067,-0.5365196466445923,0.020279288291931152,0.31193381547927856,-0.0692974328994751,-0.19349882006645203,0.9432567358016968,-0.08604463934898376,-10.971789360046387,-2.42667818069458,-0.07986454665660858,0.7864599227905273,-0.5857905149459839,0.4215395450592041,9.75819206237793,0.9936397671699524,-0.16268081963062286
4.3,-0.16573770344257355,-0.1372951865196228,-0.11079874634742737,-0.6435689926147461,0.35787346959114075,0.09751485288143158,-0.055272966623306274,-0.23177297413349152,0.9728609919548035,-0.1889982372522354,-0.16573770344257355,-0.1372951865196228,-0.11079874634742737,-0.6435689926147461,0.35787346959114075,0.09751485288143158,-0.055272966623306274,-0.23177297413349152,0.9728609919548035,-0.1889982372522354,-0.19283993542194366,-0.18276292085647583,-1.845158338546753,1.4407497644424438,-1.264817476272583,1.1426007747650146,-0.0046113720163702965,1.6948113441467285,0.279180109500885,3.4308266639709473,-0.19242118299007416,-0.10665061324834824,-0.10038772970438004,-0.5016995668411255,0.2348836064338684,0.34740298986434937,-0.12126736342906952,-0.11552738398313522,1.0263386964797974,-0.14216405153274536,-6.18247652053833,-1.1555466651916504,1.6832715272903442,0.9599596858024597,-0.18870924413204193,0.7742235660552979,9.767903327941895,0.8700768947601318,-0.25911208987236023
4.32,-0.16982996463775635,-0.13703607022762299,-0.12288454174995422,-0.6106466054916382,0.34387683868408203,0.12253464013338089,-0.05733828991651535,-0.19640709459781647,0.9839193820953369,-0.15241573750972748,-0.16982996463775635,-0.13703607022762299,-0.12288454174995422,-0.6106466054916382,0.34387683868408203,0.12253464013338089,-0.05733828991651535,-0.19640709459781647,0.9839193820953369,-0.15241573750972748,-0.1588439792394638,0.10736358910799026,0.36740919947624207,1.793449878692627,-0.06960953772068024,1.3439682722091675,-0.23964142799377441,2.057300567626953,0.7780901789665222,0.5717176795005798,-0.07809752225875854,-0.156357541680336,-0.0884031355381012,-0.450810968875885,0.2731642723083496,0.3653049170970917,-0.22795335948467255,-0.11573202162981033,0.9358901977539062,-0.2873273491859436,-1.7320375442504883,0.025591088458895683,0.7017767429351807,1.013741374015808,-0.14661693572998047,0.9094412922859192,9.78068733215332,0.695126473903656,-0.3017667829990387
4.34,-0.1710273027420044,-0.1358136683702469,-0.11121047288179398,-0.5790135860443115,0.3447703421115875,0.14476194977760315,-0.06849609315395355,-0.16404858231544495,0.9850249290466309,-0.1992121934890747,-0.1710273027420044,-0.1358136683702469,-0.11121047288179398,-0.5790135860443115,0.3447703421115875,0.14476194977760315,-0.06849609315395355,-0.16404858231544495,0.9850249290466309,-0.1992121934890747,-0.08089348673820496,0.1646951287984848,0.596127986907959,1.0134494304656982,-0.33601701259613037,0.896877646446228,-0.7178585529327393,1.0988097190856934,-0.6332859992980957,-3.8738560676574707,-0.16094708442687988,-0.1756557673215866,-0.21781325340270996,-0.5452818870544434,-0.7700393199920654,0.18760426342487335,-0.2201135754585266,-0.09932249039411545,0.523465633392334,-0.6826790571212769,-11.629213333129883,0.881788969039917,4.092594146728516,0.7936099171638489,0.017705023288726807,0.6368744969367981,9.78962230682373,0.5301283001899719,-0.3440232574939728
4.36,-0.1704242080450058,-0.13636521995067596,-0.1252080500125885,-0.5634070038795471,0.3372698724269867,0.15134428441524506,-0.08617774397134781,-0.14277775585651398,0.9101497530937195,-0.39334988594055176,-0.1704242080450058,-0.13636521995067596,-0.1252080500125885,-0.5634070038795471,0.3372698724269867,0.15134428441524506,-0.08617774397134781,-0.14277775585651398,0.9101497530937195,-0.39334988594055176,-0.09090453386306763,-0.17165720462799072,-2.2565925121307373,0.4694841206073761,-0.18018393218517303,0.006193954031914473,-0.9070053696632385,1.1517254114151,-6.447755813598633,-13.300515174865723,-0.2390594482421875,0.0522465780377388,-0.20688728988170624,-0.5783267021179199,-0.34486448764801025,0.1915195882320404,0.03049015998840332,-0.25050467252731323,0.16980081796646118,-0.391309916973114,-4.418079853057861,0.013814988546073437,1.8045700788497925,0.6440693140029907,-0.02082887291908264,0.4725804030895233,9.79423999786377,0.43237534165382385,-0.3493027091026306
4.38,-0.17787548899650574,-0.12368201464414597,-0.15668292343616486,-0.558131217956543,0.32860830426216125,0.1515142172574997,-0.08499149978160858,-0.14740023016929626,0.7346106767654419,-0.4577734172344208,-0.17787548899650574,-0.12368201464414597,-0.15668292343616486,-0.558131217956543,0.32860830426216125,0.1515142172574997,-0.08499149978160858,-0.14740023016929626,0.7346106767654419,-0.4577734172344208,-0.5996242165565491,1.286714792251587,-1.4109472036361694,0.10236655175685883,-0.6173810958862305,0.054242826998233795,0.854791522026062,-1.9737308025360107,-10.290242195129395,2.841928482055664,-0.3076205551624298,0.2788395881652832,-0.29191854596138,-0.6414157748222351,-0.4514506459236145,-0.32051146030426025,0.25269338488578796,-0.45116865634918213,0.152213454246521,-0.09429219365119934,-3.4161219596862793,0.6554819345474243,2.8254430294036865,0.5485152006149292,1.0371147394180298,0.7282075881958008,9.80156421661377,0.31163448095321655,-0.26137208938598633
4.4,-0.18273107707500458,-0.08425905555486679,-0.19610929489135742,-0.5669891834259033,0.31015780568122864,0.12887699902057648,-0.050044674426317215,-0.23444077372550964,0.5583817362785339,-0.38312768936157227,-0.18273107707500458,-0.08425905555486679,-0.19610929489135742,-0.5669891834259033,0.31015780568122864,0.12887699902057648,-0.050044674426317215,-0.23444077372550964,0.5583817362785339,-0.38312768936157227,-0.17839211225509644,2.2460319995880127,-2.4285755157470703,-1.1166845560073853,-0.5966627597808838,-2.715226650238037,2.4460272789001465,-5.822534084320068,-4.629812240600586,-9.83612060546875,-0.25259649753570557,-0.02440430223941803,-0.08005207777023315,-1.247613787651062,-0.2234923243522644,-0.15559417009353638,0.22627103328704834,-0.4347879886627197,0.24859589338302612,0.11107110977172852,-13.102455139160156,-3.5855648517608643,-1.871341347694397,1.2339574098587036,1.9113868474960327,-0.1767789125442505,9.806836128234863,0.2458682656288147,0.040141761302948
4.42,-0.20060501992702484,-0.06623774766921997,-0.19796258211135864,-0.6629088521003723,0.27801060676574707,0.08976510167121887,-0.022969504818320274,-0.26212331652641296,0.5045527219772339,-0.37265560030937195,-0.20060501992702484,-0.06623774766921997,-0.19796258211135864,-0.6629088521003723,0.27801060676574707,0.08976510167121887,-0.022969504818320274,-0.26212331652641296,0.5045527219772339,-0.37265560030937195,-1.3527910709381104,0.44855672121047974,2.1339762210845947,-7.696621417999268,2.1006572246551514,-2.2809367179870605,1.089295506477356,-1.3458919525146484,-2.615609884262085,1.628058671951294,-0.38488394021987915,-0.026335492730140686,-0.13325288891792297,-1.1907587051391602,-0.37834101915359497,-0.21543782949447632,0.24822404980659485,-0.43657684326171875,0.34615814685821533,0.04259324073791504,-9.113858222961426,1.6008837223052979,0.3356369733810425,1.1392872333526611,0.5692395567893982,-0.4665943682193756,9.802687644958496,0.2933819591999054,0.23947325348854065
4.44,-0.22981752455234528,-0.05768170580267906,-0.16406704485416412,-0.8069934844970703,0.1594870239496231,0.04563875123858452,0.0010714875534176826,-0.326167494058609,0.45501708984375,-0.3448864221572876,-0.22981752455234528,-0.05768170580267906,-0.16406704485416412,-0.8069934844970703,0.1594870239496231,0.04563875123858452,0.0010714875534176826,-0.326167494058609,0.45501708984375,-0.3448864221572876,-1.6553936004638672,0.35856255888938904,0.870979905128479,-5.846010684967041,-2.751394748687744,-1.9960644245147705,1.3639800548553467,-3.4577786922454834,-2.1355748176574707,1.1999927759170532,-0.41032862663269043,-0.0332803875207901,-0.07134003937244415,-1.2428711652755737,-0.0356406569480896,-0.15192079544067383,0.2261328101158142,-0.46789827942848206,0.3716011643409729,-0.06493386626243591,-8.27292537689209,2.252856969833374,0.9205989241600037,0.7304922938346863,0.8478662967681885,-0.4224729835987091,9.795084953308105,0.3919375538825989,0.37255483865737915
4.46,-0.25958719849586487,-0.05288812518119812,-0.14071065187454224,-0.9234048128128052,0.04781082272529602,0.012320944108068943,0.0278700590133667,-0.3856887221336365,0.42381733655929565,-0.3301495611667633,-0.25958719849586487,-0.05288812518119812,-0.14071065187454224,-0.9234048128128052,0.04781082272529602,0.012320944108068943,0.0278700590133667,-0.3856887221336365,0.42381733655929565,-0.3301495611667633,-1.2645900249481201,0.1740584671497345,1.6326922178268433,-5.794623374938965,-4.015511512756348,-1.4034943580627441,1.2156184911727905,-2.668865919113159,-1.0874019861221313,-0.03678606450557709,-0.4280374050140381,-0.025017693638801575,0.0011746101081371307,-1.3212151527404785,0.18461507558822632,-0.16551047563552856,0.21099001169204712,-0.43102553486824036,0.4033331573009491,-0.140981525182724,-4.139808654785156,-0.3934617340564728,-1.0817757844924927,0.23966734111309052,0.7749642133712769,-0.4909660220146179,9.783182144165039,0.4907572567462921,0.5334815979003906
4.48,-0.28144359588623047,-0.04871414229273796,-0.09581378102302551,-1.0365206003189087,0.08086171001195908,-0.011751401238143444,0.049634747207164764,-0.41953304409980774,0.4096640348434448,-0.33744627237319946,-0.28144359588623047,-0.04871414229273796,-0.09581378102302551,-1.0365206003189087,0.08086171001195908,-0.011751401238143444,0.049634747207164764,-0.41953304409980774,0.4096640348434448,-0.33744627237319946,-0.9711041450500488,0.2202855497598648,2.717465400695801,-5.423816680908203,4.643789291381836,-1.0888248682022095,0.9902423024177551,-0.7925165295600891,-0.37992826104164124,-0.8268343806266785,-0.2897290885448456,-0.0729966014623642,-0.001272294670343399,-1.3060944080352783,0.15588128566741943,-0.28000324964523315,0.19723817706108093,-0.43756774067878723,0.3747480809688568,-0.10086211562156677,-3.366312265396118,-0.49413764476776123,-0.8404431939125061,0.07149045169353485,0.6628347635269165,-0.45484063029289246,9.76951789855957,0.583355724811554,0.6725451946258545
4.5,-0.2892839312553406,-0.049409378319978714,-0.05014386773109436,-1.123521089553833,0.13123419880867004,-0.0398443304002285,0.06754694879055023,-0.4286671280860901,0.3995644450187683,-0.3609027564525604,-0.2892839312553406,-0.049409378319978714,-0.05014386773109436,-1.123521089553833,0.13123419880867004,-0.0398443304002285,0.06754694879055023,-0.4286671280860901,0.3995644450187683,-0.3609027564525604,-0.015550346113741398,-0.2429995834827423,1.8799519538879395,-3.566495180130005,1.1088740825653076,-1.5967612266540527,0.8136473894119263,-0.33010292053222656,-0.6050602793693542,-1.4241650104522705,-0.18928265571594238,-0.06861273944377899,0.056080181151628494,-1.345506191253662,0.36805519461631775,-0.3082081079483032,0.1717880368232727,-0.46143606305122375,0.38863781094551086,-0.15513017773628235,-4.57673454284668,-0.8010138273239136,-1.3490301370620728,-0.10346589982509613,0.46566516160964966,-0.7676695585250854,9.753374099731445,0.7030319571495056,0.7832903265953064
4.52,-0.28081223368644714,-0.05573350936174393,-0.008134848438203335,-1.1867390871047974,0.22801104187965393,-0.07110896706581116,0.07541271299123764,-0.430038183927536,0.3979501724243164,-0.37528327107429504,-0.28081223368644714,-0.05573350936174393,-0.008134848438203335,-1.1867390871047974,0.22801104187965393,-0.07110896706581116,0.07541271299123764,-0.430038183927536,0.3979501724243164,-0.37528327107429504,0.6352859735488892,-0.18994270265102386,2.265054702758789,-2.9367868900299072,6.628035545349121,-1.5864943265914917,0.32929542660713196,-0.0575176402926445,0.021228943020105362,-0.6345046758651733,-0.09656786918640137,-0.1652057021856308,0.04443342611193657,-1.3280246257781982,0.46817803382873535,-0.2607927918434143,0.047963887453079224,-0.47052374482154846,0.4610814154148102,-0.21618720889091492,-8.066044807434082,-1.6137069463729858,-2.9613053798675537,-0.0896257534623146,0.14771190285682678,-0.990984320640564,9.73548698425293,0.8775604367256165,0.8284209966659546
4.54,-0.26442965865135193,-0.06815344840288162,0.023942986503243446,-1.2333197593688965,0.35264089703559875,-0.09746188670396805,0.07531294971704483,-0.4388282895088196,0.40820610523223877,-0.3926897346973419,-0.26442965865135193,-0.06815344840288162,0.023942986503243446,-1.2333197593688965,0.35264089703559875,-0.09746188670396805,0.07531294971704483,-0.4388282895088196,0.40820610523223877,-0.3926897346973419,1.0157009363174438,-0.9426347613334656,1.1227068901062012,-1.8068575859069824,5.628870010375977,-1.1105691194534302,-0.2901405990123749,-0.5704378485679626,0.9842117428779602,-1.1334235668182373,-0.18180666863918304,-0.10852967202663422,0.12988732755184174,-1.2979933023452759,0.646696150302887,-0.19719815254211426,0.057831957936286926,-0.46532049775123596,0.5077298879623413,-0.21712490916252136,-9.316496849060059,-1.0738111734390259,-4.03814697265625,-0.40804731845855713,-0.1876676380634308,-0.9518989324569702,9.717442512512207,1.0594838857650757,0.8275868892669678
4.56,-0.24853216111660004,-0.07985717803239822,0.058289945125579834,-1.259386420249939,0.49180468916893005,-0.11295180022716522,0.0680461898446083,-0.4459085762500763,0.4355236291885376,-0.41886866092681885,-0.24853216111660004,-0.07985717803239822,0.058289945125579834,-1.259386420249939,0.49180468916893005,-0.11295180022716522,0.0680461898446083,-0.4459085762500763,0.4355236291885376,-0.41886866092681885,0.585557758808136,-0.30505800247192383,2.290443181991577,-0.8456283807754517,7.39859676361084,-0.562896192073822,-0.4065857231616974,-0.23416568338871002,1.5624006986618042,-1.4254357814788818,-0.049596190452575684,-0.019989565014839172,0.15652213990688324,-1.0789036750793457,0.7992441654205322,-0.12427818775177002,0.1013558954000473,-0.45397093892097473,0.551722526550293,-0.19624629616737366,-7.871480941772461,-1.797671914100647,-3.220055341720581,-0.22290295362472534,-0.27254852652549744,-0.6665264368057251,9.70291805267334,1.2137137651443481,0.7851007580757141
4.58,-0.2301224023103714,-0.07798920571804047,0.10471062362194061,-1.2381519079208374,0.6435850262641907,-0.12242428213357925,0.06304612010717392,-0.4503774642944336,0.47019708156585693,-0.44999969005584717,-0.2301224023103714,-0.07798920571804047,0.10471062362194061,-1.2381519079208374,0.6435850262641907,-0.12242428213357925,0.06304612010717392,-0.4503774642944336,0.47019708156585693,-0.44999969005584717,1.1372841596603394,0.3570403754711151,2.2157106399536133,2.6348934173583984,7.432679653167725,-0.3110363483428955,-0.14408499002456665,-0.26835572719573975,1.9243937730789185,-1.6783615350723267,-0.15175510942935944,0.016775324940681458,0.16658233106136322,-0.9446780681610107,0.905942976474762,-0.016780763864517212,0.1263425052165985,-0.4440819323062897,0.6338372230529785,-0.2531300485134125,-8.209989547729492,-2.47375750541687,-2.8232064247131348,-0.32581278681755066,-0.0958821251988411,-0.5814005732536316,9.689614295959473,1.3344802856445312,0.7527489066123962
4.6,-0.21432903409004211,-0.06779420375823975,0.14125707745552063,-1.1684987545013428,0.7790767550468445,-0.11891279369592667,0.06078147515654564,-0.4543626010417938,0.5158625841140747,-0.4873177409172058,-0.21432903409004211,-0.06779420375823975,0.14125707745552063,-1.1684987545013428,0.7790767550468445,-0.11891279369592667,0.06078147515654564,-0.4543626010417938,0.5158625841140747,-0.4873177409172058,0.5208244323730469,0.6291335225105286,1.4830150604248047,4.096166133880615,6.121626853942871,0.49017447233200073,-0.08071713894605637,-0.14962932467460632,2.5285587310791016,-1.993181586265564,-0.10947293043136597,0.03534989058971405,0.13704995810985565,-0.7883245348930359,0.9357569217681885,0.028950005769729614,0.13053463399410248,-0.4552329480648041,0.6386798620223999,-0.3464054465293884,-7.819157600402832,-2.108537435531616,-2.8033580780029297,-0.2542409300804138,-0.009040124714374542,-0.07889251410961151,9.681966781616211,1.3913074731826782,0.7482502460479736
4.62,-0.20274841785430908,-0.05508685111999512,0.15614894032478333,-1.0719558000564575,0.8673912882804871,-0.10887765139341354,0.06032618135213852,-0.4571041166782379,0.56602942943573,-0.5280545353889465,-0.20274841785430908,-0.05508685111999512,0.15614894032478333,-1.0719558000564575,0.8673912882804871,-0.10887765139341354,0.06032618135213852,-0.4571041166782379,0.56602942943573,-0.5280545353889465,0.6052955985069275,0.636741578578949,0.1633470356464386,5.3573503494262695,3.2999813556671143,0.5303797721862793,0.001423515728674829,-0.14815084636211395,2.490257740020752,-2.0412566661834717,-0.07010513544082642,0.11191506683826447,0.11906033009290695,-0.7092100381851196,0.8434702157974243,-0.015922486782073975,0.16142010688781738,-0.4573509097099304,0.6845635771751404,-0.4265495538711548,-8.310851097106934,-2.778158187866211,-3.2490878105163574,-0.18302389979362488,0.01930287480354309,0.02303360216319561,9.680946350097656,1.3946260213851929,0.7552435994148254
4.64,-0.18861201405525208,-0.03711383789777756,0.15227507054805756,-0.9667181968688965,0.874325692653656,-0.10111375898122787,0.06334081292152405,-0.4576432406902313,0.6144461631774902,-0.5699816346168518,-0.18861201405525208,-0.03711383789777756,0.15227507054805756,-0.9667181968688965,0.874325692653656,-0.10111375898122787,0.06334081292152405,-0.4576432406902313,0.6144461631774902,-0.5699816346168518,0.7635249495506287,1.0905104875564575,-0.4948129653930664,5.070883274078369,-1.27603018283844,0.295033723115921,0.2421828955411911,0.04624023661017418,2.4186408519744873,-2.159156322479248,-0.1848556250333786,-0.007581427693367004,0.07591729611158371,-0.5435129404067993,0.5115770697593689,0.052507758140563965,0.08675184100866318,-0.33169201016426086,0.780532956123352,-0.3388287425041199,-7.313400745391846,-2.27287220954895,-3.0756146907806396,-0.012980956584215164,0.13454723358154297,-0.04762458801269531,9.67980670928955,1.3940010070800781,0.7708460092544556
4.66,-0.18087875843048096,-0.025525839999318123,0.12747302651405334,-0.8577418327331543,0.7273581624031067,-0.08870609104633331,0.06417068094015121,-0.4302442967891693,0.6662588715553284,-0.61309415102005,-0.18087875843048096,-0.025525839999318123,0.12747302651405334,-0.8577418327331543,0.7273581624031067,-0.08870609104633331,0.06417068094015121,-0.4302442967891693,0.6662588715553284,-0.61309415102005,0.09909546375274658,0.1883765310049057,-1.6875808238983154,5.810784816741943,-10.410845756530762,0.8046537637710571,-0.03138148412108421,2.7224364280700684,2.5715231895446777,-2.315734386444092,-0.4853389263153076,-0.06137453019618988,0.17118167877197266,-0.5442158579826355,0.5959151983261108,0.2573496103286743,0.06235586851835251,-0.22068890929222107,0.8218366503715515,-0.15807056427001953,-3.802067995071411,-1.2407827377319336,-2.181061267852783,0.22238312661647797,-0.2420501708984375,0.3155266046524048,9.684154510498047,1.3710888624191284,0.7572061419487
4.68,-0.2000870704650879,-0.02488148771226406,0.119024358689785,-0.7663066983222961,0.601760983467102,-0.05987897142767906,0.06024369224905968,-0.3626423478126526,0.7229804992675781,-0.6582940816879272,-0.2000870704650879,-0.02488148771226406,0.119024358689785,-0.7663066983222961,0.601760983467102,-0.05987897142767906,0.06024369224905968,-0.3626423478126526,0.7229804992675781,-0.6582940816879272,-1.8195546865463257,0.13826966285705566,1.0116209983825684,1.7340434789657593,-12.968402862548828,1.7158983945846558,-0.08645351231098175,4.30460262298584,2.6891918182373047,-2.8896355628967285,-0.43351924419403076,-0.14090152084827423,0.19643718004226685,-0.6276029348373413,0.29543447494506836,0.3662262558937073,-0.03229038417339325,-0.25567999482154846,0.9097360372543335,0.12548869848251343,-24.619129180908203,-2.2445497512817383,7.061599254608154,0.7990379333496094,-0.6489163041114807,1.1450480222702026,9.709759712219238,1.236217737197876,0.6545488834381104
4.7,-0.23606491088867188,-0.026519469916820526,0.13091619312763214,-0.7722002267837524,0.43299707770347595,-0.02359180524945259,0.05408925563097,-0.3078863024711609,0.7824557423591614,-0.6902974843978882,-0.23606491088867188,-0.026519469916820526,0.13091619312763214,-0.7722002267837524,0.43299707770347595,-0.02359180524945259,0.05408925563097,-0.3078863024711609,0.7824557423591614,-0.6902974843978882,-1.859087347984314,0.18077310919761658,0.15150658786296844,-3.1399762630462646,3.4837162494659424,1.8139944076538086,-0.11361990123987198,1.859838604927063,3.0236434936523438,-0.2426375150680542,-0.30387625098228455,-0.18935750424861908,0.16940855979919434,-0.628359854221344,0.13653767108917236,0.25104981660842896,-0.11560332030057907,-0.3000639081001282,0.9770468473434448,0.028201937675476074,-28.466806411743164,-0.612430989742279,5.477738380432129,0.3905929625034332,-0.2509639859199524,0.9329805970191956,9.740208625793457,1.040290117263794,0.5312550067901611
4.72,-0.25103819370269775,-0.03142402321100235,0.12956254184246063,-0.8005455136299133,0.46619337797164917,0.008418424054980278,0.04184633493423462,-0.2987516522407532,0.8422409892082214,-0.6660889387130737,-0.25103819370269775,-0.03142402321100235,0.12956254184246063,-0.8005455136299133,0.46619337797164917,0.008418424054980278,0.04184633493423462,-0.2987516522407532,0.8422409892082214,-0.6660889387130737,-0.1378210335969925,-0.5293065309524536,-0.12186991423368454,-0.4692489504814148,0.7937432527542114,1.4733089208602905,-0.964615523815155,-0.3066163659095764,2.9144206047058105,2.197803020477295,-0.07651728391647339,-0.19922299683094025,0.16542702913284302,-0.5519259572029114,0.16050738096237183,0.118075892329216,-0.1284952014684677,-0.2673381567001343,0.9826411604881287,-0.05503487586975098,-16.895078659057617,-1.541114091873169,1.696373462677002,-0.1760077327489853,-0.546629786491394,0.38614529371261597,9.755825996398926,0.9238344430923462,0.4544050097465515
4.74,-0.2375115007162094,-0.04361285641789436,0.12764863669872284,-0.7908040285110474,0.47173401713371277,0.02739201858639717,0.022826917469501495,-0.2997139096260071,0.8904841542243958,-0.6060282588005066,-0.2375115007162094,-0.04361285641789436,0.12764863669872284,-0.7908040285110474,0.47173401713371277,0.02739201858639717,0.022826917469501495,-0.2997139096260071,0.8904841542243958,-0.6060282588005066,1.247939109802246,-0.6811757683753967,-0.07482216507196426,1.187131404876709,-0.09721571207046509,0.6250860095024109,-0.9427376985549927,0.25592097640037537,2.0975823402404785,3.670159339904785,-0.012875199317932129,-0.22781352698802948,0.08999776095151901,-0.6374296545982361,-0.6209104061126709,0.08916747570037842,-0.15693607926368713,-0.28069573640823364,0.9901303052902222,0.3987775444984436,-15.293743133544922,-1.4226830005645752,1.4501957893371582,-0.1516457349061966,-0.568776547908783,-0.15877217054367065,9.762517929077148,0.8994333744049072,0.3469246029853821
4.76,-0.21002528071403503,-0.06136106327176094,0.12418843060731888,-0.7628173828125,0.46670225262641907,0.03822190687060356,0.00047050780267454684,-0.2945333421230316,0.9273102879524231,-0.5230154395103455,-0.21002528071403503,-0.06136106327176094,0.12418843060731888,-0.7628173828125,0.46670225262641907,0.03822190687060356,0.00047050780267454684,-0.2945333421230316,0.9273102879524231,-0.5230154395103455,1.4314953088760376,-1.0472668409347534,-0.45496973395347595,1.414223074913025,-0.29074347019195557,0.45483270287513733,-1.243360996246338,0.2336956262588501,1.652161955833435,4.388454914093018,0.007505178451538086,-0.27391043305397034,0.007023967802524567,-0.651122510433197,-0.7664580345153809,0.10950885713100433,-0.1831657588481903,-0.2341405153274536,0.9931442141532898,0.5689609050750732,-8.886870384216309,-0.618557870388031,-0.22558888792991638,-0.07195015996694565,-0.7671748399734497,-0.25325608253479004,9.762777328491211,0.9366435408592224,0.21675269305706024
4.78,-0.18310290575027466,-0.08686371147632599,0.09520257264375687,-0.7377701997756958,0.4605635702610016,0.04739942029118538,-0.024147339165210724,-0.28080371022224426,0.9571520686149597,-0.43173637986183167,-0.18310290575027466,-0.08686371147632599,0.09520257264375687,-0.7377701997756958,0.4605635702610016,0.04739942029118538,-0.024147339165210724,-0.28080371022224426,0.9571520686149597,-0.43173637986183167,1.2927250862121582,-1.4389491081237793,-2.3326432704925537,1.1271095275878906,-0.3399865925312042,0.44872355461120605,-1.1976369619369507,1.093039870262146,1.3696763515472412,4.717884540557861,-0.061500608921051025,-0.29116901755332947,-0.06686872243881226,-0.6329558491706848,-0.822413444519043,0.1426418572664261,-0.18596376478672028,-0.19091954827308655,0.9777030348777771,0.685666561126709,-8.842111587524414,-0.4609721899032593,-0.005134923849254847,0.06996912509202957,-0.891832709312439,-0.272514671087265,9.76012897491455,0.9864829182624817,0.05330897495150566
4.8,-0.16221974790096283,-0.11649490147829056,0.0378902405500412,-0.7187775373458862,0.45254573225975037,0.05811459943652153,-0.046060774475336075,-0.25087788701057434,0.9808386564254761,-0.3354566991329193,-0.16221974790096283,-0.11649490147829056,0.0378902405500412,-0.7187775373458862,0.45254573225975037,0.05811459943652153,-0.046060774475336075,-0.25087788701057434,0.9808386564254761,-0.3354566991329193,0.8539273738861084,-1.4846835136413574,-3.1529650688171387,0.8554136157035828,-0.464022159576416,0.5821424126625061,-1.0086126327514648,1.7597872018814087,0.9869281649589539,4.87890100479126,-0.14579181373119354,-0.27838242053985596,-0.1595723032951355,-0.6070151329040527,-0.8001527786254883,0.28768956661224365,-0.1511111557483673,-0.1237792819738388,0.9127108454704285,0.2715265154838562,-9.581816673278809,-1.2295641899108887,0.25516554713249207,0.4184487462043762,-0.8950338959693909,-0.10118769854307175,9.755524635314941,1.024572730064392,-0.12684214115142822
4.82,-0.1529921591281891,-0.14455538988113403,-0.03086662106215954,-0.701923668384552,0.4394581913948059,0.07546687871217728,-0.061473548412323,-0.2060719132423401,0.9964702129364014,-0.2363825887441635,-0.1529921591281891,-0.14455538988113403,-0.03086662106215954,-0.701923668384552,0.4394581913948059,0.07546687871217728,-0.061473548412323,-0.2060719132423401,0.9964702129364014,-0.2363825887441635,0.1848813146352768,-1.3431147336959839,-3.71415638923645,0.9395147562026978,-0.8268660306930542,1.0676453113555908,-0.5780004262924194,2.5735368728637695,0.5380033254623413,5.002821922302246,-0.1487753987312317,-0.2089473456144333,-0.11936226487159729,-0.5782040357589722,-0.05675572156906128,0.3981229066848755,-0.1043359637260437,-0.09880099445581436,1.0191280841827393,-0.06677913665771484,-11.090723037719727,-2.569988489151001,0.2023475468158722,0.7495473623275757,-0.7876371741294861,0.38165396451950073,9.754456520080566,0.9973881244659424,-0.30315184593200684
4.84,-0.15284018218517303,-0.1615751087665558,-0.08103183656930923,-0.677128791809082,0.4221884310245514,0.10306134819984436,-0.06700222939252853,-0.1573140174150467,1.00840425491333,-0.14359194040298462,-0.15284018218517303,-0.1615751087665558,-0.08103183656930923,-0.677128791809082,0.4221884310245514,0.10306134819984436,-0.06700222939252853,-0.1573140174150467,1.00840425491333,-0.14359194040298462,-0.0721837505698204,-0.44625163078308105,-1.5305606126785278,1.470171570777893,-0.7054362893104553,1.6181104183197021,-0.07386268675327301,2.1230952739715576,0.5709987878799438,3.8919777870178223,-0.15807081758975983,-0.168984517455101,-0.07172902673482895,-0.5356823801994324,0.1741657257080078,0.4549354910850525,-0.14876456558704376,-0.0657675489783287,1.0509554147720337,-0.17440453171730042,-4.730210781097412,-0.34744590520858765,2.163228988647461,0.7868562340736389,-0.382602334022522,0.7622177004814148,9.76109504699707,0.8756563067436218,-0.4362837076187134
4.86,-0.15634065866470337,-0.16516803205013275,-0.08807628601789474,-0.6480454206466675,0.41192305088043213,0.13754113018512726,-0.07015004754066467,-0.12310253828763962,1.0218368768692017,-0.13525186479091644,-0.15634065866470337,-0.16516803205013275,-0.08807628601789474,-0.6480454206466675,0.41192305088043213,0.13754113018512726,-0.07015004754066467,-0.12310253828763962,1.0218368768692017,-0.13525186479091644,-0.2649309039115906,0.03695356100797653,0.512129545211792,1.2507870197296143,-0.6284486651420593,1.7686841487884521,-0.2317575067281723,1.4598318338394165,0.5941251516342163,-1.5441542863845825,-0.06061941385269165,-0.18756455183029175,-0.07659655064344406,-0.463840126991272,0.14207911491394043,0.4142810106277466,-0.22480808198451996,-0.11129822582006454,0.7988219261169434,-0.3841257691383362,-7.999538898468018,0.4189220368862152,3.417450189590454,0.6564508080482483,-0.13338002562522888,0.8476237058639526,9.771787643432617,0.7053386569023132,-0.5007569789886475
4.88,-0.15392428636550903,-0.16501747071743011,-0.08210817724466324,-0.618287980556488,0.3987109065055847,0.16433270275592804,-0.0820101946592331,-0.11066599935293198,0.9949113726615906,-0.23382800817489624,-0.15392428636550903,-0.16501747071743011,-0.08210817724466324,-0.618287980556488,0.3987109065055847,0.16433270275592804,-0.0820101946592331,-0.11066599935293198,0.9949113726615906,-0.23382800817489624,0.3300616443157196,0.013716327957808971,0.10816599428653717,1.7186105251312256,-0.7410737872123718,1.1769365072250366,-0.8365407586097717,-0.053769614547491074,-3.050067186355591,-6.7454833984375,-0.15015241503715515,-0.14540818333625793,-0.20217052102088928,-0.575691819190979,-0.7260768413543701,0.19777674973011017,-0.11578318476676941,-0.12576699256896973,0.363639771938324,-0.6971259713172913,-8.629989624023438,-0.6391074061393738,3.5439085960388184,0.30198797583580017,-0.05844677612185478,0.615516722202301,9.779491424560547,0.5672650337219238,-0.525223970413208
4.9,-0.1500767469406128,-0.16286206245422363,-0.10572117567062378,-0.5940348505973816,0.38288843631744385,0.17488081753253937,-0.09171285480260849,-0.11301366239786148,0.8687509894371033,-0.44049838185310364,-0.1500767469406128,-0.16286206245422363,-0.10572117567062378,-0.5940348505973816,0.38288843631744385,0.17488081753253937,-0.09171285480260849,-0.11301366239786148,0.8687509894371033,-0.44049838185310364,-0.06398478895425797,0.17970530688762665,-2.5284790992736816,0.6407710313796997,-0.6822941899299622,0.07098842412233353,-0.14024552702903748,-0.20562563836574554,-8.90394115447998,-12.033921241760254,-0.24431723356246948,0.1624714881181717,-0.15044771134853363,-0.6081500053405762,-0.25537657737731934,0.06213235855102539,0.18718327581882477,-0.3584924638271332,0.15383225679397583,-0.32157230377197266,-3.8128509521484375,0.34201300144195557,2.1739604473114014,0.49259433150291443,0.2723608911037445,0.5493528842926025,9.786415100097656,0.4529117941856384,-0.5070056915283203
4.92,-0.15485885739326477,-0.13840526342391968,-0.1356816589832306,-0.5887656807899475,0.36217164993286133,0.17077337205410004,-0.07229693979024887,-0.16162598133087158,0.6725800633430481,-0.46191951632499695,-0.15485885739326477,-0.13840526342391968,-0.1356816589832306,-0.5887656807899475,0.36217164993286133,0.17077337205410004,-0.07229693979024887,-0.16162598133087158,0.6725800633430481,-0.46191951632499695,-0.42854684591293335,2.085212469100952,-0.5077657699584961,-0.05202188715338707,-0.516216516494751,-0.4275747239589691,1.9909557104110718,-4.894449710845947,-10.070513725280762,5.980400085449219,-0.3376668095588684,0.10094104707241058,-0.2027604877948761,-0.8759492635726929,-0.37271952629089355,-0.24275469779968262,0.28028661012649536,-0.5121497511863708,0.16129541397094727,0.04106926918029785,-3.046360492706299,0.9348114728927612,3.1683173179626465,0.7464139461517334,1.57297682762146,0.5017126798629761,9.797952651977539,0.34421485662460327,-0.34313884377479553
4.94,-0.16980238258838654,-0.10180000960826874,-0.15679918229579926,-0.6238042712211609,0.3430345058441162,0.1458309143781662,-0.03091968409717083,-0.27875325083732605,0.5242438316345215,-0.3512725234031677,-0.16980238258838654,-0.10180000960826874,-0.15679918229579926,-0.6238042712211609,0.3430345058441162,0.1458309143781662,-0.03091968409717083,-0.27875325083732605,0.5242438316345215,-0.3512725234031677,-0.9478779435157776,0.5923840999603271,-1.6772767305374146,-3.0546064376831055,-0.9670929908752441,-1.619777798652649,1.1043384075164795,-1.3227001428604126,-1.5673500299453735,-1.103338360786438,-0.3529048562049866,-0.16822932660579681,-0.05919024720788002,-1.2226893901824951,-0.28580576181411743,-0.09397554397583008,0.08284109830856323,-0.405404657125473,0.40887436270713806,-0.09922710061073303,-98.98808288574219,4.892548084259033,-34.60072326660156,1.5196329355239868,1.5528696775436401,-0.17350055277347565,9.805397033691406,0.3000256419181824,-0.016623347997665405
4.96,-0.20008541643619537,-0.10020390152931213,-0.15402911603450775,-0.7297045588493347,0.2732917070388794,0.11108182370662689,-0.01585501991212368,-0.29878848791122437,0.48986899852752686,-0.33046746253967285,-0.20008541643619537,-0.10020390152931213,-0.15402911603450775,-0.7297045588493347,0.2732917070388794,0.11108182370662689,-0.01585501991212368,-0.29878848791122437,0.48986899852752686,-0.33046746253967285,-1.9314402341842651,-0.3666728138923645,1.5862380266189575,-6.81593656539917,-2.0634124279022217,-1.6946310997009277,0.4374188780784607,-2.4233436584472656,-1.4907419681549072,0.7733314037322998,-0.40231600403785706,-0.022033199667930603,-0.14777639508247375,-1.1239036321640015,-0.004108250141143799,-0.18773746490478516,0.30834051966667175,-0.4459211826324463,0.3766748905181885,-0.17521893978118896,-10.322450637817383,4.335190773010254,3.3861899375915527,0.9210540652275085,0.19018018245697021,-0.49852079153060913,9.802694320678711,0.3721567690372467,0.0691048800945282
4.98,-0.2306607961654663,-0.09534365683794022,-0.13252410292625427,-0.8472810983657837,0.18456211686134338,0.07354744523763657,0.006968448869884014,-0.3543170392513275,0.45839202404022217,-0.3259729743003845,-0.2306607961654663,-0.09534365683794022,-0.13252410292625427,-0.8472810983657837,0.18456211686134338,0.07354744523763657,0.006968448869884014,-0.3543170392513275,0.45839202404022217,-0.3259729743003845,-1.301749587059021,0.7243795394897461,0.09349530190229416,-4.924885272979736,-5.590411186218262,-1.8623679876327515,1.793351173400879,-2.799114942550659,-1.6683685779571533,1.643305778503418,-0.16855373978614807,0.09740598499774933,-0.05511763319373131,-1.2234299182891846,0.11944425106048584,-0.28738218545913696,0.3604941666126251,-0.3691420257091522,0.30058544874191284,-0.20408737659454346,0.20609748363494873,0.057013366371393204,0.7188511490821838,0.5845667719841003,0.9535201191902161,-0.7776480317115784,9.795097351074219,0.5121306777000427,0.17288519442081451
5.0,-0.24010929465293884,-0.07595884054899216,-0.11744895577430725,-0.9430953860282898,0.1294155716896057,0.027463681995868683,0.039582766592502594,-0.37165188789367676,0.43515628576278687,-0.33758848905563354,-0.24010929465293884,-0.07595884054899216,-0.11744895577430725,-0.9430953860282898,0.1294155716896057,0.027463681995868683,0.039582766592502594,-0.37165188789367676,0.43515628576278687,-0.33758848905563354,0.1607285737991333,1.322455644607544,1.6334444284439087,-4.862142562866211,-0.6408530473709106,-2.565239191055298,1.5790895223617554,0.4115006625652313,-0.972051203250885,-0.5196648240089417,-0.29383015632629395,-0.10796906054019928,0.032510172575712204,-1.2446458339691162,0.15929776430130005,-0.20328474044799805,0.2374494969844818,-0.46735525131225586,0.35456717014312744,-0.20064708590507507,-8.469882011413574,-2.6250908374786377,-2.000718355178833,0.3775882422924042,0.9507632851600647,-1.3615586757659912,9.77666187286377,0.7216310501098633,0.363642156124115
5.02,-0.24387960135936737,-0.06303451210260391,-0.07986834645271301,-1.0347466468811035,0.1364935338497162,-0.011516431346535683,0.0624094232916832,-0.38625389337539673,0.4185095429420471,-0.343020498752594,-0.24387960135936737,-0.06303451210260391,-0.07986834645271301,-1.0347466468811035,0.1364935338497162,-0.011516431346535683,0.0624094232916832,-0.38625389337539673,0.4185095429420471,-0.343020498752594,-0.41279029846191406,0.05202491953969002,2.334272623062134,-4.140824794769287,0.7983448505401611,-1.5415536165237427,0.8126195669174194,-2.0040860176086426,-0.77043616771698,-0.41347771883010864,-0.11664320528507233,-0.1445617824792862,0.029570605605840683,-1.3078320026397705,0.4263730049133301,-0.2687651515007019,0.21491697430610657,-0.39330267906188965,0.37537404894828796,-0.17427963018417358,-2.667597532272339,-1.552366018295288,-0.651637852191925,-0.021732693538069725,0.4675636291503906,-0.7299235463142395,9.753316879272461,0.9234710931777954,0.5060756206512451
5.04,-0.23987720906734467,-0.06994130462408066,-0.034706681966781616,-1.1103787422180176,0.25386807322502136,-0.04407598450779915,0.07396531850099564,-0.3994927704334259,0.40842244029045105,-0.35110631585121155,-0.23987720906734467,-0.06994130462408066,-0.034706681966781616,-1.1103787422180176,0.25386807322502136,-0.04407598450779915,0.07396531850099564,-0.3994927704334259,0.40842244029045105,-0.35110631585121155,0.636196494102478,-0.5202143788337708,2.083653688430786,-3.574749708175659,8.242829322814941,-1.6883339881896973,0.47137561440467834,-0.20704060792922974,-0.3088854253292084,-0.4485374093055725,-0.24133892357349396,-0.13051532208919525,0.10192788392305374,-1.3094052076339722,0.6872361898422241,-0.04953211545944214,0.10031336545944214,-0.3796026408672333,0.49217119812965393,-0.23655876517295837,-7.614171028137207,-1.5498449802398682,-2.2401397228240967,-0.3530912697315216,0.19444945454597473,-0.9956087470054626,9.733263969421387,1.0843207836151123,0.569145143032074
5.06,-0.23634305596351624,-0.08036655187606812,0.013793296180665493,-1.1735962629318237,0.46097925305366516,-0.05969209223985672,0.0778881385922432,-0.404066801071167,0.4220898449420929,-0.3692091703414917,-0.23634305596351624,-0.08036655187606812,0.013793296180665493,-1.1735962629318237,0.46097925305366516,-0.05969209223985672,0.0778881385922432,-0.404066801071167,0.4220898449420929,-0.3692091703414917,-0.08825204521417618,-0.484357088804245,2.8287158012390137,-2.6506423950195312,10.95349407196045,-0.16610169410705566,-0.033801790326833725,-0.2618458867073059,1.4311577081680298,-1.2789098024368286,0.028701722621917725,-0.15386773645877838,0.0991809293627739,-1.2008635997772217,0.6568416357040405,-0.24905061721801758,0.11261440813541412,-0.4100664556026459,0.507662296295166,-0.2883087992668152,-6.585180282592773,-1.281085729598999,-2.312650203704834,-0.3782252073287964,0.01721363328397274,-0.3466285169124603,9.716951370239258,1.2076904773712158,0.598703145980835
5.08,-0.21812404692173004,-0.09073815494775772,0.0611843504011631,-1.1972308158874512,0.588733434677124,-0.07509933412075043,0.0769624263048172,-0.4100719690322876,0.4487242102622986,-0.39620542526245117,-0.21812404692173004,-0.09073815494775772,0.0611843504011631,-1.1972308158874512,0.588733434677124,-0.07509933412075043,0.0769624263048172,-0.4100719690322876,0.4487242102622986,-0.39620542526245117,1.5725641250610352,-0.5725752115249634,1.8778762817382812,-0.18652233481407166,3.48356556892395,-1.1427987813949585,-0.0643642246723175,-0.31662648916244507,1.3350999355316162,-1.4347327947616577,-0.3426593840122223,-0.027861788868904114,0.14530615508556366,-1.2170192003250122,0.89654541015625,0.0219915509223938,0.10306412726640701,-0.4012780487537384,0.5991729497909546,-0.07162460684776306,-6.993969440460205,-1.3081185817718506,-2.441744565963745,-0.3913761079311371,-0.06070529296994209,-1.0505174398422241,9.699604034423828,1.338550329208374,0.6017221212387085
5.1,-0.21141082048416138,-0.09310531616210938,0.1022191122174263,-1.2046222686767578,0.7217118740081787,-0.07692728191614151,0.07468479871749878,-0.41200095415115356,0.4898652136325836,-0.43087130784988403,-0.21141082048416138,-0.09310531616210938,0.1022191122174263,-1.2046222686767578,0.7217118740081787,-0.07692728191614151,0.07468479871749878,-0.41200095415115356,0.4898652136325836,-0.43087130784988403,-0.553821861743927,0.2824256420135498,2.183197498321533,-0.3479729890823364,8.249126434326172,0.5678107738494873,-0.11333027482032776,0.08892984688282013,2.4251813888549805,-1.891263723373413,-0.2775210738182068,0.09102047979831696,0.2100732922554016,-0.9381814002990723,0.8544113039970398,0.13908874988555908,0.1604233682155609,-0.39137592911720276,0.6376742720603943,-0.054305583238601685,-8.457221031188965,-2.028201103210449,-3.014918804168701,0.05632559210062027,0.010797454044222832,0.03546978533267975,9.68585205078125,1.4358521699905396,0.5989112257957458
5.12,-0.21964535117149353,-0.07646109163761139,0.14845295250415802,-1.1659198999404907,0.8098110556602478,-0.06249397248029709,0.0769617035984993,-0.40866756439208984,0.5401575565338135,-0.47047337889671326,-0.21964535117149353,-0.07646109163761139,0.14845295250415802,-1.1659198999404907,0.8098110556602478,-0.06249397248029709,0.0769617035984993,-0.40866756439208984,0.5401575565338135,-0.47047337889671326,-0.3099726438522339,1.1772381067276,2.4501144886016846,3.813530206680298,2.094756841659546,0.9153770804405212,0.24409709870815277,0.1503976583480835,2.6155333518981934,-2.045377016067505,-0.245899498462677,-0.03447180986404419,0.12126468867063522,-0.7561990022659302,0.800926148891449,0.10127139091491699,0.15655873715877533,-0.37810882925987244,0.652116060256958,-0.3007866144180298,-8.100605010986328,-2.529097557067871,-2.762948989868164,0.11750707030296326,0.2536686956882477,0.28552472591400146,9.688352584838867,1.4096208810806274,0.6203904151916504
5.14,-0.22222194075584412,-0.0640992671251297,0.16728858649730682,-1.0660603046417236,0.8153932690620422,-0.0461018942296505,0.07915358245372772,-0.40540769696235657,0.5881140232086182,-0.5091389417648315,-0.22222194075584412,-0.0640992671251297,0.16728858649730682,-1.0660603046417236,0.8153932690620422,-0.0461018942296505,0.07915358245372772,-0.40540769696235657,0.5881140232086182,-0.5091389417648315,-0.037309687584638596,0.19804733991622925,-0.39996597170829773,5.749145030975342,-0.6366257667541504,0.7291550040245056,0.02738695591688156,0.22099095582962036,2.2276647090911865,-1.8540823459625244,-0.23724894225597382,0.07119087874889374,0.07590996474027634,-0.6272401809692383,0.715617299079895,0.03283095359802246,0.14741763472557068,-0.31877073645591736,0.6623965501785278,-0.30343908071517944,-8.269949913024902,-2.180950880050659,-3.1818687915802,0.13622070848941803,-0.004791958723217249,0.30595535039901733,9.695436477661133,1.3512120246887207,0.6394048929214478
5.16,-0.2218092679977417,-0.054441455751657486,0.1475253403186798,-0.946503221988678,0.772719144821167,-0.036705099046230316,0.08271507173776627,-0.3941427171230316,0.6279303431510925,-0.5455808639526367,-0.2218092679977417,-0.054441455751657486,0.1475253403186798,-0.946503221988678,0.772719144821167,-0.036705099046230316,0.08271507173776627,-0.3941427171230316,0.6279303431510925,-0.5455808639526367,-0.0005747557734139264,0.7314900159835815,-1.4221627712249756,6.063834190368652,-2.774496078491211,0.26750946044921875,0.25153034925460815,0.8499346971511841,1.8038008213043213,-1.790050983428955,-0.22334671020507812,0.015048757195472717,0.11461722105741501,-0.5222684144973755,0.5832460522651672,0.044047802686691284,0.07782390713691711,-0.31306180357933044,0.7734057307243347,-0.27866142988204956,-7.809036731719971,-1.9466381072998047,-3.701195478439331,0.6797027587890625,0.047626979649066925,0.22554998099803925,9.702179908752441,1.3051323890686035,0.6328027248382568
5.18,-0.22257597744464874,-0.04282839968800545,0.12384656816720963,-0.826942503452301,0.685693085193634,-0.03010239638388157,0.08284682780504227,-0.36829718947410583,0.6678323149681091,-0.582015872001648,-0.22257597744464874,-0.04282839968800545,0.12384656816720963,-0.826942503452301,0.685693085193634,-0.03010239638388157,0.08284682780504227,-0.36829718947410583,0.6678323149681091,-0.582015872001648,-0.019762473180890083,0.4417267441749573,-0.6973121166229248,5.868921756744385,-4.942074775695801,0.38018083572387695,-0.16977214813232422,1.6706019639968872,2.16141939163208,-1.985716462135315,-0.47533905506134033,-0.18846391141414642,0.13401485979557037,-0.54459547996521,0.5181501507759094,0.23121336102485657,-0.010106917470693588,-0.2078324258327484,0.8168708086013794,-0.2122877538204193,-3.8139398097991943,-0.4242485463619232,-2.2799737453460693,0.952195405960083,-0.30115005373954773,0.2597332298755646,9.710237503051758,1.267120122909546,0.5846377611160278
5.2,-0.2420952320098877,-0.047877997159957886,0.11862917989492416,-0.7486913204193115,0.5242751240730286,-0.010278398171067238,0.07181937992572784,-0.31716015934944153,0.7169779539108276,-0.621549665927887,-0.2420952320098877,-0.047877997159957886,0.11862917989492416,-0.7486913204193115,0.5242751240730286,-0.010278398171067238,0.07181937992572784,-0.31716015934944153,0.7169779539108276,-0.621549665927887,-1.6306307315826416,-0.6938827633857727,0.27666592597961426,1.1595112085342407,-16.0861759185791,1.2196027040481567,-0.6183037757873535,3.270714521408081,2.4758269786834717,-1.656105875968933,-0.46669840812683105,-0.12679080665111542,0.15902742743492126,-0.613510012626648,0.3878457248210907,0.2851719856262207,-0.05009164661169052,-0.2575155198574066,0.9003010392189026,0.1601831316947937,-12.109750747680664,-1.3046631813049316,0.7812002301216125,1.0091755390167236,-0.7836897969245911,0.7971433997154236,9.730656623840332,1.1658400297164917,0.43731456995010376
5.22,-0.2723068296909332,-0.055352430790662766,0.12515737116336823,-0.7628857493400574,0.39373496174812317,0.01646113023161888,0.06173685938119888,-0.27536895871162415,0.7698361277580261,-0.6431757807731628,-0.2723068296909332,-0.055352430790662766,0.12515737116336823,-0.7628857493400574,0.39373496174812317,0.01646113023161888,0.06173685938119888,-0.27536895871162415,0.7698361277580261,-0.6431757807731628,-1.4152610301971436,0.13527092337608337,0.37513211369514465,-2.578279972076416,2.304882764816284,1.3630752563476562,-0.3139360249042511,0.7605741620063782,2.7747840881347656,-0.015739286318421364,-0.28986525535583496,-0.15343128144741058,0.17487864196300507,-0.6166201829910278,0.3829496502876282,0.2667309641838074,-0.07619670033454895,-0.29956379532814026,0.9666452407836914,-0.014072835445404053,-22.302778244018555,-1.0040289163589478,3.8511478900909424,0.507535994052887,-0.269512802362442,0.6109511256217957,9.751448631286621,1.0294532775878906,0.29252156615257263
5.24,-0.28280141949653625,-0.057715386152267456,0.1280856877565384,-0.7872127890586853,0.41823604702949524,0.042558323591947556,0.049357980489730835,-0.28024324774742126,0.8273516297340393,-0.6211326718330383,-0.28280141949653625,-0.057715386152267456,0.1280856877565384,-0.7872127890586853,0.41823604702949524,0.042558323591947556,0.049357980489730835,-0.28024324774742126,0.8273516297340393,-0.6211326718330383,0.018406104296445847,-0.2656002342700958,0.02763357385993004,-0.4247625768184662,0.693585216999054,1.2686768770217896,-0.8132649660110474,-0.7544777989387512,2.9512200355529785,1.8886849880218506,-0.09759372472763062,-0.15498049557209015,0.1604710817337036,-0.5374552011489868,0.24613475799560547,0.10351301729679108,-0.0853860005736351,-0.33266496658325195,0.9550536274909973,-0.10999572277069092,-15.464468955993652,-1.3419924974441528,1.9838261604309082,-0.025498205795884132,-0.36681845784187317,0.22515539824962616,9.760977745056152,0.9533773064613342,0.22467850148677826
5.26,-0.2667934000492096,-0.06331107020378113,0.12760770320892334,-0.7778387665748596,0.4230847954750061,0.056432321667671204,0.033025842159986496,-0.30043157935142517,0.8751823306083679,-0.5709707140922546,-0.2667934000492096,-0.06331107020378113,0.12760770320892334,-0.7778387665748596,0.4230847954750061,0.056432321667671204,0.033025842159986496,-0.30043157935142517,0.8751823306083679,-0.5709707140922546,1.3272616863250732,-0.28788986802101135,-0.052705176174640656,1.15678870677948,-0.11513105034828186,0.329647958278656,-0.828584611415863,-1.1910287141799927,1.9857707023620605,2.9981980323791504,-0.03547626733779907,-0.16426920890808105,0.08254782110452652,-0.5668224096298218,0.15755975246429443,0.07211989164352417,-0.1143738180398941,-0.37010282278060913,0.9775540828704834,-0.11455082893371582,-14.585833549499512,-1.7136858701705933,1.7223060131072998,-0.03713148459792137,-0.27392062544822693,-0.2817380428314209,9.761520385742188,0.9605525732040405,0.16174043715000153
5.28,-0.23703600466251373,-0.07111363112926483,0.1243559941649437,-0.7469407320022583,0.41600877046585083,0.06216185912489891,0.014078170992434025,-0.32727211713790894,0.9106887578964233,-0.5030918121337891,-0.23703600466251373,-0.07111363112926483,0.1243559941649437,-0.7469407320022583,0.41600877046585083,0.06216185912489891,0.014078170992434025,-0.32727211713790894,0.9106887578964233,-0.5030918121337891,1.5825843811035156,-0.4494412839412689,-0.27215510606765747,1.7507870197296143,-0.49754562973976135,0.2615240514278412,-1.0202772617340088,-1.4450263977050781,1.6444756984710693,3.620497703552246,-0.07186263799667358,-0.21749550104141235,-0.013818532228469849,-0.6132561564445496,-0.6288015842437744,0.11027146875858307,-0.14087241888046265,-0.33292150497436523,0.9845681190490723,-0.0260331928730011,-10.603808403015137,-0.9539502859115601,0.5386412739753723,-0.04777016490697861,-0.31002089381217957,-0.2907659709453583,9.756924629211426,1.0137324333190918,0.10429414361715317
5.3,-0.21085351705551147,-0.08581598848104477,0.09198527038097382,-0.7165505290031433,0.4042123258113861,0.07014051079750061,-0.006754274945706129,-0.3435766398906708,0.9410171508789062,-0.4274806082248688,-0.21085351705551147,-0.08581598848104477,0.09198527038097382,-0.7165505290031433,0.4042123258113861,0.07014051079750061,-0.006754274945706129,-0.3435766398906708,0.9410171508789062,-0.4274806082248688,1.102776288986206,-0.9626520872116089,-2.9027042388916016,1.2789876461029053,-0.6260378360748291,0.4443683922290802,-1.0221893787384033,-0.21793125569820404,1.381337285041809,3.872375011444092,-0.09168368577957153,-0.22608835995197296,-0.06981442868709564,-0.5879939198493958,-0.20535880327224731,0.12130452692508698,-0.12196509540081024,-0.33150336146354675,0.9600645899772644,0.4969136714935303,-9.071148872375488,-0.3486904203891754,-0.09862998127937317,0.14039397239685059,-0.4584052562713623,-0.12568137049674988,9.75346851348877,1.0512255430221558,0.02968927100300789
5.32,-0.19143415987491608,-0.10441272705793381,0.028114616870880127,-0.6923536062240601,0.39022353291511536,0.07790053635835648,-0.024909190833568573,-0.3402402997016907,0.9631962776184082,-0.35057130455970764,-0.19143415987491608,-0.10441272705793381,0.028114616870880127,-0.6923536062240601,0.39022353291511536,0.07790053635835648,-0.024909190833568573,-0.3402402997016907,0.9631962776184082,-0.35057130455970764,0.8588313460350037,-0.8710818290710449,-3.2630653381347656,1.1967426538467407,-0.7728574275970459,0.3539828360080719,-0.8227309584617615,0.36893218755722046,0.8740561604499817,3.808856964111328,-0.19930866360664368,-0.2033919095993042,-0.1438969075679779,-0.5898811221122742,-0.2736857533454895,0.2518523335456848,-0.10882826149463654,-0.2780854105949402,0.8847488164901733,0.16778725385665894,-9.715367317199707,-1.043893814086914,-0.028235727921128273,0.5108824968338013,-0.4294067323207855,-0.03931659832596779,9.75132942199707,1.0692925453186035,-0.06544312834739685
5.34,-0.18424120545387268,-0.12031520158052444,-0.0375872366130352,-0.6719831228256226,0.37069636583328247,0.0901363343000412,-0.03777334839105606,-0.32178887724876404,0.9754208326339722,-0.27515527606010437,-0.18424120545387268,-0.12031520158052444,-0.0375872366130352,-0.6719831228256226,0.37069636583328247,0.0901363343000412,-0.03777334839105606,-0.32178887724876404,0.9754208326339722,-0.27515527606010437,0.001113187987357378,-0.753278374671936,-3.343380928039551,0.956430196762085,-1.1539313793182373,0.7693206071853638,-0.49520426988601685,1.3345818519592285,0.31117191910743713,3.719613790512085,-0.2042773962020874,-0.11971356719732285,-0.16622376441955566,-0.5410535335540771,0.023916423320770264,0.33560168743133545,-0.026656344532966614,-0.22497855126857758,0.962676465511322,-0.18327319622039795,-10.953022003173828,-1.984492540359497,-0.48881766200065613,0.8910472393035889,-0.4054435193538666,0.4540109634399414,9.754598617553711,1.0285457372665405,-0.16124005615711212
5.36,-0.18666373193264008,-0.12694858014583588,-0.0934092253446579,-0.64682936668396,0.34620726108551025,0.11065378040075302,-0.03793900087475777,-0.28714269399642944,0.9784395694732666,-0.21834178268909454,-0.18666373193264008,-0.12694858014583588,-0.0934092253446579,-0.64682936668396,0.34620726108551025,0.11065378040075302,-0.03793900087475777,-0.28714269399642944,0.9784395694732666,-0.21834178268909454,-0.16166098415851593,0.007201381027698517,-2.4448604583740234,1.5051178932189941,-1.0904337167739868,1.257112979888916,0.31492340564727783,1.8968477249145508,-0.04674077779054642,1.8524092435836792,-0.1805839240550995,-0.11189527064561844,-0.10055402666330338,-0.5064195394515991,0.20429685711860657,0.27431702613830566,-0.06633752584457397,-0.1393882930278778,1.0237144231796265,-0.2341335117816925,-4.8662590980529785,-0.14308038353919983,1.987754464149475,0.9401792883872986,0.012774833478033543,0.7881631255149841,9.765984535217285,0.9010055065155029,-0.2232351005077362
5.38,-0.18677444756031036,-0.12418361008167267,-0.11739005893468857,-0.6140346527099609,0.33781909942626953,0.13298936188220978,-0.03531147167086601,-0.24230724573135376,0.9832285642623901,-0.21631412208080292,-0.18677444756031036,-0.12418361008167267,-0.11739005893468857,-0.6140346527099609,0.33781909942626953,0.13298936188220978,-0.03531147167086601,-0.24230724573135376,0.9832285642623901,-0.21631412208080292,0.09870101511478424,0.18039163947105408,-0.09169138222932816,1.6828267574310303,0.2415674924850464,0.9710893034934998,-0.05978935956954956,2.7253546714782715,0.5636293292045593,-0.7636662721633911,-0.08276346325874329,-0.11778924614191055,-0.06164146214723587,-0.43230560421943665,0.2245909571647644,0.35188889503479004,-0.1938622146844864,-0.12496425956487656,0.9170262217521667,-0.31678298115730286,-2.234645128250122,0.28712815046310425,0.4990866780281067,1.1115366220474243,-0.05046458542346954,0.6479151248931885,9.77820873260498,0.7529427409172058,-0.23625409603118896
5.4,-0.18667642772197723,-0.11830729991197586,-0.10469261556863785,-0.5899456739425659,0.33015233278274536,0.14871430397033691,-0.04205448925495148,-0.19757115840911865,0.9803273677825928,-0.2550933063030243,-0.18667642772197723,-0.11830729991197586,-0.10469261556863785,-0.5899456739425659,0.33015233278274536,0.14871430397033691,-0.04205448925495148,-0.19757115840911865,0.9803273677825928,-0.2550933063030243,0.2060934454202652,0.26114505529403687,0.6433808207511902,1.3297477960586548,-0.6821161508560181,0.7839063405990601,-0.7429028153419495,1.8044085502624512,-0.8020381927490234,-2.591838836669922,-0.12639120221138,-0.17929285764694214,-0.18133190274238586,-0.5061087608337402,-0.16951560974121094,0.18094101548194885,-0.21237751841545105,-0.1232403814792633,0.5148428082466125,-0.6865346431732178,-9.990267753601074,-0.2107994109392166,3.437063455581665,0.7764058709144592,0.07985588163137436,0.41810810565948486,9.785801887512207,0.6448823809623718,-0.24147330224514008
5.42,-0.18075530230998993,-0.11740973591804504,-0.10980762541294098,-0.5661274194717407,0.3182990252971649,0.15415626764297485,-0.06171479821205139,-0.16661673784255981,0.9026532769203186,-0.4240432381629944,-0.18075530230998993,-0.11740973591804504,-0.10980762541294098,-0.5661274194717407,0.3182990252971649,0.15415626764297485,-0.06171479821205139,-0.16661673784255981,0.9026532769203186,-0.4240432381629944,0.22403079271316528,-0.15127842128276825,-1.5820671319961548,0.9873279929161072,-0.3412204384803772,-0.030440429225564003,-1.1154953241348267,1.3694225549697876,-6.512004375457764,-12.004629135131836,-0.23535946011543274,0.04282612353563309,-0.19572068750858307,-0.5780351161956787,-0.39339661598205566,0.161131352186203,-0.029076606035232544,-0.2514210343360901,0.23091161251068115,-0.4325203001499176,-4.515750408172607,-0.18822206556797028,1.4976990222930908,0.6268959641456604,-0.02474760077893734,0.3464984595775604,9.790210723876953,0.5746425986289978,-0.24013277888298035
5.44,-0.1840571165084839,-0.10704617947340012,-0.13320793211460114,-0.5562106966972351,0.3053709864616394,0.15400123596191406,-0.06789065897464752,-0.16674211621284485,0.7364867925643921,-0.48515403270721436,-0.1840571165084839,-0.10704617947340012,-0.13320793211460114,-0.5562106966972351,0.3053709864616394,0.15400123596191406,-0.06789065897464752,-0.16674211621284485,0.7364867925643921,-0.48515403270721436,-0.45108142495155334,1.0252597332000732,-1.696956753730774,0.14038576185703278,-0.7274974584579468,-0.008045156486332417,0.3222162127494812,-1.5832849740982056,-9.374484062194824,2.1575217247009277,-0.33224615454673767,0.28061333298683167,-0.29724636673927307,-0.5816715955734253,-0.43766242265701294,-0.2696227431297302,0.2114950716495514,-0.4559122323989868,0.17021316289901733,-0.19617050886154175,-3.512986421585083,0.9362225532531738,2.848301410675049,0.5302802324295044,0.8844923973083496,0.5726661086082458,9.796785354614258,0.4815182685852051,-0.16503095626831055
5.46,-0.18821170926094055,-0.07075787335634232,-0.18124915659427643,-0.5603494048118591,0.2875520884990692,0.13572177290916443,-0.04180976003408432,-0.24792733788490295,0.5577981472015381,-0.36529767513275146,-0.18821170926094055,-0.07075787335634232,-0.18124915659427643,-0.5603494048118591,0.2875520884990692,0.13572177290916443,-0.04180976003408432,-0.24792733788490295,0.5577981472015381,-0.36529767513275146,-0.19436205923557281,2.429332733154297,-3.0314688682556152,-0.6831182241439819,-1.1599704027175903,-1.6880160570144653,2.132138967514038,-6.146045684814453,-8.16811752319336,7.707981109619141,-0.19850297272205353,-0.010759934782981873,-0.15918245911598206,-1.2446262836456299,-0.19696122407913208,-0.1613842248916626,0.2630471885204315,-0.47658368945121765,0.21435481309890747,0.32441461086273193,-3.476728916168213,0.772447407245636,2.932417869567871,1.1188850402832031,2.062209367752075,-0.03830951824784279,9.799945831298828,0.42883527278900146,0.11516678333282471
5.48,-0.1992877870798111,-0.0552297979593277,-0.2083270400762558,-0.6488682627677917,0.22849270701408386,0.09761693328619003,-0.01518683135509491,-0.26350608468055725,0.5179035067558289,-0.35626691579818726,-0.1992877870798111,-0.0552297979593277,-0.2083270400762558,-0.6488682627677917,0.22849270701408386,0.09761693328619003,-0.01518683135509491,-0.26350608468055725,0.5179035067558289,-0.35626691579818726,-1.0496058464050293,0.48465219140052795,0.24903492629528046,-8.337261199951172,-7.71811580657959,-2.6653707027435303,1.2815403938293457,-3.2406842708587646,-3.2437257766723633,1.040980577468872,-0.28542354702949524,-0.04879598319530487,-0.12556448578834534,-1.272497296333313,-0.2548832297325134,-0.15609681606292725,0.2233670949935913,-0.43542471528053284,0.36177998781204224,-0.02560541033744812,-5.728302955627441,-0.36365804076194763,-1.3907470703125,1.0945934057235718,0.7611140012741089,-0.604027271270752,9.792023658752441,0.5101969838142395,0.3034352958202362
5.5,-0.22497567534446716,-0.049377959221601486,-0.19195568561553955,-0.8072034120559692,0.13704435527324677,0.05288838595151901,0.01125078834593296,-0.3403129279613495,0.4630025327205658,-0.3293265998363495,-0.22497567534446716,-0.049377959221601486,-0.19195568561553955,-0.8072034120559692,0.13704435527324677,0.05288838595151901,0.01125078834593296,-0.3403129279613495,0.4630025327205658,-0.3293265998363495,-1.2489742040634155,0.08874642848968506,1.208738923072815,-7.340468883514404,-4.805008888244629,-1.8740861415863037,1.2330964803695679,-3.2865326404571533,-2.097241163253784,1.0067812204360962,-0.3874944746494293,-0.039424583315849304,-0.04328051581978798,-1.2764921188354492,-0.007041573524475098,-0.10930651426315308,0.23564761877059937,-0.44098347425460815,0.37733906507492065,-0.12538263201713562,-3.67219877243042,1.6205990314483643,-0.5349494814872742,0.49281373620033264,0.8007147312164307,-0.5489011406898499,9.779640197753906,0.6239272356033325,0.4532758891582489
5.52,-0.24774684011936188,-0.0461018867790699,-0.1503366380929947,-0.9452630877494812,0.03796517103910446,0.02344966121017933,0.03503673896193504,-0.39101436734199524,0.4344324469566345,-0.3186826705932617,-0.24774684011936188,-0.0461018867790699,-0.1503366380929947,-0.9452630877494812,0.03796517103910446,0.02344966121017933,0.03503673896193504,-0.39101436734199524,0.4344324469566345,-0.3186826705932617,-1.0736433267593384,0.20682471990585327,2.724881172180176,-6.313265323638916,-2.2405049800872803,-1.179956316947937,1.152298092842102,-1.9506908655166626,-1.014424443244934,0.036240119487047195,-0.4008784592151642,-0.04650492966175079,0.0077226422727108,-1.3107993602752686,0.04259788990020752,-0.1110045313835144,0.18455500900745392,-0.42443549633026123,0.4077872335910797,-0.20205557346343994,-3.1723103523254395,-0.9443635940551758,-0.6457774043083191,0.11891329288482666,0.7797027230262756,-0.4368334710597992,9.764010429382324,0.7321003675460815,0.6035140752792358
5.54,-0.26666077971458435,-0.04437323287129402,-0.09170952439308167,-1.0567231178283691,0.02673320285975933,0.0043859099969267845,0.05518773943185806,-0.4142502248287201,0.4219284653663635,-0.3306751251220703,-0.26666077971458435,-0.04437323287129402,-0.09170952439308167,-1.0567231178283691,0.02673320285975933,0.0043859099969267845,0.05518773943185806,-0.4142502248287201,0.4219284653663635,-0.3306751251220703,-0.8424660563468933,-0.0028140193317085505,3.0692310333251953,-4.977983474731445,0.3901180624961853,-0.8158121705055237,0.8824690580368042,-0.578761637210846,-0.33700940012931824,-1.1354855298995972,-0.2533690333366394,-0.09516473114490509,-0.009753737598657608,-1.3185005187988281,0.14598578214645386,-0.17733412981033325,0.16991111636161804,-0.4249349534511566,0.3879104554653168,-0.19469070434570312,-2.6325666904449463,-0.5687193870544434,-0.7687763571739197,-0.04933127760887146,0.6131601929664612,-0.3141430616378784,9.749133110046387,0.8020629286766052,0.7397305965423584
5.56,-0.2703201174736023,-0.051819730550050735,-0.04225583001971245,-1.1380977630615234,0.07397351413965225,-0.014848417602479458,0.06465774774551392,-0.41714775562286377,0.4219164550304413,-0.3427806496620178,-0.2703201174736023,-0.051819730550050735,-0.04225583001971245,-1.1380977630615234,0.07397351413965225,-0.014848417602479458,0.06465774774551392,-0.41714775562286377,0.4219164550304413,-0.3427806496620178,0.1994752138853073,-0.4676976501941681,1.8821049928665161,-3.4568793773651123,3.262096643447876,-1.126639723777771,0.37009596824645996,-0.027504218742251396,-0.015902886167168617,-0.4002278745174408,-0.11000125110149384,-0.08032919466495514,0.01434570923447609,-1.3498752117156982,0.3922606110572815,-0.2643471956253052,0.18422234058380127,-0.3911474049091339,0.4121100902557373,-0.21998187899589539,-8.3702392578125,-1.780338168144226,-2.6554131507873535,-0.08816004544496536,0.22851915657520294,-0.6980903744697571,9.734709739685059,0.9017865061759949,0.8113610744476318
5.58,-0.2576327323913574,-0.05853781849145889,-0.012046042829751968,-1.1993780136108398,0.213603675365448,-0.04213087260723114,0.07287110388278961,-0.4161246716976166,0.42144131660461426,-0.3528893291950226,-0.2576327323913574,-0.05853781849145889,-0.012046042829751968,-1.1993780136108398,0.213603675365448,-0.04213087260723114,0.07287110388278961,-0.4161246716976166,0.42144131660461426,-0.3528893291950226,0.9347071051597595,-0.2442920207977295,1.3083064556121826,-2.7745416164398193,8.576875686645508,-1.4958795309066772,0.4088156819343567,0.12137097865343094,0.0721888467669487,-0.6250696182250977,-5.990266799926758e-05,-0.11512608826160431,0.11099807173013687,-1.3412721157073975,0.5463899374008179,-0.2602793574333191,0.11516253650188446,-0.40134498476982117,0.4601827561855316,-0.2799343466758728,-7.587634086608887,-1.3857680559158325,-2.4427738189697266,-0.01893428899347782,0.22434338927268982,-0.9706006050109863,9.714791297912598,1.0609744787216187,0.8563063740730286
5.6,-0.23406453430652618,-0.06458073854446411,0.02230709046125412,-1.2442303895950317,0.3840175271034241,-0.07071303576231003,0.0768168568611145,-0.4139665365219116,0.43030211329460144,-0.3699190318584442,-0.23406453430652618,-0.06458073854446411,0.02230709046125412,-1.2442303895950317,0.3840175271034241,-0.07071303576231003,0.0768168568611145,-0.4139665365219116,0.43030211329460144,-0.3699190318584442,1.3852496147155762,-0.3724783957004547,2.3058316707611084,-1.8033150434494019,7.9738593101501465,-1.348109245300293,-0.013932286761701107,0.09370764344930649,0.7980430126190186,-1.061735987663269,0.047276973724365234,-0.1316063553094864,0.13743378221988678,-1.260269045829773,0.7527647018432617,-0.20277589559555054,0.07108637690544128,-0.44799691438674927,0.5364335775375366,-0.2976984977722168,-6.302180767059326,-1.2115929126739502,-2.3977267742156982,0.01767854392528534,-0.0004132194444537163,-1.0647605657577515,9.689236640930176,1.2573118209838867,0.8797520995140076
5.62,-0.20360314846038818,-0.07375217229127884,0.07006967812776566,-1.2624441385269165,0.5636999607086182,-0.0914926826953888,0.07240530848503113,-0.4152195453643799,0.45725351572036743,-0.396748423576355,-0.20360314846038818,-0.07375217229127884,0.07006967812776566,-1.2624441385269165,0.5636999607086182,-0.0914926826953888,0.07240530848503113,-0.4152195453643799,0.45725351572036743,-0.396748423576355,1.6267396211624146,-0.5092369914054871,2.357893228530884,-0.13278907537460327,9.151082038879395,-0.7875147461891174,-0.3613990545272827,-0.1925252079963684,1.7824496030807495,-1.5671621561050415,-0.005497068166732788,-0.012067034840583801,0.14294157922267914,-1.112303376197815,0.9097893238067627,-0.02469325065612793,0.10370395332574844,-0.45904532074928284,0.5964207649230957,-0.24610599875450134,-6.950639724731445,-1.6227787733078003,-2.45987606048584,-0.14749173820018768,-0.16708850860595703,-0.9579408764839172,9.663529396057129,1.4526338577270508,0.8614786863327026
5.64,-0.1759461760520935,-0.07502207905054092,0.11357720196247101,-1.2403093576431274,0.7394050359725952,-0.09608577191829681,0.06732679903507233,-0.42029017210006714,0.5028702020645142,-0.4329025149345398,-0.1759461760520935,-0.07502207905054092,0.11357720196247101,-1.2403093576431274,0.7394050359725952,-0.09608577191829681,0.06732679903507233,-0.42029017210006714,0.5028702020645142,-0.4329025149345398,1.177821159362793,0.2926095128059387,1.8762317895889282,2.149601459503174,8.235166549682617,0.19073233008384705,-0.14729754626750946,-0.3276159167289734,2.581432342529297,-1.9476933479309082,-0.05007898807525635,0.0507538765668869,0.14866288006305695,-0.950767457485199,1.0043225288391113,0.07485076785087585,0.16267096996307373,-0.4348847270011902,0.6501237154006958,-0.24253049492835999,-8.712827682495117,-2.7627363204956055,-2.9208004474639893,-0.27784818410873413,0.03687838092446327,-0.4465429484844208,9.643136024475098,1.5877647399902344,0.8514854907989502
5.66,-0.15679657459259033,-0.06308025121688843,0.14130277931690216,-1.1756210327148438,0.8794808983802795,-0.08593907952308655,0.06746159493923187,-0.4256480932235718,0.5566554665565491,-0.47299090027809143,-0.15679657459259033,-0.06308025121688843,0.14130277931690216,-1.1756210327148438,0.8794808983802795,-0.08593907952308655,0.06746159493923187,-0.4256480932235718,0.5566554665565491,-0.47299090027809143,0.7672789096832275,0.8037629127502441,0.992435097694397,4.074791431427002,6.043736934661865,0.7299888730049133,0.12068051099777222,-0.22337256371974945,2.7344183921813965,-2.0297133922576904,-0.1210121214389801,0.07142342627048492,0.1179024800658226,-0.8156226277351379,0.9663053154945374,0.059432655572891235,0.15438969433307648,-0.45216241478919983,0.6685640215873718,-0.3058199882507324,-8.824210166931152,-2.778075695037842,-3.026005744934082,-0.2642710208892822,0.20717598497867584,-0.026010826230049133,9.633661270141602,1.6277519464492798,0.882662832736969
5.68,-0.1455117166042328,-0.04695954546332359,0.1480000764131546,-1.0833033323287964,0.9403197765350342,-0.07098042964935303,0.07040919363498688,-0.42846786975860596,0.6075179576873779,-0.5119674801826477,-0.1455117166042328,-0.04695954546332359,0.1480000764131546,-1.0833033323287964,0.9403197765350342,-0.07098042964935303,0.07040919363498688,-0.42846786975860596,0.6075179576873779,-0.5119674801826477,0.3808395564556122,0.805762767791748,-0.18455778062343597,4.982239723205566,1.2273081541061401,0.7369163036346436,0.15620967745780945,-0.050445668399333954,2.3733832836151123,-1.8736467361450195,-0.10479703545570374,0.07567863166332245,0.08144398778676987,-0.7212772369384766,0.8931328654289246,0.06841877102851868,0.13877850770950317,-0.4563482701778412,0.688117265701294,-0.41422218084335327,-8.74145793914795,-2.389991521835327,-3.657951593399048,-0.03091832809150219,0.1673823446035385,0.17787542939186096,9.633028984069824,1.6085724830627441,0.9237701892852783
5.7,-0.1387944519519806,-0.031709060072898865,0.1326604038476944,-0.9824337959289551,0.9275064468383789,-0.05776378884911537,0.07297071069478989,-0.4281131327152252,0.6522325277328491,-0.548600971698761,-0.1387944519519806,-0.031709060072898865,0.1326604038476944,-0.9824337959289551,0.9275064468383789,-0.05776378884911537,0.07297071069478989,-0.4281131327152252,0.6522325277328491,-0.548600971698761,0.3122250735759735,0.7371834516525269,-1.1921634674072266,5.028530597686768,-1.5683865547180176,0.6200901865959167,0.09541240334510803,0.05718223378062248,2.170719623565674,-1.8181684017181396,-0.16441786289215088,0.01080833375453949,0.03837238997220993,-0.561205267906189,0.6422567367553711,0.09631571173667908,0.07968568056821823,-0.41289886832237244,0.7657067775726318,-0.3889849781990051,-7.899982929229736,-2.200483798980713,-3.662841796875,0.11032598465681076,0.04993455484509468,0.2042929083108902,9.63729476928711,1.572511911392212,0.9412024021148682
5.72,-0.1361449509859085,-0.022770956158638,0.09935718029737473,-0.8736132383346558,0.8077843189239502,-0.042891889810562134,0.0708601325750351,-0.42454850673675537,0.6963831782341003,-0.5848726630210876,-0.1361449509859085,-0.022770956158638,0.09935718029737473,-0.8736132383346558,0.8077843189239502,-0.042891889810562134,0.0708601325750351,-0.42454850673675537,0.6963831782341003,-0.5848726630210876,-0.009301918558776379,0.23112063109874725,-1.9288644790649414,5.7947187423706055,-8.052163124084473,0.8206414580345154,-0.26894620060920715,0.3223769962787628,2.2553598880767822,-1.847234845161438,-0.40115997195243835,-0.04332895576953888,0.02251362055540085,-0.49106544256210327,0.5200945734977722,0.2100750207901001,0.03857961297035217,-0.2938632369041443,0.8146728873252869,-0.2273351550102234,-6.645461082458496,-1.5715199708938599,-3.244907855987549,0.3149798512458801,-0.24865403771400452,0.3913722038269043,9.648381233215332,1.5192484855651855,0.9147210121154785
5.74,-0.15173771977424622,-0.022370116785168648,0.06412471830844879,-0.7660018801689148,0.655434250831604,-0.018535364419221878,0.06258809566497803,-0.3986606299877167,0.7438003420829773,-0.6228161454200745,-0.15173771977424622,-0.022370116785168648,0.06412471830844879,-0.7660018801689148,0.655434250831604,-0.018535364419221878,0.06258809566497803,-0.3986606299877167,0.7438003420829773,-0.6228161454200745,-1.3445854187011719,-0.12748517096042633,-1.5339945554733276,5.10879373550415,-6.835287570953369,1.3860503435134888,-0.5001855492591858,2.081411123275757,2.261164426803589,-1.9436266422271729,-0.4290349781513214,-0.05174560844898224,0.17421308159828186,-0.5551886558532715,0.42014217376708984,0.15914760529994965,0.04914281517267227,-0.2653413414955139,0.8408660292625427,-0.217300146818161,-3.8538568019866943,-1.4272115230560303,-1.9457074403762817,0.9974790215492249,-0.6099753975868225,0.9387387037277222,9.675263404846191,1.401253342628479,0.8135498762130737
5.76,-0.18216177821159363,-0.020975129678845406,0.07706455886363983,-0.7146347165107727,0.4307347536087036,0.0020308366511017084,0.05523400008678436,-0.3519389033317566,0.7840171456336975,-0.656822681427002,-0.18216177821159363,-0.020975129678845406,0.07706455886363983,-0.7146347165107727,0.4307347536087036,0.0020308366511017084,0.05523400008678436,-0.3519389033317566,0.7840171456336975,-0.656822681427002,-1.39037024974823,0.1517706662416458,1.8431683778762817,0.5572260022163391,-11.74071216583252,0.7489630579948425,-0.2884484827518463,2.529353618621826,1.764762043952942,-1.8991225957870483,-0.3795489966869354,-0.07487735897302628,0.12389248609542847,-0.5773907899856567,0.4170955717563629,0.2332131415605545,-0.0031186938285827637,-0.3073163628578186,0.8812700510025024,0.033432960510253906,-10.21123218536377,-2.7275450229644775,0.11998540163040161,1.3116683959960938,-0.5863410234451294,0.667272686958313,9.706395149230957,1.2581783533096313,0.6625564694404602
5.78,-0.20791341364383698,-0.014441131614148617,0.0952179804444313,-0.7489929795265198,0.43103042244911194,0.018655674532055855,0.05392047017812729,-0.3248090445995331,0.8205660581588745,-0.6627655029296875,-0.20791341364383698,-0.014441131614148617,0.0952179804444313,-0.7489929795265198,0.43103042244911194,0.018655674532055855,0.05392047017812729,-0.3248090445995331,0.8205660581588745,-0.6627655029296875,-0.8487731218338013,0.1670689880847931,0.43124762177467346,-1.0675767660140991,0.8454421162605286,1.0445886850357056,-0.23275958001613617,0.5060055255889893,1.9458467960357666,0.6579720377922058,-0.2676839828491211,-0.12455125898122787,0.12597113847732544,-0.5866807699203491,0.24719321727752686,0.16447551548480988,-0.0782451331615448,-0.35121434926986694,0.9504002332687378,-0.04882863163948059,-17.239599227905273,-3.3688669204711914,1.5850318670272827,0.6118216514587402,-0.18874764442443848,0.559565544128418,9.72337532043457,1.1593096256256104,0.5899848341941833
5.8,-0.2152116894721985,-0.01595861092209816,0.10077189654111862,-0.7547689080238342,0.4391864240169525,0.038455840200185776,0.04276321455836296,-0.33116230368614197,0.8579065799713135,-0.633629560470581,-0.2152116894721985,-0.01595861092209816,0.10077189654111862,-0.7547689080238342,0.4391864240169525,0.038455840200185776,0.04276321455836296,-0.33116230368614197,0.8579065799713135,-0.633629560470581,-0.008003324270248413,-0.24980536103248596,0.23489031195640564,0.20119494199752808,0.15658889710903168,0.9256997108459473,-0.819486677646637,-0.8231323957443237,1.8599541187286377,2.077409505844116,-0.136185422539711,-0.14491790533065796,0.07131148874759674,-0.5760596990585327,0.19158250093460083,0.09175711870193481,-0.12440550327301025,-0.36372071504592896,0.9549938440322876,-0.11154881119728088,-14.132060050964355,-1.2981125116348267,0.9481521248817444,0.27782151103019714,-0.37904801964759827,0.39209210872650146,9.737884521484375,1.0643140077590942,0.5262545347213745
5.82,-0.20618028938770294,-0.02417842112481594,0.10306444019079208,-0.7411651611328125,0.43833088874816895,0.051452022045850754,0.02381320856511593,-0.3493649363517761,0.8901963829994202,-0.5822902917861938,-0.20618028938770294,-0.02417842112481594,0.10306444019079208,-0.7411651611328125,0.43833088874816895,0.051452022045850754,0.02381320856511593,-0.3493649363517761,0.8901963829994202,-0.5822902917861938,0.7771488428115845,-0.5298694968223572,0.015958430245518684,1.0098071098327637,-0.18756407499313354,0.4760872423648834,-1.0323184728622437,-0.9110628962516785,1.4570538997650146,2.926884174346924,-0.06328028440475464,-0.1736418455839157,-0.00012989342212677002,-0.6040211319923401,0.060676634311676025,0.061891019344329834,-0.14211109280586243,-0.3602243661880493,0.9741764068603516,-0.10401025414466858,-12.042445182800293,-0.9263526201248169,0.42494064569473267,0.14653915166854858,-0.4840430021286011,0.0639915019273758,9.746914863586426,1.021397352218628,0.43645432591438293
5.84,-0.1872684359550476,-0.038531310856342316,0.0891803577542305,-0.7188664674758911,0.43232131004333496,0.05901142582297325,0.0025439360179007053,-0.3618658185005188,0.9168574213981628,-0.5184944868087769,-0.1872684359550476,-0.038531310856342316,0.0891803577542305,-0.7188664674758911,0.43232131004333496,0.05901142582297325,0.0025439360179007053,-0.3618658185005188,0.9168574213981628,-0.5184944868087769,1.061094045639038,-0.880637526512146,-1.6553781032562256,1.1303352117538452,-0.37468600273132324,0.29119208455085754,-1.0728530883789062,-0.3642556965351105,1.2619484663009644,3.3611502647399902,-0.08147299289703369,-0.2092818319797516,-0.061585985124111176,-0.6093662977218628,-0.5864101648330688,0.10313893854618073,-0.165002703666687,-0.32427483797073364,0.963003396987915,-0.01887136697769165,-8.993556022644043,-0.27410560846328735,-0.11055359244346619,0.05941159278154373,-0.5567741990089417,-0.11763470619916916,9.750662803649902,1.0252152681350708,0.3310594856739044
5.86,-0.16916224360466003,-0.0587930828332901,0.04276350140571594,-0.6998904347419739,0.4240678548812866,0.06623245775699615,-0.01829935796558857,-0.3592310845851898,0.9402048587799072,-0.44868528842926025,-0.16916224360466003,-0.0587930828332901,0.04276350140571594,-0.6998904347419739,0.4240678548812866,0.06623245775699615,-0.01829935796558857,-0.3592310845851898,0.9402048587799072,-0.44868528842926025,0.8005246520042419,-1.0957542657852173,-2.789358139038086,0.8573698401451111,-0.5175004601478577,0.3922276794910431,-1.0264426469802856,0.5064748525619507,1.0505833625793457,3.6208596229553223,-0.10783122479915619,-0.21183019876480103,-0.1428672969341278,-0.5963757038116455,-0.29824239015579224,0.16570670902729034,-0.1496742069721222,-0.28379034996032715,0.9352235198020935,0.5630606412887573,-9.291586875915527,-0.6878113746643066,-0.34339916706085205,0.25186675786972046,-0.638164222240448,-0.0555819608271122,9.752108573913574,1.0430853366851807,0.21081960201263428
5.88,-0.15650255978107452,-0.08146815747022629,-0.024406487122178078,-0.6830847263336182,0.4135655462741852,0.07610084861516953,-0.0360245406627655,-0.33797046542167664,0.9577161073684692,-0.37588152289390564,-0.15650255978107452,-0.08146815747022629,-0.024406487122178078,-0.6830847263336182,0.4135655462741852,0.07610084861516953,-0.0360245406627655,-0.33797046542167664,0.9577161073684692,-0.37588152289390564,0.5036135911941528,-1.1217581033706665,-3.654024600982666,0.8669983148574829,-0.5669300556182861,0.5620506405830383,-0.759679913520813,1.4358304738998413,0.7024610042572021,3.6330909729003906,-0.1765599548816681,-0.1881435662508011,-0.20247703790664673,-0.5970441102981567,-0.28029876947402954,0.26056593656539917,-0.11884486675262451,-0.22821861505508423,0.8875898718833923,0.13284069299697876,-9.854900360107422,-1.2955180406570435,-0.13781467080116272,0.5559384822845459,-0.6354783773422241,0.1437503844499588,9.754731178283691,1.0371347665786743,0.07526881992816925
5.9,-0.15311577916145325,-0.10141772776842117,-0.09427370876073837,-0.666672945022583,0.3991309404373169,0.09096574038267136,-0.04711625352501869,-0.3003161549568176,0.9674559235572815,-0.30419573187828064,-0.15311577916145325,-0.10141772776842117,-0.09427370876073837,-0.666672945022583,0.3991309404373169,0.09096574038267136,-0.04711625352501869,-0.3003161549568176,0.9674559235572815,-0.30419573187828064,-0.07060551643371582,-0.9068994522094727,-3.3737967014312744,0.8273761868476868,-0.8581787943840027,0.8501397967338562,-0.40072011947631836,2.175152063369751,0.26604533195495605,3.53460431098938,-0.19051368534564972,-0.11271855980157852,-0.19619804620742798,-0.5475021600723267,0.03118234872817993,0.32801151275634766,-0.06650194525718689,-0.18202470242977142,0.9514200687408447,-0.14744803309440613,-10.501120567321777,-1.6694883108139038,-0.2637515962123871,0.8853606581687927,-0.5580176115036011,0.5106963515281677,9.761435508728027,0.9733128547668457,-0.05594896525144577
5.92,-0.15669386088848114,-0.11133939772844315,-0.14339573681354523,-0.6441150307655334,0.3808007836341858,0.11129246652126312,-0.04871838167309761,-0.25426042079925537,0.9733161330223083,-0.2406156361103058,-0.15669386088848114,-0.11133939772844315,-0.14339573681354523,-0.6441150307655334,0.3808007836341858,0.11129246652126312,-0.04871838167309761,-0.25426042079925537,0.9733161330223083,-0.2406156361103058,-0.23619700968265533,-0.16405221819877625,-1.7852966785430908,1.3795101642608643,-0.8268514275550842,1.1372429132461548,0.14946655929088593,2.227177143096924,0.3650225102901459,2.7300007343292236,-0.15229937434196472,-0.11014115065336227,-0.13461709022521973,-0.5216025114059448,0.18512758612632751,0.3173803985118866,-0.11620864272117615,-0.0991220474243164,1.0069129467010498,-0.22682085633277893,-6.038282871246338,-0.8637113571166992,1.3717485666275024,0.9963301420211792,-0.20906177163124084,0.7926774024963379,9.772534370422363,0.8429306149482727,-0.15211525559425354
5.94,-0.15983013808727264,-0.11245108395814896,-0.15705181658267975,-0.6131603717803955,0.3753017783164978,0.13291890919208527,-0.04940390586853027,-0.20607653260231018,0.9821116924285889,-0.21946366131305695,-0.15983013808727264,-0.11245108395814896,-0.15705181658267975,-0.6131603717803955,0.3753017783164978,0.13291890919208527,-0.04940390586853027,-0.20607653260231018,0.9821116924285889,-0.21946366131305695,-0.06848526746034622,-0.014439279213547707,0.2373504489660263,1.6461199522018433,0.2902583181858063,1.0547291040420532,-0.23439016938209534,2.803283214569092,0.48468926548957825,-0.07922974973917007,-0.03305646777153015,-0.14432044327259064,-0.12238716334104538,-0.47231003642082214,0.14087271690368652,0.33690452575683594,-0.22378534078598022,-0.0841110497713089,0.8333643078804016,-0.34591203927993774,-2.960871458053589,0.40229031443595886,0.9667121767997742,1.0788453817367554,-0.2562822103500366,0.7712518572807312,9.784039497375488,0.6820133328437805,-0.2086421400308609
5.96,-0.1605946272611618,-0.11058551073074341,-0.14343789219856262,-0.5914863348007202,0.36368271708488464,0.1468755155801773,-0.05896721035242081,-0.16036704182624817,0.9657599925994873,-0.26397818326950073,-0.1605946272611618,-0.11058551073074341,-0.14343789219856262,-0.5914863348007202,0.36368271708488464,0.1468755155801773,-0.05896721035242081,-0.16036704182624817,0.9657599925994873,-0.26397818326950073,0.26030704379081726,0.0016402677865698934,0.4515390992164612,1.3132520914077759,-0.6238991618156433,0.6430941224098206,-0.8850997090339661,1.9426498413085938,-1.9290074110031128,-3.448847770690918,-0.0662204921245575,-0.13764815032482147,-0.19567541778087616,-0.5034826993942261,-0.6515864133834839,0.19410645961761475,-0.20465251803398132,-0.11743105202913284,0.46933212876319885,-0.69367516040802,-9.259601593017578,0.06525445729494095,3.0854618549346924,0.585703432559967,-0.12113399803638458,0.4179830849170685,9.790472030639648,0.5701524615287781,-0.24019081890583038
5.98,-0.15284638106822968,-0.11051840335130692,-0.1454092264175415,-0.5660306811332703,0.3523259162902832,0.15165244042873383,-0.0777617022395134,-0.13292069733142853,0.8727867007255554,-0.4390173852443695,-0.15284638106822968,-0.11051840335130692,-0.1454092264175415,-0.5660306811332703,0.3523259162902832,0.15165244042873383,-0.0777617022395134,-0.13292069733142853,0.8727867007255554,-0.4390173852443695,0.31359416246414185,0.04720019921660423,-0.38884538412094116,1.0960499048233032,-0.47076258063316345,0.03027934953570366,-0.885349452495575,0.7880036234855652,-6.90264368057251,-11.74117374420166,-0.19999215006828308,0.06600279361009598,-0.1813439428806305,-0.5934522151947021,-0.316703200340271,0.08572542667388916,-0.022473841905593872,-0.2786955237388611,0.23964273929595947,-0.420579195022583,-9.080789566040039,0.3248708248138428,4.077334880828857,0.3509863018989563,0.0015597377205267549,0.36347270011901855,9.793961524963379,0.4993552565574646,-0.255062073469162
6.0,-0.15309952199459076,-0.09733892977237701,-0.15399569272994995,-0.555415689945221,0.3402870297431946,0.14950674772262573,-0.08139850944280624,-0.15327778458595276,0.7081500887870789,-0.4906628727912903,-0.15309952199459076,-0.09733892977237701,-0.15399569272994995,-0.555415689945221,0.3402870297431946,0.14950674772262573,-0.08139850944280624,-0.15327778458595276,0.7081500887870789,-0.4906628727912903,-0.32427605986595154,1.1648584604263306,-0.6086058616638184,-0.0476064458489418,-0.6742469072341919,-0.2693174183368683,0.4421398639678955,-2.8804309368133545,-8.90480899810791,2.8537774085998535,-0.30944594740867615,0.2423839420080185,-0.26321858167648315,-0.6400654315948486,-0.3812989592552185,-0.25938963890075684,0.21888568997383118,-0.48077070713043213,0.19001835584640503,-0.19070422649383545,-3.4145758152008057,1.2211915254592896,2.675617218017578,0.35102275013923645,0.9239436388015747,0.42529940605163574,9.799622535705566,0.4184028208255768,-0.1686597466468811
6.02,-0.1588546484708786,-0.0611436553299427,-0.1815110445022583,-0.5692552328109741,0.3248988389968872,0.12896566092967987,-0.05376323312520981,-0.2552569806575775,0.5427390336990356,-0.36271026730537415,-0.1588546484708786,-0.0611436553299427,-0.1815110445022583,-0.5692552328109741,0.3248988389968872,0.12896566092967987,-0.05376323312520981,-0.2552569806575775,0.5427390336990356,-0.36271026730537415,-0.3797069489955902,2.2900073528289795,-2.072272777557373,-1.3582810163497925,-0.9337330460548401,-1.6813863515853882,2.1740598678588867,-6.869762897491455,-7.451318740844727,7.896012783050537,-0.17564411461353302,-0.032831743359565735,-0.13922803103923798,-1.2283101081848145,-0.13430750370025635,-0.1575007438659668,0.2554602026939392,-0.47700071334838867,0.24548208713531494,0.28288424015045166,-3.42197322845459,1.035355567932129,2.3443713188171387,0.8913522958755493,1.954898715019226,-0.10037095099687576,9.801774978637695,0.3865547180175781,0.10900100320577621
6.04,-0.17088225483894348,-0.048923056572675705,-0.19577552378177643,-0.6632620096206665,0.2587142586708069,0.09230274707078934,-0.03068680875003338,-0.27584072947502136,0.5097689032554626,-0.3497856855392456,-0.17088225483894348,-0.048923056572675705,-0.19577552378177643,-0.6632620096206665,0.2587142586708069,0.09230274707078934,-0.03068680875003338,-0.27584072947502136,0.5097689032554626,-0.3497856855392456,-1.018694281578064,0.3709406852722168,0.5775578618049622,-8.075586318969727,-8.73009967803955,-2.572169065475464,1.1679227352142334,-3.2497315406799316,-2.792391300201416,1.2654845714569092,-0.30031317472457886,-0.045468494296073914,-0.09209063649177551,-1.2386246919631958,-0.041066884994506836,-0.14141756296157837,0.21705880761146545,-0.43498682975769043,0.3718007802963257,-0.06833171844482422,-5.658132076263428,-0.5057308077812195,-0.9619297385215759,0.8171065449714661,0.691913902759552,-0.7088132500648499,9.79404354095459,0.4867231547832489,0.2755211293697357
6.06,-0.19603851437568665,-0.0431281179189682,-0.1712578386068344,-0.8186874985694885,0.16188867390155792,0.049776334315538406,-0.006331213749945164,-0.3489602506160736,0.4636882245540619,-0.3246338665485382,-0.19603851437568665,-0.0431281179189682,-0.1712578386068344,-0.8186874985694885,0.16188867390155792,0.049776334315538406,-0.006331213749945164,-0.3489602506160736,0.4636882245540619,-0.3246338665485382,-1.221323013305664,0.1947471797466278,1.6903526782989502,-7.289895534515381,-4.090281009674072,-1.7105668783187866,1.197899341583252,-3.018125534057617,-1.6949549913406372,0.983176052570343,-0.4056040942668915,-0.03110732138156891,-0.018229875713586807,-1.2480601072311401,0.015314161777496338,-0.11971533298492432,0.22857993841171265,-0.44790974259376526,0.3830418884754181,-0.15485215187072754,-3.8280251026153564,0.2230827808380127,-0.859238862991333,0.29809269309043884,0.7756468057632446,-0.4821874499320984,9.782340049743652,0.6051430106163025,0.41920170187950134
6.08,-0.21927961707115173,-0.038585785776376724,-0.12418190389871597,-0.9508340954780579,0.06604064255952835,0.0236962977796793,0.01837911829352379,-0.3937963843345642,0.43727830052375793,-0.3189547657966614,-0.21927961707115173,-0.038585785776376724,-0.12418190389871597,-0.9508340954780579,0.06604064255952835,0.0236962977796793,0.01837911829352379,-0.3937963843345642,0.43727830052375793,-0.3189547657966614,-1.1681740283966064,0.23824337124824524,2.8435871601104736,-5.887365341186523,-2.8776636123657227,-1.054460048675537,1.208459496498108,-1.7979657649993896,-1.0898058414459229,-0.511069118976593,-0.39458000659942627,-0.04599572718143463,0.02478591725230217,-1.2796318531036377,0.06845039129257202,-0.14327079057693481,0.18965008854866028,-0.43894076347351074,0.40546005964279175,-0.19799873232841492,-2.9238760471343994,-0.9013501405715942,-0.5548633337020874,0.030676212161779404,0.7319487929344177,-0.24549248814582825,9.770018577575684,0.6809735894203186,0.5648996829986572
6.1,-0.2393539696931839,-0.03755074366927147,-0.06668996065855026,-1.0524680614471436,0.05163274332880974,0.005255619529634714,0.03913130611181259,-0.4179338216781616,0.42107659578323364,-0.336235374212265,-0.2393539696931839,-0.03755074366927147,-0.06668996065855026,-1.0524680614471436,0.05163274332880974,0.005255619529634714,0.03913130611181259,-0.4179338216781616,0.42107659578323364,-0.336235374212265,-0.7766216993331909,-0.35748136043548584,2.9005959033966064,-4.425948143005371,0.4173026382923126,-0.6872190833091736,0.537787675857544,-0.2704160213470459,-0.08453087508678436,-0.5556500554084778,-0.2803446650505066,-0.11267618834972382,0.011798661202192307,-1.3054864406585693,0.22186118364334106,-0.18602579832077026,0.15947429835796356,-0.42830589413642883,0.42885467410087585,-0.2956843972206116,-36.038997650146484,-0.6152649521827698,-14.99289608001709,-0.05582980811595917,0.5852041244506836,-0.21640244126319885,9.758747100830078,0.7214760184288025,0.6945697069168091
6.12,-0.24556584656238556,-0.04628155380487442,-0.01988198794424534,-1.1290844678878784,0.11906034499406815,-0.012431647628545761,0.047467947006225586,-0.41816020011901855,0.4229404032230377,-0.34597447514533997,-0.24556584656238556,-0.04628155380487442,-0.01988198794424534,-1.1290844678878784,0.11906034499406815,-0.012431647628545761,0.047467947006225586,-0.41816020011901855,0.4229404032230377,-0.34597447514533997,-0.0400344617664814,-0.5623555779457092,1.6860828399658203,-3.4023733139038086,4.740914821624756,-0.9841499924659729,0.3487291932106018,0.0029243798926472664,0.2452070415019989,-0.6347360014915466,-0.09162193536758423,-0.0935957282781601,0.0311836339533329,-1.3485643863677979,0.44172465801239014,-0.2788858413696289,0.1870749294757843,-0.4020934998989105,0.4323764741420746,-0.1828831136226654,-7.566867351531982,-0.9913731813430786,-2.190760612487793,-0.033510688692331314,0.197455495595932,-0.6096805334091187,9.74803352355957,0.8111491799354553,0.744300365447998
6.14,-0.23505263030529022,-0.05504787340760231,0.0071428148075938225,-1.1903208494186401,0.26805368065834045,-0.039724890142679214,0.05568796768784523,-0.4165291488170624,0.4273744225502014,-0.3604678511619568,-0.23505263030529022,-0.05504787340760231,0.0071428148075938225,-1.1903208494186401,0.26805368065834045,-0.039724890142679214,0.05568796768784523,-0.4165291488170624,0.4273744225502014,-0.3604678511619568,0.9042541980743408,-0.3440464437007904,1.1554242372512817,-2.851971387863159,8.425481796264648,-1.5922709703445435,0.44344285130500793,0.1331559270620346,0.23908305168151855,-0.8059394955635071,0.05395573377609253,-0.09752131998538971,0.12561489641666412,-1.3127597570419312,0.5629529356956482,-0.3450068235397339,0.15831303596496582,-0.4104660451412201,0.4582556188106537,-0.2978353500366211,-7.928136825561523,-1.3097137212753296,-2.315511465072632,0.02546420879662037,0.22069470584392548,-1.0621408224105835,9.729782104492188,0.9756624102592468,0.7845504879951477
6.16,-0.20839634537696838,-0.060116928070783615,0.039617784321308136,-1.2326680421829224,0.4223487079143524,-0.07456514984369278,0.06317033618688583,-0.4138467609882355,0.4357244074344635,-0.3799954652786255,-0.20839634537696838,-0.060116928070783615,0.039617784321308136,-1.2326680421829224,0.4223487079143524,-0.07456514984369278,0.06317033618688583,-0.4138467609882355,0.4357244074344635,-0.3799954652786255,1.6304177045822144,-0.22419822216033936,2.218426465988159,-1.529691457748413,6.890174388885498,-1.7949824333190918,0.26591816544532776,0.1398061364889145,0.6416042447090149,-1.1389435529708862,0.031011343002319336,-0.11857683956623077,0.17291520535945892,-1.2095608711242676,0.6791001558303833,-0.21432769298553467,0.07704520225524902,-0.45588311553001404,0.5384905338287354,-0.3013434410095215,-6.481211185455322,-1.3570940494537354,-2.2251076698303223,0.06282123178243637,0.12982794642448425,-1.3219354152679443,9.700786590576172,1.207985758781433,0.8195201754570007
6.18,-0.17888560891151428,-0.0673350915312767,0.08898545801639557,-1.2430565357208252,0.552375078201294,-0.09935631603002548,0.06311178207397461,-0.4145221710205078,0.4617953598499298,-0.40861374139785767,-0.17888560891151428,-0.0673350915312767,0.08898545801639557,-1.2430565357208252,0.552375078201294,-0.09935631603002548,0.06311178207397461,-0.4145221710205078,0.4617953598499298,-0.40861374139785767,1.3887966871261597,-0.450993150472641,2.6513891220092773,0.37065860629081726,6.066840171813965,-0.8228753805160522,-0.2013239860534668,-0.16215594112873077,1.7987394332885742,-1.6725242137908936,-0.02300328016281128,-0.05800531804561615,0.1622064858675003,-1.0674833059310913,0.9096197485923767,-0.02312183380126953,0.13441568613052368,-0.4567905366420746,0.5890946388244629,-0.3309021592140198,-6.924163818359375,-1.7511402368545532,-2.581521511077881,-0.09948268532752991,-0.0873076394200325,-0.9495609402656555,9.670557022094727,1.4284019470214844,0.8222509622573853
6.2,-0.15614460408687592,-0.0714053213596344,0.1344127506017685,-1.2126373052597046,0.717512845993042,-0.10408737510442734,0.06029372289776802,-0.4192613959312439,0.5074552297592163,-0.44622865319252014,-0.15614460408687592,-0.0714053213596344,0.1344127506017685,-1.2126373052597046,0.717512845993042,-0.10408737510442734,0.06029372289776802,-0.4192613959312439,0.5074552297592163,-0.44622865319252014,0.931835412979126,0.005922362208366394,1.7613295316696167,2.4983065128326416,9.172965049743652,0.19474083185195923,-0.03900175914168358,-0.3231724798679352,2.5730857849121094,-2.0127575397491455,-0.1110171377658844,0.05096276104450226,0.16718323528766632,-0.9626314043998718,0.9942672252655029,0.03634929656982422,0.14970922470092773,-0.4665493369102478,0.6387141942977905,-0.22090324759483337,-8.69815444946289,-3.085876226425171,-2.712970733642578,-0.30071821808815,0.05522644892334938,-0.4041784405708313,9.650732040405273,1.5583007335662842,0.8192532658576965
6.22,-0.14372709393501282,-0.06362698972225189,0.16184714436531067,-1.1509764194488525,0.8676632642745972,-0.09486696124076843,0.06267806887626648,-0.4252375662326813,0.5595449805259705,-0.4867083430290222,-0.14372709393501282,-0.06362698972225189,0.16184714436531067,-1.1509764194488525,0.8676632642745972,-0.09486696124076843,0.06267806887626648,-0.4252375662326813,0.5595449805259705,-0.4867083430290222,0.3661653399467468,0.6824548244476318,1.057589054107666,3.4912078380584717,6.194739818572998,0.6258999705314636,0.22819547355175018,-0.27274054288864136,2.5633931159973145,-2.005565881729126,-0.09990143775939941,0.013132736086845398,0.1353692263364792,-0.8379208445549011,0.9573123455047607,0.0024855434894561768,0.15342804789543152,-0.458058625459671,0.6610270738601685,-0.36050766706466675,-9.08523178100586,-2.6621241569519043,-3.4361133575439453,-0.23348890244960785,0.22115471959114075,-0.0020957698579877615,9.642281532287598,1.5910550355911255,0.8550106287002563
6.24,-0.13599984347820282,-0.052539121359586716,0.16672666370868683,-1.070828914642334,0.9305288791656494,-0.08467212319374084,0.06680743396282196,-0.4296026825904846,0.6063305735588074,-0.5251185297966003,-0.13599984347820282,-0.052539121359586716,0.16672666370868683,-1.070828914642334,0.9305288791656494,-0.08467212319374084,0.06680743396282196,-0.4296026825904846,0.6063305735588074,-0.5251185297966003,0.3815019130706787,0.44143250584602356,-0.36228665709495544,4.369731426239014,1.306959867477417,0.4248585104942322,0.17865630984306335,-0.14679262042045593,2.200711727142334,-1.8709486722946167,-0.1710187941789627,0.03947503864765167,0.10862725228071213,-0.7475845217704773,0.8241621255874634,0.07627919316291809,0.1274511069059372,-0.46937981247901917,0.7105036973953247,-0.36753374338150024,-8.148436546325684,-2.2721927165985107,-3.3512699604034424,-0.13659203052520752,0.09727028757333755,0.00826957356184721,9.639930725097656,1.5855478048324585,0.8909943699836731
6.26,-0.134218230843544,-0.043089695274829865,0.15179572999477386,-0.9822326302528381,0.8947553634643555,-0.0721709132194519,0.0693703293800354,-0.4317852854728699,0.6519112586975098,-0.5631705522537231,-0.134218230843544,-0.043089695274829865,0.15179572999477386,-0.9822326302528381,0.8947553634643555,-0.0721709132194519,0.0693703293800354,-0.4317852854728699,0.6519112586975098,-0.5631705522537231,-0.10319184511899948,0.5174294710159302,-0.9994027614593506,4.464890956878662,-3.323535203933716,0.7642108201980591,0.08610280603170395,-0.09177706390619278,2.3390564918518066,-1.9366463422775269,-0.22710394859313965,0.019533976912498474,0.07898765057325363,-0.5851552486419678,0.6304752230644226,0.14936357736587524,0.11628631502389908,-0.3668125569820404,0.8077149391174316,-0.36407601833343506,-7.6952433586120605,-2.1229748725891113,-3.4786202907562256,-0.022358113899827003,0.00942310132086277,0.27597546577453613,9.643568992614746,1.5572150945663452,0.9015316367149353
6.28,-0.14023523032665253,-0.034049637615680695,0.12651707231998444,-0.881994366645813,0.7743546962738037,-0.052271272987127304,0.07051020115613937,-0.42165693640708923,0.7019387483596802,-0.6038486361503601,-0.14023523032665253,-0.034049637615680695,0.12651707231998444,-0.881994366645813,0.7743546962738037,-0.052271272987127304,0.07051020115613937,-0.42165693640708923,0.7019387483596802,-0.6038486361503601,-0.4507848620414734,0.39062121510505676,-1.4274450540542603,5.476465702056885,-7.076258182525635,1.1338075399398804,0.04364558681845665,1.0077391862869263,2.5844926834106445,-2.186073064804077,-0.41472727060317993,-0.06132449209690094,0.2048376202583313,-0.5188896059989929,0.4923625886440277,0.22403207421302795,0.037200942635536194,-0.30233126878738403,0.8359777331352234,-0.18028473854064941,-3.827876091003418,-1.3069080114364624,-1.5904262065887451,0.1769150197505951,-0.13265004754066467,0.5308989882469177,9.656970024108887,1.4808295965194702,0.8866609930992126
6.3,-0.16088418662548065,-0.031147610396146774,0.12693388760089874,-0.7790017127990723,0.6297777891159058,-0.024895131587982178,0.0645546168088913,-0.3942161202430725,0.7551506757736206,-0.6460066437721252,-0.16088418662548065,-0.031147610396146774,0.12693388760089874,-0.7790017127990723,0.6297777891159058,-0.024895131587982178,0.0645546168088913,-0.3942161202430725,0.7551506757736206,-0.6460066437721252,-1.455115795135498,-0.11025457084178925,1.506518840789795,4.901954650878906,-6.847529888153076,1.4695481061935425,-0.5499547123908997,1.7260836362838745,2.672964572906494,-2.143937587738037,-0.37143152952194214,-0.07233147323131561,0.16422902047634125,-0.5694836378097534,0.41841018199920654,0.13186366856098175,0.06605043262243271,-0.27439257502555847,0.8403976559638977,-0.2634473443031311,-9.6088228225708,-1.565791368484497,-5.335653305053711,0.857917308807373,-0.6036832928657532,0.9467822313308716,9.683761596679688,1.3481487035751343,0.8020893931388855
6.32,-0.18785355985164642,-0.033307552337646484,0.15375374257564545,-0.7240733504295349,0.4255296289920807,-0.006189560517668724,0.05667777359485626,-0.35348302125930786,0.7991455793380737,-0.6848654747009277,-0.18785355985164642,-0.033307552337646484,0.15375374257564545,-0.7240733504295349,0.4255296289920807,-0.006189560517668724,0.05667777359485626,-0.35348302125930786,0.7991455793380737,-0.6848654747009277,-1.0952383279800415,-0.0981624498963356,0.781093418598175,0.5785320997238159,-12.332950592041016,0.5222659707069397,-0.2148209512233734,2.1794612407684326,1.8231650590896606,-1.9536421298980713,-0.3486153483390808,-0.07559734582901001,0.2105902135372162,-0.6111767888069153,0.39371877908706665,0.25620555877685547,0.025479987263679504,-0.33170104026794434,0.9437261819839478,0.02555692195892334,-10.732958793640137,-2.9415581226348877,1.2816461324691772,1.0919466018676758,-0.5911726355552673,0.47671064734458923,9.71271800994873,1.2189185619354248,0.6429992914199829
6.34,-0.20908761024475098,-0.024290550500154495,0.1601937860250473,-0.767045795917511,0.4576724171638489,0.010989079251885414,0.05909831076860428,-0.3309561312198639,0.8414638042449951,-0.688324511051178,-0.20908761024475098,-0.024290550500154495,0.1601937860250473,-0.767045795917511,0.4576724171638489,0.010989079251885414,0.05909831076860428,-0.3309561312198639,0.8414638042449951,-0.688324511051178,-0.6662245988845825,0.23642051219940186,0.06860670447349548,-1.131854772567749,1.0286593437194824,1.2605769634246826,-0.17795804142951965,0.2216556966304779,2.5062289237976074,0.7500401139259338,-0.30219873785972595,-0.12389153987169266,0.15043962001800537,-0.6012994647026062,0.22768616676330566,0.15504767000675201,-0.038953736424446106,-0.3621034026145935,0.9794689416885376,-0.0682249367237091,-16.677448272705078,-3.0697438716888428,2.062721014022827,0.16907915472984314,-0.1343809813261032,0.501268744468689,9.72446060180664,1.1426881551742554,0.6043457984924316
6.36,-0.21441814303398132,-0.024412352591753006,0.15824107825756073,-0.7746557593345642,0.4688282608985901,0.033663660287857056,0.05032113939523697,-0.34003981947898865,0.8861222863197327,-0.6596465706825256,-0.21441814303398132,-0.024412352591753006,0.15824107825756073,-0.7746557593345642,0.4688282608985901,0.033663660287857056,0.05032113939523697,-0.34003981947898865,0.8861222863197327,-0.6596465706825256,0.0012078848667442799,-0.16991816461086273,-0.1541462391614914,0.10770288854837418,0.27197206020355225,1.0179961919784546,-0.6307457089424133,-0.8611078262329102,1.9970201253890991,1.920168399810791,-0.15314416587352753,-0.16263605654239655,0.11348067969083786,-0.5805661082267761,0.2017516791820526,0.09285008907318115,-0.11852174997329712,-0.3858444094657898,0.9966755509376526,-0.1277531385421753,-14.099291801452637,-1.9361317157745361,1.149529218673706,0.013171132653951645,-0.2754579186439514,0.41347062587738037,9.737265586853027,1.050904631614685,0.5633406043052673
6.38,-0.20575284957885742,-0.03207695111632347,0.15358293056488037,-0.7626004219055176,0.4700245261192322,0.04859452322125435,0.033165860921144485,-0.36310091614723206,0.9204711318016052,-0.6106060147285461,-0.20575284957885742,-0.03207695111632347,0.15358293056488037,-0.7626004219055176,0.4700245261192322,0.04859452322125435,0.033165860921144485,-0.36310091614723206,0.9204711318016052,-0.6106060147285461,0.7696037888526917,-0.5441949963569641,-0.28508323431015015,0.961544930934906,-0.1026366725564003,0.5780373811721802,-1.0345286130905151,-1.2950564622879028,1.5795783996582031,2.8998148441314697,-0.05573725700378418,-0.19617010653018951,0.028971783816814423,-0.581224262714386,0.02447587251663208,0.06216174364089966,-0.1333579570055008,-0.34838390350341797,1.005645751953125,-0.09474256634712219,-12.666356086730957,-1.1041380167007446,0.6998353004455566,-0.09313638508319855,-0.4402557611465454,0.12477724254131317,9.746943473815918,0.994463324546814,0.4942038357257843
6.4,-0.18512079119682312,-0.047397907823324203,0.1358930766582489,-0.737529993057251,0.4572012424468994,0.05767568573355675,0.012899567373096943,-0.3765580952167511,0.9486944675445557,-0.5458070635795593,-0.18512079119682312,-0.047397907823324203,0.1358930766582489,-0.737529993057251,0.4572012424468994,0.05767568573355675,0.012899567373096943,-0.3765580952167511,0.9486944675445557,-0.5458070635795593,1.2624117136001587,-1.0006119012832642,-2.1344032287597656,1.2914894819259644,0.5267715454101562,0.3584832549095154,-0.97486811876297,-0.09695351123809814,1.29606032371521,3.471351385116577,-0.04336017370223999,-0.2238374501466751,-0.01836784929037094,-0.6399298906326294,-0.6667520999908447,0.08493727445602417,-0.14171767234802246,-0.31829148530960083,1.0131912231445312,0.5443360805511475,-10.109338760375977,-0.9996469020843506,0.17411109805107117,-0.17316700518131256,-0.5470241904258728,-0.09758345782756805,9.75187873840332,0.9884292483329773,0.39995691180229187
6.42,-0.163448765873909,-0.06847169250249863,0.08901094645261765,-0.7167835831642151,0.45539388060569763,0.06559193879365921,-0.005739826243370771,-0.36776453256607056,0.973014235496521,-0.472337007522583,-0.163448765873909,-0.06847169250249863,0.08901094645261765,-0.7167835831642151,0.45539388060569763,0.06559193879365921,-0.005739826243370771,-0.36776453256607056,0.973014235496521,-0.472337007522583,0.9827211499214172,-1.162800669670105,-3.0088963508605957,0.8557175993919373,-0.42315593361854553,0.36855387687683105,-0.9410904049873352,0.8512024283409119,1.1485536098480225,3.8184304237365723,-0.0482211709022522,-0.22981850802898407,-0.09274303913116455,-0.6180164813995361,-0.7031352519989014,0.13263429701328278,-0.1279323548078537,-0.2774338126182556,0.9728195071220398,0.5739808082580566,-8.683219909667969,-0.07752437889575958,-0.30104848742485046,0.05246395245194435,-0.6496556401252747,-0.12238556891679764,9.754094123840332,1.0055835247039795,0.28732484579086304
6.44,-0.14581964910030365,-0.09214222431182861,0.021067220717668533,-0.7007902264595032,0.44625771045684814,0.07292268425226212,-0.021892493590712547,-0.3404809534549713,0.9923665523529053,-0.3955022692680359,-0.14581964910030365,-0.09214222431182861,0.021067220717668533,-0.7007902264595032,0.44625771045684814,0.07292268425226212,-0.021892493590712547,-0.3404809534549713,0.9923665523529053,-0.3955022692680359,0.7961429357528687,-1.1726142168045044,-3.571894645690918,0.8192241787910461,-0.4913974106311798,0.3763434588909149,-0.6952843070030212,1.695710301399231,0.7828996777534485,3.844409227371216,-0.16838663816452026,-0.20749585330486298,-0.16116702556610107,-0.5951053500175476,-0.30416029691696167,0.27973541617393494,-0.0927920937538147,-0.22357207536697388,0.9310499429702759,0.1647375226020813,-9.682981491088867,-1.2992514371871948,-0.19328662753105164,0.39731234312057495,-0.6545658707618713,-0.05054662004113197,9.754837036132812,1.0274896621704102,0.15337887406349182
6.46,-0.1392296403646469,-0.11315782368183136,-0.04830960929393768,-0.6853151321411133,0.43316417932510376,0.08787575364112854,-0.031744156032800674,-0.29811426997184753,1.0057668685913086,-0.31847479939460754,-0.1392296403646469,-0.11315782368183136,-0.04830960929393768,-0.6853151321411133,0.43316417932510376,0.08787575364112854,-0.031744156032800674,-0.29811426997184753,1.0057668685913086,-0.31847479939460754,0.008027521893382072,-0.9580058455467224,-3.428483724594116,0.8412147164344788,-0.7969866394996643,0.9951392412185669,-0.3347950577735901,2.364306688308716,0.49837031960487366,3.83103346824646,-0.18645192682743073,-0.16301290690898895,-0.14155226945877075,-0.5619778037071228,-0.014614522457122803,0.37077784538269043,-0.07914796471595764,-0.18248000741004944,0.9879887700080872,-0.11707490682601929,-10.742036819458008,-2.3729634284973145,-0.171088308095932,0.7010769248008728,-0.5600645542144775,0.5068784952163696,9.76032829284668,0.9856849908828735,0.022721661254763603
6.48,-0.14274612069129944,-0.12608008086681366,-0.0968962088227272,-0.6629535555839539,0.4171028435230255,0.11227423697710037,-0.03520302474498749,-0.2523476183414459,1.0153461694717407,-0.24607431888580322,-0.14274612069129944,-0.12608008086681366,-0.0968962088227272,-0.6629535555839539,0.4171028435230255,0.11227423697710037,-0.03520302474498749,-0.2523476183414459,1.0153461694717407,-0.24607431888580322,-0.27731606364250183,-0.39893603324890137,-1.6327908039093018,1.3497649431228638,-0.6772024035453796,1.3677692413330078,-0.06510788947343826,2.1178340911865234,0.4971102774143219,3.3124587535858154,-0.1272771805524826,-0.16876959800720215,-0.09137376397848129,-0.5394967794418335,0.14860796928405762,0.38542670011520386,-0.12929767370224,-0.08061815053224564,1.0113434791564941,-0.24807336926460266,-6.553866863250732,-1.2170499563217163,1.0799452066421509,0.8308878540992737,-0.35402482748031616,0.8841070532798767,9.773090362548828,0.8461419343948364,-0.0827014371752739
6.5,-0.14790843427181244,-0.13139542937278748,-0.10663992911577225,-0.6344999670982361,0.408670574426651,0.138396218419075,-0.03850886970758438,-0.20243701338768005,1.0209556818008423,-0.22646930813789368,-0.14790843427181244,-0.13139542937278748,-0.10663992911577225,-0.6344999670982361,0.408670574426651,0.138396218419075,-0.03850886970758438,-0.20243701338768005,1.0209556818008423,-0.22646930813789368,-0.3163547217845917,-0.1041378527879715,0.6392472982406616,1.1507647037506104,-0.5690205693244934,1.251217246055603,-0.22798094153404236,2.988374710083008,0.016028210520744324,-0.6315352916717529,0.004723966121673584,-0.18806587159633636,-0.06542382389307022,-0.48322993516921997,0.16967880725860596,0.37258386611938477,-0.2216956615447998,-0.09401502460241318,0.8110305070877075,-0.4564725160598755,-9.75321102142334,1.0129578113555908,3.5063393115997314,0.7992327809333801,-0.2694099247455597,0.8547106385231018,9.785971641540527,0.6666679382324219,-0.1625252366065979
6.52,-0.14523768424987793,-0.13523446023464203,-0.09815647453069687,-0.6075226664543152,0.39726707339286804,0.15633903443813324,-0.05219775810837746,-0.15473595261573792,0.9913387894630432,-0.31398510932922363,-0.14523768424987793,-0.13523446023464203,-0.09815647453069687,-0.6075226664543152,0.39726707339286804,0.15633903443813324,-0.05219775810837746,-0.15473595261573792,0.9913387894630432,-0.31398510932922363,0.40727537870407104,-0.22549138963222504,0.21079057455062866,1.5457967519760132,-0.6128171682357788,0.7972249388694763,-1.0036481618881226,1.8202838897705078,-2.7897379398345947,-6.365304470062256,-0.025388062000274658,-0.17153391242027283,-0.16772882640361786,-0.512516975402832,-0.7118046283721924,0.24755467474460602,-0.2184683084487915,-0.13578447699546814,0.464520663022995,-0.7273328304290771,-8.541191101074219,-0.058984652161598206,3.3819165229797363,0.29997262358665466,-0.2664835751056671,0.5049198269844055,9.792518615722656,0.54169762134552,-0.22191014885902405
6.54,-0.13498665392398834,-0.13898761570453644,-0.10566731542348862,-0.5782390236854553,0.3859657049179077,0.16537287831306458,-0.07326231896877289,-0.13449589908123016,0.8852025866508484,-0.5001288652420044,-0.13498665392398834,-0.13898761570453644,-0.10566731542348862,-0.5782390236854553,0.3859657049179077,0.16537287831306458,-0.07326231896877289,-0.13449589908123016,0.8852025866508484,-0.5001288652420044,0.44997796416282654,-0.11430227756500244,-0.7080215215682983,1.2681883573532104,-0.47187718749046326,0.2814904749393463,-1.000221848487854,0.30595871806144714,-7.332317352294922,-10.629622459411621,-0.18121454119682312,0.06467873603105545,-0.13276350498199463,-0.6016637086868286,-0.2801666259765625,0.07228720188140869,-0.006462067365646362,-0.3184419274330139,0.2109012007713318,-0.4048789143562317,-8.345357894897461,0.3202172815799713,4.283820629119873,0.044056445360183716,-0.07582031190395355,0.4568728804588318,9.796187400817871,0.45358747243881226,-0.2550833821296692
6.56,-0.13236401975154877,-0.12595762312412262,-0.11630495637655258,-0.566598653793335,0.36851662397384644,0.16476638615131378,-0.07664857059717178,-0.16687926650047302,0.7098941206932068,-0.5185588002204895,-0.13236401975154877,-0.12595762312412262,-0.11630495637655258,-0.566598653793335,0.36851662397384644,0.16476638615131378,-0.07664857059717178,-0.16687926650047302,0.7098941206932068,-0.5185588002204895,-0.20918133854866028,1.247107744216919,-0.3425663411617279,-0.1265421211719513,0.042102422565221786,-0.33977317810058594,0.565290093421936,-3.667996883392334,-9.536099433898926,4.929634094238281,-0.283295601606369,0.20647947490215302,-0.21845385432243347,-0.7069899439811707,-0.3750857710838318,-0.2528800964355469,0.19621959328651428,-0.5096533298492432,0.20624643564224243,-0.12116503715515137,-3.4511005878448486,1.0535138845443726,3.1073644161224365,0.20401202142238617,0.9749913811683655,0.43553996086120605,9.801750183105469,0.3643072247505188,-0.1704856902360916
6.58,-0.1379428207874298,-0.092713862657547,-0.13970595598220825,-0.5858900547027588,0.3561122417449951,0.14473660290241241,-0.052315711975097656,-0.26471149921417236,0.5578509569168091,-0.34538373351097107,-0.1379428207874298,-0.092713862657547,-0.13970595598220825,-0.5858900547027588,0.3561122417449951,0.14473660290241241,-0.052315711975097656,-0.26471149921417236,0.5578509569168091,-0.34538373351097107,-0.18879802525043488,1.051254153251648,-2.0336251258850098,-1.516865611076355,-2.1300809383392334,-1.002855658531189,1.0786086320877075,-1.1443806886672974,-0.36403608322143555,0.08858940750360489,-0.3636363744735718,-0.17839981615543365,0.026673506945371628,-1.1421189308166504,-0.18088406324386597,-0.07494670152664185,0.0682399570941925,-0.3957768976688385,0.42409321665763855,-0.25193893909454346,-119.66353607177734,4.499444007873535,-52.8804931640625,0.7247863411903381,1.7435847520828247,-0.18877625465393066,9.803777694702148,0.332412987947464,0.10740803182125092
6.6,-0.16337399184703827,-0.0869242325425148,-0.12631981074810028,-0.6742957234382629,0.2848035991191864,0.11473680287599564,-0.036505550146102905,-0.2894934415817261,0.5345300436019897,-0.3584490716457367,-0.16337399184703827,-0.0869242325425148,-0.12631981074810028,-0.6742957234382629,0.2848035991191864,0.11473680287599564,-0.036505550146102905,-0.2894934415817261,0.5345300436019897,-0.3584490716457367,-2.0208301544189453,-0.25089728832244873,3.0089261531829834,-6.755494594573975,-6.2381415367126465,-1.6130024194717407,0.4666198194026947,-2.4657533168792725,-1.5835124254226685,0.6923460364341736,-0.3392381966114044,-0.012939289212226868,-0.09708093106746674,-1.035585880279541,0.2646428346633911,-0.21857386827468872,0.3214860260486603,-0.44902220368385315,0.40939465165138245,-0.20123815536499023,-0.9904288053512573,1.8887138366699219,-1.2060565948486328,0.8981478214263916,0.32136210799217224,-0.2783617675304413,9.79952621459961,0.39500412344932556,0.22216105461120605
6.62,-0.19174101948738098,-0.07934044301509857,-0.08821175992488861,-0.7900459170341492,0.2585536241531372,0.07574177533388138,-0.01323604118078947,-0.34506067633628845,0.49955618381500244,-0.35324007272720337,-0.19174101948738098,-0.07934044301509857,-0.08821175992488861,-0.7900459170341492,0.2585536241531372,0.07574177533388138,-0.01323604118078947,-0.34506067633628845,0.49955618381500244,-0.35324007272720337,-0.9676440358161926,0.7379615306854248,0.4314183294773102,-4.802483558654785,-0.08438482135534286,-2.050732374191284,1.6991908550262451,-2.9164369106292725,-1.7732813358306885,-1.1959327459335327,-0.02880460023880005,0.13201741874217987,-0.0439087375998497,-1.111486792564392,0.12555372714996338,-0.4738576412200928,0.389572411775589,-0.39302876591682434,0.309309184551239,-0.1782541573047638,-4.286276340484619,-1.2367336750030518,0.6099401116371155,0.44930773973464966,1.0020779371261597,-0.6704911589622498,9.791207313537598,0.5071694850921631,0.3333703875541687
6.64,-0.18824124336242676,-0.0582546666264534,-0.07572375982999802,-0.8743845820426941,0.2094132900238037,0.020905498415231705,0.022541837766766548,-0.3638584315776825,0.4647296965122223,-0.36088064312934875,-0.18824124336242676,-0.0582546666264534,-0.07572375982999802,-0.8743845820426941,0.2094132900238037,0.020905498415231705,0.022541837766766548,-0.3638584315776825,0.4647296965122223,-0.36088064312934875,0.9598664045333862,1.4572073221206665,1.0577410459518433,-4.132384300231934,-3.823791265487671,-3.291625499725342,1.9009002447128296,0.3016314208507538,-1.8783807754516602,0.07456891983747482,-0.26915568113327026,-0.11061365902423859,0.04031161591410637,-1.1831095218658447,0.1586412489414215,-0.22181320190429688,0.2061747908592224,-0.4836175739765167,0.40167638659477234,-0.24500656127929688,-8.126395225524902,-1.8582701683044434,-1.7831597328186035,0.32933545112609863,1.0830460786819458,-1.6223598718643188,9.768412590026855,0.7281038761138916,0.5329898595809937
6.66,-0.1874309629201889,-0.046069927513599396,-0.05158843472599983,-0.9625165462493896,0.16964006423950195,-0.022264206781983376,0.04739215597510338,-0.3844601511955261,0.44184058904647827,-0.35967564582824707,-0.1874309629201889,-0.046069927513599396,-0.05158843472599983,-0.9625165462493896,0.16964006423950195,-0.022264206781983376,0.04739215597510338,-0.3844601511955261,0.44184058904647827,-0.35967564582824707,-0.5213595032691956,-0.10439690947532654,1.6930229663848877,-4.3349833488464355,-0.726297914981842,-1.4172807931900024,0.7520435452461243,-2.460284948348999,-0.6689111590385437,-0.20466554164886475,-0.049939870834350586,-0.15404383838176727,0.08444155007600784,-1.3161790370941162,0.5145477652549744,-0.28304529190063477,0.1475808024406433,-0.3896941840648651,0.4009579122066498,-0.21931540966033936,-1.9068964719772339,-1.0085359811782837,-0.5050706267356873,0.018008681014180183,0.4571581482887268,-0.6456170082092285,9.739917755126953,0.9472485780715942,0.6876272559165955
6.68,-0.1857098937034607,-0.056049950420856476,-0.008145011030137539,-1.0524793863296509,0.29908865690231323,-0.05508222058415413,0.05745331570506096,-0.4079291522502899,0.43255287408828735,-0.370212584733963,-0.1857098937034607,-0.056049950420856476,-0.008145011030137539,-1.0524793863296509,0.29908865690231323,-0.05508222058415413,0.05745331570506096,-0.4079291522502899,0.43255287408828735,-0.370212584733963,0.6111980080604553,-0.7461326122283936,2.571394443511963,-4.6777520179748535,10.26561164855957,-1.7647333145141602,0.2514812648296356,-0.045235466212034225,-0.1559637188911438,-0.5709100961685181,-0.31862789392471313,-0.13712574541568756,0.0716405138373375,-1.226660966873169,0.7378666400909424,0.016497671604156494,0.12784476578235626,-0.3645174205303192,0.55555659532547,-0.23436182737350464,-7.020652770996094,-1.3470019102096558,-2.4307284355163574,-0.1741231083869934,0.06742029637098312,-1.0499765872955322,9.71934700012207,1.1037437915802002,0.7430623173713684
6.7,-0.18876463174819946,-0.06970304995775223,0.03690279275178909,-1.1237916946411133,0.5158885717391968,-0.06512011587619781,0.05980115383863449,-0.40240615606307983,0.45366743206977844,-0.3914434015750885,-0.18876463174819946,-0.06970304995775223,0.03690279275178909,-1.1237916946411133,0.5158885717391968,-0.06512011587619781,0.05980115383863449,-0.40240615606307983,0.45366743206977844,-0.3914434015750885,-0.6723688840866089,-0.6483651995658875,1.8015936613082886,-2.3436295986175537,10.633625984191895,0.3834754526615143,-0.02875601314008236,0.12498131394386292,1.9704747200012207,-1.963254451751709,0.07741069793701172,-0.15296541154384613,0.12373431026935577,-1.1549668312072754,0.6459145545959473,-0.27949559688568115,0.11872626841068268,-0.38335174322128296,0.5319082736968994,-0.30915719270706177,-16.031234741210938,-2.0284225940704346,-6.078296661376953,-0.3083401024341583,0.1274360567331314,0.0021004772279411554,9.706137657165527,1.204450011253357,0.7591411471366882
6.72,-0.1758885383605957,-0.08078108727931976,0.07106893509626389,-1.1423563957214355,0.6186887621879578,-0.07867911458015442,0.06060987338423729,-0.40283632278442383,0.48350122570991516,-0.4229111969470978,-0.1758885383605957,-0.08078108727931976,0.07106893509626389,-1.1423563957214355,0.6186887621879578,-0.07867911458015442,0.06060987338423729,-0.40283632278442383,0.48350122570991516,-0.4229111969470978,1.5269460678100586,-0.5567534565925598,1.7505388259887695,-0.17304715514183044,1.6292821168899536,-1.3659284114837646,0.04675891250371933,0.00904108677059412,1.2432842254638672,-1.5017752647399902,-0.3542720675468445,-0.05134327709674835,0.1473778337240219,-1.1316288709640503,0.7777493000030518,0.00010371208190917969,0.11691927909851074,-0.388893187046051,0.6238576173782349,0.03973209857940674,-6.468390941619873,-1.187219262123108,-2.2559828758239746,-0.10203021764755249,0.03570554032921791,-1.1057049036026,9.691143035888672,1.310200810432434,0.7753878235816956
6.74,-0.17230796813964844,-0.08519305288791656,0.10946919769048691,-1.146277904510498,0.6835373640060425,-0.08306451886892319,0.06008317321538925,-0.39871904253959656,0.5231235027313232,-0.45850783586502075,-0.17230796813964844,-0.08519305288791656,0.10946919769048691,-1.146277904510498,0.6835373640060425,-0.08306451886892319,0.06008317321538925,-0.39871904253959656,0.5231235027313232,-0.45850783586502075,-0.7997506260871887,0.09408854693174362,1.9346591234207153,0.006200910080224276,4.2429938316345215,0.506537139415741,-0.02813173271715641,0.3716130256652832,2.3553147315979004,-1.9246211051940918,-0.3291095197200775,0.09922809898853302,0.1673690676689148,-0.9070999622344971,0.782488226890564,0.20332494378089905,0.16861414909362793,-0.35518351197242737,0.6729962229728699,-0.01373976469039917,-8.713296890258789,-2.2718324661254883,-2.846654176712036,0.3257738947868347,0.09780470281839371,0.08789940923452377,9.676288604736328,1.4124031066894531,0.7814435362815857
6.76,-0.18976213037967682,-0.07113993912935257,0.14470967650413513,-1.1084778308868408,0.7389475703239441,-0.06537090986967087,0.06491457670927048,-0.38952091336250305,0.5756955742835999,-0.5003423094749451,-0.18976213037967682,-0.07113993912935257,0.14470967650413513,-1.1084778308868408,0.7389475703239441,-0.06537090986967087,0.06491457670927048,-0.38952091336250305,0.5756955742835999,-0.5003423094749451,-0.8927375674247742,1.1288589239120483,1.554105281829834,3.433206558227539,1.9167516231536865,1.2192736864089966,0.41474804282188416,0.41149988770484924,2.8529675006866455,-2.2070043087005615,-0.2580258846282959,-0.05992725491523743,0.07623516768217087,-0.751526415348053,0.6658505797386169,0.047240227460861206,0.14331485331058502,-0.4101170003414154,0.6408835649490356,-0.2009057104587555,-8.04886245727539,-2.7455482482910156,-2.622781991958618,0.3414080739021301,0.42901411652565,0.5259950160980225,9.680328369140625,1.361645221710205,0.8205294013023376
6.78,-0.1988348364830017,-0.06188402324914932,0.1432437002658844,-1.0196038484573364,0.7196050882339478,-0.049834441393613815,0.06917308270931244,-0.38356679677963257,0.6216012239456177,-0.538923442363739,-0.1988348364830017,-0.06188402324914932,0.1432437002658844,-1.0196038484573364,0.7196050882339478,-0.049834441393613815,0.06917308270931244,-0.38356679677963257,0.6216012239456177,-0.538923442363739,-0.19730494916439056,-0.04395588859915733,-1.3623645305633545,5.0213189125061035,-2.495802640914917,0.443857342004776,0.06408527493476868,0.27147719264030457,1.8396060466766357,-1.698621392250061,-0.2417876422405243,0.06358937919139862,0.03280284255743027,-0.6477987170219421,0.5904465913772583,0.02297806739807129,0.12077079713344574,-0.3204875886440277,0.6475682854652405,-0.20030713081359863,-9.294466972351074,-2.49257755279541,-3.8813767433166504,0.30839452147483826,0.028090596199035645,0.2759615182876587,9.687335014343262,1.2869640588760376,0.8575330972671509
6.8,-0.20232073962688446,-0.05570720136165619,0.1107722818851471,-0.9171690344810486,0.6565499305725098,-0.0444943904876709,0.07281608879566193,-0.3726082146167755,0.6534889936447144,-0.5715824365615845,-0.20232073962688446,-0.05570720136165619,0.1107722818851471,-0.9171690344810486,0.6565499305725098,-0.0444943904876709,0.07281608879566193,-0.3726082146167755,0.6534889936447144,-0.5715824365615845,-0.2052718997001648,0.6149174571037292,-1.8021539449691772,5.143700122833252,-3.238896131515503,0.14162737131118774,0.23287342488765717,0.7940672636032104,1.4242298603057861,-1.596125602722168,-0.24984559416770935,-0.0194481760263443,0.1264275759458542,-0.5807445645332336,0.5409867763519287,0.03641974925994873,0.0442534014582634,-0.2638862133026123,0.8458473086357117,-0.20725324749946594,-8.20842170715332,-2.327397346496582,-3.9444217681884766,0.6857811212539673,0.03125480189919472,0.2768210172653198,9.693830490112305,1.2425075769424438,0.8496633768081665
6.82,-0.20778049528598785,-0.0467459000647068,0.09259199351072311,-0.8197501301765442,0.5967715382575989,-0.036595284938812256,0.07079223543405533,-0.340567409992218,0.6929669380187988,-0.6027528643608093,-0.20778049528598785,-0.0467459000647068,0.09259199351072311,-0.8197501301765442,0.5967715382575989,-0.036595284938812256,0.07079223543405533,-0.340567409992218,0.6929669380187988,-0.6027528643608093,-0.23400694131851196,0.2723390460014343,0.17329515516757965,4.636145114898682,-2.665766477584839,0.5555341243743896,-0.3580473065376282,2.288416862487793,2.4920637607574463,-1.6388697624206543,-0.4255991578102112,-0.17697001993656158,0.16039837896823883,-0.6048925518989563,0.4673389792442322,0.15214481949806213,-0.028919868171215057,-0.231332927942276,0.8360846042633057,-0.24135306477546692,-3.5262246131896973,0.43839842081069946,-2.0591487884521484,0.9263838529586792,-0.41734781861305237,0.3011951446533203,9.704922676086426,1.1937583684921265,0.7909011244773865
6.84,-0.22392846643924713,-0.05341500788927078,0.10712981224060059,-0.7475016713142395,0.5350337028503418,-0.020005956292152405,0.055163852870464325,-0.2935766279697418,0.7443695068359375,-0.6384935975074768,-0.22392846643924713,-0.05341500788927078,0.10712981224060059,-0.7475016713142395,0.5350337028503418,-0.020005956292152405,0.055163852870464325,-0.2935766279697418,0.7443695068359375,-0.6384935975074768,-1.2158273458480835,-0.7787178158760071,1.1461430788040161,2.8774685859680176,-3.177670955657959,0.9290515780448914,-1.0375385284423828,2.380188226699829,2.4098074436187744,-1.967728614807129,-0.439643919467926,-0.1199638694524765,0.1395818591117859,-0.5782014727592468,0.4600676894187927,0.2576976418495178,-0.08767148852348328,-0.24944818019866943,0.877570390701294,0.22270137071609497,-3.959749937057495,-1.0630624294281006,-1.851611614227295,1.158861756324768,-1.0201877355575562,0.6422561407089233,9.725762367248535,1.120773196220398,0.624112069606781
6.86,-0.2545493543148041,-0.060702335089445114,0.12663324177265167,-0.7516909241676331,0.40651369094848633,-4.948777495883405e-05,0.04047482833266258,-0.2633955180644989,0.7926422953605652,-0.6707094311714172,-0.2545493543148041,-0.060702335089445114,0.12663324177265167,-0.7516909241676331,0.40651369094848633,-4.948777495883405e-05,0.04047482833266258,-0.2633955180644989,0.7926422953605652,-0.6707094311714172,-1.5861440896987915,0.18382833898067474,0.5410491824150085,-3.143808603286743,2.4102838039398193,1.0312749147415161,-0.3090599775314331,0.5030136108398438,2.434007406234741,-0.5501706004142761,-0.26616236567497253,-0.1551094651222229,0.20448459684848785,-0.6371645331382751,0.32459867000579834,0.2611663341522217,-0.09021387994289398,-0.2976185083389282,1.026229977607727,-0.012513279914855957,-27.95368766784668,-1.5563926696777344,6.48323392868042,0.6518179178237915,-0.2797315716743469,0.5835882425308228,9.748218536376953,1.0048445463180542,0.44567564129829407
6.88,-0.2667084336280823,-0.06208239123225212,0.13013456761837006,-0.7831999659538269,0.4349203407764435,0.024002104997634888,0.028402188792824745,-0.27254852652549744,0.8508802652359009,-0.6555273532867432,-0.2667084336280823,-0.06208239123225212,0.13013456761837006,-0.7831999659538269,0.4349203407764435,0.024002104997634888,0.028402188792824745,-0.27254852652549744,0.8508802652359009,-0.6555273532867432,-0.026463739573955536,-0.2022038698196411,0.0429290309548378,-0.7040318846702576,0.9011989235877991,1.3298228979110718,-0.8109533190727234,-0.8848490715026855,3.33994197845459,1.6808003187179565,-0.10028381645679474,-0.14597246050834656,0.14506758749485016,-0.5828049182891846,0.15668314695358276,0.03599196672439575,-0.08293336629867554,-0.3452494740486145,0.954711377620697,-0.07611095905303955,-15.737091064453125,-0.9008544087409973,2.483694314956665,-0.04933378845453262,-0.28839004039764404,0.2261047065258026,9.757927894592285,0.9315102696418762,0.3888759911060333
6.9,-0.25076791644096375,-0.06596866250038147,0.12998482584953308,-0.7794223427772522,0.4440609812736511,0.035162441432476044,0.012698646634817123,-0.2964895963668823,0.9013046622276306,-0.6119901537895203,-0.25076791644096375,-0.06596866250038147,0.12998482584953308,-0.7794223427772522,0.4440609812736511,0.035162441432476044,0.012698646634817123,-0.2964895963668823,0.9013046622276306,-0.6119901537895203,1.28678560256958,-0.1824757307767868,-0.04108582064509392,0.8366828560829163,0.12057270109653473,0.044859323650598526,-0.759886622428894,-1.465767741203308,1.8244448900222778,2.4554026126861572,-0.05759352445602417,-0.1695147305727005,0.0934719368815422,-0.5909610986709595,0.0996023416519165,0.07228881120681763,-0.0856865793466568,-0.33465465903282166,0.9805449843406677,-0.03440257906913757,-13.997848510742188,-2.1659603118896484,1.549787163734436,0.04761970788240433,-0.1631235033273697,-0.3303412199020386,9.758001327514648,0.9482191801071167,0.3440823256969452
6.92,-0.22488096356391907,-0.07136833667755127,0.12693171203136444,-0.7552123069763184,0.4415932595729828,0.03861609473824501,-0.0021317375358194113,-0.3183189034461975,0.9340351223945618,-0.5567538142204285,-0.22488096356391907,-0.07136833667755127,0.12693171203136444,-0.7552123069763184,0.4415932595729828,0.03861609473824501,-0.0021317375358194113,-0.3183189034461975,0.9340351223945618,-0.5567538142204285,1.3054922819137573,-0.341960072517395,-0.25762370228767395,1.4387624263763428,-0.2891496419906616,0.2826673984527588,-0.7127923369407654,-0.7210467457771301,1.5358271598815918,2.9888386726379395,-0.06589961051940918,-0.22440488636493683,0.012095160782337189,-0.6401223540306091,-0.6253520250320435,0.11034499108791351,-0.11596980690956116,-0.29296875,0.9842458367347717,0.4776322841644287,-11.455458641052246,-1.3392062187194824,0.5077664256095886,0.003845656756311655,-0.18363958597183228,-0.13476775586605072,9.755005836486816,0.9898637533187866,0.3100385069847107
6.94,-0.20259298384189606,-0.084532730281353,0.10044374316930771,-0.7293491363525391,0.4346260130405426,0.04669464752078056,-0.017442507669329643,-0.32092559337615967,0.9615915417671204,-0.4929622411727905,-0.20259298384189606,-0.084532730281353,0.10044374316930771,-0.7293491363525391,0.4346260130405426,0.04669464752078056,-0.017442507669329643,-0.32092559337615967,0.9615915417671204,-0.4929622411727905,0.9788386225700378,-0.9285682439804077,-2.4557559490203857,1.1302809715270996,-0.3359360992908478,0.44220495223999023,-0.7903492450714111,0.4123792350292206,1.2370877265930176,3.2996487617492676,-0.08190888166427612,-0.24068374931812286,-0.03676993027329445,-0.6390025615692139,-0.6146596670150757,0.09897935390472412,-0.11491577327251434,-0.25165197253227234,0.9492661952972412,0.5180525779724121,-9.049344062805176,-0.6404263973236084,-0.31363368034362793,0.07618135958909988,-0.40677326917648315,0.005550554022192955,9.75576114654541,0.9985312819480896,0.2533157467842102
6.96,-0.18557333946228027,-0.10352210700511932,0.05134160816669464,-0.7111418843269348,0.4250142276287079,0.05342796444892883,-0.031026650220155716,-0.30223792791366577,0.9796363115310669,-0.42627251148223877,-0.18557333946228027,-0.10352210700511932,0.05134160816669464,-0.7111418843269348,0.4250142276287079,0.05342796444892883,-0.031026650220155716,-0.30223792791366577,0.9796363115310669,-0.42627251148223877,0.7547187209129333,-1.0303895473480225,-2.8422179222106934,0.8372679948806763,-0.47863516211509705,0.2473883479833603,-0.6264193058013916,1.3476895093917847,0.6157569885253906,3.3058369159698486,-0.14905902743339539,-0.21821816265583038,-0.08754454553127289,-0.6065821647644043,-0.2144727110862732,0.2492557018995285,-0.08778059482574463,-0.19650250673294067,0.9127068519592285,0.15008926391601562,-9.525914192199707,-1.0612897872924805,-0.2825968861579895,0.3388236463069916,-0.49668437242507935,0.019096285104751587,9.757644653320312,0.9988540410995483,0.16361482441425323
6.98,-0.1774621158838272,-0.12241761386394501,-0.003159469924867153,-0.6937976479530334,0.4133201539516449,0.06486017256975174,-0.03995269536972046,-0.2645637094974518,0.9905096888542175,-0.35987022519111633,-0.1774621158838272,-0.12241761386394501,-0.003159469924867153,-0.6937976479530334,0.4133201539516449,0.06486017256975174,-0.03995269536972046,-0.2645637094974518,0.9905096888542175,-0.35987022519111633,0.17593206465244293,-0.876236081123352,-2.643625020980835,1.0066291093826294,-0.6786348223686218,0.8153848648071289,-0.3094489574432373,2.213315010070801,0.43989548087120056,3.3291268348693848,-0.10517023503780365,-0.19669343531131744,-0.0372721329331398,-0.5836989879608154,0.05317789316177368,0.294460654258728,-0.020815938711166382,-0.1349038928747177,0.9755154848098755,-0.17595362663269043,-10.523842811584473,-2.125930070877075,-0.10966212302446365,0.5598913431167603,-0.451992928981781,0.47960779070854187,9.763345718383789,0.9537004828453064,0.06029922887682915
7.0,-0.17407800257205963,-0.13336387276649475,-0.03416093811392784,-0.6677749752998352,0.4003422260284424,0.08306040614843369,-0.04034906253218651,-0.2138427495956421,0.9991093873977661,-0.2983601689338684,-0.17407800257205963,-0.13336387276649475,-0.03416093811392784,-0.6677749752998352,0.4003422260284424,0.08306040614843369,-0.04034906253218651,-0.2138427495956421,0.9991093873977661,-0.2983601689338684,0.1863422393798828,-0.3169191777706146,-0.6718761920928955,1.4887135028839111,-0.48007047176361084,0.9733541011810303,0.17262840270996094,2.6952409744262695,0.48520487546920776,2.772104024887085,-0.07214564085006714,-0.1961323767900467,-0.06504901498556137,-0.5674024224281311,0.17113417387008667,0.3627614676952362,-0.07747071981430054,-0.12224288284778595,0.9647121429443359,-0.28017276525497437,-6.189838409423828,-0.5179136395454407,0.8541321754455566,0.5973665714263916,-0.24354779720306396,0.6434953808784485,9.773941993713379,0.8401086330413818,-0.019200513139367104
7.02,-0.17191696166992188,-0.1386658251285553,-0.038306497037410736,-0.6416159868240356,0.39261993765830994,0.10441087931394577,-0.03953639417886734,-0.17179962992668152,1.0020841360092163,-0.2730652987957001,-0.17191696166992188,-0.1386658251285553,-0.038306497037410736,-0.6416159868240356,0.39261993765830994,0.10441087931394577,-0.03953639417886734,-0.17179962992668152,1.0020841360092163,-0.2730652987957001,0.12200450152158737,-0.217437744140625,-0.0848320797085762,1.143432855606079,-0.40094271302223206,1.193750023841858,-0.08071538060903549,1.5763006210327148,-0.30662795901298523,0.1397155225276947,-0.003962278366088867,-0.2397202104330063,-0.043638139963150024,-0.5000030994415283,0.12968337535858154,0.37655287981033325,-0.16316673159599304,-0.13998332619667053,0.8168184757232666,-0.47850558161735535,-7.0694451332092285,0.6482378244400024,2.685199737548828,0.13539241254329681,-0.14256438612937927,0.6787570714950562,9.78432846069336,0.7060891389846802,-0.06667981296777725
7.04,-0.16421830654144287,-0.14480283856391907,-0.045301418751478195,-0.6171846389770508,0.38573989272117615,0.12631919980049133,-0.04814167320728302,-0.1549927443265915,0.9725329279899597,-0.34827232360839844,-0.16421830654144287,-0.14480283856391907,-0.045301418751478195,-0.6171846389770508,0.38573989272117615,0.12631919980049133,-0.04814167320728302,-0.1549927443265915,0.9725329279899597,-0.34827232360839844,0.5540468096733093,-0.36101534962654114,-0.5493382811546326,1.3464109897613525,-0.36138230562210083,1.1074020862579346,-0.6941264867782593,0.33831822872161865,-2.4658780097961426,-5.828330039978027,-0.08995893597602844,-0.21310335397720337,-0.12696416676044464,-0.5917394161224365,-0.6099963188171387,0.15910233557224274,-0.07648089528083801,-0.22659142315387726,0.46047502756118774,-0.7134190797805786,-8.748024940490723,0.1045079231262207,3.2963061332702637,-0.42668741941452026,-0.13494174182415009,0.5235416293144226,9.791587829589844,0.5939935445785522,-0.08986183255910873
7.06,-0.1541144847869873,-0.15001359581947327,-0.06832532584667206,-0.5989440679550171,0.37927961349487305,0.13660655915737152,-0.05813878774642944,-0.163206085562706,0.8701000809669495,-0.5137937068939209,-0.1541144847869873,-0.15001359581947327,-0.06832532584667206,-0.5989440679550171,0.37927961349487305,0.13660655915737152,-0.05813878774642944,-0.163206085562706,0.8701000809669495,-0.5137937068939209,0.31204521656036377,-0.17167524993419647,-1.7923107147216797,0.41043370962142944,-0.15962015092372894,0.09115352481603622,-0.26724451780319214,-1.2195779085159302,-7.244277477264404,-9.376766204833984,-0.21014344692230225,0.045834802091121674,-0.10819655656814575,-0.6451732516288757,-0.18903577327728271,0.028417527675628662,0.13624870777130127,-0.41670599579811096,0.21907585859298706,-0.3579195737838745,-4.036953449249268,0.4875151216983795,1.8599439859390259,-0.3572198748588562,0.11873719841241837,0.37604713439941406,9.79626750946045,0.5116059184074402,-0.08660157769918442
7.08,-0.15377090871334076,-0.13753129541873932,-0.09008077532052994,-0.6008148193359375,0.374686062335968,0.13237901031970978,-0.0448380783200264,-0.22632260620594025,0.6995977163314819,-0.5042736530303955,-0.15377090871334076,-0.13753129541873932,-0.09008077532052994,-0.6008148193359375,0.374686062335968,0.13237901031970978,-0.0448380783200264,-0.22632260620594025,0.6995977163314819,-0.5042736530303955,-0.2699607014656067,1.2876538038253784,-0.5009740591049194,-0.5425887107849121,-0.36760854721069336,-0.45211368799209595,1.435849905014038,-5.129721164703369,-9.18166732788086,6.505187511444092,-0.22474995255470276,0.0875345915555954,-0.14963923394680023,-0.8634680509567261,-0.2603914141654968,-0.2613673210144043,0.23896503448486328,-0.5218817591667175,0.21603399515151978,0.05754971504211426,-3.465785026550293,0.888874351978302,2.859935998916626,-0.08420488983392715,1.1380983591079712,0.3744305968284607,9.800135612487793,0.43866387009620667,0.0318320095539093
7.1,-0.15571266412734985,-0.11861537396907806,-0.1039612889289856,-0.634415328502655,0.3472210466861725,0.10796280950307846,-0.022339213639497757,-0.2729828953742981,0.6130895614624023,-0.4498324692249298,-0.15571266412734985,-0.11861537396907806,-0.1039612889289856,-0.634415328502655,0.3472210466861725,0.10796280950307846,-0.022339213639497757,-0.2729828953742981,0.6130895614624023,-0.4498324692249298,-0.1420830637216568,0.8945621848106384,-0.7748835682868958,-2.7108547687530518,-2.278207778930664,-2.301445960998535,1.1441198587417603,-0.10347608476877213,-2.4231162071228027,0.492013543844223,-0.28457146883010864,-0.04417867958545685,-0.07555162906646729,-1.1665329933166504,-0.29196596145629883,-0.16645628213882446,0.1605469435453415,-0.46371713280677795,0.3723334074020386,-0.06949761509895325,-20.63519859313965,-2.3601467609405518,-2.8907010555267334,0.2879123389720917,0.6455167531967163,-0.5914212465286255,9.79727840423584,0.45267221331596375,0.21098725497722626
7.12,-0.17765867710113525,-0.10551626235246658,-0.10957305878400803,-0.7288894653320312,0.2559937834739685,0.06466815620660782,-0.001344878226518631,-0.3137613534927368,0.5537747740745544,-0.42153483629226685,-0.17765867710113525,-0.10551626235246658,-0.10957305878400803,-0.7288894653320312,0.2559937834739685,0.06466815620660782,-0.001344878226518631,-0.3137613534927368,0.5537747740745544,-0.42153483629226685,-1.5340313911437988,0.4607285261154175,0.3059224784374237,-6.193145275115967,-7.731918811798096,-2.0231502056121826,0.9146866798400879,-3.7939248085021973,-2.923971176147461,1.669656753540039,-0.3771502673625946,-0.0236995667219162,-0.04817216470837593,-1.1697664260864258,-0.17044800519943237,-0.16870033740997314,0.2372952699661255,-0.46179354190826416,0.393899142742157,-0.12260252237319946,-4.01772928237915,1.5360859632492065,-1.278012752532959,-0.04046924412250519,0.6379918456077576,-0.3328382074832916,9.789619445800781,0.5320907235145569,0.3410789370536804
7.14,-0.21042554080486298,-0.09445791691541672,-0.09455747157335281,-0.8414002656936646,0.1304781138896942,0.02819368615746498,0.021347442641854286,-0.383195698261261,0.504901647567749,-0.3953477442264557,-0.21042554080486298,-0.09445791691541672,-0.09455747157335281,-0.8414002656936646,0.1304781138896942,0.02819368615746498,0.021347442641854286,-0.383195698261261,0.504901647567749,-0.3953477442264557,-1.6359100341796875,0.5986191034317017,1.0077675580978394,-5.199605941772461,-4.889787197113037,-1.663670539855957,1.29208242893219,-2.831087827682495,-2.037654399871826,0.931549608707428,-0.33296144008636475,-0.03250180184841156,0.010101791471242905,-1.1972191333770752,0.03597980737686157,-0.17153865098953247,0.23504817485809326,-0.4510840177536011,0.39427265524864197,-0.1702837347984314,-5.47678804397583,1.0656338930130005,0.3277905285358429,-0.41633161902427673,0.8455181121826172,-0.4466102421283722,9.778694152832031,0.6116858720779419,0.48896506428718567
7.16,-0.2341441810131073,-0.08387774974107742,-0.06561323255300522,-0.9426550269126892,0.04492681100964546,-0.0030482453294098377,0.04642642289400101,-0.4218983054161072,0.4728352129459381,-0.38708242774009705,-0.2341441810131073,-0.08387774974107742,-0.06561323255300522,-0.9426550269126892,0.04492681100964546,-0.0030482453294098377,0.04642642289400101,-0.4218983054161072,0.4728352129459381,-0.38708242774009705,-0.8731879591941833,0.4575563967227936,1.8523544073104858,-4.764865875244141,-0.8757933974266052,-1.43662691116333,1.1936960220336914,-1.2649554014205933,-1.2866188287734985,-0.011451955884695053,-0.3227362632751465,-0.07351021468639374,0.0403314046561718,-1.2499375343322754,0.05849134922027588,-0.20280206203460693,0.20121923089027405,-0.467722624540329,0.40440765023231506,-0.22375229001045227,-3.5033209323883057,-0.8899389505386353,-1.0365574359893799,-0.8242363333702087,0.7542608380317688,-0.5686216950416565,9.762331008911133,0.7087235450744629,0.6562743186950684
7.18,-0.2476664036512375,-0.07952942699193954,-0.027009157463908195,-1.030895471572876,0.04635060206055641,-0.029204867780208588,0.06703252345323563,-0.44193094968795776,0.45207494497299194,-0.3975300192832947,-0.2476664036512375,-0.07952942699193954,-0.027009157463908195,-1.030895471572876,0.04635060206055641,-0.029204867780208588,0.06703252345323563,-0.44193094968795776,0.45207494497299194,-0.3975300192832947,-0.5353071093559265,0.0417010523378849,1.985161304473877,-4.14743185043335,0.38590967655181885,-1.2355986833572388,0.9065889716148376,-0.8910586833953857,-0.8664079904556274,-0.9599613547325134,-0.15181304514408112,-0.11404664814472198,0.04339740797877312,-1.2686645984649658,0.16818499565124512,-0.29857689142227173,0.1833745539188385,-0.471066951751709,0.3948507010936737,-0.16601648926734924,-3.10707426071167,-0.6205271482467651,-1.087792158126831,-1.0471259355545044,0.5211763381958008,-0.5380659699440002,9.744998931884766,0.7998849153518677,0.7945348620414734
7.2,-0.2438875436782837,-0.08433310687541962,0.008924408815801144,-1.101505160331726,0.09490230679512024,-0.058328550308942795,0.07664144039154053,-0.45915862917900085,0.44288405776023865,-0.4019775688648224,-0.2438875436782837,-0.08433310687541962,0.008924408815801144,-1.101505160331726,0.09490230679512024,-0.058328550308942795,0.07664144039154053,-0.45915862917900085,0.44288405776023865,-0.4019775688648224,0.5699133276939392,-0.30288922786712646,1.4974690675735474,-3.1362497806549072,3.3743929862976074,-1.6719512939453125,0.4355259835720062,-0.8164517879486084,-0.5332677960395813,-0.21415996551513672,-0.1493283063173294,-0.0935012549161911,0.06226976960897446,-1.2981889247894287,0.2866630554199219,-0.2841780185699463,0.15661610662937164,-0.49214956164360046,0.43280649185180664,-0.21507635712623596,-7.593549728393555,-1.6371370553970337,-2.694575548171997,-0.957478404045105,0.15279702842235565,-1.0087515115737915,9.726704597473145,0.9414911866188049,0.86076420545578
7.22,-0.2327265739440918,-0.08901127427816391,0.0357205756008625,-1.1586800813674927,0.18501436710357666,-0.08790870755910873,0.08350115269422531,-0.47503921389579773,0.4384983777999878,-0.41029682755470276,-0.2327265739440918,-0.08901127427816391,0.0357205756008625,-1.1586800813674927,0.18501436710357666,-0.08790870755910873,0.08350115269422531,-0.47503921389579773,0.4384983777999878,-0.41029682755470276,0.5636191964149475,-0.16233347356319427,1.2497303485870361,-2.619851589202881,4.83730936050415,-1.3340214490890503,0.25980904698371887,-0.7659791707992554,0.06454570591449738,-0.5909072756767273,-0.08157479763031006,-0.1350102573633194,0.12344617396593094,-1.2632524967193604,0.38643938302993774,-0.3020804524421692,0.07637327909469604,-0.5270090103149414,0.47830307483673096,-0.25415486097335815,-7.391841888427734,-1.539262056350708,-2.7512729167938232,-0.8723515868186951,0.04934441298246384,-0.892792284488678,9.705795288085938,1.108069896697998,0.8976749181747437
7.24,-0.21756961941719055,-0.09476368129253387,0.06405232101678848,-1.1972532272338867,0.28492072224617004,-0.11326419562101364,0.08369477093219757,-0.49117499589920044,0.44623419642448425,-0.425746887922287,-0.21756961941719055,-0.09476368129253387,0.06405232101678848,-1.1972532272338867,0.28492072224617004,-0.11326419562101364,0.08369477093219757,-0.49117499589920044,0.44623419642448425,-0.425746887922287,0.9137305617332458,-0.39443331956863403,1.7363715171813965,-1.3537311553955078,4.8313117027282715,-1.2089619636535645,-0.2172859013080597,-0.8172868490219116,0.6762540936470032,-0.9395939111709595,-0.1195932924747467,-0.08976911008358002,0.1253654509782791,-1.164604663848877,0.5445981621742249,-0.17975956201553345,0.07404158264398575,-0.53849196434021,0.5452127456665039,-0.2023976445198059,-6.450736045837402,-1.2231014966964722,-2.7531371116638184,-0.8256440758705139,-0.241398423910141,-0.9587199091911316,9.685615539550781,1.270723581314087,0.9001188278198242
7.26,-0.2023668736219406,-0.0993102416396141,0.09794773161411285,-1.2047407627105713,0.4060761630535126,-0.1287076622247696,0.07729864865541458,-0.5075148940086365,0.47039058804512024,-0.4499359428882599,-0.2023668736219406,-0.0993102416396141,0.09794773161411285,-1.2047407627105713,0.4060761630535126,-0.1287076622247696,0.07729864865541458,-0.5075148940086365,0.47039058804512024,-0.4499359428882599,0.6355593204498291,-0.06564334034919739,1.5056321620941162,0.48552557826042175,6.532284736633301,-0.43907275795936584,-0.3556146025657654,-0.8258094191551208,1.5757944583892822,-1.3978593349456787,-0.12947344779968262,0.03380031883716583,0.1412249654531479,-1.0152549743652344,0.7082201242446899,-0.06825152039527893,0.12815594673156738,-0.5331183671951294,0.5694646239280701,-0.22443845868110657,-7.992338180541992,-2.013324737548828,-3.048915147781372,-0.8152630925178528,-0.2763567566871643,-0.6151895523071289,9.66922378540039,1.4113787412643433,0.8661515712738037
7.28,-0.19144897162914276,-0.09019403159618378,0.12578696012496948,-1.1705918312072754,0.552182674407959,-0.13203532993793488,0.07395680993795395,-0.5223012566566467,0.5059372186660767,-0.4809604585170746,-0.19144897162914276,-0.09019403159618378,0.12578696012496948,-1.1705918312072754,0.552182674407959,-0.13203532993793488,0.07395680993795395,-0.5223012566566467,0.5059372186660767,-0.4809604585170746,0.44041746854782104,0.8302625417709351,1.2412537336349487,2.6994740962982178,7.45034646987915,0.06426643580198288,-0.027994977310299873,-0.6919879913330078,1.8964378833770752,-1.638526439666748,-0.14150609076023102,0.0682164877653122,0.1346963495016098,-0.8573780655860901,0.8357985019683838,-0.06215471029281616,0.13474026322364807,-0.5593507885932922,0.617115318775177,-0.337578147649765,-8.739542961120605,-2.8590898513793945,-3.3518829345703125,-0.7442851662635803,-0.037815455347299576,-0.26506897807121277,9.658944129943848,1.4857052564620972,0.8564920425415039
7.3,-0.18290047347545624,-0.0714440643787384,0.14115598797798157,-1.0972858667373657,0.696077287197113,-0.12853853404521942,0.07410871237516403,-0.5358000993728638,0.5451926589012146,-0.5150030851364136,-0.18290047347545624,-0.0714440643787384,0.14115598797798157,-1.0972858667373657,0.696077287197113,-0.12853853404521942,0.07410871237516403,-0.5358000993728638,0.5451926589012146,-0.5150030851364136,0.3903796076774597,1.0025898218154907,0.40080827474594116,4.3942999839782715,6.738284587860107,0.259480744600296,0.019384250044822693,-0.6365452408790588,2.04331111907959,-1.7736046314239502,-0.1606440246105194,0.12269259989261627,0.11615123599767685,-0.7408260107040405,0.7963727116584778,-0.06226933002471924,0.1338927447795868,-0.5597512125968933,0.6466716527938843,-0.3675781488418579,-7.688506126403809,-2.3101062774658203,-3.18000864982605,-0.6566748023033142,-0.007119445595890284,-0.08267679065465927,9.654510498046875,1.5051873922348022,0.872313916683197
7.32,-0.1767553836107254,-0.04886406287550926,0.14250189065933228,-1.0021402835845947,0.7658255696296692,-0.12356560677289963,0.07515768706798553,-0.5455690026283264,0.5859369039535522,-0.55152827501297,-0.1767553836107254,-0.04886406287550926,0.14250189065933228,-1.0021402835845947,0.7658255696296692,-0.12356560677289963,0.07515768706798553,-0.5455690026283264,0.5859369039535522,-0.55152827501297,0.22173500061035156,1.2202091217041016,-0.20119453966617584,4.963142395019531,1.5113646984100342,0.23744428157806396,0.06017303094267845,-0.3615949749946594,2.0321285724639893,-1.8667165040969849,-0.1598650962114334,0.11657483875751495,0.0923788771033287,-0.6390827894210815,0.6201231479644775,-0.07721096277236938,0.10268166661262512,-0.5454531311988831,0.680860698223114,-0.38577476143836975,-7.4505295753479,-2.225253105163574,-3.429360866546631,-0.40891069173812866,-0.00932345725595951,-0.006107227876782417,9.653397560119629,1.5044441223144531,0.8858112096786499
7.34,-0.17312529683113098,-0.026466496288776398,0.13055402040481567,-0.9013790488243103,0.7158896923065186,-0.12041071802377701,0.07444706559181213,-0.5497788786888123,0.6255226731300354,-0.5890872478485107,-0.17312529683113098,-0.026466496288776398,0.13055402040481567,-0.9013790488243103,0.7158896923065186,-0.12041071802377701,0.07444706559181213,-0.5497788786888123,0.6255226731300354,-0.5890872478485107,0.14812107384204865,1.039137363433838,-0.8659970164299011,5.040322303771973,-4.500899314880371,0.09716634452342987,-0.12486045062541962,-0.08295741677284241,1.9536319971084595,-1.9010463953018188,-0.2635066509246826,-0.007970288395881653,0.07889681309461594,-0.49331825971603394,0.47143852710723877,0.0896385908126831,0.03397917002439499,-0.40427127480506897,0.7809015512466431,-0.29707878828048706,-6.8894476890563965,-2.048574209213257,-3.3773348331451416,-0.12887424230575562,-0.1844443529844284,-0.010576309636235237,9.654934883117676,1.5015090703964233,0.8739633560180664
7.36,-0.178413525223732,-0.015783090144395828,0.1075463816523552,-0.7947708964347839,0.5974786877632141,-0.10769020766019821,0.06639270484447479,-0.5187622308731079,0.6730620265007019,-0.6273534893989563,-0.178413525223732,-0.015783090144395828,0.1075463816523552,-0.7947708964347839,0.5974786877632141,-0.10769020766019821,0.06639270484447479,-0.5187622308731079,0.6730620265007019,-0.6273534893989563,-0.5281601548194885,0.15937785804271698,-1.2082698345184326,5.629703044891357,-6.221948623657227,0.9957247376441956,-0.4938288629055023,3.1801466941833496,2.548557996749878,-2.0767831802368164,-0.45839500427246094,-0.005675777792930603,0.2364140748977661,-0.5436117053031921,0.525233268737793,0.21584078669548035,0.0429275706410408,-0.2878304123878479,0.8404296636581421,-0.16855454444885254,-3.8357012271881104,-1.4334403276443481,-2.234565258026123,0.03401420637965202,-0.6198976635932922,0.4663369357585907,9.668389320373535,1.458713173866272,0.7940417528152466
7.38,-0.20174334943294525,-0.009292409755289555,0.12217329442501068,-0.730193018913269,0.4416411519050598,-0.07978128641843796,0.05906495079398155,-0.4334803521633148,0.7257900238037109,-0.6735532879829407,-0.20174334943294525,-0.009292409755289555,0.12217329442501068,-0.730193018913269,0.4416411519050598,-0.07978128641843796,0.05906495079398155,-0.4334803521633148,0.7257900238037109,-0.6735532879829407,-1.4271609783172607,0.48584437370300293,2.0478615760803223,0.45951423048973083,-12.847501754760742,1.5923693180084229,-0.19966188073158264,4.82441520690918,2.6611361503601074,-2.1856367588043213,-0.4119197428226471,-0.09812036901712418,0.2253922075033188,-0.6032712459564209,0.36976534128189087,0.28412362933158875,0.016469135880470276,-0.25768518447875977,0.9310636520385742,-0.17266178131103516,-11.047403335571289,-3.0009913444519043,-0.006547837518155575,0.12521259486675262,-0.6508800387382507,0.8902313709259033,9.69845962524414,1.3206582069396973,0.6571446657180786
7.4,-0.23051635921001434,-0.004776928573846817,0.13005678355693817,-0.7718941569328308,0.4320262670516968,-0.046393610537052155,0.06020863726735115,-0.35447466373443604,0.7830514907836914,-0.6873298287391663,-0.23051635921001434,-0.004776928573846817,0.13005678355693817,-0.7718941569328308,0.4320262670516968,-0.046393610537052155,0.06020863726735115,-0.35447466373443604,0.7830514907836914,-0.6873298287391663,-0.9553474187850952,-0.0019068256951868534,-0.18188421428203583,-1.7128090858459473,1.6497069597244263,1.807537317276001,-0.031486835330724716,3.161036968231201,3.168147325515747,0.5313393473625183,-0.29355618357658386,-0.1354639083147049,0.19160622358322144,-0.6231576204299927,0.20301318168640137,0.20466545224189758,-0.07640431076288223,-0.33069995045661926,0.9663614630699158,0.01479804515838623,-18.667240142822266,-2.779240608215332,2.0010578632354736,-0.2208968698978424,-0.2609174847602844,0.6620880365371704,9.722582817077637,1.167971134185791,0.5859405994415283
7.42,-0.23877622187137604,-0.009953439235687256,0.12761639058589935,-0.7873395681381226,0.45095914602279663,-0.01456230878829956,0.05076638236641884,-0.3259263038635254,0.8414096832275391,-0.6566420197486877,-0.23877622187137604,-0.009953439235687256,0.12761639058589935,-0.7873395681381226,0.45095914602279663,-0.01456230878829956,0.05076638236641884,-0.3259263038635254,0.8414096832275391,-0.6566420197486877,-0.049432434141635895,-0.4299021363258362,-0.04348229616880417,-0.18914858996868134,0.5715344548225403,1.4049484729766846,-0.8234701752662659,0.14435021579265594,2.6999714374542236,2.2559845447540283,-0.1238860934972763,-0.1497444361448288,0.1848069131374359,-0.5815521478652954,0.17687201499938965,0.11456631124019623,-0.12926891446113586,-0.32528042793273926,0.9796613454818726,-0.07078111171722412,-15.171163558959961,-1.7014778852462769,1.3663299083709717,-0.16329558193683624,-0.4927671551704407,0.43651828169822693,9.739361763000488,1.055842638015747,0.5158777236938477
7.44,-0.22893226146697998,-0.020076241344213486,0.12909464538097382,-0.7777494192123413,0.45558416843414307,0.005503416992723942,0.03153783455491066,-0.3294368088245392,0.8874220252037048,-0.5982266664505005,-0.22893226146697998,-0.020076241344213486,0.12909464538097382,-0.7777494192123413,0.45558416843414307,0.005503416992723942,0.03153783455491066,-0.3294368088245392,0.8874220252037048,-0.5982266664505005,0.8858568072319031,-0.5775274634361267,0.16869178414344788,0.9686586856842041,-0.027178525924682617,0.7505324482917786,-1.0670640468597412,-0.23969890177249908,2.0659596920013428,3.482069253921509,-0.03247874975204468,-0.18766164779663086,0.0877513512969017,-0.6159734129905701,0.041488051414489746,0.07960176467895508,-0.14457601308822632,-0.31299397349357605,0.9820981025695801,-0.07097506523132324,-13.830793380737305,-1.2308398485183716,1.0264368057250977,0.039962608367204666,-0.5539852976799011,0.058963462710380554,9.749570846557617,1.0048792362213135,0.41494402289390564
7.46,-0.20651832222938538,-0.03486113250255585,0.12929370999336243,-0.7526211738586426,0.45185092091560364,0.017460299655795097,0.008808556012809277,-0.3301923871040344,0.9235953688621521,-0.519946277141571,-0.20651832222938538,-0.03486113250255585,0.12929370999336243,-0.7526211738586426,0.45185092091560364,0.017460299655795097,0.008808556012809277,-0.3301923871040344,0.9235953688621521,-0.519946277141571,1.291831135749817,-0.9001399874687195,-0.411245733499527,1.4187284708023071,-0.24868132174015045,0.49469462037086487,-1.179486632347107,0.1486961543560028,1.6257355213165283,4.179476261138916,-0.008746027946472168,-0.23333598673343658,0.011761307716369629,-0.6322680711746216,-0.6269866228103638,0.08005267381668091,-0.16811694204807281,-0.278808057308197,0.996612548828125,0.46498554944992065,-9.220367431640625,-0.8671556711196899,-0.40857842564582825,0.07008110731840134,-0.6637014150619507,-0.12340688705444336,9.753414154052734,1.0103962421417236,0.29346349835395813
7.48,-0.18139037489891052,-0.057341985404491425,0.1015685498714447,-0.7268618941307068,0.44568169116973877,0.027171537280082703,-0.014710240066051483,-0.31914663314819336,0.9530907273292542,-0.4318254590034485,-0.18139037489891052,-0.057341985404491425,0.1015685498714447,-0.7268618941307068,0.44568169116973877,0.027171537280082703,-0.014710240066051483,-0.31914663314819336,0.9530907273292542,-0.4318254590034485,1.241109848022461,-1.3054800033569336,-2.3885624408721924,1.1917016506195068,-0.3241092264652252,0.45731356739997864,-1.1683738231658936,0.9067022800445557,1.3655946254730225,4.571985244750977,-0.016519904136657715,-0.25711315870285034,-0.06914878636598587,-0.6342207193374634,-0.7648091316223145,0.1246916800737381,-0.15718859434127808,-0.226449117064476,1.007340431213379,0.55826735496521,-8.804245948791504,-0.4330747127532959,-0.0861310064792633,0.16329751908779144,-0.7916688323020935,-0.18274061381816864,9.75368595123291,1.039089560508728,0.14833246171474457
7.5,-0.15937408804893494,-0.08435939997434616,0.040206246078014374,-0.7062944769859314,0.4387606382369995,0.03810535743832588,-0.03538643941283226,-0.2899661660194397,0.9793776869773865,-0.33733290433883667,-0.15937408804893494,-0.08435939997434616,0.040206246078014374,-0.7062944769859314,0.4387606382369995,0.03810535743832588,-0.03538643941283226,-0.2899661660194397,0.9793776869773865,-0.33733290433883667,1.0096631050109863,-1.3589121103286743,-3.4645657539367676,0.911570131778717,-0.36877232789993286,0.602942943572998,-0.9202539324760437,1.8602442741394043,1.267095685005188,4.870186805725098,-0.10425375401973724,-0.24552656710147858,-0.15553542971611023,-0.5991309881210327,-0.7698119878768921,0.2323950082063675,-0.1302235722541809,-0.16165569424629211,0.9802049994468689,0.2549806237220764,-9.068221092224121,-0.5421004295349121,-0.0054024443961679935,0.4317086935043335,-0.7770268321037292,-0.13843905925750732,9.75139045715332,1.0706743001937866,-0.011852441355586052
7.52,-0.14542075991630554,-0.10981792211532593,-0.032493170350790024,-0.6896815896034241,0.42872679233551025,0.055425189435482025,-0.04967560991644859,-0.24356119334697723,1.0031371116638184,-0.23635779321193695,-0.14542075991630554,-0.10981792211532593,-0.032493170350790024,-0.6896815896034241,0.42872679233551025,0.055425189435482025,-0.04967560991644859,-0.24356119334697723,1.0031371116638184,-0.23635779321193695,0.4786795377731323,-1.2071338891983032,-3.7848379611968994,0.8634253144264221,-0.6187272667884827,1.0462278127670288,-0.5522287487983704,2.618358850479126,1.0445352792739868,5.190793037414551,-0.15643930435180664,-0.18813450634479523,-0.16383373737335205,-0.5621817708015442,-0.02714097499847412,0.36447346210479736,-0.08905762434005737,-0.14332160353660583,0.9840870499610901,-0.021661579608917236,-10.369140625,-1.8859436511993408,0.06504258513450623,0.7436638474464417,-0.6856997013092041,0.18893477320671082,9.750238418579102,1.06813383102417,-0.1674499809741974
7.54,-0.1417263150215149,-0.12677882611751556,-0.09255240857601166,-0.6686326265335083,0.41459041833877563,0.0811445415019989,-0.0559450127184391,-0.1940268725156784,1.0213186740875244,-0.13789203763008118,-0.1417263150215149,-0.12677882611751556,-0.09255240857601166,-0.6686326265335083,0.41459041833877563,0.0811445415019989,-0.0559450127184391,-0.1940268725156784,1.0213186740875244,-0.13789203763008118,-0.029037583619356155,-0.5413715243339539,-2.414625644683838,1.2627700567245483,-0.6686612367630005,1.4326683282852173,-0.13501937687397003,2.165935754776001,0.7604166269302368,4.419511318206787,-0.12961967289447784,-0.16371051967144012,-0.10649581253528595,-0.5503842234611511,0.16121727228164673,0.46283406019210815,-0.12490351498126984,-0.07424763590097427,1.0497668981552124,-0.18627166748046875,-6.826716423034668,-2.2322402000427246,1.4771217107772827,0.9233590364456177,-0.3755422830581665,0.6767656803131104,9.75635051727295,0.9819596409797668,-0.2923714816570282
7.56,-0.14601990580558777,-0.13204890489578247,-0.11256955564022064,-0.6415329575538635,0.40576767921447754,0.1142815575003624,-0.0586877167224884,-0.1533960998058319,1.0347954034805298,-0.12907874584197998,-0.14601990580558777,-0.13204890489578247,-0.11256955564022064,-0.6415329575538635,0.40576767921447754,0.1142815575003624,-0.0586877167224884,-0.1533960998058319,1.0347954034805298,-0.12907874584197998,-0.36398395895957947,0.0038624738808721304,0.5224446058273315,1.161501169204712,-0.5487707257270813,1.8220040798187256,-0.1336057186126709,2.0472514629364014,0.5089844465255737,-2.2411649227142334,-0.011386394500732422,-0.17350319027900696,-0.08686451613903046,-0.4768926501274109,0.18010902404785156,0.46640488505363464,-0.21003146469593048,-0.0926780253648758,0.8466410636901855,-0.38996630907058716,-9.006592750549316,0.8742327690124512,3.0491364002227783,0.7642289996147156,-0.16535930335521698,0.9416616559028625,9.769909858703613,0.8075243234634399,-0.3645041584968567
7.58,-0.1446894109249115,-0.13311539590358734,-0.10668078064918518,-0.6139945983886719,0.39462077617645264,0.14482691884040833,-0.06910456717014313,-0.12609533965587616,1.0125707387924194,-0.236555278301239,-0.1446894109249115,-0.13311539590358734,-0.10668078064918518,-0.6139945983886719,0.39462077617645264,0.14482691884040833,-0.06910456717014313,-0.12609533965587616,1.0125707387924194,-0.236555278301239,0.3338492512702942,-0.06863641738891602,0.0707123875617981,1.6040759086608887,-0.6185606122016907,1.45638906955719,-0.7921006679534912,0.8298749327659607,-2.5043609142303467,-6.933541774749756,-0.02479347586631775,-0.16975991427898407,-0.1868826299905777,-0.527639627456665,-0.6392395496368408,0.30955779552459717,-0.18781089782714844,-0.1165955662727356,0.43431127071380615,-0.7123064994812012,-8.769034385681152,-0.1944565773010254,3.272653579711914,0.20650386810302734,-0.13617250323295593,0.6447592377662659,9.779659271240234,0.6583181619644165,-0.401224285364151
7.6,-0.13515982031822205,-0.13490816950798035,-0.12157201021909714,-0.5843020677566528,0.3838227689266205,0.16342295706272125,-0.08497953414916992,-0.11710673570632935,0.9010770320892334,-0.44822707772254944,-0.13515982031822205,-0.13490816950798035,-0.12157201021909714,-0.5843020677566528,0.3838227689266205,0.16342295706272125,-0.08497953414916992,-0.11710673570632935,0.9010770320892334,-0.44822707772254944,0.4406053423881531,-0.10888151079416275,-1.7206339836120605,1.293924331665039,-0.3147051930427551,0.6312724351882935,-0.7324870228767395,0.14732956886291504,-8.070921897888184,-12.327752113342285,-0.17835307121276855,0.06454455107450485,-0.17557938396930695,-0.6049917936325073,-0.24201297760009766,0.21601790189743042,0.026881232857704163,-0.32239216566085815,0.19758528470993042,-0.37699878215789795,-3.871121406555176,0.13469986617565155,1.8394219875335693,0.055819470435380936,-0.013387183658778667,0.5223584771156311,9.785738945007324,0.5508316159248352,-0.41473129391670227
7.62,-0.13416072726249695,-0.12097826600074768,-0.1395363211631775,-0.5729832053184509,0.36849245429039,0.17407917976379395,-0.08258946985006332,-0.1545391082763672,0.7149034142494202,-0.48528870940208435,-0.13416072726249695,-0.12097826600074768,-0.1395363211631775,-0.5729832053184509,0.36849245429039,0.17407917976379395,-0.08258946985006332,-0.1545391082763672,0.7149034142494202,-0.48528870940208435,-0.27197951078414917,1.2788891792297363,-0.9470590353012085,-0.003033790970221162,-0.05378303304314613,0.3930990695953369,0.8324646949768066,-4.085195064544678,-9.886087417602539,4.610562801361084,-0.27525538206100464,0.19388459622859955,-0.22749903798103333,-0.698692798614502,-0.41728895902633667,-0.21913403272628784,0.22567829489707947,-0.5081977844238281,0.21274548768997192,-0.04805898666381836,-3.082639455795288,1.1579149961471558,2.87441086769104,0.05012943223118782,1.0248781442642212,0.6084465384483337,9.794941902160645,0.43898025155067444,-0.3201771676540375
7.64,-0.13840694725513458,-0.08547626435756683,-0.16534215211868286,-0.5900715589523315,0.3591116964817047,0.16129635274410248,-0.05058782547712326,-0.27519452571868896,0.5475634932518005,-0.33229508996009827,-0.13840694725513458,-0.08547626435756683,-0.16534215211868286,-0.5900715589523315,0.3591116964817047,0.16129635274410248,-0.05058782547712326,-0.27519452571868896,0.5475634932518005,-0.33229508996009827,-0.23637600243091583,1.9277780055999756,-1.5959734916687012,-1.7279037237167358,-0.9000677466392517,-1.9657834768295288,2.215242385864258,-7.0217695236206055,-4.2457756996154785,-5.788455963134766,-0.22359825670719147,-0.06902645528316498,-0.08317086100578308,-1.2580461502075195,-0.12402790784835815,-0.14727509021759033,0.20616191625595093,-0.41609400510787964,0.3349829912185669,-0.02102971076965332,-28.81797981262207,-2.847980499267578,-11.057509422302246,0.7617971301078796,1.8541980981826782,-0.19678260385990143,9.802050590515137,0.3931339979171753,-0.03662925958633423
7.66,-0.1551646888256073,-0.0740053579211235,-0.1666230708360672,-0.6940953135490417,0.3053511679172516,0.12579062581062317,-0.027190404012799263,-0.2922958731651306,0.5125488638877869,-0.3307759463787079,-0.1551646888256073,-0.0740053579211235,-0.1666230708360672,-0.6940953135490417,0.3053511679172516,0.12579062581062317,-0.027190404012799263,-0.2922958731651306,0.5125488638877869,-0.3307759463787079,-1.1696099042892456,0.18041543662548065,1.4570850133895874,-8.291810035705566,-8.579315185546875,-2.2466959953308105,0.9744153022766113,-0.8279858231544495,-2.034651517868042,0.564520001411438,-0.40071171522140503,0.005036577582359314,-0.05073562636971474,-1.1639060974121094,-0.2246960997581482,-0.19204699993133545,0.27265360951423645,-0.46780160069465637,0.36476778984069824,-0.11109223961830139,-4.661959171295166,0.8812561631202698,-0.8529281616210938,0.72694331407547,0.5035936832427979,-0.6836968660354614,9.797481536865234,0.47902897000312805,0.12644657492637634
7.68,-0.18510979413986206,-0.06383947283029556,-0.12810750305652618,-0.8304729461669922,0.1992640495300293,0.08372895419597626,-0.002610364928841591,-0.33072590827941895,0.4732339382171631,-0.32322391867637634,-0.18510979413986206,-0.06383947283029556,-0.12810750305652618,-0.8304729461669922,0.1992640495300293,0.08372895419597626,-0.002610364928841591,-0.33072590827941895,0.4732339382171631,-0.32322391867637634,-1.6638020277023315,0.7581378817558289,2.0627615451812744,-5.531116008758545,-8.68638801574707,-1.9690256118774414,1.4382020235061646,-2.509559392929077,-1.848721981048584,0.22331902384757996,-0.38173967599868774,-0.014318153262138367,0.02849961444735527,-1.2255921363830566,0.044192373752593994,-0.1517709493637085,0.25751999020576477,-0.46880802512168884,0.3717343807220459,-0.1758672595024109,-2.932687759399414,0.3504020571708679,-0.2148006558418274,0.40618622303009033,0.9135200381278992,-0.6085515022277832,9.78746223449707,0.6115792989730835,0.2600882649421692
7.7,-0.21533839404582977,-0.05046745017170906,-0.08390213549137115,-0.9383848905563354,0.10522878170013428,0.048420436680316925,0.023475801572203636,-0.36975154280662537,0.4461631774902344,-0.3212294280529022,-0.21533839404582977,-0.05046745017170906,-0.08390213549137115,-0.9383848905563354,0.10522878170013428,0.048420436680316925,0.023475801572203636,-0.36975154280662537,0.4461631774902344,-0.3212294280529022,-1.229085087776184,0.44791871309280396,2.6685163974761963,-5.265597343444824,-3.0217959880828857,-1.5547600984573364,1.1013572216033936,-1.0490772724151611,-0.8914688229560852,-0.012262486852705479,-0.3676421344280243,-0.08411403000354767,0.07481330633163452,-1.2993123531341553,0.06811314821243286,-0.16305458545684814,0.21737250685691833,-0.4639509916305542,0.40149974822998047,-0.2806987464427948,-11.52352237701416,-1.0429524183273315,-3.5222198963165283,-0.1123405322432518,0.7994028925895691,-0.680822491645813,9.772491455078125,0.7416706681251526,0.42946138978004456
7.72,-0.23482273519039154,-0.048048097640275955,-0.028293734416365623,-1.0395357608795166,0.0766967236995697,0.021434521302580833,0.04136097803711891,-0.3849966824054718,0.43568360805511475,-0.3260425627231598,-0.23482273519039154,-0.048048097640275955,-0.028293734416365623,-1.0395357608795166,0.0766967236995697,0.021434521302580833,0.04136097803711891,-0.3849966824054718,0.43568360805511475,-0.3260425627231598,-0.7722047567367554,-0.1430749148130417,2.866389513015747,-4.8746466636657715,-0.48560240864753723,-1.215296745300293,0.7100650072097778,-0.7374351024627686,-0.2084471881389618,-0.3923494517803192,-0.15548597276210785,-0.150994673371315,0.05456741526722908,-1.2763067483901978,0.19823843240737915,-0.2593348026275635,0.2177501916885376,-0.4387552738189697,0.39242616295814514,-0.29652345180511475,-7.397362232208252,-1.061893343925476,-2.2791690826416016,-0.6481665968894958,0.48051485419273376,-0.7076755166053772,9.755400657653809,0.8706565499305725,0.556964099407196
7.74,-0.23458027839660645,-0.057069551199674606,0.01537482813000679,-1.1171278953552246,0.12017260491847992,-0.00908759143203497,0.0541527159512043,-0.4015483856201172,0.43172770738601685,-0.3350040316581726,-0.23458027839660645,-0.057069551199674606,0.01537482813000679,-1.1171278953552246,0.12017260491847992,-0.00908759143203497,0.0541527159512043,-0.4015483856201172,0.43172770738601685,-0.3350040316581726,0.5308024883270264,-0.6736158728599548,1.5716403722763062,-3.0945322513580322,3.5053467750549316,-1.690833568572998,0.5995863080024719,-0.8716367483139038,-0.138326495885849,-0.5171847343444824,-0.08292180299758911,-0.11899729073047638,0.09561242163181305,-1.3320441246032715,0.36548858880996704,-0.2598757743835449,0.18984276056289673,-0.42096224427223206,0.42032745480537415,-0.2221584916114807,-7.9615159034729,-1.6652376651763916,-2.327627420425415,-0.9379714131355286,0.3335265517234802,-1.1482887268066406,9.732693672180176,1.043513536453247,0.6495071053504944
7.76,-0.22079165279865265,-0.06847815960645676,0.04750647023320198,-1.1753977537155151,0.23293587565422058,-0.04177568852901459,0.06580738723278046,-0.4175686836242676,0.43316537141799927,-0.34808093309402466,-0.22079165279865265,-0.06847815960645676,0.04750647023320198,-1.1753977537155151,0.23293587565422058,-0.04177568852901459,0.06580738723278046,-0.4175686836242676,0.43316537141799927,-0.34808093309402466,0.8018893599510193,-0.47116169333457947,1.7333544492721558,-2.820432424545288,6.398772239685059,-1.5812739133834839,0.5448570847511292,-0.7313695549964905,0.254436194896698,-0.7784953117370605,-0.015141189098358154,-0.19682936370372772,0.15947942435741425,-1.2882544994354248,0.3800763785839081,-0.27050262689590454,0.08998261392116547,-0.46238037943840027,0.47630590200424194,-0.25339654088020325,-7.581551551818848,-1.6104545593261719,-2.7223622798919678,-0.8651612401008606,0.27778738737106323,-1.1687278747558594,9.70192813873291,1.2550591230392456,0.7304168939590454
7.78,-0.20090870559215546,-0.08319450914859772,0.08495823293924332,-1.2166128158569336,0.3192477822303772,-0.07089562714099884,0.07078761607408524,-0.43366387486457825,0.4447050094604492,-0.3669297695159912,-0.20090870559215546,-0.08319450914859772,0.08495823293924332,-1.2166128158569336,0.3192477822303772,-0.07089562714099884,0.07078761607408524,-0.43366387486457825,0.4447050094604492,-0.3669297695159912,1.1582621335983276,-0.9498767852783203,2.1642253398895264,-1.430747628211975,2.939941644668579,-1.347402811050415,-0.01576063223183155,-0.8401367664337158,0.8795827627182007,-1.1034618616104126,-0.09690511226654053,-0.15010519325733185,0.1433732956647873,-1.247420310974121,0.5912737250328064,-0.11034625768661499,0.07854598760604858,-0.46646177768707275,0.5374806523323059,-0.20470747351646423,-6.346712112426758,-1.232940912246704,-2.736163377761841,-0.8758548498153687,-0.08117951452732086,-1.1811573505401611,9.668651580810547,1.4674463272094727,0.7745164036750793
7.8,-0.18422606587409973,-0.09924216568470001,0.12441064417362213,-1.2343600988388062,0.43653297424316406,-0.08641009032726288,0.06822223961353302,-0.4499243497848511,0.47339752316474915,-0.3940400779247284,-0.18422606587409973,-0.09924216568470001,0.12441064417362213,-1.2343600988388062,0.43653297424316406,-0.08641009032726288,0.06822223961353302,-0.4499243497848511,0.47339752316474915,-0.3940400779247284,0.5967928171157837,-0.6352810263633728,1.604618787765503,-0.36066779494285583,7.293169021606445,-0.3702099025249481,-0.16859769821166992,-0.799482524394989,1.7925660610198975,-1.5249378681182861,-0.09621942043304443,-0.016778364777565002,0.17371170222759247,-1.034124732017517,0.7275412082672119,0.04137590527534485,0.13708078861236572,-0.4520781338214874,0.5817114114761353,-0.19874414801597595,-8.212602615356445,-2.2129061222076416,-2.9309487342834473,-0.8360401391983032,-0.13956241309642792,-0.690344512462616,9.641531944274902,1.6365209817886353,0.7737942934036255
7.82,-0.1735655516386032,-0.09961100667715073,0.15460152924060822,-1.2065861225128174,0.5811400413513184,-0.08614300936460495,0.06906294822692871,-0.4637114107608795,0.5147407054901123,-0.4278620183467865,-0.1735655516386032,-0.09961100667715073,0.15460152924060822,-1.2065861225128174,0.5811400413513184,-0.08614300936460495,0.06906294822692871,-0.4637114107608795,0.5147407054901123,-0.4278620183467865,0.4491399824619293,0.4269448220729828,1.4406070709228516,2.8695969581604004,6.9495439529418945,0.3354664444923401,0.1773693710565567,-0.6641241312026978,2.24237060546875,-1.7765029668807983,-0.11857554316520691,-0.02298857271671295,0.14885084331035614,-0.9024877548217773,0.8384391665458679,0.0747697651386261,0.14135099947452545,-0.4884454309940338,0.6263302564620972,-0.3114158511161804,-8.686830520629883,-2.995673656463623,-2.9497556686401367,-0.7725839018821716,0.1317228376865387,-0.24078096449375153,9.625564575195312,1.7169109582901,0.7980111837387085
7.84,-0.16610701382160187,-0.09119571000337601,0.1695522665977478,-1.1321241855621338,0.7129356861114502,-0.07571937888860703,0.07199423760175705,-0.4771026074886322,0.5605451464653015,-0.4641404151916504,-0.16610701382160187,-0.09119571000337601,0.1695522665977478,-1.1321241855621338,0.7129356861114502,-0.07571937888860703,0.07199423760175705,-0.4771026074886322,0.5605451464653015,-0.4641404151916504,0.3104150891304016,0.41175758838653564,0.19105170667171478,4.292009353637695,6.085550785064697,0.6449258923530579,0.12416830658912659,-0.6603042483329773,2.3347198963165283,-1.844663381576538,-0.0878833532333374,0.004908666014671326,0.11909543722867966,-0.7996981739997864,0.8600714206695557,0.05183136463165283,0.15128055214881897,-0.4904787838459015,0.6581035852432251,-0.40455102920532227,-8.04675006866455,-2.347670555114746,-3.2539730072021484,-0.6986159086227417,0.08401910960674286,0.033525194972753525,9.620979309082031,1.7214025259017944,0.8423958420753479
7.86,-0.15811435878276825,-0.08111540228128433,0.1629069596529007,-1.0411708354949951,0.798050582408905,-0.06476644426584244,0.07529271394014359,-0.48803040385246277,0.6059148907661438,-0.501529335975647,-0.15811435878276825,-0.08111540228128433,0.1629069596529007,-1.0411708354949951,0.798050582408905,-0.06476644426584244,0.07529271394014359,-0.48803040385246277,0.6059148907661438,-0.501529335975647,0.4412055015563965,0.5771024227142334,-0.748430609703064,4.672248363494873,3.049105405807495,0.4806104898452759,0.18465343117713928,-0.45334720611572266,2.244442939758301,-1.896485447883606,-0.11337336897850037,0.04595665633678436,0.12763063609600067,-0.6942231059074402,0.7065460681915283,0.0679340660572052,0.14374017715454102,-0.4864131212234497,0.7214182615280151,-0.4211064577102661,-7.516291618347168,-2.0861244201660156,-3.3709068298339844,-0.5106976628303528,0.07328229397535324,0.002873179269954562,9.620565414428711,1.7067443132400513,0.8762711882591248
7.88,-0.15146252512931824,-0.06653714925050735,0.14920420944690704,-0.945832371711731,0.7768477201461792,-0.0542202852666378,0.0787975862622261,-0.4938771426677704,0.652323842048645,-0.5411112904548645,-0.15146252512931824,-0.06653714925050735,0.14920420944690704,-0.945832371711731,0.7768477201461792,-0.0542202852666378,0.0787975862622261,-0.4938771426677704,0.652323842048645,-0.5411112904548645,0.24929673969745636,0.8298768997192383,-0.5388898849487305,4.82522439956665,-3.212994337081909,0.5599270462989807,0.14260455965995789,-0.1731298714876175,2.3988564014434814,-2.054959297180176,-0.21263670921325684,-0.07863302528858185,0.07644888013601303,-0.4871833324432373,0.4655003249645233,0.13214242458343506,0.04992986097931862,-0.41782811284065247,0.7857314348220825,-0.3600185513496399,-6.675987243652344,-1.7688887119293213,-3.23932147026062,-0.21595314145088196,0.03100348263978958,0.10079454630613327,9.621444702148438,1.6907968521118164,0.8972782492637634
7.9,-0.15193423628807068,-0.06139986962080002,0.12662433087825775,-0.8334164619445801,0.6377582550048828,-0.03802277147769928,0.07555828243494034,-0.4836331009864807,0.7022750973701477,-0.5819143652915955,-0.15193423628807068,-0.06139986962080002,0.12662433087825775,-0.8334164619445801,0.6377582550048828,-0.03802277147769928,0.07555828243494034,-0.4836331009864807,0.7022750973701477,-0.5819143652915955,-0.24989159405231476,-0.18271465599536896,-1.507706642150879,6.3040947914123535,-8.4918794631958,0.9537314772605896,-0.4343086779117584,0.5993778705596924,2.5584540367126465,-2.0462450981140137,-0.44381362199783325,-0.028949812054634094,0.24360710382461548,-0.4934096932411194,0.5560581684112549,0.25523772835731506,0.08443179726600647,-0.296562135219574,0.8415933847427368,-0.20083311200141907,-6.8325395584106445,-1.6828603744506836,-3.49718976020813,0.104981929063797,-0.4586206376552582,0.4217175841331482,9.633495330810547,1.6410995721817017,0.8594487309455872
7.92,-0.17329712212085724,-0.05805175378918648,0.13865330815315247,-0.7273640036582947,0.5632071495056152,-0.011474134400486946,0.06981930136680603,-0.43878501653671265,0.754989743232727,-0.6224902272224426,-0.17329712212085724,-0.05805175378918648,0.13865330815315247,-0.7273640036582947,0.5632071495056152,-0.011474134400486946,0.06981930136680603,-0.43878501653671265,0.754989743232727,-0.6224902272224426,-1.6093608140945435,0.28212976455688477,2.5237388610839844,4.551028728485107,-0.8067084550857544,1.5825166702270508,-0.28482383489608765,2.8327865600585938,3.107025146484375,-3.014939785003662,-0.32983827590942383,-0.07387638092041016,0.18953898549079895,-0.5087428689002991,0.44990089535713196,0.2957756817340851,0.05348818004131317,-0.2627447247505188,0.8762327432632446,-0.342964768409729,-15.226882934570312,-1.551235318183899,-8.696606636047363,0.8668689727783203,-0.5941255688667297,0.9956995248794556,9.66433048248291,1.5129629373550415,0.7401103973388672
7.94,-0.20116938650608063,-0.05412604287266731,0.17426131665706635,-0.6860206127166748,0.36492472887039185,0.014227052219212055,0.06635358929634094,-0.37106257677078247,0.8057814836502075,-0.6616550087928772,-0.20116938650608063,-0.05412604287266731,0.17426131665706635,-0.6860206127166748,0.36492472887039185,0.014227052219212055,0.06635358929634094,-0.37106257677078247,0.8057814836502075,-0.6616550087928772,-0.9713398218154907,-0.022720789536833763,0.8231723308563232,0.820099949836731,-11.5933198928833,1.2059900760650635,-0.05830403417348862,3.527095317840576,2.4583792686462402,-1.5248156785964966,-0.2778351306915283,-0.09550035744905472,0.18047963082790375,-0.5604469180107117,0.4000980854034424,0.20371101796627045,0.015946902334690094,-0.324344664812088,0.9664297103881836,-0.007636725902557373,-12.098909378051758,-2.69022274017334,1.116343379020691,0.5738977193832397,-0.6082436442375183,0.62195885181427,9.695859909057617,1.3713464736938477,0.588056743144989
7.96,-0.21502874791622162,-0.047777071595191956,0.17296603322029114,-0.7221566438674927,0.3937673568725586,0.034591156989336014,0.06993655115365982,-0.3365110456943512,0.8534669280052185,-0.6542543768882751,-0.21502874791622162,-0.047777071595191956,0.17296603322029114,-0.7221566438674927,0.3937673568725586,0.034591156989336014,0.06993655115365982,-0.3365110456943512,0.8534669280052185,-0.6542543768882751,-0.07479912042617798,0.06955146044492722,-0.3129589855670929,-0.8473579287528992,0.9622326493263245,1.0237613916397095,-0.1740288883447647,0.45780518651008606,2.495448112487793,1.2495254278182983,-0.22287218272686005,-0.1358049362897873,0.15815821290016174,-0.5575205683708191,0.2614175081253052,0.14053262770175934,-0.06612901389598846,-0.3890363574028015,0.9703403115272522,-0.10090067982673645,-15.675463676452637,-2.456434965133667,1.9328031539916992,-0.2014314830303192,-0.1798449456691742,0.18172134459018707,9.707112312316895,1.3045499324798584,0.5533688068389893
7.98,-0.21018728613853455,-0.051029641181230545,0.16625133156776428,-0.7261666655540466,0.4049333930015564,0.051931627094745636,0.0587647370994091,-0.349600225687027,0.8967523574829102,-0.617408037185669,-0.21018728613853455,-0.051029641181230545,0.16625133156776428,-0.7261666655540466,0.4049333930015564,0.051931627094745636,0.0587647370994091,-0.349600225687027,0.8967523574829102,-0.617408037185669,0.425314724445343,-0.30444973707199097,-0.2880552113056183,0.2246144562959671,0.2990257740020752,0.7387909293174744,-0.831067681312561,-1.379509449005127,1.8694711923599243,2.243210554122925,-0.12937404215335846,-0.15333080291748047,0.09790198504924774,-0.5579608678817749,0.18778961896896362,0.10275502502918243,-0.10450328886508942,-0.3990790545940399,0.9858827590942383,-0.14721757173538208,-13.297396659851074,-2.1659109592437744,1.0951801538467407,-0.22808004915714264,-0.36770185828208923,0.13475193083286285,9.714204788208008,1.2707403898239136,0.5055187344551086
8.0,-0.19696617126464844,-0.05942385643720627,0.15884461998939514,-0.7134107947349548,0.4064725339412689,0.06372138857841492,0.04040707275271416,-0.3775031566619873,0.9287605881690979,-0.5660402774810791,-0.19696617126464844,-0.05942385643720627,0.15884461998939514,-0.7134107947349548,0.4064725339412689,0.06372138857841492,0.04040707275271416,-0.3775031566619873,0.9287605881690979,-0.5660402774810791,0.846318244934082,-0.4997722804546356,-0.44979169964790344,0.9209713935852051,-0.0807303786277771,0.505216121673584,-0.9623105525970459,-1.3081283569335938,1.4523236751556396,2.817255735397339,-0.052133917808532715,-0.17899085581302643,0.053425781428813934,-0.5535978674888611,0.0906519889831543,0.06839770078659058,-0.10911881923675537,-0.39368435740470886,0.9753621816635132,-0.12770244479179382,-11.468255996704102,-1.2075985670089722,0.5321859121322632,-0.229858860373497,-0.42072638869285583,0.0428646020591259,9.720671653747559,1.2477703094482422,0.43326202034950256
8.02,-0.17652899026870728,-0.07122135907411575,0.143507719039917,-0.6905933618545532,0.4012752175331116,0.07066036015748978,0.022147610783576965,-0.39615941047668457,0.9523321390151978,-0.5062995553016663,-0.17652899026870728,-0.07122135907411575,0.143507719039917,-0.6905933618545532,0.4012752175331116,0.07066036015748978,0.022147610783576965,-0.39615941047668457,0.9523321390151978,-0.5062995553016663,1.1071841716766357,-0.6400821208953857,-1.001170039176941,1.2150756120681763,-0.46085426211357117,0.24445125460624695,-0.8495985865592957,-0.6135782599449158,0.9730386137962341,3.129664421081543,-0.1202346533536911,-0.20578888058662415,-0.02400229126214981,-0.5780366659164429,-0.16985243558883667,0.13740263879299164,-0.130605548620224,-0.4010979235172272,0.9490987062454224,-0.045403897762298584,-13.06910228729248,-0.5893467664718628,1.3079725503921509,-0.21456022560596466,-0.46478381752967834,-0.08668792247772217,9.723724365234375,1.2492117881774902,0.35320964455604553
8.04,-0.16079287230968475,-0.08813701570034027,0.09731049835681915,-0.6701752543449402,0.39053604006767273,0.0785355195403099,0.003982740920037031,-0.403656542301178,0.9685210585594177,-0.44198131561279297,-0.16079287230968475,-0.08813701570034027,0.09731049835681915,-0.6701752543449402,0.39053604006767273,0.0785355195403099,0.003982740920037031,-0.403656542301178,0.9685210585594177,-0.44198131561279297,0.5363208055496216,-0.9406231641769409,-3.094701051712036,0.8660953044891357,-0.6828849911689758,0.47039541602134705,-0.9248114824295044,-0.25287556648254395,0.6274221539497375,3.2552685737609863,-0.11248438060283661,-0.20208288729190826,-0.1066204309463501,-0.5560221672058105,-0.2121160626411438,0.16337178647518158,-0.08866903185844421,-0.38834699988365173,0.9126476645469666,0.11874169111251831,-9.72750186920166,-1.1907626390457153,-0.19628411531448364,-0.01482436340302229,-0.5453287363052368,0.1796913594007492,9.72800064086914,1.2393016815185547,0.25735366344451904
8.06,-0.15135718882083893,-0.10620520263910294,0.022742263972759247,-0.6506937146186829,0.3751453459262848,0.08723893761634827,-0.010514744557440281,-0.40133342146873474,0.9753532409667969,-0.37950998544692993,-0.15135718882083893,-0.10620520263910294,0.022742263972759247,-0.6506937146186829,0.3751453459262848,0.08723893761634827,-0.010514744557440281,-0.40133342146873474,0.9753532409667969,-0.37950998544692993,0.41144368052482605,-0.8280860781669617,-4.0469279289245605,1.0843250751495361,-0.8721893429756165,0.4260401129722595,-0.5574254393577576,0.35296204686164856,0.12124636024236679,3.003711462020874,-0.19559408724308014,-0.15369893610477448,-0.12707051634788513,-0.5300084948539734,-0.17873960733413696,0.28344854712486267,-0.04778681695461273,-0.358275830745697,0.854503870010376,0.0382915735244751,-10.018126487731934,-1.3986200094223022,-0.0809677243232727,0.2601017653942108,-0.4407368302345276,0.3256949484348297,9.736162185668945,1.191247582435608,0.15551131963729858
8.08,-0.15045024454593658,-0.11786673963069916,-0.044675156474113464,-0.627568244934082,0.3533438742160797,0.10093867778778076,-0.01693044789135456,-0.38643965125083923,0.9742349982261658,-0.3217238485813141,-0.15045024454593658,-0.11786673963069916,-0.044675156474113464,-0.627568244934082,0.3533438742160797,0.10093867778778076,-0.01693044789135456,-0.38643965125083923,0.9742349982261658,-0.3217238485813141,-0.21803872287273407,-0.40686094760894775,-2.803288459777832,1.286102056503296,-1.2735493183135986,0.8606868982315063,-0.1542072743177414,0.9810600876808167,-0.2603527009487152,2.789365768432617,-0.22114503383636475,-0.11069097369909286,-0.13041865825653076,-0.4821864068508148,0.07127988338470459,0.33385390043258667,-0.04837016761302948,-0.2887920141220093,0.9593160152435303,-0.21541905403137207,-10.722394943237305,-1.954396367073059,-0.49664753675460815,0.5316710472106934,-0.29737600684165955,0.805639922618866,9.749762535095215,1.0828630924224854,0.07509522885084152
8.1,-0.1571035534143448,-0.1215597540140152,-0.08593104034662247,-0.5969361662864685,0.3301621377468109,0.12288109213113785,-0.016991524025797844,-0.3597679138183594,0.9712119698524475,-0.2727360427379608,-0.1571035534143448,-0.1215597540140152,-0.08593104034662247,-0.5969361662864685,0.3301621377468109,0.12288109213113785,-0.016991524025797844,-0.3597679138183594,0.9712119698524475,-0.2727360427379608,-0.36445561051368713,-0.022805655375123024,-1.5471203327178955,1.7134044170379639,-0.860310435295105,1.2662030458450317,0.06825589388608932,1.652189016342163,-0.01975671574473381,2.1274988651275635,-0.13764217495918274,-0.1460326462984085,-0.11797549575567245,-0.48656541109085083,0.16745799779891968,0.22040243446826935,-0.09884524345397949,-0.12849874794483185,0.9903990626335144,-0.31272122263908386,-3.9320013523101807,-0.1501806378364563,1.5189088582992554,0.6355453133583069,-0.15382206439971924,1.0789403915405273,9.769099235534668,0.8946992754936218,0.017868543043732643
8.12,-0.16070756316184998,-0.12217023223638535,-0.09984510391950607,-0.5660690069198608,0.3223142623901367,0.1400010734796524,-0.01812961883842945,-0.30159321427345276,0.9731577038764954,-0.27806487679481506,-0.16070756316184998,-0.12217023223638535,-0.09984510391950607,-0.5660690069198608,0.3223142623901367,0.1400010734796524,-0.01812961883842945,-0.30159321427345276,0.9731577038764954,-0.27806487679481506,-0.17911894619464874,0.04393050819635391,0.5135840773582458,0.9954735040664673,-0.4926767349243164,0.47492527961730957,-0.10922747850418091,4.13933801651001,0.18206898868083954,-1.4883941411972046,-0.04906052350997925,-0.15918882191181183,-0.0900469645857811,-0.45015233755111694,0.2066969871520996,0.25132715702056885,-0.1949014961719513,-0.1061587929725647,0.8166439533233643,-0.43628591299057007,-9.967052459716797,1.7257328033447266,3.3828155994415283,0.8263577818870544,-0.15633368492126465,0.6595864295959473,9.783699035644531,0.7171348333358765,-0.03230132535099983
8.14,-0.158917635679245,-0.12377732992172241,-0.09210222214460373,-0.5464490652084351,0.3141133189201355,0.1446540355682373,-0.029803240671753883,-0.22306348383426666,0.9540087580680847,-0.3418377935886383,-0.158917635679245,-0.12377732992172241,-0.09210222214460373,-0.5464490652084351,0.3141133189201355,0.1446540355682373,-0.029803240671753883,-0.22306348383426666,0.9540087580680847,-0.3418377935886383,0.2469540238380432,-0.14130523800849915,0.20053555071353912,1.0424535274505615,-0.3828808069229126,0.21485354006290436,-0.9222477674484253,3.580364227294922,-2.040860414505005,-4.119192600250244,-0.07504722476005554,-0.14096234738826752,-0.21495479345321655,-0.4789486527442932,-0.22279036045074463,0.10776959359645844,-0.23685447871685028,-0.12138820439577103,0.5269021391868591,-0.6241303086280823,-8.395954132080078,-0.0185921099036932,3.3109443187713623,0.3205432891845703,-0.21047884225845337,0.3961326777935028,9.789722442626953,0.6256479620933533,-0.07746816426515579
8.16,-0.15128032863140106,-0.12664160132408142,-0.1063307523727417,-0.5275448560714722,0.30704715847969055,0.1418570727109909,-0.05186903104186058,-0.17017021775245667,0.8695573210716248,-0.4666156768798828,-0.15128032863140106,-0.12664160132408142,-0.1063307523727417,-0.5275448560714722,0.30704715847969055,0.1418570727109909,-0.05186903104186058,-0.17017021775245667,0.8695573210716248,-0.4666156768798828,0.34323644638061523,-0.08609649538993835,-1.2282004356384277,0.7595375776290894,-0.3407100737094879,-0.3178117275238037,-1.1667900085449219,1.834189772605896,-5.950876235961914,-7.265258312225342,-0.1937861442565918,0.04802528768777847,-0.17729254066944122,-0.5735344290733337,-0.4348064661026001,-0.0769706666469574,-0.10856251418590546,-0.26742517948150635,0.2929782271385193,-0.41114985942840576,-11.855067253112793,0.42899566888809204,6.302349090576172,-0.0206204392015934,-0.03951657935976982,0.31527993083000183,9.79336166381836,0.5621456503868103,-0.10077742487192154
8.18,-0.149241104722023,-0.11653497815132141,-0.1331762671470642,-0.5232874751091003,0.29904499650001526,0.12762956321239471,-0.06553427129983902,-0.1720064878463745,0.7224336862564087,-0.4804135262966156,-0.149241104722023,-0.11653497815132141,-0.1331762671470642,-0.5232874751091003,0.29904499650001526,0.12762956321239471,-0.06553427129983902,-0.1720064878463745,0.7224336862564087,-0.4804135262966156,-0.19469641149044037,1.005167841911316,-1.2246458530426025,-0.3864370286464691,-0.42399632930755615,-1.0553584098815918,-0.2216113954782486,-1.9756011962890625,-8.162694931030273,2.9794209003448486,-0.3185361921787262,0.21243120729923248,-0.21414169669151306,-0.6369616985321045,-0.3625108599662781,-0.3299320936203003,0.13706985116004944,-0.49838683009147644,0.21594679355621338,-0.15938737988471985,-3.6467368602752686,0.9997875690460205,3.1289751529693604,0.11615471541881561,0.8413180112838745,0.25293001532554626,9.796991348266602,0.5046216249465942,-0.02037031389772892
8.2,-0.15643660724163055,-0.08279874175786972,-0.1595572680234909,-0.5437748432159424,0.2871837019920349,0.0931345596909523,-0.05234095826745033,-0.26206761598587036,0.579505443572998,-0.410067081451416,-0.15643660724163055,-0.08279874175786972,-0.1595572680234909,-0.5437748432159424,0.2871837019920349,0.0931345596909523,-0.05234095826745033,-0.26206761598587036,0.579505443572998,-0.410067081451416,-0.578072190284729,2.04590106010437,-1.4261471033096313,-1.5885403156280518,-1.0666946172714233,-2.758594274520874,1.4186995029449463,-6.235332489013672,-3.8898470401763916,-8.63519287109375,-0.2571885883808136,-0.01940174400806427,-0.04741068556904793,-1.2245888710021973,-0.18379944562911987,-0.2581518888473511,0.22238919138908386,-0.45690321922302246,0.2633560299873352,-0.01954418420791626,-13.137051582336426,-3.7405920028686523,-2.2320640087127686,0.7508764863014221,1.7520654201507568,-0.10207321494817734,9.794937133789062,0.4856748878955841,0.24377863109111786
8.22,-0.17578557133674622,-0.06636188179254532,-0.15151600539684296,-0.6436432600021362,0.2443065494298935,0.052790556102991104,-0.031365178525447845,-0.28987613320350647,0.5330933928489685,-0.4014046788215637,-0.17578557133674622,-0.06636188179254532,-0.15151600539684296,-0.6436432600021362,0.2443065494298935,0.052790556102991104,-0.031365178525447845,-0.28987613320350647,0.5330933928489685,-0.4014046788215637,-1.3473025560379028,0.4468238651752472,2.0167102813720703,-7.778592586517334,1.6770437955856323,-2.4934165477752686,1.1408802270889282,-0.8085719347000122,-2.894287347793579,1.6275701522827148,-0.37882381677627563,-0.008434101939201355,-0.07227960228919983,-1.186594009399414,-0.2845051884651184,-0.24138832092285156,0.20465368032455444,-0.48839595913887024,0.36213988065719604,-0.011689186096191406,-12.674297332763672,1.5331536531448364,-1.295681357383728,0.7792243361473083,0.5693394541740417,-0.6596799492835999,9.785491943359375,0.5544728636741638,0.4157091975212097
8.24,-0.20665240287780762,-0.05724593624472618,-0.11556743830442429,-0.7917413711547852,0.12702582776546478,0.0068435450084507465,-0.008274262771010399,-0.35602468252182007,0.47990432381629944,-0.36912447214126587,-0.20665240287780762,-0.05724593624472618,-0.11556743830442429,-0.7917413711547852,0.12702582776546478,0.0068435450084507465,-0.008274262771010399,-0.35602468252182007,0.47990432381629944,-0.36912447214126587,-1.738948941230774,0.4094240069389343,1.2639464139938354,-6.168423652648926,-2.858902931213379,-1.9706082344055176,1.2244700193405151,-4.018510818481445,-2.1782665252685547,1.5199847221374512,-0.3721867799758911,-0.05174468457698822,-0.047914955765008926,-1.2765429019927979,-0.014864802360534668,-0.1816813349723816,0.19146829843521118,-0.4450419843196869,0.40170857310295105,-0.1434415578842163,-8.102994918823242,1.75066077709198,0.5797242522239685,0.30532366037368774,0.7354802489280701,-0.5232612490653992,9.771647453308105,0.6810205578804016,0.5359326601028442
8.26,-0.23680558800697327,-0.053368084132671356,-0.09351081401109695,-0.9181264042854309,0.0390104316174984,-0.0262327678501606,0.014629184268414974,-0.4114471673965454,0.4498988687992096,-0.347883403301239,-0.23680558800697327,-0.053368084132671356,-0.09351081401109695,-0.9181264042854309,0.0390104316174984,-0.0262327678501606,0.014629184268414974,-0.4114471673965454,0.4498988687992096,-0.347883403301239,-1.2179632186889648,0.05097132548689842,1.1008636951446533,-6.443871021270752,-2.5148916244506836,-1.3894004821777344,1.0610411167144775,-1.5819071531295776,-0.9458600878715515,0.5559782981872559,-0.33985796570777893,-0.047085270285606384,-0.0017848052084445953,-1.3018025159835815,0.06692773103713989,-0.17414653301239014,0.1777682900428772,-0.4491376280784607,0.4104784429073334,-0.22437676787376404,-3.2533156871795654,-0.4229191839694977,-0.7815137505531311,-0.18298697471618652,0.6450032591819763,-0.6273130178451538,9.754483222961426,0.7961788177490234,0.6724938750267029
8.28,-0.2545057237148285,-0.052263639867305756,-0.06538356095552444,-1.0338138341903687,0.03587773069739342,-0.05020766332745552,0.034759942442178726,-0.43067827820777893,0.4386528730392456,-0.3511815369129181,-0.2545057237148285,-0.052263639867305756,-0.06538356095552444,-1.0338138341903687,0.03587773069739342,-0.05020766332745552,0.034759942442178726,-0.43067827820777893,0.4386528730392456,-0.3511815369129181,-0.6665888428688049,0.048145636916160583,1.6857078075408936,-5.162961483001709,1.1576247215270996,-1.0589325428009033,0.953131377696991,-0.639218807220459,-0.3088860809803009,-0.7635226845741272,-0.21124055981636047,-0.08730928599834442,0.010238658636808395,-1.318688154220581,0.15599650144577026,-0.24699831008911133,0.17404915392398834,-0.44842347502708435,0.4033660590648651,-0.22055602073669434,-2.9421277046203613,-1.0184301137924194,-0.9293045401573181,-0.5149418115615845,0.5795666575431824,-0.5995259284973145,9.734842300415039,0.9115870594978333,0.7987204194068909
8.3,-0.2577408254146576,-0.05490707606077194,-0.03454973176121712,-1.1211248636245728,0.08737567812204361,-0.07450132071971893,0.052473828196525574,-0.43896225094795227,0.43218666315078735,-0.37778738141059875,-0.2577408254146576,-0.05490707606077194,-0.03454973176121712,-1.1211248636245728,0.08737567812204361,-0.07450132071971893,0.052473828196525574,-0.43896225094795227,0.43218666315078735,-0.37778738141059875,0.18526259064674377,-0.2838183343410492,1.418237566947937,-3.7886056900024414,3.1441590785980225,-1.2996459007263184,0.8197623491287231,-0.26550495624542236,-0.3187684416770935,-1.764804720878601,-0.15172316133975983,-0.09096218645572662,0.04600013419985771,-1.341081142425537,0.3731292188167572,-0.2788809537887573,0.12629655003547668,-0.4819648563861847,0.41733604669570923,-0.23340967297554016,-3.7469444274902344,-1.0334529876708984,-1.3544597625732422,-0.7667248249053955,0.41413944959640503,-0.7840973734855652,9.713022232055664,1.0335400104522705,0.9083505868911743
8.32,-0.24651814997196198,-0.0636039674282074,-0.000977343413978815,-1.1866300106048584,0.2129921317100525,-0.09881507605314255,0.05931084603071213,-0.44879651069641113,0.4369848668575287,-0.3983878791332245,-0.24651814997196198,-0.0636039674282074,-0.000977343413978815,-1.1866300106048584,0.2129921317100525,-0.09881507605314255,0.05931084603071213,-0.44879651069641113,0.4369848668575287,-0.3983878791332245,0.7376332879066467,-0.3410331606864929,1.891302466392517,-2.9212558269500732,7.622341156005859,-1.2484411001205444,0.16567128896713257,-0.543490469455719,0.36527568101882935,-0.5973402261734009,-0.09981916844844818,-0.15527258813381195,0.03831145167350769,-1.2884712219238281,0.46790462732315063,-0.259415864944458,0.06173616647720337,-0.5081642866134644,0.4761222302913666,-0.331592321395874,-7.898122310638428,-2.3078622817993164,-3.210836172103882,-0.5823984146118164,-0.01941489242017269,-0.9869219064712524,9.690584182739258,1.1917619705200195,0.9530870318412781
8.34,-0.23012757301330566,-0.07498380541801453,0.025319496169686317,-1.2274346351623535,0.34705033898353577,-0.12027937173843384,0.05881785973906517,-0.46213826537132263,0.4493204653263092,-0.41424182057380676,-0.23012757301330566,-0.07498380541801453,0.025319496169686317,-1.2274346351623535,0.34705033898353577,-0.12027937173843384,0.05881785973906517,-0.46213826537132263,0.4493204653263092,-0.41424182057380676,0.924139678478241,-0.7404708862304688,0.888146698474884,-1.2957086563110352,5.8378705978393555,-0.9202175140380859,-0.1920052319765091,-0.748320460319519,0.9213264584541321,-0.9805490970611572,-0.14697161316871643,-0.10343940556049347,0.09415896981954575,-1.2206263542175293,0.6232389807701111,-0.1802566647529602,0.06369639933109283,-0.5085582137107849,0.5307333469390869,-0.30331236124038696,-7.0388994216918945,-1.6736537218093872,-2.919759511947632,-0.7000603079795837,-0.24740317463874817,-0.8892250061035156,9.669715881347656,1.3576070070266724,0.9431833624839783
8.36,-0.2153046578168869,-0.08400550484657288,0.04931268095970154,-1.2379631996154785,0.4799291491508484,-0.13234096765518188,0.05402400344610214,-0.4752759635448456,0.47515010833740234,-0.43800991773605347,-0.2153046578168869,-0.08400550484657288,0.04931268095970154,-1.2379631996154785,0.4799291491508484,-0.13234096765518188,0.05402400344610214,-0.4752759635448456,0.47515010833740234,-0.43800991773605347,0.5890883207321167,-0.22197258472442627,1.535840392112732,0.11931278556585312,6.834925174713135,-0.3785194456577301,-0.2771480083465576,-0.5753569006919861,1.5375579595565796,-1.332804799079895,-0.004943728446960449,-0.015871122479438782,0.11978118866682053,-1.0675543546676636,0.8081434965133667,-0.09285062551498413,0.10737542808055878,-0.4740998148918152,0.5661231279373169,-0.2891860008239746,-7.735296726226807,-2.113508701324463,-3.1393039226531982,-0.553816020488739,-0.2639061510562897,-0.6058677434921265,9.653219223022461,1.4912312030792236,0.9097762703895569
8.38,-0.1975349634885788,-0.08050437271595001,0.08189728856086731,-1.2088165283203125,0.6384131908416748,-0.13840745389461517,0.051547691226005554,-0.48442235589027405,0.5095070600509644,-0.46776577830314636,-0.1975349634885788,-0.08050437271595001,0.08189728856086731,-1.2088165283203125,0.6384131908416748,-0.13840745389461517,0.051547691226005554,-0.48442235589027405,0.5095070600509644,-0.46776577830314636,1.0909247398376465,0.4431789219379425,1.6199777126312256,2.519258499145508,8.196657180786133,-0.17104031145572662,-0.028928786516189575,-0.4338098466396332,1.8997735977172852,-1.6100717782974243,-0.07487952709197998,0.012610897421836853,0.13909874856472015,-0.9264640808105469,0.8682249784469604,-0.0352097749710083,0.11506931483745575,-0.48605042695999146,0.6327873468399048,-0.3044086694717407,-7.909429550170898,-2.8033502101898193,-2.8728816509246826,-0.5935972929000854,-0.10297668725252151,-0.545816957950592,9.638466835021973,1.5954645872116089,0.8891322612762451
8.4,-0.17970414459705353,-0.06941515952348709,0.11091501265764236,-1.1420221328735352,0.7651614546775818,-0.13541613519191742,0.05079438164830208,-0.49221959710121155,0.5518913865089417,-0.5023974180221558,-0.17970414459705353,-0.06941515952348709,0.11091501265764236,-1.1420221328735352,0.7651614546775818,-0.13541613519191742,0.05079438164830208,-0.49221959710121155,0.5518913865089417,-0.5023974180221558,0.7168648838996887,0.6283830404281616,1.3174633979797363,3.9657022953033447,5.027493476867676,0.36327099800109863,-0.04725481942296028,-0.3473437428474426,2.2602555751800537,-1.8123664855957031,-0.04790014028549194,0.00697760283946991,0.1041400358080864,-0.7622050046920776,0.869243323802948,0.011507689952850342,0.1257760226726532,-0.47290942072868347,0.654396653175354,-0.3993988335132599,-7.831971645355225,-2.525052070617676,-3.0473906993865967,-0.4687800109386444,-0.08426953852176666,-0.16626691818237305,9.628946304321289,1.6529810428619385,0.8872077465057373
8.42,-0.16497817635536194,-0.05818997323513031,0.12380374222993851,-1.0469024181365967,0.8273381590843201,-0.1266866773366928,0.05050041154026985,-0.49634742736816406,0.5973712801933289,-0.539825975894928,-0.16497817635536194,-0.05818997323513031,0.12380374222993851,-1.0469024181365967,0.8273381590843201,-0.1266866773366928,0.05050041154026985,-0.49634742736816406,0.5973712801933289,-0.539825975894928,0.7277560830116272,0.5093316435813904,0.05756699666380882,5.344018459320068,1.9795087575912476,0.5041764974594116,0.006038877181708813,-0.11330121755599976,2.2842841148376465,-1.8951406478881836,-0.027572721242904663,0.05303220450878143,0.08070497959852219,-0.6785038709640503,0.7949796319007874,-0.009394407272338867,0.13680386543273926,-0.48387983441352844,0.6948726177215576,-0.5059029459953308,-7.777675628662109,-2.7982664108276367,-3.243180274963379,-0.3398180902004242,-0.09668344259262085,-0.014780301600694656,9.62759017944336,1.663967490196228,0.881376326084137
8.44,-0.14995793998241425,-0.045316990464925766,0.1162714809179306,-0.9410759806632996,0.8246169686317444,-0.11761077493429184,0.052813708782196045,-0.4955503046512604,0.6425582766532898,-0.5784738063812256,-0.14995793998241425,-0.045316990464925766,0.1162714809179306,-0.9410759806632996,0.8246169686317444,-0.11761077493429184,0.052813708782196045,-0.4955503046512604,0.6425582766532898,-0.5784738063812256,0.7860711216926575,0.7183199524879456,-0.6827414035797119,5.151456832885742,-1.264861822128296,0.4210435152053833,0.08658460527658463,0.04526054859161377,2.4465506076812744,-2.2167365550994873,-0.16222700476646423,-0.018475398421287537,0.05211951583623886,-0.5348619222640991,0.5449652075767517,0.04049807786941528,0.09536102414131165,-0.3729442059993744,0.7639284133911133,-0.3813973665237427,-7.9667863845825195,-2.501324415206909,-3.661705255508423,-0.13312318921089172,-0.06037330999970436,-0.0189116969704628,9.628820419311523,1.659497618675232,0.8763493895530701
8.46,-0.1427718847990036,-0.036281928420066833,0.09393896162509918,-0.8343764543533325,0.7083194255828857,-0.10426556318998337,0.053324922919273376,-0.473802775144577,0.6902859210968018,-0.6113730669021606,-0.1427718847990036,-0.036281928420066833,0.09393896162509918,-0.8343764543533325,0.7083194255828857,-0.10426556318998337,0.053324922919273376,-0.473802775144577,0.6902859210968018,-0.6113730669021606,0.011763720773160458,0.23997639119625092,-1.3466830253601074,5.543230056762695,-7.928504943847656,0.8434317111968994,0.07239300012588501,1.9556711912155151,2.1489205360412598,2.439101457595825,-0.41447699069976807,-0.06929536163806915,0.19703763723373413,-0.5248820781707764,0.5802736282348633,0.21617606282234192,0.06830161809921265,-0.26698988676071167,0.839569628238678,-0.2118494212627411,-0.18207278847694397,-0.8170929551124573,-0.6934845447540283,0.3627181947231293,-0.3282407820224762,0.31638383865356445,9.636646270751953,1.6326383352279663,0.8400233387947083
8.48,-0.16148261725902557,-0.033961545675992966,0.10060513764619827,-0.7450956702232361,0.5949747562408447,-0.07809476554393768,0.05004141852259636,-0.41347914934158325,0.7431336641311646,-0.6568552255630493,-0.16148261725902557,-0.033961545675992966,0.10060513764619827,-0.7450956702232361,0.5949747562408447,-0.07809476554393768,0.05004141852259636,-0.41347914934158325,0.7431336641311646,-0.6568552255630493,-1.8504447937011719,0.34728097915649414,1.670821189880371,1.7477699518203735,-14.545578002929688,1.5197796821594238,-0.04511953145265579,4.1129961013793945,2.5853257179260254,-2.8345320224761963,-0.4315536618232727,-0.14174029231071472,0.189954936504364,-0.633453369140625,0.3543758988380432,0.36205947399139404,-0.02594858407974243,-0.29434242844581604,0.9372711777687073,0.06708431243896484,-32.37965774536133,-1.3007886409759521,9.267435073852539,1.0345336198806763,-0.7015873789787292,1.0223339796066284,9.66628646850586,1.509432077407837,0.7215366959571838
8.5,-0.19932502508163452,-0.032863080501556396,0.11778123676776886,-0.7546379566192627,0.4227878749370575,-0.04274235665798187,0.04515170678496361,-0.34847140312194824,0.8011294603347778,-0.6874662637710571,-0.19932502508163452,-0.032863080501556396,0.11778123676776886,-0.7546379566192627,0.4227878749370575,-0.04274235665798187,0.04515170678496361,-0.34847140312194824,0.8011294603347778,-0.6874662637710571,-1.9835362434387207,0.21013861894607544,0.24410001933574677,-3.29101824760437,3.315728187561035,1.8890520334243774,-0.12124357372522354,2.158426284790039,3.1393625736236572,-0.08322281390428543,-0.2824646830558777,-0.1775759905576706,0.14786779880523682,-0.6070194244384766,0.20380473136901855,0.22512303292751312,-0.10950879007577896,-0.3412032127380371,0.9739312529563904,-0.018610060214996338,-26.427091598510742,-1.4542107582092285,4.9427666664123535,0.4705895483493805,-0.29738759994506836,0.8948078155517578,9.701003074645996,1.3333818912506104,0.5905296206474304
8.52,-0.2154550403356552,-0.03619442135095596,0.11727005988359451,-0.7848638296127319,0.45444732904434204,-0.011241422966122627,0.03363904356956482,-0.3363073170185089,0.8603793382644653,-0.6613951921463013,-0.2154550403356552,-0.03619442135095596,0.11727005988359451,-0.7848638296127319,0.45444732904434204,-0.011241422966122627,0.03363904356956482,-0.3363073170185089,0.8603793382644653,-0.6613951921463013,-0.15588277578353882,-0.41499751806259155,-0.1291971355676651,-0.48871102929115295,0.7255797982215881,1.3838478326797485,-0.8885696530342102,-0.2838763892650604,2.7522411346435547,2.2312824726104736,-0.08139365911483765,-0.1745612770318985,0.15460237860679626,-0.5336608290672302,0.24518579244613647,0.1276410073041916,-0.1122649759054184,-0.3275507390499115,0.977182924747467,-0.10213825106620789,-16.9556941986084,-2.430691957473755,1.7283382415771484,-0.11864835023880005,-0.5428426861763,0.33157938718795776,9.71967601776123,1.2277542352676392,0.5065730214118958
8.54,-0.20439265668392181,-0.04543191194534302,0.11490856856107712,-0.7753905057907104,0.45848220586776733,0.008154366165399551,0.01634971611201763,-0.3403841257095337,0.9053774476051331,-0.6024445295333862,-0.20439265668392181,-0.04543191194534302,0.11490856856107712,-0.7753905057907104,0.45848220586776733,0.008154366165399551,0.01634971611201763,-0.3403841257095337,0.9053774476051331,-0.6024445295333862,1.0421674251556396,-0.5017433166503906,-0.10998326539993286,1.1676278114318848,-0.17682132124900818,0.7201866507530212,-0.8508688807487488,-0.06426713615655899,1.9332406520843506,3.523322820663452,-0.020146548748016357,-0.19898901879787445,0.05926283448934555,-0.5918743014335632,0.037398576736450195,0.0980445146560669,-0.13992053270339966,-0.33732712268829346,0.9798707962036133,-0.0777561366558075,-14.915922164916992,-2.2526354789733887,1.4168272018432617,-0.14524748921394348,-0.5226449370384216,-0.050249483436346054,9.728191375732422,1.1977884769439697,0.40459394454956055
8.56,-0.18063347041606903,-0.05903597176074982,0.10922042280435562,-0.7457677721977234,0.450655996799469,0.021153315901756287,-0.003091684775426984,-0.3416205048561096,0.9382511377334595,-0.5234488844871521,-0.18063347041606903,-0.05903597176074982,0.10922042280435562,-0.7457677721977234,0.450655996799469,0.021153315901756287,-0.003091684775426984,-0.3416205048561096,0.9382511377334595,-0.5234488844871521,1.2769023180007935,-0.8338033556938171,-0.6747374534606934,1.629369854927063,-0.4798073470592499,0.58735591173172,-1.059564471244812,-0.05987659469246864,1.4278048276901245,4.175061225891113,0.008234560489654541,-0.24585534632205963,-0.02259543538093567,-0.6147177219390869,-0.6628813743591309,0.09072965383529663,-0.16585153341293335,-0.3064883351325989,0.9736329913139343,0.4403393268585205,-9.340134620666504,-1.295952320098877,-0.26837533712387085,-0.13755454123020172,-0.6542584300041199,-0.08868671208620071,9.730964660644531,1.2079441547393799,0.29205527901649475
8.58,-0.15620170533657074,-0.0801180973649025,0.07645930349826813,-0.716176450252533,0.43948060274124146,0.03156669810414314,-0.024597547948360443,-0.33674702048301697,0.9616395235061646,-0.43696853518486023,-0.15620170533657074,-0.0801180973649025,0.07645930349826813,-0.716176450252533,0.43948060274124146,0.03156669810414314,-0.024597547948360443,-0.33674702048301697,0.9616395235061646,-0.43696853518486023,1.184773564338684,-1.239694356918335,-2.6617074012756348,1.351662516593933,-0.5935347080230713,0.4511484205722809,-1.0745880603790283,0.5716452598571777,0.9775710105895996,4.428458213806152,-0.07409811019897461,-0.25008949637413025,-0.09173929691314697,-0.5966312885284424,-0.6573166847229004,0.16640721261501312,-0.14370563626289368,-0.2673552930355072,0.9508938789367676,0.4983975887298584,-8.984798431396484,-0.7027522325515747,-0.11666664481163025,-0.011286756955087185,-0.7938423752784729,-0.12645824253559113,9.731884956359863,1.226065754890442,0.15257173776626587
8.6,-0.1391175389289856,-0.10450642555952072,0.014154533855617046,-0.6928806304931641,0.4255392551422119,0.0442206971347332,-0.04275782033801079,-0.31427618861198425,0.9783406257629395,-0.34802162647247314,-0.1391175389289856,-0.10450642555952072,0.014154533855617046,-0.6928806304931641,0.4255392551422119,0.0442206971347332,-0.04275782033801079,-0.31427618861198425,0.9783406257629395,-0.34802162647247314,0.6151975989341736,-1.1752270460128784,-3.327085494995117,1.0846729278564453,-0.7900794744491577,0.7492449879646301,-0.7724234461784363,1.4790782928466797,0.6682243943214417,4.446445465087891,-0.15110360085964203,-0.2347341626882553,-0.168971985578537,-0.5666115283966064,-0.2836421728134155,0.28318119049072266,-0.12134179472923279,-0.21811071038246155,0.867412805557251,0.1261376142501831,-9.772873878479004,-1.530588984489441,0.03880336135625839,0.3150775730609894,-0.7455428242683411,0.15540750324726105,9.733146667480469,1.225538969039917,-0.0024446311872452497
8.62,-0.1336475908756256,-0.12632009387016296,-0.054117873311042786,-0.6707337498664856,0.4062175154685974,0.06293676793575287,-0.05464855581521988,-0.27773118019104004,0.9855914115905762,-0.25965452194213867,-0.1336475908756256,-0.12632009387016296,-0.054117873311042786,-0.6707337498664856,0.4062175154685974,0.06293676793575287,-0.05464855581521988,-0.27773118019104004,0.9855914115905762,-0.25965452194213867,0.020135540515184402,-1.0280925035476685,-3.5135338306427,1.2165262699127197,-1.1304452419281006,1.063562273979187,-0.45535576343536377,2.0511319637298584,0.0417168065905571,4.369731426239014,-0.11963354051113129,-0.16467121243476868,-0.13319814205169678,-0.5487198829650879,0.05745333433151245,0.38048791885375977,-0.1022304892539978,-0.15652097761631012,0.9853314161300659,-0.18569421768188477,-10.969491958618164,-2.7230355739593506,-0.1327487826347351,0.6263073682785034,-0.6832964420318604,0.604790985584259,9.740768432617188,1.1533498764038086,-0.1526828110218048
8.64,-0.13569481670856476,-0.13857969641685486,-0.10116862505674362,-0.6408885717391968,0.3843129277229309,0.08990690112113953,-0.05854208767414093,-0.23336486518383026,0.9868152737617493,-0.2053065150976181,-0.13569481670856476,-0.13857969641685486,-0.10116862505674362,-0.6408885717391968,0.3843129277229309,0.08990690112113953,-0.05854208767414093,-0.23336486518383026,0.9868152737617493,-0.2053065150976181,-0.11700143665075302,-0.28688162565231323,-1.4078449010849,1.6839628219604492,-0.8698772192001343,1.5849684476852417,-0.05522985756397247,2.2864067554473877,0.10897888988256454,1.1378300189971924,-0.10379739105701447,-0.16052401065826416,-0.09642065316438675,-0.5112740397453308,0.20757746696472168,0.3793604373931885,-0.15337495505809784,-0.10633043944835663,1.0074995756149292,-0.23386314511299133,-4.385970115661621,0.3263380229473114,1.9658712148666382,0.6088099479675293,-0.3664231300354004,0.8939708471298218,9.755346298217773,0.9976861476898193,-0.27193379402160645
8.66,-0.1362360119819641,-0.1423788219690323,-0.11131809651851654,-0.6068300008773804,0.37770625948905945,0.12119897454977036,-0.06383903324604034,-0.18866346776485443,0.990760862827301,-0.21061259508132935,-0.1362360119819641,-0.1423788219690323,-0.11131809651851654,-0.6068300008773804,0.37770625948905945,0.12119897454977036,-0.06383903324604034,-0.18866346776485443,0.990760862827301,-0.21061259508132935,-0.18785201013088226,-0.01990547403693199,0.3598420023918152,1.2425230741500854,-0.37619712948799133,1.514196515083313,-0.2803509831428528,2.3030788898468018,0.25109049677848816,-0.9430525302886963,-0.08061394095420837,-0.17136754095554352,-0.08615019172430038,-0.4414096176624298,0.2184266448020935,0.3268504738807678,-0.28014105558395386,-0.11684408038854599,0.8158893585205078,-0.3999454379081726,-23.26646614074707,2.1670937538146973,10.780887603759766,0.57156902551651,-0.3810614049434662,0.806525468826294,9.768692016601562,0.8279938697814941,-0.35098087787628174
8.68,-0.13509230315685272,-0.14401870965957642,-0.10471578687429428,-0.5838368535041809,0.3675067722797394,0.14200711250305176,-0.07941730320453644,-0.15860818326473236,0.9677332043647766,-0.2840723991394043,-0.13509230315685272,-0.14401870965957642,-0.10471578687429428,-0.5838368535041809,0.3675067722797394,0.14200711250305176,-0.07941730320453644,-0.15860818326473236,0.9677332043647766,-0.2840723991394043,0.198138028383255,-0.12593786418437958,0.24723665416240692,1.2705172300338745,-0.5286405086517334,0.8739847540855408,-1.1653692722320557,0.969393789768219,-2.3991146087646484,-5.178098201751709,-0.1342799961566925,-0.1278567910194397,-0.2349039614200592,-0.5564108490943909,-0.8520135879516602,0.12753258645534515,-0.19380219280719757,-0.10227169841527939,0.4114745855331421,-0.6901267766952515,-8.537124633789062,-0.8142762184143066,3.4893691539764404,0.3275230824947357,-0.24280841648578644,0.5103967189788818,9.776019096374512,0.7101832628250122,-0.4014941453933716
8.7,-0.1324232518672943,-0.14429093897342682,-0.1254819631576538,-0.5667868256568909,0.35557523369789124,0.14673027396202087,-0.09674602001905441,-0.13750220835208893,0.8596126437187195,-0.4611400067806244,-0.1324232518672943,-0.14429093897342682,-0.1254819631576538,-0.5667868256568909,0.35557523369789124,0.14673027396202087,-0.09674602001905441,-0.13750220835208893,0.8596126437187195,-0.4611400067806244,-0.04377605393528938,0.0487469807267189,-2.6309125423431396,0.39177578687667847,-0.4806724786758423,-0.18102434277534485,-0.5959864854812622,1.090057134628296,-7.8360395431518555,-10.679011344909668,-0.20457744598388672,0.1604771763086319,-0.16997483372688293,-0.5552226305007935,-0.48216867446899414,-0.0701461136341095,0.08220791816711426,-0.2807501554489136,0.17203086614608765,-0.3644806444644928,-4.09554386138916,0.08165858685970306,2.383002996444702,0.4565284550189972,0.09847389906644821,0.41324248909950256,9.781368255615234,0.6209483742713928,-0.4187670648097992
8.72,-0.1337106078863144,-0.1231587678194046,-0.1574874222278595,-0.5611802339553833,0.3370668888092041,0.13398925960063934,-0.0879015177488327,-0.15168726444244385,0.6769430637359619,-0.4803643226623535,-0.1337106078863144,-0.1231587678194046,-0.1574874222278595,-0.5611802339553833,0.3370668888092041,0.13398925960063934,-0.0879015177488327,-0.15168726444244385,0.6769430637359619,-0.4803643226623535,-0.1575447916984558,1.8827439546585083,-0.49190106987953186,0.050685226917266846,-0.15425562858581543,-0.9701249599456787,1.3572708368301392,-2.7895023822784424,-9.730320930480957,4.966183662414551,-0.3335290551185608,0.10679313540458679,-0.18884716928005219,-0.7934880256652832,-0.3821955919265747,-0.2561744451522827,0.21731463074684143,-0.5095117092132568,0.1724025011062622,0.0030127763748168945,-3.6625142097473145,0.2472906857728958,3.484912157058716,0.7477675080299377,1.3459311723709106,0.29124897718429565,9.790271759033203,0.5479945540428162,-0.29390788078308105
8.74,-0.14794446527957916,-0.08388303220272064,-0.1696956306695938,-0.5881769061088562,0.3281029760837555,0.1049588993191719,-0.05609450861811638,-0.2605016231536865,0.5214146971702576,-0.350084125995636,-0.14794446527957916,-0.08388303220272064,-0.1696956306695938,-0.5881769061088562,0.3281029760837555,0.1049588993191719,-0.05609450861811638,-0.2605016231536865,0.5214146971702576,-0.350084125995636,-1.1377644538879395,1.743528127670288,-0.8161444664001465,-2.6521294116973877,-0.8046827912330627,-2.533609628677368,1.8200548887252808,-6.886425018310547,-3.6204934120178223,-6.765139579772949,-0.260938823223114,-0.07549066841602325,-0.10108092427253723,-1.2699247598648071,-0.18051201105117798,-0.1570495367050171,0.21488937735557556,-0.4398312568664551,0.3069022297859192,0.05195349454879761,-13.597018241882324,-2.2607922554016113,-4.036725997924805,1.3836956024169922,1.5411087274551392,-0.09030131250619888,9.796815872192383,0.5084125399589539,0.004520657006651163
8.76,-0.1751718521118164,-0.07424300163984299,-0.16739457845687866,-0.7010350823402405,0.2749442160129547,0.06780297309160233,-0.037019941955804825,-0.28853631019592285,0.4817532002925873,-0.33908310532569885,-0.1751718521118164,-0.07424300163984299,-0.16739457845687866,-0.7010350823402405,0.2749442160129547,0.06780297309160233,-0.037019941955804825,-0.28853631019592285,0.4817532002925873,-0.33908310532569885,-1.4117722511291504,0.2097868174314499,1.0922863483428955,-8.342464447021484,-8.699867248535156,-2.159390926361084,0.9301692843437195,-1.8143244981765747,-2.040252208709717,0.5690305233001709,-0.42900335788726807,-0.006835505366325378,-0.07712012529373169,-1.168144702911377,-0.29816198348999023,-0.16448742151260376,0.2533186972141266,-0.48718467354774475,0.3373584747314453,-0.03376054763793945,-5.057188034057617,0.41665154695510864,-0.6633424758911133,0.9016886353492737,0.41606420278549194,-0.626176655292511,9.792570114135742,0.5702402591705322,0.12845876812934875
8.78,-0.21033936738967896,-0.06423470377922058,-0.1399499773979187,-0.8356764316558838,0.16558347642421722,0.029395272955298424,-0.011708375997841358,-0.35653597116470337,0.44247403740882874,-0.31694963574409485,-0.21033936738967896,-0.06423470377922058,-0.1399499773979187,-0.8356764316558838,0.16558347642421722,0.029395272955298424,-0.011708375997841358,-0.35653597116470337,0.44247403740882874,-0.31694963574409485,-1.9268157482147217,0.6437155604362488,1.4238989353179932,-5.376593112945557,-8.665704727172852,-1.698554515838623,1.506321907043457,-3.8184781074523926,-1.750328779220581,0.20589900016784668,-0.4764152765274048,-0.011735394597053528,0.02960812672972679,-1.277010440826416,-0.006204962730407715,-0.11192089319229126,0.24260815978050232,-0.4682260751724243,0.37997663021087646,-0.1531478464603424,-7.218037128448486,0.16771318018436432,-2.2384872436523438,0.5220544934272766,0.9015765190124512,-0.4199535548686981,9.78317928314209,0.6804450750350952,0.24998965859413147
8.8,-0.2497524619102478,-0.05141923949122429,-0.09822288900613785,-0.9483858942985535,0.06625146418809891,0.0017031384631991386,0.01613413728773594,-0.4156178832054138,0.41685938835144043,-0.3230869174003601,-0.2497524619102478,-0.05141923949122429,-0.09822288900613785,-0.9483858942985535,0.06625146418809891,0.0017031384631991386,0.01613413728773594,-0.4156178832054138,0.41685938835144043,-0.3230869174003601,-1.7902427911758423,0.5514715909957886,2.971442937850952,-5.907654285430908,-3.497640609741211,-1.1527868509292603,1.2338032722473145,-2.1744420528411865,-0.8196268677711487,-0.480243444442749,-0.3707071542739868,-0.06571237742900848,0.05836470052599907,-1.319166898727417,0.049559593200683594,-0.16662222146987915,0.23968562483787537,-0.4384154677391052,0.3828006088733673,-0.2211175560951233,-2.7428336143493652,-0.48161202669143677,-0.3820390999317169,0.16557468473911285,0.734725832939148,-0.43285125494003296,9.771578788757324,0.7678717970848083,0.40337711572647095
8.82,-0.27318188548088074,-0.04736882820725441,-0.03934216499328613,-1.056030035018921,0.042121462523937225,-0.022039273753762245,0.03660651668906212,-0.4366181194782257,0.408224880695343,-0.33922091126441956,-0.27318188548088074,-0.04736882820725441,-0.03934216499328613,-1.056030035018921,0.042121462523937225,-0.022039273753762245,0.03660651668906212,-0.4366181194782257,0.408224880695343,-0.33922091126441956,-0.6412825584411621,-0.15331390500068665,2.93567156791687,-4.876120090484619,0.07653944194316864,-1.1461807489395142,0.6655877232551575,-0.11107742786407471,0.0797109454870224,-0.4990517199039459,-0.25198763608932495,-0.11460183560848236,0.04541841521859169,-1.282872200012207,0.18326878547668457,-0.2220606803894043,0.23294219374656677,-0.41249707341194153,0.381784051656723,-0.28428709506988525,-12.057488441467285,-1.9945919513702393,-3.4511470794677734,-0.18213093280792236,0.3843565285205841,-0.7216317653656006,9.75665283203125,0.8753384947776794,0.5268800258636475
8.84,-0.2760876715183258,-0.05255020409822464,0.00645202212035656,-1.1329070329666138,0.09539395570755005,-0.04798619821667671,0.05085115507245064,-0.4375770092010498,0.40893590450286865,-0.35080665349960327,-0.2760876715183258,-0.05255020409822464,0.00645202212035656,-1.1329070329666138,0.09539395570755005,-0.04798619821667671,0.05085115507245064,-0.4375770092010498,0.40893590450286865,-0.35080665349960327,0.1615706831216812,-0.4127352833747864,1.6763027906417847,-2.9784889221191406,3.9583263397216797,-1.346925139427185,0.7069602608680725,-0.015917718410491943,0.05818575248122215,-0.6437888741493225,-0.14196167886257172,-0.1077972799539566,0.10414452850818634,-1.3038783073425293,0.25187551975250244,-0.28441953659057617,0.20477089285850525,-0.4187261760234833,0.40031707286834717,-0.20864617824554443,-8.139137268066406,-2.2936573028564453,-2.107475996017456,-0.25021135807037354,0.3532553017139435,-0.8832107186317444,9.736769676208496,1.032567024230957,0.6043359637260437
8.86,-0.26648959517478943,-0.06025684252381325,0.04125745967030525,-1.1823495626449585,0.17543978989124298,-0.07752523571252823,0.06402596086263657,-0.43808138370513916,0.41063937544822693,-0.3645356297492981,-0.26648959517478943,-0.06025684252381325,0.04125745967030525,-1.1823495626449585,0.17543978989124298,-0.07752523571252823,0.06402596086263657,-0.43808138370513916,0.41063937544822693,-0.3645356297492981,0.7091511487960815,-0.36694297194480896,1.955122947692871,-2.185215473175049,3.7084457874298096,-1.5462369918823242,0.5881516337394714,-0.014049563556909561,0.15643252432346344,-0.7651355266571045,-0.03263521194458008,-0.18190376460552216,0.06661979109048843,-1.2715427875518799,0.4085775911808014,-0.3241083025932312,0.13210834562778473,-0.4663541615009308,0.4446929395198822,-0.2761650085449219,-7.586038589477539,-1.8210854530334473,-2.490190029144287,-0.14872175455093384,0.2682178318500519,-1.0228036642074585,9.711579322814941,1.2130337953567505,0.6707334518432617
8.88,-0.2450084388256073,-0.07464432716369629,0.0661897137761116,-1.2142670154571533,0.28270283341407776,-0.1077871024608612,0.07133731245994568,-0.44204071164131165,0.4194526970386505,-0.38316044211387634,-0.2450084388256073,-0.07464432716369629,0.0661897137761116,-1.2142670154571533,0.28270283341407776,-0.1077871024608612,0.07133731245994568,-0.44204071164131165,0.4194526970386505,-0.38316044211387634,1.3496026992797852,-0.9651972651481628,0.6204490661621094,-1.0929116010665894,6.0179219245910645,-1.4572851657867432,0.19335611164569855,-0.33159130811691284,0.733082115650177,-1.0999541282653809,-0.0914044976234436,-0.118067666888237,0.13654296100139618,-1.2153170108795166,0.5846402049064636,-0.16924786567687988,0.08917511999607086,-0.46483364701271057,0.5234663486480713,-0.19561395049095154,-6.971203327178955,-1.5681976079940796,-2.5624146461486816,-0.35258394479751587,0.017954550683498383,-1.153607726097107,9.68134880065918,1.4186474084854126,0.7035772204399109
8.9,-0.22398611903190613,-0.08796249330043793,0.08771876245737076,-1.2244794368743896,0.4271833002567291,-0.1256798505783081,0.07260250300168991,-0.448309063911438,0.4464544355869293,-0.4109934866428375,-0.22398611903190613,-0.08796249330043793,0.08771876245737076,-1.2244794368743896,0.4271833002567291,-0.1256798505783081,0.07260250300168991,-0.448309063911438,0.4464544355869293,-0.4109934866428375,0.8427533507347107,-0.4115712344646454,1.605098843574524,0.03422011062502861,7.564815998077393,-0.49098557233810425,-0.046293970197439194,-0.29584750533103943,1.772010326385498,-1.599751353263855,-0.0944972038269043,-0.029214218258857727,0.1669834405183792,-1.0312681198120117,0.7425944209098816,-0.017739921808242798,0.13878042995929718,-0.4123735725879669,0.5599747896194458,-0.1680532991886139,-7.343985557556152,-1.989450216293335,-2.8793447017669678,-0.29090648889541626,-0.05038797855377197,-0.7022004723548889,9.6535005569458,1.5946781635284424,0.709251344203949
8.92,-0.2088555544614792,-0.08771079778671265,0.12475156038999557,-1.1941441297531128,0.582916796207428,-0.12799052894115448,0.07332396507263184,-0.4509557783603668,0.4870854616165161,-0.44587528705596924,-0.2088555544614792,-0.08771079778671265,0.12475156038999557,-1.1941441297531128,0.582916796207428,-0.12799052894115448,0.07332396507263184,-0.4509557783603668,0.4870854616165161,-0.44587528705596924,0.655178427696228,0.3125401735305786,1.9247664213180542,2.7792575359344482,7.64583683013916,0.18951909244060516,0.09979008138179779,-0.04245700687170029,2.1801998615264893,-1.8175902366638184,-0.08207592368125916,-0.012026801705360413,0.15307734906673431,-0.9232456684112549,0.8762634992599487,0.03322184085845947,0.13278967142105103,-0.454554945230484,0.6208549737930298,-0.21977421641349792,-8.39500617980957,-3.158611297607422,-2.814077377319336,-0.1972491592168808,0.05370191112160683,-0.25926679372787476,9.637409210205078,1.6871877908706665,0.7140328884124756
8.94,-0.19604086875915527,-0.08072977513074875,0.15186330676078796,-1.1252797842025757,0.7327456474304199,-0.11984435468912125,0.07480825483798981,-0.45365187525749207,0.5332154035568237,-0.4835790693759918,-0.19604086875915527,-0.08072977513074875,0.15186330676078796,-1.1252797842025757,0.7327456474304199,-0.11984435468912125,0.07480825483798981,-0.45365187525749207,0.5332154035568237,-0.4835790693759918,0.6443923711776733,0.38007012009620667,0.8369519710540771,3.866471529006958,7.033674240112305,0.5720624923706055,0.060184597969055176,-0.2044777125120163,2.4278275966644287,-1.9524933099746704,-0.15378853678703308,0.042509183287620544,0.1435673087835312,-0.7716662883758545,0.8657382130622864,0.05334228277206421,0.1687300056219101,-0.4373057782649994,0.6516327261924744,-0.3100058436393738,-7.902069568634033,-2.4379258155822754,-2.999807357788086,-0.22490866482257843,0.02316369116306305,0.005317337345331907,9.63332462310791,1.7053282260894775,0.7259615659713745
8.96,-0.18624386191368103,-0.06872577220201492,0.1604030728340149,-1.0363285541534424,0.8157275319099426,-0.10597619414329529,0.07787268608808517,-0.4548829197883606,0.5815646052360535,-0.5232879519462585,-0.18624386191368103,-0.06872577220201492,0.1604030728340149,-1.0363285541534424,0.8157275319099426,-0.10597619414329529,0.07787268608808517,-0.4548829197883606,0.5815646052360535,-0.5232879519462585,0.3197690546512604,0.7670003175735474,0.12895840406417847,4.922122955322266,2.4153707027435303,0.7618348598480225,0.21797113120555878,0.07482396811246872,2.367846965789795,-1.9834885597229004,-0.15174809098243713,0.032862380146980286,0.1341690570116043,-0.6658962965011597,0.6852542161941528,0.07127711176872253,0.13616451621055603,-0.4349369704723358,0.7107356786727905,-0.3810270428657532,-8.182217597961426,-2.673431158065796,-3.3676023483276367,0.004183338489383459,0.09041392803192139,0.25874441862106323,9.63703441619873,1.6783722639083862,0.7394130825996399
8.98,-0.18152691423892975,-0.0548088364303112,0.15613800287246704,-0.9342188239097595,0.7763956785202026,-0.09025415033102036,0.08062544465065002,-0.45145732164382935,0.6290512084960938,-0.5635150671005249,-0.18152691423892975,-0.0548088364303112,0.15613800287246704,-0.9342188239097595,0.7763956785202026,-0.09025415033102036,0.08062544465065002,-0.45145732164382935,0.6290512084960938,-0.5635150671005249,0.20251119136810303,0.6329956650733948,-0.4131089150905609,5.1617279052734375,-4.229247570037842,0.8031557202339172,0.058055974543094635,0.24220147728919983,2.429858922958374,-2.0677456855773926,-0.19776061177253723,-0.08190225064754486,0.0886453315615654,-0.5218760371208191,0.4790933132171631,0.1836097240447998,0.06340299546718597,-0.3035731911659241,0.8321682214736938,-0.3326873183250427,-6.644911766052246,-1.8264914751052856,-3.1123692989349365,0.2241765409708023,-0.04919092357158661,0.35049349069595337,9.647171020507812,1.619620442390442,0.7382495999336243
9.0,-0.18131504952907562,-0.05206720530986786,0.13515184819698334,-0.8250135779380798,0.6390831470489502,-0.06655058264732361,0.0772835984826088,-0.417495459318161,0.6863611936569214,-0.6043026447296143,-0.18131504952907562,-0.05206720530986786,0.13515184819698334,-0.8250135779380798,0.6390831470489502,-0.06655058264732361,0.0772835984826088,-0.417495459318161,0.6863611936569214,-0.6043026447296143,-0.09509002417325974,-0.21454006433486938,-1.4733381271362305,5.705800533294678,-7.815357208251953,1.4263125658035278,-0.23517732322216034,3.1467461585998535,3.098320484161377,-2.1531126499176025,-0.459918737411499,-0.08955462276935577,0.20556426048278809,-0.5674352049827576,0.3657985329627991,0.17914249002933502,0.0674261674284935,-0.24091953039169312,0.8347345590591431,-0.17256686091423035,-3.8154122829437256,-0.8378002047538757,-2.310922384262085,0.3320516049861908,-0.44571828842163086,0.5940624475479126,9.665741920471191,1.5326839685440063,0.6785409450531006
9.02,-0.19812458753585815,-0.05536005645990372,0.13588471710681915,-0.7374735474586487,0.49576741456985474,-0.036541759967803955,0.07210012525320053,-0.34978199005126953,0.7430758476257324,-0.6444427371025085,-0.19812458753585815,-0.05536005645990372,0.13588471710681915,-0.7374735474586487,0.49576741456985474,-0.036541759967803955,0.07210012525320053,-0.34978199005126953,0.7430758476257324,-0.6444427371025085,-1.3868995904922485,-0.14628863334655762,1.4974116086959839,3.3441174030303955,-6.414618015289307,1.4849156141281128,-0.3256528079509735,2.8573074340820312,2.5909903049468994,2.1835341453552246,-0.4041592478752136,-0.11116715520620346,0.14321891963481903,-0.5563550591468811,0.4326654374599457,0.20662128925323486,0.05140027403831482,-0.26166582107543945,0.8955294489860535,-0.25256502628326416,0.028700461611151695,-0.3644326627254486,-0.752548336982727,1.0651342868804932,-0.8139466643333435,0.929844081401825,9.696009635925293,1.3877813816070557,0.545487105846405
9.04,-0.2282668948173523,-0.04891206696629524,0.15068462491035461,-0.7631803154945374,0.4165986180305481,-0.014801396057009697,0.07274671643972397,-0.3075404763221741,0.7926769256591797,-0.6744735240936279,-0.2282668948173523,-0.04891206696629524,0.15068462491035461,-0.7631803154945374,0.4165986180305481,-0.014801396057009697,0.07274671643972397,-0.3075404763221741,0.7926769256591797,-0.6744735240936279,-0.9231675863265991,0.39255085587501526,-0.03749970346689224,-2.03560209274292,2.1960551738739014,1.0580044984817505,0.1612267792224884,1.2117178440093994,2.4911608695983887,0.16419506072998047,-0.27309978008270264,-0.116129569709301,0.18222209811210632,-0.5792138576507568,0.32197877764701843,0.20876549184322357,-0.021871469914913177,-0.3108137249946594,0.9718234539031982,-0.02936720848083496,-21.099824905395508,-3.483994483947754,3.1665589809417725,0.4086146950721741,-0.04408353567123413,0.3692823052406311,9.717524528503418,1.2676920890808105,0.4458376467227936
9.06,-0.23433321714401245,-0.046669356524944305,0.14799311757087708,-0.7775923609733582,0.43543359637260437,0.009567368775606155,0.06861403584480286,-0.30290791392326355,0.8443669080734253,-0.6492682695388794,-0.23433321714401245,-0.046669356524944305,0.14799311757087708,-0.7775923609733582,0.43543359637260437,0.009567368775606155,0.06861403584480286,-0.30290791392326355,0.8443669080734253,-0.6492682695388794,0.0662887841463089,-0.054118040949106216,-0.11206186562776566,-0.001157482503913343,0.37510934472084045,1.2755693197250366,-0.48892873525619507,-0.42027586698532104,2.645206928253174,2.030787706375122,-0.12333984673023224,-0.14844529330730438,0.12791717052459717,-0.5290796756744385,0.28212931752204895,0.11273343861103058,-0.08835054934024811,-0.3175954222679138,0.9658914804458618,-0.11089298129081726,-15.324463844299316,-1.9268614053726196,1.7543882131576538,-0.062462352216243744,-0.24917897582054138,0.30258384346961975,9.727644920349121,1.1992229223251343,0.4133794903755188
9.08,-0.22192762792110443,-0.051561035215854645,0.14466382563114166,-0.7637915015220642,0.4357917606830597,0.02771473303437233,0.05511987581849098,-0.3162262737751007,0.8888161778450012,-0.5950871706008911,-0.22192762792110443,-0.051561035215854645,0.14466382563114166,-0.7637915015220642,0.4357917606830597,0.02771473303437233,0.05511987581849098,-0.3162262737751007,0.8888161778450012,-0.5950871706008911,1.011518120765686,-0.39810141921043396,-0.1972016543149948,1.19745671749115,-0.2449018508195877,0.674022912979126,-0.8160496950149536,-0.75428307056427,1.9154720306396484,3.244579792022705,-0.0795709490776062,-0.17624495923519135,0.0834461972117424,-0.547742486000061,0.1942124366760254,0.08963841199874878,-0.1111195981502533,-0.3498132526874542,0.9705778360366821,-0.12244048714637756,-13.925686836242676,-1.904640793800354,1.00380277633667,-0.08186071366071701,-0.38618937134742737,-0.03678242117166519,9.733320236206055,1.172153115272522,0.3530300557613373
9.1,-0.19933606684207916,-0.06264864653348923,0.13954812288284302,-0.7338533401489258,0.42715156078338623,0.039834585040807724,0.03583516553044319,-0.33262690901756287,0.9213231801986694,-0.5228084921836853,-0.19933606684207916,-0.06264864653348923,0.13954812288284302,-0.7338533401489258,0.42715156078338623,0.039834585040807724,0.03583516553044319,-0.33262690901756287,0.9213231801986694,-0.5228084921836853,1.18497633934021,-0.6453211307525635,-0.32107171416282654,1.6629101037979126,-0.5571272373199463,0.5582380294799805,-1.05218505859375,-0.8789172768592834,1.4051978588104248,3.82096004486084,-0.07164090871810913,-0.21686816215515137,-0.005361199378967285,-0.5950765013694763,-0.05407702922821045,0.10604779422283173,-0.1315934956073761,-0.3328193724155426,0.9821116328239441,-0.017779409885406494,-10.787713050842285,-1.394378662109375,0.3236019015312195,-0.06842838227748871,-0.5174488425254822,-0.03390844538807869,9.735469818115234,1.1776909828186035,0.26413068175315857
9.12,-0.17865100502967834,-0.08021926879882812,0.1085788756608963,-0.7039709091186523,0.4142686128616333,0.05155438184738159,0.014297052286565304,-0.3426567316055298,0.9461310505867004,-0.4436414837837219,-0.17865100502967834,-0.08021926879882812,0.1085788756608963,-0.7039709091186523,0.4142686128616333,0.05155438184738159,0.014297052286565304,-0.3426567316055298,0.9461310505867004,-0.4436414837837219,0.8641193509101868,-0.9378288388252258,-1.7961149215698242,1.0754507780075073,-0.7140340209007263,0.5826218724250793,-0.9949042797088623,-0.16287298500537872,1.1232435703277588,4.076529502868652,-0.10328309237957001,-0.2338404804468155,-0.08854416757822037,-0.5834653973579407,-0.19054275751113892,0.1381041556596756,-0.14432229101657867,-0.3214597702026367,0.953075647354126,0.4374654293060303,-16.12958526611328,0.18718267977237701,3.5149354934692383,0.11356163024902344,-0.6247414946556091,0.022912880405783653,9.738162994384766,1.1752558946609497,0.15186382830142975
9.14,-0.16354787349700928,-0.1016223207116127,0.0416606068611145,-0.681419849395752,0.3961361348628998,0.06286784261465073,-0.006041404325515032,-0.34078434109687805,0.9646260738372803,-0.36055582761764526,-0.16354787349700928,-0.1016223207116127,0.0416606068611145,-0.681419849395752,0.3961361348628998,0.06286784261465073,-0.006041404325515032,-0.34078434109687805,0.9646260738372803,-0.36055582761764526,0.6269048452377319,-1.1160542964935303,-3.9626731872558594,1.0697821378707886,-0.9374644756317139,0.5617033839225769,-0.9789745807647705,0.3093860149383545,0.7298992872238159,4.176829814910889,-0.15173137187957764,-0.19931559264659882,-0.16046041250228882,-0.5575528144836426,-0.19503188133239746,0.2522895932197571,-0.09718495607376099,-0.29417866468429565,0.8913770914077759,0.0793144702911377,-9.6768798828125,-1.0870038270950317,-0.010557981207966805,0.37099066376686096,-0.6192380785942078,0.10496549308300018,9.740266799926758,1.167233943939209,0.029334861785173416
9.16,-0.15662908554077148,-0.12023132294416428,-0.03680017590522766,-0.659103274345398,0.37342897057533264,0.07757536321878433,-0.020463233813643456,-0.32531777024269104,0.9747847318649292,-0.2782723009586334,-0.15662908554077148,-0.12023132294416428,-0.03680017590522766,-0.659103274345398,0.37342897057533264,0.07757536321878433,-0.020463233813643456,-0.32531777024269104,0.9747847318649292,-0.2782723009586334,0.13628679513931274,-0.7768844366073608,-3.8909413814544678,1.2288521528244019,-1.3133025169372559,0.8599032759666443,-0.513565719127655,1.0502138137817383,0.26682209968566895,4.012884616851807,-0.1859457790851593,-0.1310494989156723,-0.14485618472099304,-0.5211628079414368,0.09711408615112305,0.3175215721130371,-0.059452950954437256,-0.2709690034389496,0.9374735355377197,-0.15095102787017822,-10.383003234863281,-2.111889362335205,-0.0707247406244278,0.6776169538497925,-0.45221495628356934,0.47963303327560425,9.746297836303711,1.112631916999817,-0.08851071447134018
9.18,-0.15784208476543427,-0.12794606387615204,-0.09308591485023499,-0.6303064823150635,0.3480294644832611,0.09809467196464539,-0.025164997205138206,-0.3034869134426117,0.9775505065917969,-0.20981037616729736,-0.15784208476543427,-0.12794606387615204,-0.09308591485023499,-0.6303064823150635,0.3480294644832611,0.09809467196464539,-0.025164997205138206,-0.3034869134426117,0.9775505065917969,-0.20981037616729736,-0.1885596066713333,-0.08916551619768143,-1.960003137588501,1.6068899631500244,-1.0439337491989136,1.1515144109725952,-0.054452285170555115,1.0184406042099,-0.018190061673521996,2.799333095550537,-0.15576529502868652,-0.1018984243273735,-0.10166917741298676,-0.49226534366607666,0.21806704998016357,0.33517447113990784,-0.09965473413467407,-0.16377000510692596,1.0023138523101807,-0.2374361753463745,-4.030643463134766,-0.8176208734512329,1.317355990409851,0.8230724334716797,-0.16638557612895966,0.8427190780639648,9.759591102600098,0.9792736172676086,-0.1658181995153427
9.2,-0.1607210487127304,-0.12747959792613983,-0.1109720915555954,-0.5949308276176453,0.34018799662590027,0.12169715762138367,-0.027852999046444893,-0.2698099613189697,0.9832990765571594,-0.20642858743667603,-0.1607210487127304,-0.12747959792613983,-0.1109720915555954,-0.5949308276176453,0.34018799662590027,0.12169715762138367,-0.027852999046444893,-0.2698099613189697,0.9832990765571594,-0.20642858743667603,-0.07586577534675598,0.06333301961421967,-0.06802548468112946,1.8708679676055908,0.24172480404376984,1.2279480695724487,-0.2539484202861786,2.4807918071746826,0.40272676944732666,-1.2264666557312012,-0.07592463493347168,-0.1530592441558838,-0.0907379686832428,-0.44572803378105164,0.18983682990074158,0.37030652165412903,-0.23355793952941895,-0.12230921536684036,0.8904015421867371,-0.321740984916687,-1.9494675397872925,0.29175233840942383,0.665238082408905,0.897793710231781,-0.20309558510780334,0.9012901186943054,9.774948120117188,0.8006876111030579,-0.21304793655872345
9.22,-0.16390752792358398,-0.12532995641231537,-0.10281825065612793,-0.5701466798782349,0.33194342255592346,0.14170734584331512,-0.03928208723664284,-0.22193287312984467,0.9741894602775574,-0.25336572527885437,-0.16390752792358398,-0.12532995641231537,-0.10281825065612793,-0.5701466798782349,0.33194342255592346,0.14170734584331512,-0.03928208723664284,-0.22193287312984467,0.9741894602775574,-0.25336572527885437,0.059175536036491394,0.0010771704837679863,0.3320581316947937,1.2479485273361206,-0.6392082571983337,0.9443485140800476,-1.0328131914138794,2.332159996032715,-1.1674422025680542,-2.9203405380249023,-0.12008354067802429,-0.1765640825033188,-0.17961925268173218,-0.5115821957588196,-0.20468789339065552,0.20935271680355072,-0.2491351068019867,-0.10779425501823425,0.5389721393585205,-0.6454364657402039,-9.18676471710205,0.10823364555835724,3.2158193588256836,0.48016706109046936,-0.1278776377439499,0.5801968574523926,9.785172462463379,0.652624785900116,-0.2461145967245102
9.24,-0.16079126298427582,-0.12789545953273773,-0.1112535148859024,-0.5489559769630432,0.32180219888687134,0.1510602831840515,-0.06353304535150528,-0.1764342337846756,0.8975679278373718,-0.4123395085334778,-0.16079126298427582,-0.12789545953273773,-0.1112535148859024,-0.5489559769630432,0.32180219888687134,0.1510602831840515,-0.06353304535150528,-0.1764342337846756,0.8975679278373718,-0.4123395085334778,0.09479591250419617,-0.23511230945587158,-1.515127182006836,0.8199735283851624,-0.24642910063266754,0.17023347318172455,-1.3074374198913574,2.173007011413574,-6.0821051597595215,-10.733687400817871,-0.21948927640914917,0.012390652671456337,-0.21371135115623474,-0.5701814889907837,-0.37735235691070557,0.12814339995384216,-0.060345157980918884,-0.23940446972846985,0.31838417053222656,-0.42147183418273926,-4.36842679977417,0.10352186858654022,1.9098763465881348,0.3202694058418274,-0.15461358428001404,0.45459505915641785,9.790284156799316,0.5569867491722107,-0.27605944871902466
9.26,-0.1639993041753769,-0.1193937137722969,-0.13879404962062836,-0.5420193672180176,0.3124041259288788,0.1520196497440338,-0.07449592649936676,-0.16353125870227814,0.7491697669029236,-0.46841761469841003,-0.1639993041753769,-0.1193937137722969,-0.13879404962062836,-0.5420193672180176,0.3124041259288788,0.1520196497440338,-0.07449592649936676,-0.16353125870227814,0.7491697669029236,-0.46841761469841003,-0.37217897176742554,0.9319882988929749,-2.007978677749634,-0.045687057077884674,-0.5330426096916199,-0.06964772939682007,0.06363386660814285,-1.079177737236023,-8.134574890136719,1.8158892393112183,-0.31756818294525146,0.2445245385169983,-0.12024125456809998,-0.540186882019043,-0.4178618788719177,-0.3275608420372009,0.15831845998764038,-0.4172712564468384,0.19989246129989624,-0.215908944606781,-3.7012548446655273,0.9340927004814148,2.9263765811920166,0.24902775883674622,0.7775412201881409,0.5146256685256958,9.796712875366211,0.4601783752441406,-0.22077977657318115
9.28,-0.16673097014427185,-0.08257294446229935,-0.14943380653858185,-0.5467507243156433,0.2934490740299225,0.12915575504302979,-0.05472928285598755,-0.23161768913269043,0.5842961668968201,-0.36364540457725525,-0.16673097014427185,-0.08257294446229935,-0.14943380653858185,-0.5467507243156433,0.2934490740299225,0.12915575504302979,-0.05472928285598755,-0.23161768913269043,0.5842961668968201,-0.36364540457725525,-0.12296722084283829,2.498806953430176,0.7820165157318115,-0.6621155142784119,-0.04300115257501602,-2.000797986984253,1.725286841392517,-5.332146644592285,-7.9896016120910645,6.7266926765441895,-0.2453404814004898,0.009763017296791077,-0.14129331707954407,-1.1552096605300903,-0.22092807292938232,-0.2443394660949707,0.21897953748703003,-0.49401354789733887,0.19521230459213257,0.2561037540435791,-4.001328945159912,0.09962042421102524,2.597987413406372,1.0073851346969604,1.8458061218261719,-0.10576076060533524,9.800884246826172,0.4215508699417114,0.03274364396929741
9.3,-0.17991764843463898,-0.06154586747288704,-0.1437435895204544,-0.6294360756874084,0.2776769995689392,0.08751096576452255,-0.030715076252818108,-0.27045178413391113,0.5205129384994507,-0.3698005974292755,-0.17991764843463898,-0.06154586747288704,-0.1437435895204544,-0.6294360756874084,0.2776769995689392,0.08751096576452255,-0.030715076252818108,-0.27045178413391113,0.5205129384994507,-0.3698005974292755,-0.8727994561195374,0.27249249815940857,-0.028485262766480446,-7.098951816558838,-2.400674343109131,-2.4341259002685547,1.104965329170227,-0.27702051401138306,-2.6886448860168457,0.9895508289337158,-0.3296242952346802,-0.05143554508686066,-0.08457617461681366,-1.2056381702423096,-0.09053057432174683,-0.19324040412902832,0.20713654160499573,-0.44246527552604675,0.3291679620742798,-0.09391340613365173,-14.722794532775879,-0.21432314813137054,-4.794547080993652,1.030951738357544,0.5414560437202454,-0.5982069373130798,9.795367240905762,0.4743005335330963,0.2488306611776352
9.32,-0.20664162933826447,-0.05518006905913353,-0.1359749585390091,-0.7738667726516724,0.18756328523159027,0.04123493283987045,-0.007873378694057465,-0.3289080560207367,0.46466493606567383,-0.34294459223747253,-0.20664162933826447,-0.05518006905913353,-0.1359749585390091,-0.7738667726516724,0.18756328523159027,0.04123493283987045,-0.007873378694057465,-0.3289080560207367,0.46466493606567383,-0.34294459223747253,-1.5159826278686523,0.23226606845855713,0.7824012041091919,-6.881050109863281,-1.7544214725494385,-2.0196001529693604,1.1655359268188477,-3.4855175018310547,-2.357394218444824,1.2298054695129395,-0.38639047741889954,-0.041671112179756165,-0.061739180237054825,-1.1978538036346436,-0.010074257850646973,-0.17467260360717773,0.25269562005996704,-0.45350611209869385,0.3445971608161926,-0.17603307962417603,-8.114521026611328,1.6339550018310547,1.5245698690414429,0.5645875930786133,0.6247292160987854,-0.4640205502510071,9.786076545715332,0.5836924910545349,0.3579307496547699
9.34,-0.23245762288570404,-0.05027396231889725,-0.11435869336128235,-0.8999826312065125,0.08489975333213806,0.007387314457446337,0.017958546057343483,-0.3860139846801758,0.4266120493412018,-0.33106017112731934,-0.23245762288570404,-0.05027396231889725,-0.11435869336128235,-0.8999826312065125,0.08489975333213806,0.007387314457446337,0.017958546057343483,-0.3860139846801758,0.4266120493412018,-0.33106017112731934,-1.1482055187225342,0.23516972362995148,1.2218989133834839,-5.6341400146484375,-4.342071056365967,-1.4380334615707397,1.3595513105392456,-2.319964647293091,-1.5748738050460815,-0.441428542137146,-0.3570375442504883,-0.04120437800884247,-0.007061053067445755,-1.2706408500671387,0.055241525173187256,-0.1600780487060547,0.2096100151538849,-0.44192469120025635,0.38086268305778503,-0.1789546012878418,-2.7500739097595215,-0.7301722764968872,-0.3413139283657074,0.12942229211330414,0.7305517196655273,-0.3710728883743286,9.774798393249512,0.6708602905273438,0.4892488718032837
9.36,-0.25094154477119446,-0.04857232794165611,-0.08201771229505539,-1.0052881240844727,0.05048735812306404,-0.01589776761829853,0.04048706591129303,-0.41488218307495117,0.4058346748352051,-0.34267449378967285,-0.25094154477119446,-0.04857232794165611,-0.08201771229505539,-1.0052881240844727,0.05048735812306404,-0.01589776761829853,0.04048706591129303,-0.41488218307495117,0.4058346748352051,-0.34267449378967285,-0.6018828749656677,-0.18684272468090057,2.075397253036499,-4.926224708557129,-0.10241054743528366,-0.8927584290504456,0.6339492797851562,-0.18322248756885529,-0.1970074623823166,-0.22512328624725342,-0.28085052967071533,-0.08861251175403595,0.005788978189229965,-1.2935335636138916,0.1417873501777649,-0.17198532819747925,0.1833707094192505,-0.4074178636074066,0.38597846031188965,-0.20811709761619568,-16.583234786987305,-1.1323814392089844,-5.858353137969971,-0.1275968849658966,0.3946998715400696,-0.40369850397109985,9.762683868408203,0.737597644329071,0.6181105971336365
9.38,-0.2568568289279938,-0.05216998606920242,-0.04251142963767052,-1.0923289060592651,0.0844007357954979,-0.035436805337667465,0.05222080275416374,-0.4162566065788269,0.40324699878692627,-0.3495560884475708,-0.2568568289279938,-0.05216998606920242,-0.04251142963767052,-1.0923289060592651,0.0844007357954979,-0.035436805337667465,0.05222080275416374,-0.4162566065788269,0.40324699878692627,-0.3495560884475708,-0.10264169424772263,-0.2844529449939728,1.7553839683532715,-3.862508773803711,2.5334973335266113,-0.9971333742141724,0.5008832812309265,-0.031286731362342834,-0.047665223479270935,-0.4551997184753418,-0.163322314620018,-0.09756051003932953,0.02265293523669243,-1.3337359428405762,0.36772799491882324,-0.2613871693611145,0.18961679935455322,-0.3987668752670288,0.401716023683548,-0.14700108766555786,-7.756927967071533,-1.5583800077438354,-2.3031833171844482,-0.12540774047374725,0.23732508718967438,-0.5586661100387573,9.75063705444336,0.8355622291564941,0.6804500818252563
9.4,-0.2506841719150543,-0.0583048053085804,-0.012018293142318726,-1.1619397401809692,0.2067590057849884,-0.05979800224304199,0.061470724642276764,-0.4160008728504181,0.40220868587493896,-0.35999375581741333,-0.2506841719150543,-0.0583048053085804,-0.012018293142318726,-1.1619397401809692,0.2067590057849884,-0.05979800224304199,0.061470724642276764,-0.4160008728504181,0.40220868587493896,-0.35999375581741333,0.5842204689979553,-0.3199537992477417,1.3659234046936035,-3.1973915100097656,7.683428764343262,-1.3531887531280518,0.425666481256485,0.05569590628147125,-0.012985290959477425,-0.5926846265792847,-0.05135762691497803,-0.12108875811100006,0.024004604667425156,-1.2878780364990234,0.5285759568214417,-0.2905917167663574,0.14235052466392517,-0.40606918931007385,0.4442821145057678,-0.2933225631713867,-7.9978437423706055,-1.4080297946929932,-2.342203378677368,-0.06122899428009987,0.14476294815540314,-0.8157179951667786,9.735779762268066,0.9670931100845337,0.7179347276687622
9.42,-0.232035294175148,-0.06648049503564835,0.008403366431593895,-1.208371639251709,0.3676694333553314,-0.08672896772623062,0.06760931760072708,-0.4155680239200592,0.4087178707122803,-0.37655505537986755,-0.232035294175148,-0.06648049503564835,0.008403366431593895,-1.208371639251709,0.3676694333553314,-0.08672896772623062,0.06760931760072708,-0.4155680239200592,0.4087178707122803,-0.37655505537986755,1.1874080896377563,-0.4748983085155487,0.7870212197303772,-1.5975151062011719,7.796314716339111,-1.303060531616211,0.18994544446468353,0.0003991562407463789,0.683641254901886,-1.0570341348648071,-0.07198500633239746,-0.1362098902463913,0.14451900124549866,-1.1986757516860962,0.6265408396720886,-0.25605154037475586,0.08467783033847809,-0.4606879651546478,0.496755987405777,-0.348854660987854,-6.823042392730713,-1.2382546663284302,-2.197744131088257,-0.08225498348474503,0.03814925253391266,-0.9744548201560974,9.715770721435547,1.1389108896255493,0.736738383769989
9.44,-0.20966801047325134,-0.07513344287872314,0.040579903870821,-1.2212061882019043,0.5031548142433167,-0.10760200768709183,0.06700435280799866,-0.4161418676376343,0.43132278323173523,-0.4024770259857178,-0.20966801047325134,-0.07513344287872314,0.040579903870821,-1.2212061882019043,0.5031548142433167,-0.10760200768709183,0.06700435280799866,-0.4161418676376343,0.43132278323173523,-0.4024770259857178,1.0611666440963745,-0.4248511493206024,2.5418808460235596,0.14905746281147003,5.9279866218566895,-0.858562707901001,-0.2285246104001999,-0.035110339522361755,1.4439051151275635,-1.4627386331558228,-0.06371459364891052,-0.047828420996665955,0.15149371325969696,-1.064713478088379,0.8413852453231812,-0.06571930646896362,0.1244480162858963,-0.4584147036075592,0.5623371601104736,-0.312988817691803,-6.6610331535339355,-1.4742681980133057,-2.644030809402466,0.042597152292728424,-0.17282329499721527,-0.8299228549003601,9.694470405578613,1.3141916990280151,0.7254226803779602
9.46,-0.1906190812587738,-0.07741348445415497,0.09411449730396271,-1.1952887773513794,0.6603163480758667,-0.11488904058933258,0.06331631541252136,-0.41813981533050537,0.4711346924304962,-0.4372674226760864,-0.1906190812587738,-0.07741348445415497,0.09411449730396271,-1.1952887773513794,0.6603163480758667,-0.11488904058933258,0.06331631541252136,-0.41813981533050537,0.4711346924304962,-0.4372674226760864,0.8800840377807617,0.13964731991291046,2.48088002204895,2.252312421798706,8.653929710388184,0.03872029483318329,-0.10482201725244522,-0.20465171337127686,2.3863210678100586,-1.9387805461883545,-0.13165050745010376,0.031205371022224426,0.16497786343097687,-0.9495941400527954,0.936281144618988,0.01062476634979248,0.14826637506484985,-0.44228577613830566,0.6144874095916748,-0.22668442130088806,-8.38308048248291,-2.7330360412597656,-2.559828758239746,-0.1472327560186386,-0.04227064177393913,-0.4398936927318573,9.678509712219238,1.4402087926864624,0.6988235116004944
9.48,-0.177857905626297,-0.06886686384677887,0.13618062436580658,-1.1365588903427124,0.8075053691864014,-0.10815522074699402,0.06373478472232819,-0.421533465385437,0.5213567018508911,-0.47728613018989563,-0.177857905626297,-0.06886686384677887,0.13618062436580658,-1.1365588903427124,0.8075053691864014,-0.10815522074699402,0.06373478472232819,-0.421533465385437,0.5213567018508911,-0.47728613018989563,0.42699694633483887,0.6380376815795898,1.7664918899536133,3.4444451332092285,6.278120040893555,0.5265768766403198,0.11246581375598907,-0.1268267184495926,2.534342050552368,-2.018225908279419,-0.12741175293922424,-0.0010671466588974,0.14093457162380219,-0.7771575450897217,0.9079775214195251,0.00809633731842041,0.15039211511611938,-0.44140002131462097,0.65372633934021,-0.3672058582305908,-8.801912307739258,-2.6523916721343994,-3.0526280403137207,-0.12554995715618134,0.09589613974094391,-0.05562758445739746,9.671004295349121,1.485234260559082,0.7084158658981323
9.5,-0.16902045905590057,-0.05863064527511597,0.15402649343013763,-1.0498781204223633,0.8741356134414673,-0.09744302183389664,0.06597398221492767,-0.4237217605113983,0.5705486536026001,-0.5174692869186401,-0.16902045905590057,-0.05863064527511597,0.15402649343013763,-1.0498781204223633,0.8741356134414673,-0.09744302183389664,0.06597398221492767,-0.4237217605113983,0.5705486536026001,-0.5174692869186401,0.4314683675765991,0.4081042408943176,0.24866802990436554,5.016577243804932,1.601949691772461,0.549167811870575,0.10162517428398132,-0.07364410161972046,2.4391491413116455,-2.020616054534912,-0.16398116946220398,0.029976263642311096,0.11184560507535934,-0.6662391424179077,0.8265900611877441,0.0429956316947937,0.14182186126708984,-0.43086686730384827,0.6844945549964905,-0.4080834686756134,-7.764998912811279,-2.267102003097534,-2.9471230506896973,-0.0777244120836258,0.03843722492456436,0.04527965933084488,9.670132637023926,1.4835747480392456,0.7236291766166687
9.52,-0.16372598707675934,-0.04942520335316658,0.14876970648765564,-0.9456976652145386,0.8626285195350647,-0.08521208167076111,0.06832849234342575,-0.42308309674263,0.6193391680717468,-0.558459460735321,-0.16372598707675934,-0.04942520335316658,0.14876970648765564,-0.9456976652145386,0.8626285195350647,-0.08521208167076111,0.06832849234342575,-0.42308309674263,0.6193391680717468,-0.558459460735321,0.1304810792207718,0.5184760689735413,-0.6512266397476196,5.30009651184082,-1.6632741689682007,0.6460275650024414,0.12585976719856262,0.12644992768764496,2.4270293712615967,-2.0705254077911377,-0.2179534137248993,-0.023015812039375305,0.07375683635473251,-0.5168730020523071,0.5549554228782654,0.09299898147583008,0.10741086304187775,-0.34186527132987976,0.775521993637085,-0.34968680143356323,-7.652841091156006,-2.2913575172424316,-3.3318395614624023,0.1270330846309662,0.014416246674954891,0.2006741762161255,9.673422813415527,1.460462212562561,0.7266665101051331
9.54,-0.16547700762748718,-0.04320971295237541,0.12492333352565765,-0.8327258825302124,0.7337985038757324,-0.0691203698515892,0.06914044916629791,-0.4069465696811676,0.6696268916130066,-0.6009334325790405,-0.16547700762748718,-0.04320971295237541,0.12492333352565765,-0.8327258825302124,0.7337985038757324,-0.0691203698515892,0.06914044916629791,-0.4069465696811676,0.6696268916130066,-0.6009334325790405,-0.24003951251506805,0.12286228686571121,-1.5275123119354248,5.916366100311279,-8.67629337310791,0.9195571541786194,-0.047600749880075455,1.0901691913604736,2.687976360321045,-2.2522177696228027,-0.4070620536804199,-0.12250803411006927,0.17767751216888428,-0.5186817646026611,0.5117247700691223,0.2571585774421692,0.04801550507545471,-0.24338728189468384,0.8255217671394348,-0.22594770789146423,-10.093246459960938,-1.57242751121521,-5.056680202484131,0.3487354516983032,-0.17900456488132477,0.4286610782146454,9.68359375,1.4044255018234253,0.7012127041816711
9.56,-0.18536928296089172,-0.04525529965758324,0.11770419776439667,-0.7379843592643738,0.5824894309043884,-0.04231866076588631,0.06350944191217422,-0.36286792159080505,0.7252654433250427,-0.6446676254272461,-0.18536928296089172,-0.04525529965758324,0.11770419776439667,-0.7379843592643738,0.5824894309043884,-0.04231866076588631,0.06350944191217422,-0.36286792159080505,0.7252654433250427,-0.6446676254272461,-1.7461669445037842,-0.04369890317320824,0.7060887217521667,2.039081335067749,-16.296846389770508,1.5254658460617065,-0.1399087756872177,3.5291922092437744,2.6649773120880127,-2.119617223739624,-0.4231601357460022,-0.15789540112018585,0.18481990694999695,-0.6484750509262085,0.2971879541873932,0.3372976779937744,-0.023718714714050293,-0.2740348279476166,0.9214392304420471,0.055058062076568604,-29.568593978881836,-0.5562060475349426,8.566834449768066,0.8680759072303772,-0.669810950756073,0.9613062739372253,9.70767879486084,1.2805657386779785,0.5976861715316772
9.58,-0.21965958178043365,-0.04689429700374603,0.12493258714675903,-0.7511675953865051,0.4258231818675995,-0.009889235720038414,0.058516908437013626,-0.3124391436576843,0.7831873297691345,-0.6699106693267822,-0.21965958178043365,-0.04689429700374603,0.12493258714675903,-0.7511675953865051,0.4258231818675995,-0.009889235720038414,0.058516908437013626,-0.3124391436576843,0.7831873297691345,-0.6699106693267822,-1.6076462268829346,0.14541752636432648,0.16569708287715912,-2.9169881343841553,2.567410469055176,1.6641478538513184,-0.22123363614082336,1.3576555252075195,3.100632905960083,-0.004020657856017351,-0.2611033320426941,-0.16450290381908417,0.1785641610622406,-0.6102291345596313,0.22611039876937866,0.21142593026161194,-0.07235150784254074,-0.32292166352272034,0.9622738361358643,-0.020835459232330322,-22.2897891998291,-1.4721559286117554,3.098306655883789,0.31604745984077454,-0.2681492865085602,0.6914463043212891,9.733396530151367,1.123359203338623,0.4849214255809784
9.6,-0.23099322617053986,-0.04977666586637497,0.12495527416467667,-0.7788435816764832,0.4528132975101471,0.017157675698399544,0.04720281809568405,-0.3085342347621918,0.8411682844161987,-0.6468088030815125,-0.23099322617053986,-0.04977666586637497,0.12495527416467667,-0.7788435816764832,0.4528132975101471,0.017157675698399544,0.04720281809568405,-0.3085342347621918,0.8411682844161987,-0.6468088030815125,0.03788512200117111,-0.2947436571121216,-0.04698217287659645,-0.4645363986492157,0.7148534655570984,1.1443129777908325,-0.7807704210281372,-0.48985517024993896,2.711810350418091,1.94865083694458,-0.09179902076721191,-0.1576555222272873,0.15931814908981323,-0.5417425036430359,0.21753531694412231,0.09275025129318237,-0.07220679521560669,-0.30902522802352905,0.9636458158493042,-0.09732267260551453,-16.296171188354492,-2.001307249069214,1.9704780578613281,-0.09101599454879761,-0.4415225088596344,0.1917978823184967,9.745607376098633,1.0449038743972778,0.4091527760028839
9.62,-0.2172641158103943,-0.055954523384571075,0.12422060966491699,-0.7702773213386536,0.4575779139995575,0.03155861422419548,0.032647956162691116,-0.31553715467453003,0.8855660557746887,-0.5953814387321472,-0.2172641158103943,-0.055954523384571075,0.12422060966491699,-0.7702773213386536,0.4575779139995575,0.03155861422419548,0.032647956162691116,-0.31553715467453003,0.8855660557746887,-0.5953814387321472,1.1259523630142212,-0.3281143605709076,-0.02784004621207714,1.0754525661468506,-0.11610831320285797,0.4610292911529541,-0.6883936524391174,-0.16157184541225433,1.8912369012832642,3.064009189605713,-0.033442914485931396,-0.19341883063316345,0.0850192978978157,-0.5833255648612976,0.09831416606903076,0.071921706199646,-0.12665338814258575,-0.351695716381073,0.9716936349868774,-0.10367047786712646,-14.478649139404297,-1.9407368898391724,1.4800750017166138,-0.010916437953710556,-0.3769795894622803,-0.16379688680171967,9.749028205871582,1.0411148071289062,0.32958266139030457
9.64,-0.1924300491809845,-0.06649138778448105,0.12188524752855301,-0.7428088188171387,0.4514012634754181,0.039746809750795364,0.013972841203212738,-0.32634031772613525,0.9185212850570679,-0.525194525718689,-0.1924300491809845,-0.06649138778448105,0.12188524752855301,-0.7428088188171387,0.4514012634754181,0.039746809750795364,0.013972841203212738,-0.32634031772613525,0.9185212850570679,-0.525194525718689,1.3076674938201904,-0.6545642018318176,-0.20335230231285095,1.5150750875473022,-0.42642638087272644,0.3692759573459625,-1.105191707611084,-0.8288435339927673,1.4737519025802612,3.774724006652832,-0.014441728591918945,-0.24596910178661346,-0.007787473499774933,-0.6153334379196167,-0.6438060998916626,0.10460098087787628,-0.15643301606178284,-0.31373101472854614,0.9764942526817322,0.45893222093582153,-10.805523872375488,-1.1208924055099487,0.3923228979110718,0.00834471732378006,-0.5434515476226807,-0.17043934762477875,9.748416900634766,1.071211338043213,0.238676980137825
9.66,-0.1685679703950882,-0.08487425744533539,0.09570202231407166,-0.7153646945953369,0.4415013790130615,0.04841573163866997,-0.008749181404709816,-0.3336525559425354,0.9452152252197266,-0.445505827665329,-0.1685679703950882,-0.08487425744533539,0.09570202231407166,-0.7153646945953369,0.4415013790130615,0.04841573163866997,-0.008749181404709816,-0.3336525559425354,0.9452152252197266,-0.445505827665329,1.1224915981292725,-1.1187176704406738,-2.4149200916290283,1.235409140586853,-0.5961358547210693,0.4517010748386383,-1.1288433074951172,0.09386007487773895,1.2256394624710083,4.154708385467529,-0.07639461755752563,-0.2583168148994446,-0.07934766262769699,-0.6086560487747192,-0.6561734676361084,0.12241433560848236,-0.14005233347415924,-0.27660152316093445,0.9489127993583679,0.5401420593261719,-9.006760597229004,-0.5655174851417542,-0.24476727843284607,0.03330225497484207,-0.6763907670974731,-0.12816263735294342,9.747790336608887,1.096632480621338,0.1186307743191719
9.68,-0.1507013738155365,-0.10854589194059372,0.03188696503639221,-0.6944760680198669,0.4288088381290436,0.05793650075793266,-0.028297845274209976,-0.3189767003059387,0.9646427631378174,-0.3625251352787018,-0.1507013738155365,-0.10854589194059372,0.03188696503639221,-0.6944760680198669,0.4288088381290436,0.05793650075793266,-0.028297845274209976,-0.3189767003059387,0.9646427631378174,-0.3625251352787018,0.7006494402885437,-1.1790574789047241,-3.5111355781555176,0.9137700200080872,-0.6951493620872498,0.47092077136039734,-0.8472681045532227,1.1640291213989258,0.720849335193634,4.1141357421875,-0.15120284259319305,-0.22804106771945953,-0.15483295917510986,-0.5627458095550537,-0.3271636366844177,0.26679301261901855,-0.11460961401462555,-0.2379024773836136,0.8799199461936951,0.17379844188690186,-9.601832389831543,-1.1921195983886719,-0.05291212350130081,0.40245580673217773,-0.6861761808395386,0.01771838590502739,9.747054100036621,1.1093165874481201,-0.021265458315610886
9.7,-0.14357204735279083,-0.12972842156887054,-0.038481563329696655,-0.6745800971984863,0.4116404056549072,0.07265011966228485,-0.041291095316410065,-0.2880956530570984,0.9747830629348755,-0.28059470653533936,-0.14357204735279083,-0.12972842156887054,-0.038481563329696655,-0.6745800971984863,0.4116404056549072,0.07265011966228485,-0.041291095316410065,-0.2880956530570984,0.9747830629348755,-0.28059470653533936,0.11076922714710236,-0.9589599967002869,-3.5517399311065674,1.1866027116775513,-1.016424298286438,0.9403682351112366,-0.4972188472747803,1.7443673610687256,0.26483502984046936,4.062721252441406,-0.15646390616893768,-0.16932497918605804,-0.14443746209144592,-0.5435998439788818,-0.01798909902572632,0.39485907554626465,-0.09904320538043976,-0.17118781805038452,0.9761790633201599,-0.11855515837669373,-11.07026195526123,-2.7221736907958984,-0.06984693557024002,0.6815803647041321,-0.5834916830062866,0.5136719942092896,9.751225471496582,1.0605201721191406,-0.1581345498561859
9.72,-0.14571072161197662,-0.14185383915901184,-0.09148760885000229,-0.6455993056297302,0.39118319749832153,0.09895013272762299,-0.04615101218223572,-0.24863679707050323,0.9827529191970825,-0.203609898686409,-0.14571072161197662,-0.14185383915901184,-0.09148760885000229,-0.6455993056297302,0.39118319749832153,0.09895013272762299,-0.04615101218223572,-0.24863679707050323,0.9827529191970825,-0.203609898686409,-0.20984502136707306,-0.3333347737789154,-1.9365357160568237,1.6409753561019897,-0.8483544588088989,1.5798195600509644,-0.07980953902006149,2.1025757789611816,0.445966511964798,3.639146089553833,-0.14548729360103607,-0.16763444244861603,-0.07948530465364456,-0.5249319076538086,0.19124317169189453,0.3825245797634125,-0.15173694491386414,-0.09262872487306595,1.0150344371795654,-0.22590672969818115,-4.779843330383301,-0.30719253420829773,1.8682835102081299,0.7348032593727112,-0.3191821277141571,0.932411253452301,9.764155387878418,0.9102274775505066,-0.26239386200904846
9.74,-0.15049727261066437,-0.1458396166563034,-0.10307735204696655,-0.6145323514938354,0.3811781108379364,0.1287781298160553,-0.050976064056158066,-0.20093059539794922,0.9935892820358276,-0.19335852563381195,-0.15049727261066437,-0.1458396166563034,-0.10307735204696655,-0.6145323514938354,0.3811781108379364,0.1287781298160553,-0.050976064056158066,-0.20093059539794922,0.9935892820358276,-0.19335852563381195,-0.35852348804473877,-0.04275581240653992,0.6407930850982666,1.1359763145446777,-0.5847064852714539,1.377192735671997,-0.3342192471027374,2.725302219390869,0.44567516446113586,-1.2350187301635742,-0.07719889283180237,-0.16808997094631195,-0.0797133818268776,-0.4533686935901642,0.18605902791023254,0.3717671036720276,-0.24907928705215454,-0.09343817085027695,0.8286455869674683,-0.3598577380180359,-9.009176254272461,1.1731759309768677,3.48417067527771,0.7678871154785156,-0.24642907083034515,0.8551782965660095,9.777453422546387,0.7245200276374817,-0.3355198800563812
9.76,-0.1511201113462448,-0.14781643450260162,-0.0937868133187294,-0.5893000364303589,0.3695943355560303,0.15011750161647797,-0.06584706157445908,-0.15696999430656433,0.9742711782455444,-0.25935062766075134,-0.1511201113462448,-0.14781643450260162,-0.0937868133187294,-0.5893000364303589,0.3695943355560303,0.15011750161647797,-0.06584706157445908,-0.15696999430656433,0.9742711782455444,-0.25935062766075134,0.1574530452489853,-0.10086039453744888,0.28079456090927124,1.4437700510025024,-0.635588526725769,0.9898895025253296,-1.0338492393493652,1.7365100383758545,-2.210306406021118,-4.410227298736572,-0.10961499810218811,-0.15364129841327667,-0.21125131845474243,-0.5183730125427246,-0.7982774972915649,0.20693950355052948,-0.19608621299266815,-0.09743497520685196,0.4277486503124237,-0.7093714475631714,-8.565396308898926,-0.4394913613796234,3.640599489212036,0.39677295088768005,-0.20162054896354675,0.6048286557197571,9.784595489501953,0.5894410610198975,-0.3877498209476471
9.78,-0.14691685140132904,-0.1486932933330536,-0.11220327764749527,-0.5645942091941833,0.3565746545791626,0.15904837846755981,-0.08393826335668564,-0.12827785313129425,0.8703917860984802,-0.4469054341316223,-0.14691685140132904,-0.1486932933330536,-0.11220327764749527,-0.5645942091941833,0.3565746545791626,0.15904837846755981,-0.08393826335668564,-0.12827785313129425,0.8703917860984802,-0.4469054341316223,0.11785127222537994,-0.018660038709640503,-2.4118690490722656,0.9758312106132507,-0.4955400228500366,0.12371043115854263,-0.7620550394058228,1.154625415802002,-7.645062446594238,-12.155891418457031,-0.2239251732826233,0.12971892952919006,-0.16571582853794098,-0.5694973468780518,-0.367321252822876,0.012445032596588135,0.06148545444011688,-0.30458441376686096,0.16570550203323364,-0.35735344886779785,-4.102384090423584,-0.04964262992143631,2.2447361946105957,0.32572558522224426,0.06041755899786949,0.5373666286468506,9.789928436279297,0.4813152849674225,-0.40216758847236633
9.8,-0.14831221103668213,-0.13004955649375916,-0.1446959376335144,-0.5537514686584473,0.3401620090007782,0.15356606245040894,-0.07973461598157883,-0.1491529643535614,0.6865180134773254,-0.47782033681869507,-0.14831221103668213,-0.13004955649375916,-0.1446959376335144,-0.5537514686584473,0.3401620090007782,0.15356606245040894,-0.07973461598157883,-0.1491529643535614,0.6865180134773254,-0.47782033681869507,-0.3139262795448303,1.7090590000152588,-0.751412570476532,0.1134393960237503,-0.26506415009498596,-0.6101581454277039,1.093196153640747,-3.464925527572632,-9.97844123840332,5.126430988311768,-0.3548150956630707,0.24546591937541962,-0.2340315878391266,-0.7211224436759949,-0.3963722586631775,-0.29729270935058594,0.22358796000480652,-0.5051056742668152,0.16605669260025024,-0.06087109446525574,-3.243481397628784,0.8883187770843506,3.2993195056915283,0.6344575881958008,1.2600544691085815,0.4840819835662842,9.798579216003418,0.37632423639297485,-0.28693634271621704
9.82,-0.15995031595230103,-0.08752705901861191,-0.16791941225528717,-0.5736687779426575,0.3267180621623993,0.12559400498867035,-0.04552788659930229,-0.2654050588607788,0.5243346691131592,-0.3658997416496277,-0.15995031595230103,-0.08752705901861191,-0.16791941225528717,-0.5736687779426575,0.3267180621623993,0.12559400498867035,-0.04552788659930229,-0.2654050588607788,0.5243346691131592,-0.3658997416496277,-0.859326958656311,2.192967176437378,-1.6426606178283691,-2.0383248329162598,-1.1731748580932617,-2.628246307373047,2.2048749923706055,-7.014400959014893,-4.124073505401611,-7.649934768676758,-0.23331473767757416,-0.06545789539813995,-0.11051850020885468,-1.271036982536316,-0.2102174162864685,-0.1744670867919922,0.22375208139419556,-0.42760297656059265,0.2864569425582886,0.06601160764694214,-12.831521987915039,-2.476830005645752,-2.4938735961914062,1.4149171113967896,1.8679033517837524,-0.08900056034326553,9.804566383361816,0.32466983795166016,0.03429093956947327
9.84,-0.1820976436138153,-0.07449637353420258,-0.1761927753686905,-0.6802910566329956,0.2734089493751526,0.08710666745901108,-0.02174009010195732,-0.2836908996105194,0.4837658703327179,-0.3411875069141388,-0.1820976436138153,-0.07449637353420258,-0.1761927753686905,-0.6802910566329956,0.2734089493751526,0.08710666745901108,-0.02174009010195732,-0.2836908996105194,0.4837658703327179,-0.3411875069141388,-1.4566867351531982,0.2665572464466095,0.7611242532730103,-8.002667427062988,1.2061598300933838,-2.3853225708007812,1.1994365453720093,-2.176320791244507,-2.4934985637664795,0.9658821225166321,-0.35363397002220154,-0.020204946398735046,-0.12210595607757568,-1.1736223697662354,-0.32673436403274536,-0.21625292301177979,0.2568003237247467,-0.47586536407470703,0.3295961618423462,0.035202205181121826,-8.154388427734375,2.4249815940856934,0.47181016206741333,1.0617650747299194,0.6112352013587952,-0.6385002136230469,9.79985237121582,0.3989267647266388,0.19961558282375336
9.86,-0.2104332447052002,-0.06724642962217331,-0.1573636829853058,-0.8214612007141113,0.15000657737255096,0.042611490935087204,0.0058204419910907745,-0.35171839594841003,0.43782278895378113,-0.31879356503486633,-0.2104332447052002,-0.06724642962217331,-0.1573636829853058,-0.8214612007141113,0.15000657737255096,0.042611490935087204,0.0058204419910907745,-0.35171839594841003,0.43782278895378113,-0.31879356503486633,-1.5495597124099731,0.4314093589782715,0.772659957408905,-5.514117240905762,-4.817598819732666,-2.026524066925049,1.5005749464035034,-3.8301336765289307,-2.1192853450775146,0.6224907040596008,-0.4280872344970703,-0.04066355526447296,-0.05918126180768013,-1.276275873184204,-0.03687411546707153,-0.12317413091659546,0.2292085886001587,-0.4558424949645996,0.3765300214290619,-0.1180296242237091,-9.277146339416504,2.0723493099212646,2.243070125579834,0.5663238763809204,0.8496193885803223,-0.6551228761672974,9.789511680603027,0.5367605686187744,0.33681967854499817
9.88,-0.24277952313423157,-0.06084074079990387,-0.1337340772151947,-0.9378976821899414,0.03936458006501198,0.010962491855025291,0.032614801079034805,-0.4101671576499939,0.41100063920021057,-0.3122776448726654,-0.24277952313423157,-0.06084074079990387,-0.1337340772151947,-0.9378976821899414,0.03936458006501198,0.010962491855025291,0.032614801079034805,-0.4101671576499939,0.41100063920021057,-0.3122776448726654,-1.5160495042800903,0.23357713222503662,1.699968695640564,-6.086206912994385,-3.663339614868164,-1.2633395195007324,1.1826460361480713,-2.026519536972046,-0.7087695598602295,-0.14786061644554138,-0.40781912207603455,-0.037336185574531555,0.010216068476438522,-1.3251662254333496,0.046849071979522705,-0.12334996461868286,0.2105664312839508,-0.4266633987426758,0.3964116871356964,-0.18464699387550354,-3.0478899478912354,-0.48049503564834595,-0.6743786931037903,0.20353758335113525,0.7631650567054749,-0.5594150424003601,9.775266647338867,0.6589673161506653,0.4960048496723175
9.9,-0.26762670278549194,-0.05635489895939827,-0.08869338780641556,-1.0510001182556152,0.023376930505037308,-0.011411426588892937,0.05409365892410278,-0.4303476810455322,0.4045730531215668,-0.3282027840614319,-0.26762670278549194,-0.05635489895939827,-0.08869338780641556,-1.0510001182556152,0.023376930505037308,-0.011411426588892937,0.05409365892410278,-0.4303476810455322,0.4045730531215668,-0.3282027840614319,-1.044386863708496,0.20096418261528015,2.6840622425079346,-5.218792915344238,0.792847752571106,-1.0174146890640259,0.9804089069366455,-0.307041198015213,-0.06557630002498627,-1.319603443145752,-0.2749161422252655,-0.08209039270877838,-0.0013728775084018707,-1.324234962463379,0.10616528987884521,-0.21878564357757568,0.2051410973072052,-0.4148353040218353,0.37003093957901,-0.14107820391654968,-3.0366899967193604,-0.9694436192512512,-0.7984861135482788,-0.0493336021900177,0.6506112217903137,-0.5329649448394775,9.759466171264648,0.7664936184883118,0.6335623264312744
9.92,-0.27553582191467285,-0.05934532359242439,-0.042984601110219955,-1.136204719543457,0.05837292969226837,-0.03575633466243744,0.06799683719873428,-0.4316445589065552,0.40495190024375916,-0.35038480162620544,-0.27553582191467285,-0.05934532359242439,-0.042984601110219955,-1.136204719543457,0.05837292969226837,-0.03575633466243744,0.06799683719873428,-0.4316445589065552,0.40495190024375916,-0.35038480162620544,0.06361033767461777,-0.32146283984184265,1.9794033765792847,-3.5474965572357178,2.12623929977417,-1.3695528507232666,0.45059868693351746,0.01694261096417904,0.07644901424646378,-0.5385391712188721,-0.22392122447490692,-0.07984144985675812,0.07496769726276398,-1.3586554527282715,0.3600265383720398,-0.24077510833740234,0.16096711158752441,-0.4303090274333954,0.3978210389614105,-0.1451517641544342,-9.846029281616211,-2.401460886001587,-3.0378148555755615,-0.11468952149152756,0.21939878165721893,-0.8860905170440674,9.741868019104004,0.8976036310195923,0.7255483865737915
9.94,-0.27202579379081726,-0.06372537463903427,-0.0006974968127906322,-1.201106309890747,0.1855105310678482,-0.0629771277308464,0.07606875896453857,-0.43122777342796326,0.40598011016845703,-0.3621906042098999,-0.27202579379081726,-0.06372537463903427,-0.0006974968127906322,-1.201106309890747,0.1855105310678482,-0.0629771277308464,0.07606875896453857,-0.43122777342796326,0.40598011016845703,-0.3621906042098999,0.2801688313484192,-0.1913326531648636,2.393857717514038,-2.9554386138916016,8.308813095092773,-1.3164478540420532,0.2990874946117401,0.01012151874601841,0.1287543922662735,-0.6605014801025391,-0.09520554542541504,-0.1712769716978073,0.03538196161389351,-1.3181833028793335,0.44150638580322266,-0.2683789134025574,0.057044029235839844,-0.47115692496299744,0.4494635760784149,-0.21431484818458557,-7.709052085876465,-1.6536009311676025,-2.734022617340088,-0.05522623658180237,0.10021715611219406,-0.8299793601036072,9.72264575958252,1.0609848499298096,0.7619507312774658
9.96,-0.2582268714904785,-0.07646694034337997,0.031025173142552376,-1.243226408958435,0.32438451051712036,-0.08827365189790726,0.07601943612098694,-0.4361349642276764,0.4146183431148529,-0.37839505076408386,-0.2582268714904785,-0.07646694034337997,0.031025173142552376,-1.243226408958435,0.32438451051712036,-0.08827365189790726,0.07601943612098694,-0.4361349642276764,0.4146183431148529,-0.37839505076408386,1.0205085277557373,-0.949294924736023,0.8816684484481812,-1.4472591876983643,5.758556365966797,-1.2003309726715088,-0.23416011035442352,-0.41366589069366455,0.7564164996147156,-0.9908226728439331,-0.1633201390504837,-0.11469374597072601,0.13562533259391785,-1.265918254852295,0.635414183139801,-0.19392728805541992,0.0651581883430481,-0.47637656331062317,0.5067219138145447,-0.21986472606658936,-6.863608360290527,-1.1114507913589478,-2.639928102493286,-0.3709874153137207,-0.24599292874336243,-0.9807130098342896,9.703519821166992,1.2305426597595215,0.7507089972496033
9.98,-0.24172447621822357,-0.0880831703543663,0.06125175580382347,-1.2598135471343994,0.47043758630752563,-0.10506425052881241,0.06977271288633347,-0.44316479563713074,0.43856069445610046,-0.402869313955307,-0.24172447621822357,-0.0880831703543663,0.06125175580382347,-1.2598135471343994,0.47043758630752563,-0.10506425052881241,0.06977271288633347,-0.44316479563713074,0.43856069445610046,-0.402869313955307,0.650823175907135,-0.2936217188835144,2.210866689682007,-0.28243890404701233,7.8844404220581055,-0.5916741490364075,-0.37594568729400635,-0.2790614366531372,1.476564884185791,-1.3740159273147583,-0.07023987174034119,-0.008400723338127136,0.1786637157201767,-1.0488165616989136,0.8125042915344238,-0.07024607062339783,0.1100279688835144,-0.4488828182220459,0.5543281435966492,-0.20962664484977722,-7.692938804626465,-1.7843718528747559,-2.904501438140869,-0.2346130758523941,-0.2966454029083252,-0.6900966167449951,9.685541152954102,1.3893332481384277,0.7043821215629578
10.0,-0.22482028603553772,-0.08452384918928146,0.11148025095462799,-1.2291995286941528,0.6380020380020142,-0.11219484359025955,0.0650453045964241,-0.44800662994384766,0.47412145137786865,-0.43411028385162354,-0.22482028603553772,-0.08452384918928146,0.11148025095462799,-1.2291995286941528,0.6380020380020142,-0.11219484359025955,0.0650453045964241,-0.44800662994384766,0.47412145137786865,-0.43411028385162354,0.9637832045555115,0.49787068367004395,2.616682767868042,3.048542022705078,8.35262393951416,-0.10386332869529724,-0.14006565511226654,-0.26523515582084656,2.0343897342681885,-1.7087024450302124,-0.11438971757888794,0.00861947238445282,0.17487554252147675,-0.9341397881507874,0.9137244820594788,0.017424821853637695,0.1308085024356842,-0.4527784585952759,0.6252652406692505,-0.28303080797195435,-8.271583557128906,-2.7346534729003906,-2.5589590072631836,-0.30443835258483887,-0.10899163037538528,-0.47427329421043396,9.67113208770752,1.5025619268417358,0.6690353751182556
