time_s,target_dof_right_hip_pitch_04,target_dof_right_hip_roll_03,target_dof_right_hip_yaw_03,target_dof_right_knee_04,target_dof_right_ankle_02,target_dof_left_hip_pitch_04,target_dof_left_hip_roll_03,target_dof_left_hip_yaw_03,target_dof_left_knee_04,target_dof_left_ankle_02,torque_dof_right_hip_pitch_04,torque_dof_right_hip_roll_03,torque_dof_right_hip_yaw_03,torque_dof_right_knee_04,torque_dof_right_ankle_02,torque_dof_left_hip_pitch_04,torque_dof_left_hip_roll_03,torque_dof_left_hip_yaw_03,torque_dof_left_knee_04,torque_dof_left_ankle_02,pos_dof_right_hip_pitch_04,pos_dof_right_hip_roll_03,pos_dof_right_hip_yaw_03,pos_dof_right_knee_04,pos_dof_right_ankle_02,pos_dof_left_hip_pitch_04,pos_dof_left_hip_roll_03,pos_dof_left_hip_yaw_03,pos_dof_left_knee_04,pos_dof_left_ankle_02,vel_dof_right_hip_pitch_04,vel_dof_right_hip_roll_03,vel_dof_right_hip_yaw_03,vel_dof_right_knee_04,vel_dof_right_ankle_02,vel_dof_left_hip_pitch_04,vel_dof_left_hip_roll_03,vel_dof_left_hip_yaw_03,vel_dof_left_knee_04,vel_dof_left_ankle_02
13.98,-0.408303,-0.277811,-0.127429,-0.800967,0.432443,0.199962,-0.111177,-0.131208,0.657191,-0.398638,-2.4827,0.1276,-1.2915,12.4112,0.7968,-0.4716,3.4505,-1.5875,-8.4004,1.9195,-0.391479,-0.278282,-0.114461,-0.883733,0.41255,0.203521,-0.128505,-0.115282,0.713125,-0.446498,-0.001655,-0.001269,-0.001565,0.000423,-0.001081,-0.002517,0.000569,-0.001508,0.001195,-0.005094
14.0,-0.408307,-0.277845,-0.127459,-0.800971,0.43241,0.199922,-0.111164,-0.131229,0.657225,-0.398611,-2.4794,0.1263,-1.2912,12.4094,0.7963,-0.4693,3.4509,-1.5864,-8.3988,1.9246,-0.391511,-0.278308,-0.114493,-0.883724,0.412528,0.20347,-0.128493,-0.115312,0.713149,-0.446601,-0.001617,-0.001278,-0.001584,0.000414,-0.001055,-0.002545,0.000569,-0.001517,0.001195,-0.005105
14.02,-0.408311,-0.277879,-0.127489,-0.800975,0.432377,0.199881,-0.111151,-0.131249,0.65726,-0.398584,-2.4761,0.1249,-1.2909,12.4076,0.7958,-0.467,3.4512,-1.5854,-8.3973,1.9298,-0.391543,-0.278334,-0.114525,-0.883716,0.412508,0.203418,-0.128482,-0.115343,0.713173,-0.446703,-0.00158,-0.001287,-0.001604,0.000405,-0.00103,-0.002573,0.00057,-0.001525,0.001195,-0.005115
14.04,-0.408313,-0.277913,-0.12752,-0.80098,0.432343,0.19984,-0.111137,-0.13127,0.657294,-0.398557,-2.4728,0.1236,-1.2907,12.4059,0.7952,-0.4647,3.4516,-1.5844,-8.3957,1.935,-0.391573,-0.27836,-0.114558,-0.883708,0.412487,0.203366,-0.128471,-0.115374,0.713197,-0.446805,-0.001542,-0.001295,-0.001624,0.000396,-0.001005,-0.002601,0.000571,-0.001533,0.001195,-0.005125
14.06,-0.408315,-0.277947,-0.127551,-0.800985,0.432308,0.199798,-0.111124,-0.131291,0.657329,-0.39853,-2.4695,0.1222,-1.2904,12.4041,0.7946,-0.4623,3.4519,-1.5833,-8.3941,1.9402,-0.391603,-0.278386,-0.114591,-0.883701,0.412467,0.203313,-0.128459,-0.115404,0.713221,-0.446908,-0.001504,-0.001304,-0.001644,0.000388,-0.000982,-0.002628,0.000571,-0.001541,0.001195,-0.005134
14.08,-0.408315,-0.277982,-0.127582,-0.80099,0.432273,0.199756,-0.111111,-0.131311,0.657363,-0.398504,-2.4662,0.1208,-1.2901,12.4022,0.794,-0.4599,3.4522,-1.5823,-8.3926,1.9454,-0.391632,-0.278412,-0.114624,-0.883693,0.412448,0.20326,-0.128448,-0.115436,0.713244,-0.447011,-0.001466,-0.001313,-0.001664,0.000379,-0.000959,-0.002656,0.000572,-0.001549,0.001195,-0.005142
14.1,-0.408315,-0.278017,-0.127613,-0.800995,0.432238,0.199714,-0.111098,-0.131332,0.657397,-0.398477,-2.4628,0.1194,-1.2897,12.4004,0.7933,-0.4574,3.4525,-1.5812,-8.391,1.9506,-0.391661,-0.278439,-0.114658,-0.883686,0.412429,0.203206,-0.128436,-0.115467,0.713268,-0.447114,-0.001429,-0.001323,-0.001683,0.000371,-0.000937,-0.002683,0.000572,-0.001557,0.001196,-0.00515
14.12,-0.408314,-0.278052,-0.127645,-0.801,0.432202,0.199672,-0.111085,-0.131353,0.657432,-0.398451,-2.4594,0.118,-1.2894,12.3986,0.7925,-0.455,3.4528,-1.5801,-8.3894,1.9557,-0.391688,-0.278466,-0.114693,-0.883678,0.412411,0.203151,-0.128425,-0.115498,0.713292,-0.447217,-0.001391,-0.001332,-0.001703,0.000362,-0.000916,-0.00271,0.000572,-0.001565,0.001197,-0.005157
14.14,-0.408312,-0.278087,-0.127677,-0.801006,0.432165,0.199629,-0.111073,-0.131374,0.657466,-0.398426,-2.456,0.1165,-1.2891,12.3967,0.7918,-0.4525,3.4531,-1.579,-8.3879,1.9609,-0.391715,-0.278493,-0.114728,-0.883671,0.412393,0.203096,-0.128414,-0.11553,0.713316,-0.44732,-0.001354,-0.001341,-0.001722,0.000354,-0.000896,-0.002736,0.000572,-0.001572,0.001198,-0.005163
14.16,-0.408309,-0.278122,-0.12771,-0.801012,0.432128,0.199586,-0.11106,-0.131394,0.657501,-0.3984,-2.4525,0.1151,-1.2888,12.3949,0.791,-0.4499,3.4534,-1.5779,-8.3863,1.9661,-0.391741,-0.27852,-0.114763,-0.883664,0.412375,0.203041,-0.128402,-0.115561,0.71334,-0.447424,-0.001317,-0.001351,-0.001741,0.000346,-0.000877,-0.002762,0.000572,-0.001579,0.0012,-0.005168
14.18,-0.408305,-0.278158,-0.127742,-0.801018,0.43209,0.199543,-0.111047,-0.131415,0.657535,-0.398375,-2.449,0.1137,-1.2884,12.393,0.7901,-0.4474,3.4536,-1.5768,-8.3848,1.9712,-0.391767,-0.278547,-0.114798,-0.883658,0.412358,0.202985,-0.128391,-0.115593,0.713364,-0.447527,-0.001281,-0.00136,-0.001759,0.000338,-0.000859,-0.002788,0.000572,-0.001586,0.0012,-0.005172
14.2,-0.4083,-0.278194,-0.127775,-0.801024,0.432052,0.199499,-0.111035,-0.131436,0.65757,-0.398349,-2.4454,0.1122,-1.2881,12.3911,0.7893,-0.4449,3.4538,-1.5757,-8.3832,1.9764,-0.391792,-0.278575,-0.114834,-0.883651,0.412341,0.202928,-0.128379,-0.115625,0.713388,-0.447631,-0.001248,-0.00137,-0.001776,0.00033,-0.000843,-0.002811,0.000572,-0.001591,0.0012,-0.005175
14.22,-0.408294,-0.278231,-0.127808,-0.801031,0.432013,0.199455,-0.111023,-0.131457,0.657604,-0.398323,-2.4412,0.1108,-1.2877,12.3893,0.7884,-0.4428,3.454,-1.5746,-8.3816,1.9816,-0.391816,-0.278602,-0.11487,-0.883645,0.412324,0.202872,-0.128368,-0.115657,0.713413,-0.447734,-0.001233,-0.001379,-0.00179,0.000321,-0.00083,-0.00282,0.000571,-0.001593,0.001201,-0.005175
14.24,-0.408288,-0.278268,-0.127842,-0.801038,0.431973,0.199411,-0.111011,-0.131478,0.657639,-0.398297,-2.4369,0.1091,-1.2874,12.3874,0.7874,-0.4408,3.4542,-1.5735,-8.3801,1.9868,-0.391841,-0.27863,-0.114906,-0.883638,0.412308,0.202815,-0.128357,-0.115689,0.713437,-0.447838,-0.001223,-0.001389,-0.001802,0.000311,-0.000819,-0.002825,0.00057,-0.001593,0.001201,-0.005173
14.26,-0.408281,-0.278306,-0.127876,-0.801045,0.431932,0.199367,-0.110999,-0.131499,0.657673,-0.39827,-2.4324,0.1074,-1.287,12.3855,0.7864,-0.4388,3.4543,-1.5724,-8.3785,1.992,-0.391865,-0.278659,-0.114943,-0.883632,0.412291,0.202759,-0.128345,-0.115721,0.713461,-0.447941,-0.001213,-0.0014,-0.001815,0.000301,-0.000809,-0.002831,0.000568,-0.001594,0.001199,-0.00517
14.28,-0.408272,-0.278344,-0.12791,-0.801053,0.43189,0.199322,-0.110987,-0.13152,0.657708,-0.398243,-2.4278,0.1057,-1.2867,12.3836,0.7854,-0.4369,3.4545,-1.5713,-8.3768,1.9972,-0.391889,-0.278687,-0.11498,-0.883627,0.412275,0.202702,-0.128334,-0.115753,0.713485,-0.448045,-0.001203,-0.001411,-0.001828,0.000291,-0.0008,-0.002837,0.000566,-0.001594,0.001198,-0.005166
14.3,-0.408263,-0.278383,-0.127944,-0.80106,0.431847,0.199276,-0.110975,-0.131541,0.657743,-0.398216,-2.4231,0.104,-1.2864,12.3817,0.7843,-0.435,3.4546,-1.5702,-8.3752,2.0024,-0.391913,-0.278716,-0.115017,-0.883621,0.412259,0.202645,-0.128323,-0.115785,0.713509,-0.448148,-0.001191,-0.001423,-0.001841,0.000281,-0.000792,-0.002844,0.000563,-0.001594,0.001197,-0.005162
14.32,-0.408253,-0.278422,-0.127979,-0.801069,0.431804,0.199231,-0.110964,-0.131562,0.657778,-0.398189,-2.4183,0.1023,-1.2861,12.3797,0.7832,-0.4331,3.4548,-1.5691,-8.3736,2.0076,-0.391936,-0.278744,-0.115055,-0.883616,0.412243,0.202588,-0.128312,-0.115816,0.713533,-0.448251,-0.001179,-0.001435,-0.001855,0.00027,-0.000784,-0.002851,0.000561,-0.001594,0.001196,-0.005157
14.34,-0.408241,-0.278462,-0.128014,-0.801077,0.43176,0.199185,-0.110952,-0.131583,0.657813,-0.398162,-2.4134,0.1006,-1.2858,12.3777,0.7821,-0.4311,3.455,-1.568,-8.372,2.0128,-0.39196,-0.278773,-0.115092,-0.88361,0.412228,0.202531,-0.128301,-0.115848,0.713557,-0.448354,-0.001167,-0.001447,-0.001868,0.00026,-0.000778,-0.002859,0.000558,-0.001594,0.001196,-0.005151
14.36,-0.408228,-0.278501,-0.128049,-0.801086,0.431715,0.199139,-0.11094,-0.131604,0.657847,-0.398135,-2.4084,0.0989,-1.2855,12.3757,0.7809,-0.4292,3.4552,-1.5669,-8.3703,2.018,-0.391983,-0.278803,-0.11513,-0.883606,0.412212,0.202473,-0.12829,-0.11588,0.713581,-0.448457,-0.001153,-0.00146,-0.001882,0.00025,-0.000772,-0.002868,0.000555,-0.001594,0.001195,-0.005144
14.38,-0.408215,-0.278541,-0.128085,-0.801095,0.43167,0.199093,-0.110929,-0.131625,0.657882,-0.398108,-2.4033,0.0971,-1.2852,12.3737,0.7797,-0.4273,3.4554,-1.5659,-8.3687,2.0232,-0.392005,-0.278832,-0.115168,-0.883601,0.412197,0.202416,-0.128279,-0.115912,0.713605,-0.44856,-0.001139,-0.001472,-0.001895,0.00024,-0.000768,-0.002877,0.000552,-0.001594,0.001196,-0.005137
14.4,-0.4082,-0.278581,-0.128121,-0.801105,0.431624,0.199047,-0.110917,-0.131646,0.657917,-0.398081,-2.3981,0.0954,-1.2849,12.3717,0.7784,-0.4253,3.4557,-1.5648,-8.3671,2.0283,-0.392028,-0.278862,-0.115207,-0.883596,0.412181,0.202358,-0.128268,-0.115944,0.713629,-0.448663,-0.001124,-0.001485,-0.001909,0.000231,-0.000764,-0.002886,0.000549,-0.001593,0.001196,-0.005129
14.42,-0.408185,-0.278621,-0.128158,-0.801115,0.431577,0.199,-0.110905,-0.131668,0.657952,-0.398055,-2.3928,0.0938,-1.2846,12.3697,0.7772,-0.4233,3.4559,-1.5637,-8.3654,2.0335,-0.39205,-0.278892,-0.115246,-0.883592,0.412166,0.2023,-0.128257,-0.115976,0.713652,-0.448765,-0.001109,-0.001498,-0.001922,0.000221,-0.000762,-0.002896,0.000545,-0.001592,0.001197,-0.00512
14.44,-0.408168,-0.278661,-0.128195,-0.801125,0.431531,0.198954,-0.110894,-0.131689,0.657987,-0.398029,-2.3874,0.0921,-1.2844,12.3676,0.7759,-0.4213,3.4561,-1.5626,-8.3638,2.0386,-0.392072,-0.278923,-0.115285,-0.883588,0.412151,0.202241,-0.128246,-0.116008,0.713677,-0.448868,-0.001093,-0.00151,-0.001935,0.000212,-0.00076,-0.002906,0.000542,-0.001592,0.001199,-0.005111
14.46,-0.408151,-0.278702,-0.128232,-0.801135,0.431483,0.198907,-0.110882,-0.13171,0.658022,-0.398004,-2.382,0.0905,-1.2841,12.3656,0.7747,-0.4193,3.4564,-1.5616,-8.3622,2.0437,-0.392094,-0.278953,-0.115324,-0.883584,0.412136,0.202183,-0.128235,-0.11604,0.713701,-0.44897,-0.001077,-0.001523,-0.001948,0.000203,-0.00076,-0.002917,0.000539,-0.001591,0.001201,-0.005101
14.48,-0.408133,-0.278742,-0.12827,-0.801145,0.431435,0.19886,-0.110871,-0.131731,0.658057,-0.397979,-2.3765,0.089,-1.2839,12.3635,0.7733,-0.4173,3.4566,-1.5605,-8.3606,2.0488,-0.392115,-0.278984,-0.115364,-0.88358,0.41212,0.202124,-0.128225,-0.116072,0.713725,-0.449072,-0.001061,-0.001535,-0.001961,0.000195,-0.000761,-0.002927,0.000535,-0.001589,0.001203,-0.005091
14.5,-0.408113,-0.278783,-0.128307,-0.801156,0.431387,0.198813,-0.110859,-0.131752,0.658092,-0.397954,-2.3709,0.0874,-1.2836,12.3614,0.772,-0.4152,3.4569,-1.5594,-8.359,2.0538,-0.392136,-0.279015,-0.115404,-0.883576,0.412105,0.202066,-0.128214,-0.116104,0.713749,-0.449173,-0.001044,-0.001548,-0.001974,0.000187,-0.000763,-0.002938,0.000532,-0.001588,0.001206,-0.00508
14.52,-0.408093,-0.278823,-0.128345,-0.801167,0.431338,0.198766,-0.110848,-0.131773,0.658126,-0.39793,-2.3652,0.0859,-1.2834,12.3593,0.7707,-0.4131,3.4571,-1.5583,-8.3575,2.0588,-0.392156,-0.279047,-0.115444,-0.883573,0.41209,0.202007,-0.128203,-0.116135,0.713773,-0.449275,-0.001026,-0.00156,-0.001986,0.000179,-0.000767,-0.002949,0.000528,-0.001586,0.00121,-0.005068
14.54,-0.408073,-0.278863,-0.128384,-0.801178,0.431289,0.19872,-0.110837,-0.131794,0.658161,-0.397907,-2.3595,0.0845,-1.2832,12.3571,0.7694,-0.411,3.4574,-1.5573,-8.3559,2.0638,-0.392176,-0.279078,-0.115484,-0.883569,0.412074,0.201947,-0.128193,-0.116167,0.713797,-0.449376,-0.001008,-0.001572,-0.001998,0.000171,-0.000771,-0.002959,0.000525,-0.001584,0.001213,-0.005056
14.56,-0.408051,-0.278904,-0.128423,-0.80119,0.43124,0.198673,-0.110826,-0.131815,0.658196,-0.397884,-2.3537,0.0831,-1.2829,12.355,0.768,-0.4089,3.4576,-1.5562,-8.3544,2.0687,-0.392196,-0.27911,-0.115525,-0.883566,0.412059,0.201888,-0.128183,-0.116199,0.713822,-0.449477,-0.00099,-0.001584,-0.00201,0.000164,-0.000776,-0.00297,0.000521,-0.001582,0.001218,-0.005043
14.58,-0.408029,-0.278944,-0.128462,-0.801202,0.43119,0.198626,-0.110815,-0.131836,0.658231,-0.397862,-2.3479,0.0817,-1.2827,12.3529,0.7666,-0.4067,3.4578,-1.5551,-8.3529,2.0736,-0.392215,-0.279142,-0.115565,-0.883563,0.412043,0.201828,-0.128172,-0.116231,0.713846,-0.449578,-0.000972,-0.001596,-0.002021,0.000157,-0.000783,-0.002982,0.000518,-0.001579,0.001223,-0.00503
14.6,-0.408005,-0.278985,-0.128501,-0.801213,0.43114,0.198579,-0.110804,-0.131856,0.658265,-0.397841,-2.3421,0.0804,-1.2825,12.3507,0.7653,-0.4044,3.4581,-1.554,-8.3514,2.0785,-0.392235,-0.279175,-0.115606,-0.88356,0.412028,0.201768,-0.128162,-0.116262,0.713871,-0.449678,-0.000953,-0.001607,-0.002032,0.000151,-0.000791,-0.002993,0.000515,-0.001577,0.001228,-0.005016
14.62,-0.407982,-0.279025,-0.12854,-0.801225,0.431089,0.198532,-0.110793,-0.131877,0.6583,-0.39782,-2.3361,0.0792,-1.2823,12.3485,0.7639,-0.4022,3.4583,-1.5529,-8.35,2.0833,-0.392253,-0.279207,-0.115648,-0.883557,0.412012,0.201708,-0.128152,-0.116294,0.713895,-0.449779,-0.000935,-0.001618,-0.002043,0.000145,-0.000799,-0.003004,0.000511,-0.001574,0.001234,-0.005002
14.64,-0.407957,-0.279065,-0.12858,-0.801238,0.431038,0.198485,-0.110782,-0.131897,0.658334,-0.397801,-2.3302,0.078,-1.2821,12.3464,0.7625,-0.3999,3.4585,-1.5518,-8.3486,2.0881,-0.392272,-0.27924,-0.115689,-0.883555,0.411995,0.201648,-0.128142,-0.116325,0.71392,-0.449879,-0.000916,-0.001629,-0.002053,0.000139,-0.000809,-0.003015,0.000508,-0.00157,0.00124,-0.004987
14.66,-0.407932,-0.279105,-0.12862,-0.80125,0.430986,0.198438,-0.110772,-0.131918,0.658369,-0.397782,-2.3242,0.0769,-1.2819,12.3442,0.7611,-0.3976,3.4587,-1.5507,-8.3472,2.0928,-0.392289,-0.279273,-0.115731,-0.883552,0.411979,0.201587,-0.128132,-0.116357,0.713945,-0.449978,-0.000896,-0.00164,-0.002063,0.000134,-0.00082,-0.003026,0.000504,-0.001567,0.001247,-0.004971
14.68,-0.407906,-0.279145,-0.12866,-0.801262,0.430935,0.198391,-0.110761,-0.131938,0.658403,-0.397764,-2.3182,0.0759,-1.2817,12.342,0.7597,-0.3952,3.4589,-1.5496,-8.3459,2.0974,-0.392307,-0.279306,-0.115773,-0.88355,0.411963,0.201526,-0.128122,-0.116388,0.71397,-0.450078,-0.000877,-0.001651,-0.002072,0.000129,-0.000832,-0.003037,0.000501,-0.001563,0.001254,-0.004956
14.7,-0.40788,-0.279184,-0.128701,-0.801275,0.430883,0.198344,-0.110751,-0.131958,0.658437,-0.397747,-2.3121,0.0749,-1.2815,12.3397,0.7583,-0.3928,3.4591,-1.5485,-8.3446,2.1021,-0.392324,-0.27934,-0.115815,-0.883547,0.411946,0.201465,-0.128112,-0.116419,0.713995,-0.450177,-0.000858,-0.001661,-0.002081,0.000124,-0.000845,-0.003048,0.000498,-0.001558,0.001262,-0.00494
14.72,-0.407853,-0.279224,-0.128741,-0.801288,0.43083,0.198297,-0.11074,-0.131978,0.658472,-0.397731,-2.306,0.074,-1.2813,12.3375,0.7569,-0.3903,3.4593,-1.5474,-8.3434,2.1066,-0.392341,-0.279373,-0.115857,-0.883545,0.411929,0.201404,-0.128102,-0.11645,0.714021,-0.450275,-0.000838,-0.001671,-0.00209,0.00012,-0.000859,-0.003059,0.000495,-0.001554,0.00127,-0.004923
14.74,-0.407825,-0.279263,-0.128782,-0.801301,0.430777,0.198251,-0.11073,-0.131998,0.658506,-0.397716,-2.2999,0.0732,-1.2811,12.3353,0.7555,-0.3878,3.4595,-1.5463,-8.3422,2.1111,-0.392357,-0.279407,-0.115899,-0.883543,0.411911,0.201342,-0.128092,-0.116482,0.714046,-0.450374,-0.000819,-0.00168,-0.002098,0.000117,-0.000874,-0.00307,0.000492,-0.001549,0.001278,-0.004906
14.76,-0.407797,-0.279302,-0.128823,-0.801314,0.430724,0.198204,-0.11072,-0.132018,0.658539,-0.397703,-2.2938,0.0725,-1.2809,12.333,0.7541,-0.3853,3.4596,-1.5452,-8.341,2.1156,-0.392373,-0.279441,-0.115942,-0.883541,0.411894,0.20128,-0.128083,-0.116513,0.714072,-0.450472,-0.000799,-0.00169,-0.002105,0.000114,-0.00089,-0.003081,0.000488,-0.001544,0.001287,-0.004889
14.78,-0.407768,-0.279341,-0.128865,-0.801327,0.430671,0.198158,-0.11071,-0.132037,0.658573,-0.39769,-2.2876,0.0718,-1.2808,12.3308,0.7527,-0.3827,3.4598,-1.5441,-8.3399,2.12,-0.392389,-0.279475,-0.115985,-0.883538,0.411876,0.201219,-0.128073,-0.116543,0.714098,-0.450569,-0.00078,-0.001698,-0.002113,0.000111,-0.000907,-0.003092,0.000485,-0.001538,0.001297,-0.004871
14.8,-0.407739,-0.279379,-0.128906,-0.80134,0.430617,0.198111,-0.1107,-0.132057,0.658607,-0.397678,-2.2815,0.0712,-1.2806,12.3285,0.7513,-0.3801,3.4599,-1.543,-8.3389,2.1243,-0.392404,-0.27951,-0.116027,-0.883536,0.411857,0.201156,-0.128063,-0.116574,0.714124,-0.450666,-0.00076,-0.001707,-0.002119,0.000109,-0.000925,-0.003102,0.000483,-0.001533,0.001306,-0.004853
14.82,-0.40771,-0.279417,-0.128948,-0.801354,0.430562,0.198065,-0.11069,-0.132076,0.65864,-0.397667,-2.2753,0.0706,-1.2805,12.3262,0.7499,-0.3774,3.46,-1.5419,-8.3379,2.1286,-0.392419,-0.279544,-0.11607,-0.883534,0.411838,0.201094,-0.128054,-0.116605,0.71415,-0.450763,-0.00074,-0.001715,-0.002125,0.000107,-0.000944,-0.003112,0.00048,-0.001527,0.001316,-0.004834
14.84,-0.40768,-0.279455,-0.12899,-0.801367,0.430508,0.198019,-0.110681,-0.132095,0.658674,-0.397658,-2.2692,0.0702,-1.2803,12.3239,0.7485,-0.3747,3.4601,-1.5407,-8.3369,2.1329,-0.392433,-0.279579,-0.116114,-0.883532,0.411819,0.201031,-0.128044,-0.116635,0.714177,-0.45086,-0.000721,-0.001723,-0.002131,0.000105,-0.000964,-0.003122,0.000477,-0.00152,0.001327,-0.004816
14.86,-0.407649,-0.279493,-0.129032,-0.801381,0.430453,0.197973,-0.110671,-0.132114,0.658707,-0.397649,-2.263,0.0698,-1.2802,12.3216,0.7471,-0.3719,3.4602,-1.5396,-8.3361,2.137,-0.392447,-0.279614,-0.116157,-0.88353,0.4118,0.200969,-0.128035,-0.116666,0.714203,-0.450956,-0.000702,-0.001731,-0.002136,0.000104,-0.000984,-0.003132,0.000474,-0.001514,0.001337,-0.004797
14.88,-0.407619,-0.27953,-0.129074,-0.801394,0.430397,0.197927,-0.110662,-0.132132,0.65874,-0.397642,-2.2568,0.0695,-1.2801,12.3192,0.7457,-0.3691,3.4602,-1.5385,-8.3352,2.1411,-0.392461,-0.279649,-0.1162,-0.883528,0.41178,0.200906,-0.128025,-0.116696,0.71423,-0.451052,-0.000682,-0.001738,-0.002141,0.000104,-0.001006,-0.003142,0.000472,-0.001507,0.001348,-0.004777
14.9,-0.407588,-0.279568,-0.129117,-0.801408,0.430341,0.197881,-0.110653,-0.132151,0.658773,-0.397636,-2.2506,0.0693,-1.28,12.3169,0.7443,-0.3663,3.4603,-1.5373,-8.3345,2.1452,-0.392474,-0.279684,-0.116243,-0.883527,0.411759,0.200843,-0.128016,-0.116726,0.714257,-0.451147,-0.000663,-0.001745,-0.002146,0.000104,-0.001028,-0.003151,0.000469,-0.0015,0.001359,-0.004758
14.92,-0.407556,-0.279604,-0.129159,-0.801422,0.430285,0.197836,-0.110644,-0.132169,0.658805,-0.397631,-2.2445,0.0692,-1.2799,12.3145,0.7429,-0.3633,3.4603,-1.5362,-8.3338,2.1491,-0.392487,-0.279719,-0.116287,-0.883525,0.411739,0.200779,-0.128007,-0.116756,0.714285,-0.451242,-0.000644,-0.001751,-0.00215,0.000104,-0.001051,-0.003161,0.000467,-0.001492,0.001371,-0.004738
14.94,-0.407525,-0.279641,-0.129202,-0.801436,0.430229,0.197791,-0.110635,-0.132187,0.658838,-0.397628,-2.2383,0.0691,-1.2798,12.3122,0.7415,-0.3604,3.4603,-1.5351,-8.3332,2.153,-0.392499,-0.279755,-0.11633,-0.883523,0.411717,0.200716,-0.127998,-0.116786,0.714312,-0.451337,-0.000625,-0.001758,-0.002153,0.000105,-0.001075,-0.00317,0.000465,-0.001485,0.001383,-0.004717
14.96,-0.407493,-0.279677,-0.129245,-0.80145,0.430172,0.197746,-0.110626,-0.132205,0.65887,-0.397625,-2.2322,0.0691,-1.2797,12.3098,0.7402,-0.3574,3.4603,-1.5339,-8.3326,2.1569,-0.392512,-0.27979,-0.116374,-0.883521,0.411695,0.200652,-0.127988,-0.116816,0.71434,-0.451431,-0.000607,-0.001764,-0.002156,0.000106,-0.001099,-0.003178,0.000462,-0.001477,0.001394,-0.004697
14.98,-0.407461,-0.279713,-0.129288,-0.801464,0.430115,0.197701,-0.110617,-0.132223,0.658902,-0.397624,-2.2261,0.0693,-1.2796,12.3074,0.7388,-0.3544,3.4602,-1.5328,-8.3321,2.1607,-0.392523,-0.279826,-0.116418,-0.883519,0.411673,0.200588,-0.127979,-0.116845,0.714368,-0.451525,-0.000588,-0.001769,-0.002159,0.000107,-0.001125,-0.003187,0.00046,-0.001469,0.001407,-0.004676
15.0,-0.407428,-0.279748,-0.129331,-0.801478,0.430057,0.197656,-0.110609,-0.132241,0.658934,-0.397624,-2.2199,0.0695,-1.2796,12.3049,0.7374,-0.3513,3.4602,-1.5316,-8.3317,2.1644,-0.392535,-0.279861,-0.116461,-0.883517,0.41165,0.200524,-0.12797,-0.116874,0.714397,-0.451618,-0.00057,-0.001774,-0.002161,0.000109,-0.00115,-0.003195,0.000458,-0.00146,0.001419,-0.004655
15.02,-0.407396,-0.279783,-0.129374,-0.801492,0.429999,0.197611,-0.1106,-0.132258,0.658966,-0.397626,-2.2138,0.0697,-1.2795,12.3025,0.736,-0.3481,3.4601,-1.5305,-8.3313,2.168,-0.392546,-0.279897,-0.116505,-0.883515,0.411627,0.20046,-0.127961,-0.116904,0.714425,-0.451711,-0.000552,-0.001779,-0.002163,0.000111,-0.001177,-0.003203,0.000456,-0.001452,0.001432,-0.004634
15.04,-0.407363,-0.279818,-0.129418,-0.801506,0.429941,0.197567,-0.110592,-0.132275,0.658997,-0.397628,-2.2078,0.0701,-1.2795,12.3,0.7347,-0.3449,3.46,-1.5293,-8.331,2.1716,-0.392556,-0.279933,-0.116549,-0.883513,0.411603,0.200395,-0.127952,-0.116933,0.714454,-0.451804,-0.000534,-0.001784,-0.002164,0.000114,-0.001204,-0.003211,0.000454,-0.001443,0.001444,-0.004612
15.06,-0.40733,-0.279852,-0.129461,-0.80152,0.429882,0.197522,-0.110584,-0.132292,0.659028,-0.397632,-2.2017,0.0705,-1.2794,12.2976,0.7333,-0.3417,3.4598,-1.5282,-8.3308,2.1751,-0.392567,-0.279969,-0.116593,-0.88351,0.411579,0.200331,-0.127943,-0.116961,0.714483,-0.451896,-0.000517,-0.001788,-0.002165,0.000117,-0.001232,-0.003219,0.000453,-0.001434,0.001457,-0.004591
15.08,-0.407297,-0.279886,-0.129505,-0.801534,0.429823,0.197478,-0.110576,-0.132309,0.659059,-0.397638,-2.1957,0.071,-1.2794,12.2951,0.732,-0.3384,3.4597,-1.527,-8.3307,2.1785,-0.392577,-0.280005,-0.116636,-0.883508,0.411554,0.200266,-0.127934,-0.11699,0.714512,-0.451987,-0.000499,-0.001792,-0.002165,0.00012,-0.00126,-0.003226,0.000451,-0.001424,0.00147,-0.004569
15.1,-0.407263,-0.27992,-0.129548,-0.801548,0.429763,0.197435,-0.110568,-0.132325,0.65909,-0.397644,-2.1897,0.0716,-1.2794,12.2926,0.7307,-0.3351,3.4595,-1.5258,-8.3307,2.1819,-0.392586,-0.280041,-0.11668,-0.883506,0.411528,0.200202,-0.127925,-0.117019,0.714542,-0.452079,-0.000482,-0.001795,-0.002165,0.000123,-0.001289,-0.003233,0.000449,-0.001415,0.001483,-0.004547
15.12,-0.40723,-0.279953,-0.129592,-0.801562,0.429703,0.197391,-0.110561,-0.132342,0.65912,-0.397652,-2.1837,0.0723,-1.2794,12.2901,0.7293,-0.3317,3.4593,-1.5247,-8.3307,2.1852,-0.392595,-0.280078,-0.116724,-0.883503,0.411502,0.200137,-0.127916,-0.117047,0.714572,-0.452169,-0.000465,-0.001799,-0.002165,0.000127,-0.001319,-0.003239,0.000448,-0.001405,0.001496,-0.004525
15.14,-0.407197,-0.279986,-0.129636,-0.801576,0.429643,0.197348,-0.110553,-0.132358,0.659151,-0.397662,-2.1777,0.073,-1.2794,12.2875,0.728,-0.3283,3.4591,-1.5235,-8.3308,2.1884,-0.392604,-0.280114,-0.116768,-0.883501,0.411475,0.200071,-0.127907,-0.117075,0.714602,-0.45226,-0.000449,-0.001801,-0.002165,0.000132,-0.001349,-0.003246,0.000446,-0.001395,0.001509,-0.004503
15.16,-0.407163,-0.280019,-0.12968,-0.801591,0.429582,0.197305,-0.110546,-0.132374,0.659181,-0.397672,-2.1718,0.0739,-1.2795,12.285,0.7267,-0.3249,3.4588,-1.5224,-8.3309,2.1915,-0.392613,-0.28015,-0.116812,-0.883498,0.411448,0.200006,-0.127898,-0.117103,0.714632,-0.45235,-0.000433,-0.001804,-0.002164,0.000136,-0.001379,-0.003252,0.000445,-0.001385,0.001523,-0.00448
15.18,-0.40713,-0.280051,-0.129724,-0.801605,0.429521,0.197262,-0.110538,-0.132389,0.65921,-0.397684,-2.1659,0.0748,-1.2795,12.2824,0.7254,-0.3214,3.4586,-1.5212,-8.3312,2.1946,-0.392621,-0.280187,-0.116855,-0.883496,0.41142,0.199941,-0.12789,-0.11713,0.714663,-0.452439,-0.000417,-0.001806,-0.002162,0.000141,-0.00141,-0.003258,0.000444,-0.001375,0.001536,-0.004457
15.2,-0.407096,-0.280083,-0.129769,-0.801619,0.429459,0.197219,-0.110531,-0.132405,0.65924,-0.397697,-2.1601,0.0758,-1.2796,12.2798,0.7241,-0.3178,3.4583,-1.52,-8.3315,2.1976,-0.392629,-0.280223,-0.116899,-0.883493,0.411391,0.199876,-0.127881,-0.117158,0.714694,-0.452528,-0.000401,-0.001808,-0.00216,0.000147,-0.001442,-0.003263,0.000442,-0.001364,0.001549,-0.004434
15.22,-0.407063,-0.280114,-0.129813,-0.801633,0.429397,0.197176,-0.110524,-0.13242,0.659269,-0.397712,-2.1543,0.0768,-1.2796,12.2772,0.7229,-0.3142,3.4579,-1.5189,-8.332,2.2006,-0.392637,-0.280259,-0.116943,-0.88349,0.411362,0.19981,-0.127872,-0.117185,0.714725,-0.452617,-0.000386,-0.00181,-0.002158,0.000152,-0.001474,-0.003268,0.000441,-0.001354,0.001563,-0.004412
15.24,-0.407029,-0.280145,-0.129857,-0.801647,0.429335,0.197134,-0.110517,-0.132435,0.659298,-0.397728,-2.1485,0.078,-1.2797,12.2746,0.7216,-0.3106,3.4576,-1.5177,-8.3325,2.2034,-0.392644,-0.280296,-0.116986,-0.883487,0.411332,0.199744,-0.127863,-0.117212,0.714757,-0.452705,-0.000371,-0.001812,-0.002156,0.000158,-0.001506,-0.003273,0.00044,-0.001343,0.001576,-0.004388
15.26,-0.406995,-0.280176,-0.129901,-0.801661,0.429273,0.197092,-0.11051,-0.13245,0.659326,-0.397745,-2.1428,0.0792,-1.2798,12.272,0.7204,-0.3069,3.4572,-1.5165,-8.3331,2.2062,-0.392651,-0.280332,-0.11703,-0.883484,0.411302,0.199679,-0.127854,-0.117239,0.714788,-0.452792,-0.000357,-0.001813,-0.002153,0.000164,-0.001539,-0.003278,0.000439,-0.001332,0.001589,-0.004365
15.28,-0.406962,-0.280206,-0.129946,-0.801676,0.429209,0.19705,-0.110504,-0.132464,0.659355,-0.397764,-2.1371,0.0805,-1.2799,12.2693,0.7191,-0.3032,3.4568,-1.5154,-8.3337,2.2089,-0.392658,-0.280369,-0.117074,-0.883481,0.41127,0.199613,-0.127846,-0.117265,0.71482,-0.452879,-0.000343,-0.001814,-0.00215,0.000171,-0.001572,-0.003282,0.000438,-0.00132,0.001602,-0.004342
15.3,-0.406929,-0.280236,-0.12999,-0.80169,0.429146,0.197009,-0.110497,-0.132478,0.659383,-0.397784,-2.1314,0.0819,-1.28,12.2666,0.7179,-0.2994,3.4564,-1.5142,-8.3345,2.2116,-0.392665,-0.280405,-0.117117,-0.883478,0.411239,0.199547,-0.127837,-0.117292,0.714853,-0.452966,-0.000329,-0.001815,-0.002146,0.000178,-0.001605,-0.003287,0.000437,-0.001309,0.001616,-0.004318
15.32,-0.406895,-0.280265,-0.130035,-0.801704,0.429082,0.196968,-0.110491,-0.132492,0.65941,-0.397805,-2.1258,0.0833,-1.2801,12.264,0.7167,-0.2956,3.456,-1.513,-8.3353,2.2141,-0.392671,-0.280442,-0.11716,-0.883474,0.411206,0.199481,-0.127828,-0.117318,0.714885,-0.453052,-0.000315,-0.001815,-0.002142,0.000185,-0.001638,-0.00329,0.000437,-0.001297,0.001629,-0.004295
15.34,-0.406862,-0.280294,-0.130079,-0.801718,0.429018,0.196927,-0.110485,-0.132506,0.659438,-0.397827,-2.1203,0.0848,-1.2803,12.2612,0.7155,-0.2918,3.4555,-1.5119,-8.3362,2.2167,-0.392677,-0.280479,-0.117204,-0.88347,0.411173,0.199415,-0.12782,-0.117344,0.714918,-0.453138,-0.000302,-0.001815,-0.002138,0.000192,-0.001672,-0.003294,0.000436,-0.001286,0.001642,-0.004271
15.36,-0.406829,-0.280323,-0.130124,-0.801732,0.428953,0.196886,-0.110479,-0.13252,0.659465,-0.397851,-2.1148,0.0864,-1.2804,12.2585,0.7143,-0.2879,3.455,-1.5107,-8.3372,2.2191,-0.392683,-0.280515,-0.117247,-0.883467,0.411139,0.199349,-0.127811,-0.117369,0.714951,-0.453223,-0.00029,-0.001815,-0.002134,0.000199,-0.001707,-0.003297,0.000435,-0.001274,0.001655,-0.004248
15.38,-0.406796,-0.280351,-0.130169,-0.801746,0.428889,0.196845,-0.110473,-0.132533,0.659492,-0.397877,-2.1093,0.088,-1.2806,12.2558,0.7131,-0.284,3.4545,-1.5096,-8.3383,2.2214,-0.392688,-0.280552,-0.11729,-0.883463,0.411104,0.199283,-0.127802,-0.117395,0.714984,-0.453308,-0.000277,-0.001815,-0.002129,0.000207,-0.001741,-0.0033,0.000435,-0.001262,0.001668,-0.004224
15.4,-0.406763,-0.280379,-0.130213,-0.80176,0.428823,0.196805,-0.110467,-0.132546,0.659518,-0.397903,-2.1039,0.0898,-1.2808,12.253,0.7119,-0.28,3.4539,-1.5084,-8.3395,2.2237,-0.392693,-0.280588,-0.117333,-0.883459,0.411069,0.199216,-0.127794,-0.11742,0.715018,-0.453392,-0.000265,-0.001814,-0.002124,0.000215,-0.001776,-0.003303,0.000434,-0.00125,0.00168,-0.0042
15.42,-0.406731,-0.280406,-0.130258,-0.801773,0.428758,0.196765,-0.110461,-0.132559,0.659544,-0.397931,-2.0986,0.0916,-1.281,12.2502,0.7108,-0.276,3.4533,-1.5072,-8.3407,2.226,-0.392698,-0.280625,-0.117376,-0.883454,0.411033,0.19915,-0.127785,-0.117445,0.715052,-0.453476,-0.000254,-0.001814,-0.002119,0.000224,-0.001811,-0.003305,0.000433,-0.001237,0.001693,-0.004176
15.44,-0.406698,-0.280433,-0.130303,-0.801787,0.428692,0.196725,-0.110456,-0.132572,0.65957,-0.39796,-2.0933,0.0934,-1.2812,12.2474,0.7096,-0.272,3.4528,-1.5061,-8.3421,2.2281,-0.392703,-0.280661,-0.117419,-0.88345,0.410997,0.199084,-0.127777,-0.117469,0.715086,-0.45356,-0.000243,-0.001813,-0.002113,0.000232,-0.001846,-0.003307,0.000433,-0.001225,0.001706,-0.004152
15.46,-0.406666,-0.28046,-0.130347,-0.801801,0.428625,0.196686,-0.11045,-0.132584,0.659596,-0.39799,-2.088,0.0954,-1.2814,12.2446,0.7085,-0.2679,3.4521,-1.5049,-8.3435,2.2302,-0.392708,-0.280698,-0.117461,-0.883445,0.410959,0.199017,-0.127768,-0.117494,0.71512,-0.453643,-0.000232,-0.001811,-0.002107,0.000241,-0.001881,-0.003309,0.000433,-0.001212,0.001718,-0.004128
15.48,-0.406634,-0.280486,-0.130392,-0.801814,0.428559,0.196646,-0.110445,-0.132596,0.659621,-0.398022,-2.0828,0.0974,-1.2816,12.2417,0.7074,-0.2638,3.4515,-1.5038,-8.345,2.2322,-0.392712,-0.280734,-0.117504,-0.88344,0.410921,0.198951,-0.127759,-0.117518,0.715155,-0.453725,-0.000222,-0.00181,-0.002101,0.00025,-0.001916,-0.00331,0.000432,-0.001199,0.00173,-0.004104
15.5,-0.406602,-0.280512,-0.130437,-0.801828,0.428492,0.196607,-0.11044,-0.132608,0.659646,-0.398055,-2.0777,0.0994,-1.2819,12.2389,0.7063,-0.2597,3.4508,-1.5026,-8.3466,2.2341,-0.392716,-0.280771,-0.117546,-0.883435,0.410882,0.198885,-0.127751,-0.117542,0.715189,-0.453807,-0.000212,-0.001808,-0.002095,0.000259,-0.001952,-0.003312,0.000432,-0.001187,0.001742,-0.00408
15.52,-0.406571,-0.280538,-0.130481,-0.801841,0.428424,0.196569,-0.110434,-0.13262,0.659671,-0.398089,-2.0726,0.1015,-1.2821,12.236,0.7052,-0.2555,3.4501,-1.5015,-8.3482,2.236,-0.39272,-0.280807,-0.117589,-0.88343,0.410843,0.198818,-0.127742,-0.117565,0.715224,-0.453888,-0.000202,-0.001807,-0.002088,0.000268,-0.001988,-0.003312,0.000432,-0.001174,0.001754,-0.004056
15.54,-0.406539,-0.280563,-0.130526,-0.801855,0.428357,0.19653,-0.110429,-0.132632,0.659695,-0.398124,-2.0676,0.1037,-1.2824,12.2331,0.7042,-0.2513,3.4494,-1.5003,-8.35,2.2378,-0.392724,-0.280843,-0.117631,-0.883425,0.410803,0.198752,-0.127734,-0.117589,0.71526,-0.453969,-0.000193,-0.001805,-0.002081,0.000277,-0.002024,-0.003313,0.000431,-0.001161,0.001766,-0.004032
15.56,-0.406509,-0.280588,-0.13057,-0.801868,0.428289,0.196492,-0.110425,-0.132643,0.659719,-0.398161,-2.0626,0.106,-1.2827,12.2302,0.7031,-0.2471,3.4487,-1.4992,-8.3518,2.2395,-0.392727,-0.28088,-0.117673,-0.883419,0.410762,0.198685,-0.127725,-0.117612,0.715295,-0.45405,-0.000185,-0.001802,-0.002074,0.000287,-0.002059,-0.003313,0.000431,-0.001147,0.001777,-0.004008
15.58,-0.406478,-0.280612,-0.130615,-0.801881,0.428221,0.196454,-0.11042,-0.132654,0.659742,-0.398198,-2.0577,0.1083,-1.283,12.2273,0.7021,-0.2428,3.4479,-1.498,-8.3537,2.2412,-0.392731,-0.280916,-0.117715,-0.883414,0.41072,0.198619,-0.127716,-0.117635,0.715331,-0.45413,-0.000177,-0.0018,-0.002066,0.000297,-0.002095,-0.003314,0.000431,-0.001134,0.001789,-0.003984
15.6,-0.406448,-0.280636,-0.130659,-0.801894,0.428152,0.196416,-0.110415,-0.132665,0.659766,-0.398237,-2.0528,0.1107,-1.2833,12.2244,0.7011,-0.2385,3.4472,-1.4969,-8.3557,2.2428,-0.392734,-0.280952,-0.117756,-0.883408,0.410678,0.198552,-0.127708,-0.117657,0.715367,-0.454209,-0.000169,-0.001798,-0.002059,0.000307,-0.002131,-0.003313,0.000431,-0.001121,0.0018,-0.00396
15.62,-0.406418,-0.28066,-0.130704,-0.801907,0.428083,0.196379,-0.110411,-0.132675,0.659789,-0.398277,-2.0481,0.1131,-1.2836,12.2214,0.7001,-0.2341,3.4464,-1.4958,-8.3578,2.2443,-0.392737,-0.280988,-0.117798,-0.883402,0.410635,0.198486,-0.127699,-0.11768,0.715403,-0.454288,-0.000162,-0.001795,-0.002051,0.000317,-0.002167,-0.003313,0.000431,-0.001107,0.00181,-0.003936
15.64,-0.406388,-0.280683,-0.130748,-0.80192,0.428014,0.196342,-0.110406,-0.132685,0.659811,-0.398318,-2.0433,0.1156,-1.2839,12.2184,0.6991,-0.2298,3.4455,-1.4946,-8.36,2.2458,-0.39274,-0.281024,-0.117839,-0.883395,0.410591,0.198419,-0.127691,-0.117702,0.715439,-0.454367,-0.000155,-0.001792,-0.002043,0.000327,-0.002203,-0.003312,0.000431,-0.001094,0.001821,-0.003912
15.66,-0.406359,-0.280706,-0.130792,-0.801933,0.427945,0.196305,-0.110402,-0.132695,0.659833,-0.398361,-2.0387,0.1181,-1.2843,12.2154,0.6982,-0.2254,3.4447,-1.4935,-8.3622,2.2472,-0.392743,-0.28106,-0.11788,-0.883389,0.410546,0.198353,-0.127682,-0.117723,0.715476,-0.454445,-0.000149,-0.001789,-0.002034,0.000338,-0.002239,-0.003311,0.000431,-0.00108,0.001832,-0.003888
15.68,-0.40633,-0.280728,-0.130837,-0.801946,0.427875,0.196268,-0.110398,-0.132705,0.659855,-0.398404,-2.0341,0.1207,-1.2846,12.2124,0.6972,-0.221,3.4438,-1.4924,-8.3645,2.2486,-0.392746,-0.281096,-0.117921,-0.883382,0.410501,0.198286,-0.127673,-0.117745,0.715513,-0.454523,-0.000143,-0.001786,-0.002025,0.000348,-0.002275,-0.00331,0.000431,-0.001066,0.001842,-0.003864
15.7,-0.406302,-0.28075,-0.130881,-0.801958,0.427805,0.196232,-0.110393,-0.132715,0.659877,-0.398448,-2.0296,0.1234,-1.285,12.2094,0.6963,-0.2165,3.4429,-1.4913,-8.3669,2.2499,-0.392749,-0.281132,-0.117962,-0.883375,0.410455,0.19822,-0.127665,-0.117766,0.71555,-0.4546,-0.000137,-0.001782,-0.002017,0.000359,-0.002311,-0.003308,0.000431,-0.001053,0.001852,-0.00384
15.72,-0.406274,-0.280772,-0.130925,-0.80197,0.427735,0.196195,-0.110389,-0.132724,0.659898,-0.398494,-2.0251,0.1261,-1.2853,12.2064,0.6954,-0.212,3.442,-1.4902,-8.3694,2.2511,-0.392751,-0.281168,-0.118003,-0.883368,0.410408,0.198154,-0.127656,-0.117787,0.715587,-0.454676,-0.000132,-0.001779,-0.002008,0.00037,-0.002347,-0.003306,0.000431,-0.001039,0.001861,-0.003816
15.74,-0.406246,-0.280794,-0.130969,-0.801983,0.427665,0.196159,-0.110386,-0.132733,0.659919,-0.398541,-2.0208,0.1288,-1.2857,12.2033,0.6945,-0.2075,3.4411,-1.4891,-8.3719,2.2522,-0.392753,-0.281204,-0.118043,-0.88336,0.410361,0.198087,-0.127648,-0.117808,0.715624,-0.454753,-0.000128,-0.001775,-0.001998,0.000381,-0.002383,-0.003304,0.000431,-0.001025,0.001871,-0.003792
15.76,-0.406219,-0.280815,-0.131013,-0.801995,0.427594,0.196124,-0.110382,-0.132742,0.65994,-0.398588,-2.0164,0.1317,-1.2861,12.2003,0.6937,-0.203,3.4401,-1.488,-8.3746,2.2533,-0.392756,-0.281239,-0.118084,-0.883353,0.410313,0.198021,-0.127639,-0.117828,0.715662,-0.454828,-0.000124,-0.001771,-0.001989,0.000392,-0.002419,-0.003301,0.000431,-0.001011,0.00188,-0.003769
15.78,-0.406193,-0.280835,-0.131056,-0.802007,0.427524,0.196088,-0.110378,-0.132751,0.65996,-0.398637,-2.0122,0.1345,-1.2865,12.1972,0.6928,-0.1984,3.4391,-1.4869,-8.3773,2.2544,-0.392758,-0.281275,-0.118124,-0.883345,0.410264,0.197955,-0.127631,-0.117848,0.7157,-0.454904,-0.00012,-0.001767,-0.001979,0.000403,-0.002455,-0.003299,0.000431,-0.000997,0.001889,-0.003745
15.8,-0.406166,-0.280856,-0.1311,-0.802019,0.427453,0.196053,-0.110374,-0.132759,0.65998,-0.398686,-2.008,0.1374,-1.2869,12.1941,0.692,-0.1939,3.4382,-1.4858,-8.38,2.2554,-0.39276,-0.28131,-0.118164,-0.883337,0.410214,0.197889,-0.127622,-0.117868,0.715738,-0.454978,-0.000117,-0.001763,-0.001969,0.000414,-0.00249,-0.003296,0.000431,-0.000983,0.001897,-0.003721
15.82,-0.406141,-0.280876,-0.131144,-0.80203,0.427382,0.196018,-0.110371,-0.132768,0.66,-0.398737,-2.0039,0.1404,-1.2873,12.191,0.6912,-0.1893,3.4371,-1.4847,-8.3829,2.2563,-0.392762,-0.281346,-0.118203,-0.883328,0.410164,0.197823,-0.127613,-0.117887,0.715776,-0.455053,-0.000114,-0.001759,-0.001959,0.000426,-0.002526,-0.003292,0.000431,-0.000969,0.001906,-0.003698
15.84,-0.406116,-0.280896,-0.131187,-0.802042,0.427311,0.195984,-0.110367,-0.132776,0.660019,-0.398788,-1.9999,0.1434,-1.2877,12.1879,0.6904,-0.1847,3.4361,-1.4836,-8.3858,2.2572,-0.392765,-0.281381,-0.118243,-0.88332,0.410113,0.197757,-0.127605,-0.117907,0.715814,-0.455126,-0.000112,-0.001755,-0.001949,0.000437,-0.002561,-0.003289,0.000432,-0.000954,0.001914,-0.003674
15.86,-0.406091,-0.280915,-0.13123,-0.802053,0.42724,0.195949,-0.110364,-0.132783,0.660038,-0.398841,-1.996,0.1465,-1.2882,12.1848,0.6897,-0.18,3.435,-1.4826,-8.3888,2.258,-0.392767,-0.281416,-0.118282,-0.883311,0.410061,0.197691,-0.127596,-0.117926,0.715852,-0.4552,-0.00011,-0.00175,-0.001938,0.000449,-0.002596,-0.003285,0.000432,-0.00094,0.001921,-0.003651
15.88,-0.406067,-0.280934,-0.131273,-0.802064,0.427168,0.195915,-0.110361,-0.132791,0.660057,-0.398894,-1.9921,0.1496,-1.2886,12.1817,0.689,-0.1754,3.434,-1.4815,-8.3918,2.2587,-0.392769,-0.281452,-0.118321,-0.883302,0.410009,0.197625,-0.127588,-0.117944,0.715891,-0.455273,-0.000109,-0.001745,-0.001927,0.00046,-0.002631,-0.003281,0.000432,-0.000926,0.001929,-0.003628
15.9,-0.406044,-0.280953,-0.131316,-0.802075,0.427097,0.195881,-0.110358,-0.132798,0.660075,-0.398948,-1.9883,0.1527,-1.2891,12.1786,0.6883,-0.1707,3.4329,-1.4805,-8.395,2.2594,-0.392771,-0.281487,-0.11836,-0.883293,0.409956,0.197559,-0.127579,-0.117963,0.71593,-0.455345,-0.000108,-0.001741,-0.001916,0.000472,-0.002666,-0.003277,0.000432,-0.000912,0.001936,-0.003604
15.92,-0.406021,-0.280971,-0.131359,-0.802086,0.427025,0.195848,-0.110354,-0.132805,0.660093,-0.399003,-1.9845,0.1559,-1.2895,12.1754,0.6876,-0.166,3.4318,-1.4794,-8.3981,2.2601,-0.392773,-0.281522,-0.118399,-0.883283,0.409902,0.197494,-0.12757,-0.117981,0.715968,-0.455417,-0.000108,-0.001736,-0.001905,0.000484,-0.002701,-0.003272,0.000432,-0.000897,0.001943,-0.003581
15.94,-0.405999,-0.280989,-0.131402,-0.802097,0.426953,0.195814,-0.110351,-0.132812,0.66011,-0.399059,-1.9809,0.1592,-1.29,12.1723,0.6869,-0.1613,3.4306,-1.4784,-8.4014,2.2607,-0.392775,-0.281556,-0.118437,-0.883274,0.409848,0.197428,-0.127562,-0.117999,0.716007,-0.455489,-0.000108,-0.001731,-0.001894,0.000495,-0.002736,-0.003267,0.000433,-0.000883,0.001949,-0.003558
15.96,-0.405977,-0.281006,-0.131444,-0.802107,0.426881,0.195781,-0.110348,-0.132819,0.660128,-0.399115,-1.9773,0.1625,-1.2905,12.1691,0.6863,-0.1566,3.4295,-1.4773,-8.4047,2.2613,-0.392777,-0.281591,-0.118475,-0.883264,0.409792,0.197363,-0.127553,-0.118016,0.716046,-0.45556,-0.000109,-0.001726,-0.001882,0.000507,-0.00277,-0.003262,0.000433,-0.000869,0.001955,-0.003536
15.98,-0.405956,-0.281024,-0.131486,-0.802118,0.42681,0.195748,-0.110346,-0.132826,0.660145,-0.399172,-1.9738,0.1658,-1.2909,12.1659,0.6857,-0.1518,3.4283,-1.4763,-8.4081,2.2618,-0.392779,-0.281626,-0.118513,-0.883254,0.409737,0.197297,-0.127544,-0.118033,0.716086,-0.45563,-0.00011,-0.00172,-0.001871,0.000519,-0.002804,-0.003256,0.000433,-0.000854,0.001961,-0.003513
16.0,-0.405935,-0.281041,-0.131529,-0.802128,0.426738,0.195716,-0.110343,-0.132832,0.660161,-0.39923,-1.9704,0.1692,-1.2914,12.1627,0.6851,-0.1471,3.4271,-1.4753,-8.4115,2.2623,-0.392781,-0.28166,-0.118551,-0.883243,0.40968,0.197232,-0.127536,-0.11805,0.716125,-0.4557,-0.000112,-0.001715,-0.001859,0.000531,-0.002838,-0.003251,0.000434,-0.00084,0.001967,-0.00349
16.02,-0.405916,-0.281057,-0.13157,-0.802137,0.426666,0.195683,-0.11034,-0.132838,0.660178,-0.399289,-1.9671,0.1726,-1.2919,12.1596,0.6846,-0.1423,3.426,-1.4743,-8.415,2.2627,-0.392783,-0.281695,-0.118588,-0.883232,0.409623,0.197167,-0.127527,-0.118067,0.716164,-0.45577,-0.000114,-0.00171,-0.001847,0.000543,-0.002872,-0.003245,0.000434,-0.000826,0.001972,-0.003468
16.04,-0.405897,-0.281074,-0.131612,-0.802147,0.426594,0.195651,-0.110337,-0.132844,0.660194,-0.399348,-1.9638,0.176,-1.2924,12.1564,0.684,-0.1376,3.4247,-1.4733,-8.4186,2.263,-0.392785,-0.281729,-0.118625,-0.883222,0.409565,0.197102,-0.127518,-0.118083,0.716204,-0.455839,-0.000116,-0.001704,-0.001835,0.000555,-0.002905,-0.003238,0.000434,-0.000812,0.001977,-0.003445
16.06,-0.405878,-0.28109,-0.131654,-0.802157,0.426522,0.195619,-0.110335,-0.13285,0.66021,-0.399408,-1.9607,0.1795,-1.2929,12.1532,0.6835,-0.1328,3.4235,-1.4723,-8.4222,2.2634,-0.392787,-0.281763,-0.118662,-0.88321,0.409506,0.197037,-0.12751,-0.118099,0.716244,-0.455908,-0.000119,-0.001698,-0.001822,0.000567,-0.002938,-0.003232,0.000434,-0.000797,0.001982,-0.003423
16.08,-0.405861,-0.281105,-0.131695,-0.802166,0.42645,0.195587,-0.110332,-0.132856,0.660225,-0.399469,-1.9576,0.183,-1.2934,12.15,0.6831,-0.128,3.4223,-1.4714,-8.4259,2.2637,-0.39279,-0.281797,-0.118699,-0.883199,0.409447,0.196972,-0.127501,-0.118115,0.716283,-0.455976,-0.000123,-0.001692,-0.00181,0.000579,-0.002971,-0.003225,0.000435,-0.000783,0.001986,-0.003401
16.1,-0.405844,-0.281121,-0.131736,-0.802175,0.426379,0.195556,-0.11033,-0.132861,0.66024,-0.39953,-1.9546,0.1866,-1.2939,12.1468,0.6826,-0.1232,3.421,-1.4704,-8.4296,2.2639,-0.392792,-0.281831,-0.118735,-0.883187,0.409387,0.196908,-0.127492,-0.118131,0.716323,-0.456044,-0.000127,-0.001686,-0.001797,0.000591,-0.003004,-0.003218,0.000435,-0.000769,0.00199,-0.003379
16.12,-0.405827,-0.281136,-0.131777,-0.802184,0.426307,0.195525,-0.110328,-0.132866,0.660255,-0.399591,-1.9517,0.1902,-1.2944,12.1436,0.6822,-0.1184,3.4197,-1.4694,-8.4334,2.2641,-0.392795,-0.281865,-0.118772,-0.883175,0.409327,0.196843,-0.127484,-0.118146,0.716363,-0.456112,-0.000132,-0.00168,-0.001784,0.000603,-0.003036,-0.00321,0.000435,-0.000755,0.001994,-0.003357
16.14,-0.405812,-0.281151,-0.131818,-0.802192,0.426235,0.195494,-0.110325,-0.132871,0.66027,-0.399654,-1.9488,0.1938,-1.295,12.1404,0.6818,-0.1136,3.4184,-1.4685,-8.4372,2.2643,-0.392797,-0.281899,-0.118808,-0.883163,0.409266,0.196779,-0.127475,-0.118161,0.716403,-0.456179,-0.000137,-0.001674,-0.001771,0.000616,-0.003068,-0.003203,0.000436,-0.000741,0.001997,-0.003336
16.16,-0.405797,-0.281165,-0.131858,-0.8022,0.426164,0.195463,-0.110323,-0.132876,0.660284,-0.399716,-1.9461,0.1975,-1.2955,12.1371,0.6815,-0.1088,3.4171,-1.4676,-8.4411,2.2644,-0.3928,-0.281932,-0.118843,-0.883151,0.409204,0.196715,-0.127466,-0.118176,0.716443,-0.456245,-0.000142,-0.001668,-0.001757,0.000628,-0.003099,-0.003195,0.000436,-0.000727,0.002,-0.003314
16.18,-0.405783,-0.281179,-0.131898,-0.802209,0.426093,0.195433,-0.110321,-0.132881,0.660298,-0.399779,-1.9434,0.2012,-1.296,12.1339,0.6811,-0.104,3.4158,-1.4667,-8.4451,2.2645,-0.392803,-0.281966,-0.118879,-0.883138,0.409141,0.196651,-0.127458,-0.11819,0.716483,-0.456311,-0.000148,-0.001662,-0.001744,0.00064,-0.003131,-0.003186,0.000436,-0.000713,0.002003,-0.003293
16.2,-0.40577,-0.281193,-0.131938,-0.802216,0.426021,0.195402,-0.110319,-0.132885,0.660312,-0.399843,-1.9408,0.2049,-1.2965,12.1307,0.6809,-0.0992,3.4145,-1.4658,-8.449,2.2646,-0.392806,-0.281999,-0.118914,-0.883125,0.409078,0.196587,-0.127449,-0.118204,0.716523,-0.456377,-0.000154,-0.001655,-0.00173,0.000652,-0.003162,-0.003178,0.000437,-0.000699,0.002005,-0.003272
16.22,-0.405757,-0.281206,-0.131978,-0.802224,0.42595,0.195372,-0.110317,-0.13289,0.660325,-0.399907,-1.9383,0.2087,-1.2971,12.1275,0.6806,-0.0943,3.4131,-1.4649,-8.4531,2.2647,-0.392809,-0.282032,-0.118948,-0.883112,0.409015,0.196524,-0.12744,-0.118218,0.716563,-0.456443,-0.000161,-0.001649,-0.001717,0.000664,-0.003193,-0.003169,0.000437,-0.000685,0.002007,-0.003251
16.24,-0.405746,-0.28122,-0.132017,-0.802231,0.425879,0.195343,-0.110315,-0.132894,0.660339,-0.399971,-1.9359,0.2125,-1.2976,12.1243,0.6804,-0.0895,3.4117,-1.464,-8.4571,2.2647,-0.392812,-0.282065,-0.118983,-0.883099,0.40895,0.19646,-0.127431,-0.118231,0.716604,-0.456507,-0.000169,-0.001642,-0.001703,0.000676,-0.003223,-0.00316,0.000438,-0.000671,0.002009,-0.00323
16.26,-0.405735,-0.281233,-0.132056,-0.802238,0.425809,0.195313,-0.110313,-0.132898,0.660352,-0.400035,-1.9336,0.2163,-1.2981,12.1211,0.6802,-0.0847,3.4104,-1.4631,-8.4612,2.2646,-0.392815,-0.282098,-0.119017,-0.883085,0.408885,0.196397,-0.127423,-0.118245,0.716644,-0.456572,-0.000177,-0.001635,-0.001688,0.000689,-0.003253,-0.003151,0.000438,-0.000657,0.00201,-0.00321
16.28,-0.405725,-0.281245,-0.132095,-0.802245,0.425738,0.195284,-0.110311,-0.132902,0.660364,-0.4001,-1.9313,0.2201,-1.2987,12.1179,0.68,-0.0799,3.409,-1.4623,-8.4654,2.2646,-0.392819,-0.282131,-0.119051,-0.883072,0.40882,0.196334,-0.127414,-0.118258,0.716684,-0.456636,-0.000185,-0.001628,-0.001674,0.000701,-0.003283,-0.003141,0.000438,-0.000644,0.002011,-0.003189
16.3,-0.405716,-0.281257,-0.132133,-0.802252,0.425668,0.195254,-0.110309,-0.132906,0.660377,-0.400165,-1.9292,0.224,-1.2992,12.1147,0.6798,-0.0751,3.4076,-1.4614,-8.4696,2.2645,-0.392822,-0.282164,-0.119085,-0.883058,0.408754,0.196271,-0.127405,-0.11827,0.716724,-0.4567,-0.000194,-0.001621,-0.00166,0.000713,-0.003312,-0.003131,0.000439,-0.00063,0.002012,-0.003169
16.32,-0.405707,-0.281269,-0.132172,-0.802258,0.425598,0.195226,-0.110308,-0.13291,0.660389,-0.400231,-1.9271,0.2279,-1.2997,12.1115,0.6797,-0.0703,3.4062,-1.4606,-8.4738,2.2644,-0.392826,-0.282196,-0.119118,-0.883043,0.408687,0.196208,-0.127396,-0.118283,0.716765,-0.456763,-0.000203,-0.001614,-0.001645,0.000725,-0.003341,-0.003121,0.000439,-0.000617,0.002013,-0.003149
16.34,-0.4057,-0.281281,-0.13221,-0.802264,0.425528,0.195197,-0.110306,-0.132913,0.660401,-0.400296,-1.9252,0.2319,-1.3003,12.1083,0.6797,-0.0655,3.4048,-1.4598,-8.4781,2.2643,-0.39283,-0.282228,-0.119151,-0.883029,0.40862,0.196146,-0.127388,-0.118295,0.716805,-0.456826,-0.000213,-0.001607,-0.00163,0.000737,-0.003369,-0.003111,0.00044,-0.000603,0.002013,-0.00313
16.36,-0.405693,-0.281293,-0.132247,-0.80227,0.425459,0.195168,-0.110304,-0.132917,0.660412,-0.400362,-1.9233,0.2358,-1.3008,12.1051,0.6796,-0.0607,3.4033,-1.459,-8.4824,2.2642,-0.392835,-0.282261,-0.119184,-0.883014,0.408552,0.196084,-0.127379,-0.118307,0.716845,-0.456888,-0.000223,-0.0016,-0.001615,0.000749,-0.003397,-0.0031,0.00044,-0.00059,0.002013,-0.00311
16.38,-0.405688,-0.281304,-0.132285,-0.802275,0.42539,0.19514,-0.110303,-0.13292,0.660424,-0.400427,-1.9215,0.2398,-1.3013,12.1019,0.6796,-0.0559,3.4019,-1.4582,-8.4867,2.264,-0.392839,-0.282293,-0.119216,-0.882999,0.408484,0.196022,-0.12737,-0.118319,0.716886,-0.456951,-0.000234,-0.001592,-0.0016,0.000761,-0.003425,-0.003089,0.00044,-0.000577,0.002012,-0.003091
16.4,-0.405683,-0.281315,-0.132322,-0.80228,0.425321,0.195112,-0.110301,-0.132923,0.660435,-0.400493,-1.9198,0.2438,-1.3019,12.0988,0.6797,-0.0511,3.4004,-1.4574,-8.491,2.2638,-0.392844,-0.282325,-0.119249,-0.882983,0.408415,0.19596,-0.127361,-0.11833,0.716926,-0.457012,-0.000245,-0.001585,-0.001585,0.000773,-0.003452,-0.003078,0.000441,-0.000564,0.002011,-0.003072
16.42,-0.405679,-0.281325,-0.132358,-0.802285,0.425253,0.195084,-0.110299,-0.132926,0.660446,-0.400559,-1.9181,0.2479,-1.3024,12.0956,0.6797,-0.0463,3.399,-1.4566,-8.4954,2.2636,-0.392849,-0.282356,-0.11928,-0.882968,0.408345,0.195898,-0.127352,-0.118341,0.716966,-0.457074,-0.000257,-0.001577,-0.00157,0.000785,-0.003479,-0.003066,0.000441,-0.000551,0.00201,-0.003053
16.44,-0.405676,-0.281335,-0.132395,-0.80229,0.425185,0.195057,-0.110298,-0.132929,0.660457,-0.400625,-1.9166,0.2519,-1.303,12.0924,0.6798,-0.0415,3.3975,-1.4559,-8.4998,2.2634,-0.392854,-0.282388,-0.119312,-0.882952,0.408275,0.195837,-0.127344,-0.118352,0.717006,-0.457135,-0.000269,-0.00157,-0.001554,0.000797,-0.003506,-0.003054,0.000442,-0.000538,0.002008,-0.003034
16.46,-0.405674,-0.281345,-0.132431,-0.802294,0.425117,0.195029,-0.110296,-0.132932,0.660467,-0.400691,-1.9152,0.256,-1.3035,12.0893,0.68,-0.0368,3.396,-1.4552,-8.5043,2.2632,-0.392859,-0.282419,-0.119343,-0.882936,0.408205,0.195776,-0.127335,-0.118363,0.717046,-0.457195,-0.000282,-0.001562,-0.001539,0.000809,-0.003531,-0.003042,0.000442,-0.000526,0.002006,-0.003016
16.48,-0.405673,-0.281355,-0.132466,-0.802298,0.42505,0.195002,-0.110295,-0.132935,0.660477,-0.400757,-1.9138,0.2601,-1.304,12.0861,0.6802,-0.032,3.3945,-1.4544,-8.5087,2.2629,-0.392865,-0.282451,-0.119374,-0.88292,0.408134,0.195715,-0.127326,-0.118373,0.717087,-0.457255,-0.000295,-0.001554,-0.001523,0.000821,-0.003557,-0.00303,0.000442,-0.000514,0.002004,-0.002998
16.5,-0.405672,-0.281365,-0.132502,-0.802302,0.424983,0.194975,-0.110294,-0.132938,0.660487,-0.400822,-1.9126,0.2642,-1.3046,12.083,0.6804,-0.0273,3.393,-1.4538,-8.5132,2.2627,-0.392871,-0.282482,-0.119405,-0.882903,0.408062,0.195654,-0.127317,-0.118383,0.717127,-0.457315,-0.000309,-0.001546,-0.001507,0.000832,-0.003582,-0.003017,0.000443,-0.000501,0.002002,-0.00298
16.52,-0.405673,-0.281374,-0.132537,-0.802305,0.424917,0.194948,-0.110292,-0.13294,0.660497,-0.400888,-1.9114,0.2684,-1.3051,12.0799,0.6806,-0.0226,3.3915,-1.4531,-8.5177,2.2624,-0.392877,-0.282513,-0.119435,-0.882887,0.40799,0.195594,-0.127308,-0.118393,0.717167,-0.457375,-0.000323,-0.001538,-0.001491,0.000844,-0.003607,-0.003005,0.000443,-0.000489,0.001999,-0.002962
16.54,-0.405675,-0.281383,-0.132571,-0.802309,0.424851,0.194922,-0.110291,-0.132943,0.660507,-0.400953,-1.9103,0.2726,-1.3056,12.0768,0.6809,-0.0179,3.39,-1.4524,-8.5222,2.2621,-0.392884,-0.282544,-0.119465,-0.88287,0.407918,0.195534,-0.127299,-0.118403,0.717207,-0.457434,-0.000337,-0.00153,-0.001475,0.000856,-0.003631,-0.002991,0.000444,-0.000477,0.001996,-0.002945
16.56,-0.405678,-0.281391,-0.132606,-0.802311,0.424785,0.194895,-0.110289,-0.132946,0.660516,-0.401019,-1.9093,0.2767,-1.3061,12.0737,0.6812,-0.0132,3.3885,-1.4518,-8.5268,2.2619,-0.392891,-0.282574,-0.119494,-0.882852,0.407845,0.195474,-0.12729,-0.118412,0.717247,-0.457493,-0.000352,-0.001522,-0.001458,0.000867,-0.003654,-0.002978,0.000444,-0.000465,0.001993,-0.002928
16.58,-0.405681,-0.2814,-0.13264,-0.802314,0.42472,0.194869,-0.110288,-0.132948,0.660526,-0.401084,-1.9084,0.2809,-1.3067,12.0706,0.6816,-0.0085,3.387,-1.4511,-8.5313,2.2616,-0.392898,-0.282605,-0.119524,-0.882835,0.407771,0.195415,-0.127282,-0.118421,0.717286,-0.457551,-0.000367,-0.001513,-0.001442,0.000879,-0.003678,-0.002964,0.000445,-0.000454,0.001989,-0.002911
16.6,-0.405686,-0.281408,-0.132673,-0.802316,0.424656,0.194843,-0.110287,-0.13295,0.660535,-0.401148,-1.9076,0.2851,-1.3072,12.0675,0.682,-0.0039,3.3855,-1.4505,-8.5359,2.2613,-0.392905,-0.282635,-0.119553,-0.882817,0.407697,0.195356,-0.127273,-0.11843,0.717326,-0.457609,-0.000383,-0.001505,-0.001425,0.00089,-0.0037,-0.00295,0.000445,-0.000442,0.001985,-0.002894
16.62,-0.405691,-0.281415,-0.132706,-0.802318,0.424592,0.194818,-0.110285,-0.132953,0.660544,-0.401213,-1.9069,0.2894,-1.3077,12.0644,0.6824,0.0007,3.3839,-1.4499,-8.5405,2.261,-0.392913,-0.282665,-0.119581,-0.882799,0.407623,0.195297,-0.127264,-0.118439,0.717366,-0.457667,-0.000399,-0.001497,-0.001409,0.000902,-0.003722,-0.002936,0.000446,-0.000431,0.001981,-0.002878
16.64,-0.405698,-0.281423,-0.132739,-0.802319,0.424528,0.194792,-0.110284,-0.132955,0.660553,-0.401277,-1.9062,0.2936,-1.3082,12.0614,0.6829,0.0054,3.3824,-1.4493,-8.545,2.2607,-0.392921,-0.282695,-0.119609,-0.882781,0.407548,0.195238,-0.127255,-0.118447,0.717405,-0.457725,-0.000416,-0.001488,-0.001392,0.000913,-0.003744,-0.002921,0.000446,-0.00042,0.001976,-0.002862
16.66,-0.405706,-0.28143,-0.132772,-0.802321,0.424466,0.194767,-0.110283,-0.132957,0.660561,-0.401341,-1.9057,0.2979,-1.3087,12.0583,0.6834,0.0099,3.3808,-1.4488,-8.5496,2.2605,-0.39293,-0.282725,-0.119637,-0.882763,0.407473,0.19518,-0.127246,-0.118456,0.717445,-0.457782,-0.000433,-0.001479,-0.001375,0.000924,-0.003765,-0.002907,0.000446,-0.000409,0.001971,-0.002846
16.68,-0.405714,-0.281437,-0.132804,-0.802322,0.424403,0.194742,-0.110282,-0.132959,0.66057,-0.401404,-1.9052,0.3022,-1.3092,12.0553,0.684,0.0145,3.3793,-1.4482,-8.5542,2.2602,-0.392939,-0.282754,-0.119665,-0.882744,0.407397,0.195122,-0.127237,-0.118464,0.717484,-0.457839,-0.00045,-0.001471,-0.001358,0.000935,-0.003786,-0.002892,0.000447,-0.000399,0.001966,-0.00283
16.7,-0.405724,-0.281444,-0.132835,-0.802322,0.424342,0.194717,-0.11028,-0.132962,0.660578,-0.401467,-1.9048,0.3064,-1.3097,12.0523,0.6846,0.0191,3.3777,-1.4477,-8.5588,2.2599,-0.392948,-0.282784,-0.119692,-0.882726,0.407321,0.195064,-0.127228,-0.118472,0.717524,-0.457895,-0.000468,-0.001462,-0.001341,0.000946,-0.003806,-0.002876,0.000447,-0.000388,0.00196,-0.002815
16.72,-0.405734,-0.281451,-0.132866,-0.802323,0.424281,0.194692,-0.110279,-0.132964,0.660586,-0.401529,-1.9045,0.3107,-1.3102,12.0493,0.6852,0.0236,3.3762,-1.4472,-8.5634,2.2597,-0.392957,-0.282813,-0.119719,-0.882707,0.407245,0.195006,-0.127219,-0.118479,0.717563,-0.457952,-0.000487,-0.001453,-0.001324,0.000957,-0.003825,-0.002861,0.000448,-0.000378,0.001955,-0.0028
16.74,-0.405746,-0.281457,-0.132897,-0.802323,0.42422,0.194668,-0.110278,-0.132966,0.660594,-0.401591,-1.9043,0.315,-1.3107,12.0463,0.6859,0.0281,3.3746,-1.4467,-8.568,2.2594,-0.392967,-0.282842,-0.119746,-0.882687,0.407168,0.194949,-0.12721,-0.118487,0.717602,-0.458007,-0.000505,-0.001444,-0.001307,0.000968,-0.003844,-0.002845,0.000448,-0.000368,0.001948,-0.002785
16.76,-0.405759,-0.281463,-0.132928,-0.802322,0.42416,0.194643,-0.110277,-0.132968,0.660602,-0.401653,-1.9042,0.3194,-1.3112,12.0434,0.6866,0.0326,3.3731,-1.4462,-8.5726,2.2592,-0.392978,-0.282871,-0.119772,-0.882668,0.407091,0.194892,-0.127201,-0.118494,0.717641,-0.458063,-0.000524,-0.001435,-0.001289,0.000979,-0.003863,-0.002829,0.000449,-0.000359,0.001942,-0.002771
16.78,-0.405772,-0.281469,-0.132958,-0.802321,0.424101,0.194619,-0.110275,-0.13297,0.66061,-0.401713,-1.9042,0.3237,-1.3117,12.0404,0.6874,0.037,3.3715,-1.4457,-8.5772,2.2589,-0.392988,-0.282899,-0.119798,-0.882648,0.407013,0.194836,-0.127192,-0.118501,0.71768,-0.458118,-0.000544,-0.001426,-0.001272,0.00099,-0.003881,-0.002813,0.000449,-0.000349,0.001935,-0.002757
16.8,-0.405787,-0.281475,-0.132987,-0.80232,0.424043,0.194595,-0.110274,-0.132973,0.660617,-0.401774,-1.9042,0.328,-1.3121,12.0375,0.6882,0.0414,3.37,-1.4453,-8.5818,2.2587,-0.392999,-0.282928,-0.119823,-0.882628,0.406935,0.19478,-0.127183,-0.118508,0.717718,-0.458174,-0.000564,-0.001417,-0.001255,0.001,-0.003898,-0.002796,0.00045,-0.00034,0.001928,-0.002743
16.82,-0.405803,-0.28148,-0.133017,-0.802319,0.423985,0.194571,-0.110273,-0.132975,0.660625,-0.401833,-1.9044,0.3324,-1.3126,12.0346,0.689,0.0458,3.3684,-1.4449,-8.5864,2.2585,-0.393011,-0.282956,-0.119848,-0.882608,0.406857,0.194724,-0.127174,-0.118515,0.717757,-0.458228,-0.000584,-0.001408,-0.001237,0.001011,-0.003915,-0.002779,0.00045,-0.000331,0.001921,-0.00273
16.84,-0.40582,-0.281485,-0.133045,-0.802318,0.423928,0.194548,-0.110272,-0.132977,0.660632,-0.401892,-1.9046,0.3367,-1.3131,12.0317,0.6899,0.0502,3.3669,-1.4445,-8.591,2.2583,-0.393023,-0.282984,-0.119873,-0.882588,0.406778,0.194669,-0.127165,-0.118521,0.717795,-0.458283,-0.000605,-0.001399,-0.00122,0.001021,-0.003931,-0.002762,0.000451,-0.000322,0.001914,-0.002716
16.86,-0.405837,-0.28149,-0.133074,-0.802316,0.423872,0.194525,-0.11027,-0.132979,0.66064,-0.40195,-1.9049,0.3411,-1.3135,12.0288,0.6908,0.0545,3.3653,-1.4441,-8.5956,2.2582,-0.393035,-0.283012,-0.119897,-0.882567,0.406699,0.194613,-0.127156,-0.118527,0.717833,-0.458337,-0.000626,-0.001389,-0.001202,0.001031,-0.003947,-0.002744,0.000451,-0.000314,0.001906,-0.002703
16.88,-0.405856,-0.281495,-0.133102,-0.802313,0.423816,0.194502,-0.110269,-0.132981,0.660647,-0.402007,-1.9053,0.3454,-1.314,12.026,0.6918,0.0588,3.3637,-1.4437,-8.6001,2.258,-0.393048,-0.28304,-0.119921,-0.882547,0.40662,0.194559,-0.127147,-0.118534,0.717871,-0.458391,-0.000647,-0.00138,-0.001184,0.001041,-0.003962,-0.002727,0.000451,-0.000306,0.001898,-0.002691
16.9,-0.405876,-0.2815,-0.133129,-0.802311,0.423761,0.194479,-0.110268,-0.132984,0.660654,-0.402064,-1.9057,0.3498,-1.3144,12.0232,0.6928,0.0631,3.3622,-1.4434,-8.6047,2.2579,-0.393061,-0.283068,-0.119945,-0.882526,0.406541,0.194504,-0.127138,-0.11854,0.717909,-0.458445,-0.000669,-0.00137,-0.001167,0.001051,-0.003976,-0.002709,0.000452,-0.000298,0.00189,-0.002678
16.92,-0.405897,-0.281504,-0.133156,-0.802308,0.423707,0.194456,-0.110266,-0.132986,0.660661,-0.40212,-1.9063,0.3541,-1.3149,12.0203,0.6938,0.0674,3.3606,-1.4431,-8.6092,2.2578,-0.393075,-0.283095,-0.119968,-0.882505,0.406461,0.19445,-0.127129,-0.118545,0.717947,-0.458499,-0.000691,-0.001361,-0.001149,0.001061,-0.00399,-0.002691,0.000452,-0.00029,0.001881,-0.002666
16.94,-0.405919,-0.281508,-0.133183,-0.802304,0.423654,0.194433,-0.110265,-0.132988,0.660668,-0.402174,-1.9069,0.3585,-1.3153,12.0176,0.6949,0.0716,3.3591,-1.4428,-8.6137,2.2577,-0.393089,-0.283122,-0.119991,-0.882483,0.406381,0.194397,-0.12712,-0.118551,0.717984,-0.458552,-0.000714,-0.001352,-0.001131,0.001071,-0.004003,-0.002672,0.000453,-0.000283,0.001873,-0.002655
16.96,-0.405942,-0.281512,-0.133209,-0.802301,0.423602,0.194411,-0.110263,-0.132991,0.660675,-0.402228,-1.9076,0.3629,-1.3157,12.0148,0.696,0.0758,3.3576,-1.4425,-8.6182,2.2577,-0.393103,-0.283149,-0.120014,-0.882462,0.406301,0.194343,-0.127111,-0.118557,0.718022,-0.458605,-0.000736,-0.001342,-0.001113,0.001081,-0.004016,-0.002654,0.000453,-0.000276,0.001864,-0.002643
16.98,-0.405966,-0.281516,-0.133235,-0.802297,0.42355,0.194389,-0.110262,-0.132993,0.660682,-0.402282,-1.9083,0.3672,-1.3161,12.012,0.6972,0.0799,3.356,-1.4422,-8.6227,2.2577,-0.393118,-0.283176,-0.120036,-0.88244,0.40622,0.19429,-0.127102,-0.118562,0.718059,-0.458658,-0.00076,-0.001332,-0.001095,0.00109,-0.004028,-0.002635,0.000454,-0.000269,0.001855,-0.002632
17.0,-0.405991,-0.281519,-0.13326,-0.802293,0.423499,0.194367,-0.110261,-0.132996,0.660688,-0.402334,-1.9092,0.3716,-1.3165,12.0093,0.6984,0.0841,3.3545,-1.4419,-8.6271,2.2577,-0.393134,-0.283203,-0.120058,-0.882418,0.406139,0.194238,-0.127093,-0.118567,0.718096,-0.45871,-0.000783,-0.001323,-0.001078,0.0011,-0.00404,-0.002616,0.000454,-0.000263,0.001845,-0.002622
17.02,-0.406016,-0.281522,-0.133285,-0.802288,0.423449,0.194346,-0.110259,-0.132998,0.660695,-0.402385,-1.9101,0.376,-1.3169,12.0066,0.6996,0.0881,3.353,-1.4417,-8.6315,2.2577,-0.39315,-0.283229,-0.12008,-0.882396,0.406058,0.194186,-0.127084,-0.118573,0.718133,-0.458763,-0.000807,-0.001313,-0.00106,0.001109,-0.00405,-0.002596,0.000454,-0.000257,0.001836,-0.002611
17.04,-0.406043,-0.281526,-0.13331,-0.802283,0.4234,0.194324,-0.110257,-0.133001,0.660702,-0.402435,-1.9111,0.3803,-1.3173,12.0039,0.7009,0.0922,3.3514,-1.4415,-8.6359,2.2578,-0.393166,-0.283255,-0.120101,-0.882374,0.405977,0.194134,-0.127075,-0.118578,0.71817,-0.458815,-0.000831,-0.001303,-0.001042,0.001118,-0.004061,-0.002576,0.000455,-0.000251,0.001826,-0.002601
17.06,-0.406071,-0.281529,-0.133334,-0.802278,0.423351,0.194303,-0.110256,-0.133004,0.660709,-0.402484,-1.9121,0.3847,-1.3177,12.0012,0.7023,0.0962,3.3499,-1.4413,-8.6403,2.2579,-0.393183,-0.283281,-0.120122,-0.882351,0.405895,0.194083,-0.127065,-0.118583,0.718206,-0.458867,-0.000855,-0.001294,-0.001024,0.001127,-0.00407,-0.002557,0.000455,-0.000246,0.001816,-0.002591
17.08,-0.406101,-0.281531,-0.133357,-0.802273,0.423304,0.194282,-0.110254,-0.133007,0.660715,-0.402532,-1.9133,0.389,-1.3181,11.9986,0.7036,0.1002,3.3484,-1.4411,-8.6447,2.258,-0.3932,-0.283307,-0.120142,-0.882329,0.405814,0.194032,-0.127056,-0.118588,0.718242,-0.458919,-0.00088,-0.001284,-0.001006,0.001136,-0.004079,-0.002537,0.000455,-0.00024,0.001805,-0.002582
17.1,-0.406131,-0.281534,-0.13338,-0.802267,0.423257,0.194261,-0.110253,-0.13301,0.660722,-0.402579,-1.9145,0.3934,-1.3184,11.9959,0.705,0.1042,3.3469,-1.4409,-8.649,2.2582,-0.393218,-0.283333,-0.120162,-0.882306,0.405732,0.193981,-0.127047,-0.118592,0.718278,-0.45897,-0.000905,-0.001274,-0.000989,0.001144,-0.004088,-0.002516,0.000456,-0.000235,0.001795,-0.002573
17.12,-0.406162,-0.281536,-0.133403,-0.802261,0.423211,0.19424,-0.110251,-0.133013,0.660728,-0.402625,-1.9158,0.3977,-1.3188,11.9933,0.7065,0.1081,3.3454,-1.4408,-8.6533,2.2584,-0.393237,-0.283358,-0.120182,-0.882283,0.40565,0.193931,-0.127038,-0.118597,0.718314,-0.459022,-0.00093,-0.001265,-0.000971,0.001153,-0.004095,-0.002496,0.000456,-0.000231,0.001784,-0.002564
17.14,-0.406194,-0.281539,-0.133425,-0.802254,0.423166,0.19422,-0.110249,-0.133016,0.660735,-0.40267,-1.9171,0.402,-1.3191,11.9907,0.708,0.1119,3.3439,-1.4407,-8.6575,2.2586,-0.393256,-0.283383,-0.120201,-0.88226,0.405568,0.193881,-0.127029,-0.118601,0.71835,-0.459073,-0.000956,-0.001255,-0.000953,0.001161,-0.004103,-0.002475,0.000457,-0.000227,0.001773,-0.002555
17.16,-0.406227,-0.281541,-0.133447,-0.802248,0.423122,0.1942,-0.110247,-0.133019,0.660742,-0.402714,-1.9185,0.4063,-1.3195,11.9882,0.7095,0.1158,3.3424,-1.4406,-8.6617,2.2589,-0.393275,-0.283408,-0.12022,-0.882236,0.405486,0.193832,-0.12702,-0.118606,0.718385,-0.459124,-0.000981,-0.001245,-0.000936,0.001169,-0.004109,-0.002454,0.000457,-0.000223,0.001762,-0.002547
17.18,-0.40626,-0.281543,-0.133468,-0.802241,0.423079,0.19418,-0.110245,-0.133023,0.660748,-0.402756,-1.9199,0.4106,-1.3198,11.9856,0.7111,0.1196,3.341,-1.4405,-8.6659,2.2593,-0.393295,-0.283433,-0.120239,-0.882213,0.405403,0.193783,-0.127011,-0.11861,0.71842,-0.459175,-0.001007,-0.001235,-0.000918,0.001177,-0.004115,-0.002433,0.000457,-0.000219,0.001751,-0.002539
17.2,-0.406295,-0.281545,-0.133489,-0.802233,0.423037,0.19416,-0.110244,-0.133026,0.660755,-0.402797,-1.9215,0.4149,-1.3201,11.9831,0.7127,0.1234,3.3395,-1.4404,-8.6701,2.2597,-0.393315,-0.283458,-0.120257,-0.882189,0.405321,0.193735,-0.127002,-0.118615,0.718455,-0.459226,-0.001034,-0.001226,-0.000901,0.001185,-0.00412,-0.002411,0.000458,-0.000216,0.00174,-0.002532
17.22,-0.406331,-0.281546,-0.13351,-0.802226,0.422995,0.19414,-0.110242,-0.13303,0.660762,-0.402837,-1.923,0.4192,-1.3204,11.9806,0.7144,0.1271,3.3381,-1.4403,-8.6742,2.2601,-0.393336,-0.283482,-0.120275,-0.882165,0.405238,0.193687,-0.126992,-0.118619,0.71849,-0.459276,-0.00106,-0.001216,-0.000883,0.001193,-0.004125,-0.00239,0.000458,-0.000213,0.001728,-0.002525
17.24,-0.406368,-0.281548,-0.13353,-0.802218,0.422955,0.194121,-0.11024,-0.133033,0.660768,-0.402876,-1.9247,0.4235,-1.3207,11.9781,0.7161,0.1308,3.3366,-1.4403,-8.6782,2.2605,-0.393358,-0.283506,-0.120293,-0.882141,0.405156,0.193639,-0.126983,-0.118623,0.718524,-0.459327,-0.001087,-0.001206,-0.000866,0.0012,-0.004129,-0.002368,0.000458,-0.000211,0.001716,-0.002518
17.26,-0.406406,-0.28155,-0.133549,-0.80221,0.422915,0.194102,-0.110237,-0.133037,0.660775,-0.402913,-1.9264,0.4278,-1.321,11.9757,0.7178,0.1344,3.3352,-1.4403,-8.6823,2.261,-0.39338,-0.28353,-0.12031,-0.882117,0.405073,0.193592,-0.126974,-0.118627,0.718558,-0.459377,-0.001114,-0.001196,-0.000848,0.001207,-0.004132,-0.002346,0.000458,-0.000208,0.001704,-0.002511
17.28,-0.406445,-0.281551,-0.133569,-0.802201,0.422877,0.194083,-0.110235,-0.133041,0.660782,-0.402949,-1.9281,0.432,-1.3213,11.9732,0.7196,0.138,3.3338,-1.4403,-8.6862,2.2616,-0.393403,-0.283554,-0.120327,-0.882093,0.40499,0.193546,-0.126965,-0.118632,0.718592,-0.459427,-0.001141,-0.001187,-0.000831,0.001215,-0.004135,-0.002323,0.000459,-0.000206,0.001692,-0.002505
17.3,-0.406484,-0.281552,-0.133587,-0.802193,0.422839,0.194064,-0.110233,-0.133045,0.660788,-0.402984,-1.9299,0.4362,-1.3216,11.9708,0.7214,0.1416,3.3324,-1.4403,-8.6902,2.2622,-0.393426,-0.283578,-0.120343,-0.882069,0.404907,0.193499,-0.126956,-0.118636,0.718626,-0.459477,-0.001168,-0.001177,-0.000814,0.001221,-0.004137,-0.002301,0.000459,-0.000205,0.00168,-0.002499
17.32,-0.406525,-0.281553,-0.133606,-0.802184,0.422802,0.194046,-0.110231,-0.13305,0.660795,-0.403017,-1.9317,0.4404,-1.3219,11.9684,0.7232,0.1452,3.331,-1.4403,-8.6941,2.2629,-0.39345,-0.283601,-0.12036,-0.882044,0.404824,0.193454,-0.126946,-0.11864,0.718659,-0.459527,-0.001195,-0.001167,-0.000797,0.001228,-0.004138,-0.002279,0.000459,-0.000204,0.001668,-0.002494
17.34,-0.406566,-0.281554,-0.133623,-0.802175,0.422767,0.194028,-0.110228,-0.133054,0.660802,-0.403049,-1.9336,0.4446,-1.3221,11.9661,0.7251,0.1487,3.3297,-1.4403,-8.6979,2.2636,-0.393474,-0.283625,-0.120376,-0.88202,0.404741,0.193408,-0.126937,-0.118644,0.718693,-0.459577,-0.001223,-0.001158,-0.00078,0.001235,-0.004139,-0.002256,0.000459,-0.000203,0.001655,-0.002488
17.36,-0.406608,-0.281557,-0.133642,-0.802165,0.422728,0.194009,-0.110226,-0.133058,0.660809,-0.403079,-1.9345,0.4485,-1.3225,11.9637,0.7269,0.1513,3.3283,-1.4404,-8.7018,2.2644,-0.393499,-0.283648,-0.120391,-0.881995,0.404658,0.193364,-0.126928,-0.118648,0.718726,-0.459627,-0.001287,-0.001148,-0.000756,0.001238,-0.004146,-0.002203,0.000458,-0.000195,0.001643,-0.00248
17.38,-0.40665,-0.281562,-0.133659,-0.802155,0.422687,0.19399,-0.110225,-0.133063,0.660815,-0.403106,-1.9339,0.4518,-1.3229,11.9615,0.7286,0.1526,3.3268,-1.4405,-8.7056,2.2653,-0.393526,-0.283671,-0.120406,-0.88197,0.404575,0.193321,-0.126919,-0.118651,0.718758,-0.459676,-0.001401,-0.001141,-0.000722,0.001239,-0.004162,-0.002113,0.000455,-0.000176,0.001624,-0.002463
17.4,-0.406693,-0.281568,-0.133677,-0.802146,0.422648,0.193971,-0.110224,-0.133067,0.660822,-0.403129,-1.9333,0.4552,-1.3233,11.9592,0.7304,0.1539,3.3254,-1.4407,-8.7091,2.2663,-0.393556,-0.283693,-0.12042,-0.881945,0.404492,0.19328,-0.12691,-0.118655,0.718791,-0.459725,-0.001506,-0.001136,-0.000693,0.001238,-0.004174,-0.002034,0.00045,-0.000158,0.001599,-0.002444
17.42,-0.406736,-0.281572,-0.133693,-0.802136,0.42261,0.193952,-0.110222,-0.133073,0.66083,-0.403148,-1.9326,0.4587,-1.3237,11.9569,0.7322,0.1552,3.324,-1.441,-8.7126,2.2674,-0.393588,-0.283716,-0.120434,-0.881921,0.404408,0.193241,-0.126901,-0.118658,0.718822,-0.459774,-0.001603,-0.001132,-0.000665,0.001236,-0.004183,-0.001961,0.000445,-0.000143,0.001575,-0.002428
17.44,-0.406779,-0.281577,-0.133709,-0.802127,0.422574,0.193934,-0.11022,-0.133078,0.660837,-0.403165,-1.9319,0.4621,-1.3241,11.9547,0.7341,0.1565,3.3228,-1.4413,-8.7159,2.2687,-0.393621,-0.283739,-0.120447,-0.881896,0.404324,0.193202,-0.126892,-0.11866,0.718854,-0.459823,-0.001693,-0.001127,-0.000638,0.001233,-0.004189,-0.001894,0.000441,-0.000131,0.001551,-0.002413
17.46,-0.406823,-0.281582,-0.133725,-0.802117,0.422538,0.193915,-0.110218,-0.133084,0.660846,-0.403179,-1.9311,0.4655,-1.3245,11.9525,0.7361,0.1578,3.3216,-1.4417,-8.7191,2.27,-0.393656,-0.283761,-0.120459,-0.881871,0.40424,0.193166,-0.126883,-0.118663,0.718884,-0.459871,-0.001776,-0.001122,-0.000613,0.001231,-0.004193,-0.001832,0.000437,-0.00012,0.001527,-0.002399
17.48,-0.406868,-0.281587,-0.133741,-0.802108,0.422503,0.193897,-0.110215,-0.13309,0.660854,-0.403191,-1.9303,0.4689,-1.325,11.9502,0.738,0.159,3.3205,-1.4421,-8.7221,2.2715,-0.393693,-0.283784,-0.120471,-0.881847,0.404156,0.19313,-0.126875,-0.118665,0.718915,-0.459918,-0.001854,-0.001117,-0.00059,0.001227,-0.004196,-0.001776,0.000434,-0.000111,0.001504,-0.002386
17.5,-0.406913,-0.281592,-0.133756,-0.802098,0.422468,0.193879,-0.110212,-0.133096,0.660863,-0.403201,-1.9296,0.4722,-1.3254,11.948,0.74,0.1602,3.3195,-1.4426,-8.7251,2.273,-0.393732,-0.283806,-0.120483,-0.881822,0.404072,0.193095,-0.126866,-0.118667,0.718945,-0.459966,-0.001925,-0.001113,-0.000569,0.001224,-0.004196,-0.001725,0.00043,-0.000104,0.001482,-0.002375
17.52,-0.406958,-0.281598,-0.133771,-0.802089,0.422434,0.193861,-0.110209,-0.133103,0.660871,-0.403209,-1.9288,0.4754,-1.3258,11.9458,0.742,0.1614,3.3185,-1.4431,-8.728,2.2745,-0.393771,-0.283828,-0.120494,-0.881798,0.403987,0.193062,-0.126858,-0.118669,0.718974,-0.460013,-0.00199,-0.00111,-0.000549,0.001221,-0.004196,-0.001679,0.000426,-9.8e-05,0.00146,-0.002365
17.54,-0.407003,-0.281604,-0.133786,-0.802079,0.422402,0.193843,-0.110205,-0.13311,0.66088,-0.403215,-1.9279,0.4786,-1.3263,11.9436,0.7441,0.1626,3.3176,-1.4436,-8.7308,2.2761,-0.393812,-0.283851,-0.120505,-0.881773,0.403903,0.193029,-0.126849,-0.118671,0.719003,-0.460061,-0.002049,-0.001106,-0.00053,0.001218,-0.004194,-0.001637,0.000422,-9.3e-05,0.001438,-0.002356
17.56,-0.407048,-0.281609,-0.1338,-0.802069,0.42237,0.193826,-0.110202,-0.133117,0.66089,-0.40322,-1.9271,0.4818,-1.3267,11.9415,0.7462,0.1638,3.3168,-1.4441,-8.7336,2.2778,-0.393854,-0.283873,-0.120515,-0.881749,0.403819,0.192997,-0.126841,-0.118673,0.719032,-0.460108,-0.002104,-0.001103,-0.000513,0.001215,-0.004191,-0.001599,0.000418,-9e-05,0.001418,-0.002349
17.58,-0.407094,-0.281615,-0.133814,-0.802059,0.422339,0.193808,-0.110198,-0.133124,0.660899,-0.403224,-1.9263,0.485,-1.3272,11.9393,0.7483,0.165,3.316,-1.4447,-8.7362,2.2796,-0.393898,-0.283895,-0.120525,-0.881725,0.403735,0.192966,-0.126832,-0.118674,0.71906,-0.460155,-0.002154,-0.001101,-0.000496,0.001212,-0.004187,-0.001564,0.000414,-8.7e-05,0.001398,-0.002342
17.6,-0.407141,-0.281621,-0.133828,-0.80205,0.422309,0.193791,-0.110194,-0.133132,0.660908,-0.403225,-1.9254,0.4881,-1.3277,11.9372,0.7504,0.1662,3.3153,-1.4453,-8.7388,2.2813,-0.393942,-0.283917,-0.120535,-0.881701,0.403651,0.192935,-0.126824,-0.118676,0.719088,-0.460201,-0.002201,-0.001098,-0.000481,0.00121,-0.004182,-0.001531,0.00041,-8.5e-05,0.001379,-0.002336
17.62,-0.407187,-0.281627,-0.133842,-0.80204,0.42228,0.193774,-0.110189,-0.13314,0.660918,-0.403226,-1.9246,0.4913,-1.3282,11.9351,0.7526,0.1674,3.3146,-1.4459,-8.7413,2.2832,-0.393987,-0.283939,-0.120545,-0.881677,0.403568,0.192906,-0.126816,-0.118678,0.719115,-0.460248,-0.002245,-0.001095,-0.000466,0.001208,-0.004177,-0.001501,0.000406,-8.4e-05,0.001361,-0.002331
17.64,-0.407234,-0.281632,-0.133856,-0.802029,0.422252,0.193758,-0.110185,-0.133147,0.660928,-0.403225,-1.9237,0.4945,-1.3286,11.933,0.7549,0.1686,3.314,-1.4465,-8.7437,2.2851,-0.394033,-0.283961,-0.120554,-0.881652,0.403484,0.192876,-0.126808,-0.118679,0.719142,-0.460294,-0.002286,-0.001092,-0.000452,0.001206,-0.004171,-0.001472,0.000402,-8.4e-05,0.001343,-0.002327
17.66,-0.407281,-0.281638,-0.133869,-0.802019,0.422226,0.193742,-0.11018,-0.133155,0.660938,-0.403223,-1.9228,0.4977,-1.3291,11.931,0.7571,0.1698,3.3134,-1.4472,-8.7461,2.287,-0.394079,-0.283983,-0.120563,-0.881628,0.4034,0.192848,-0.1268,-0.118681,0.719169,-0.460341,-0.002325,-0.001089,-0.000439,0.001204,-0.004164,-0.001445,0.000398,-8.4e-05,0.001326,-0.002324
17.68,-0.407329,-0.281643,-0.133881,-0.802008,0.4222,0.193726,-0.110176,-0.133164,0.660948,-0.40322,-1.922,0.5008,-1.3295,11.929,0.7594,0.171,3.3129,-1.4478,-8.7484,2.289,-0.394127,-0.284004,-0.120571,-0.881604,0.403317,0.19282,-0.126792,-0.118683,0.719195,-0.460387,-0.002363,-0.001085,-0.000426,0.001203,-0.004157,-0.001418,0.000395,-8.5e-05,0.001309,-0.002322
17.7,-0.407378,-0.281649,-0.133894,-0.801998,0.422176,0.19371,-0.110171,-0.133172,0.660958,-0.403215,-1.9211,0.504,-1.33,11.927,0.7618,0.1722,3.3124,-1.4485,-8.7506,2.291,-0.394175,-0.284026,-0.12058,-0.88158,0.403234,0.192792,-0.126784,-0.118684,0.719221,-0.460434,-0.002399,-0.001082,-0.000413,0.001202,-0.004149,-0.001393,0.000392,-8.6e-05,0.001293,-0.00232
17.72,-0.407427,-0.281654,-0.133906,-0.801987,0.422153,0.193695,-0.110166,-0.13318,0.660969,-0.403209,-1.9202,0.5072,-1.3304,11.925,0.7642,0.1734,3.3119,-1.4491,-8.7528,2.2931,-0.394224,-0.284048,-0.120588,-0.881556,0.403151,0.192765,-0.126776,-0.118686,0.719247,-0.46048,-0.002434,-0.001078,-0.000401,0.0012,-0.004141,-0.001367,0.000388,-8.8e-05,0.001278,-0.002319
17.74,-0.407476,-0.281659,-0.133917,-0.801976,0.422131,0.193681,-0.110161,-0.133189,0.660979,-0.403202,-1.9193,0.5104,-1.3308,11.9231,0.7666,0.1746,3.3114,-1.4498,-8.7549,2.2953,-0.394274,-0.284069,-0.120596,-0.881532,0.403068,0.192738,-0.126769,-0.118688,0.719272,-0.460526,-0.002468,-0.001075,-0.000389,0.001199,-0.004132,-0.001343,0.000385,-9.1e-05,0.001263,-0.002318
17.76,-0.407526,-0.281664,-0.133929,-0.801965,0.42211,0.193667,-0.110156,-0.133198,0.66099,-0.403193,-1.9184,0.5136,-1.3312,11.9212,0.7691,0.1757,3.311,-1.4505,-8.7569,2.2975,-0.394324,-0.284091,-0.120604,-0.881508,0.402985,0.192712,-0.126761,-0.118689,0.719297,-0.460573,-0.002502,-0.001071,-0.000376,0.001198,-0.004122,-0.001318,0.000383,-9.4e-05,0.001248,-0.002319
17.78,-0.407576,-0.281669,-0.13394,-0.801953,0.422091,0.193653,-0.11015,-0.133206,0.661001,-0.403183,-1.9176,0.5168,-1.3316,11.9193,0.7716,0.1769,3.3106,-1.4512,-8.7589,2.2997,-0.394375,-0.284112,-0.120611,-0.881485,0.402903,0.192687,-0.126754,-0.118691,0.719322,-0.460619,-0.002535,-0.001066,-0.000364,0.001197,-0.004112,-0.001295,0.00038,-9.7e-05,0.001233,-0.002319
17.8,-0.407627,-0.281674,-0.13395,-0.801942,0.422072,0.193639,-0.110145,-0.133215,0.661012,-0.403172,-1.9167,0.5199,-1.332,11.9175,0.7741,0.1781,3.3102,-1.4519,-8.7607,2.302,-0.394426,-0.284133,-0.120618,-0.881461,0.40282,0.192661,-0.126746,-0.118693,0.719347,-0.460665,-0.002567,-0.001062,-0.000352,0.001195,-0.004101,-0.001271,0.000377,-0.0001,0.001219,-0.002321
17.82,-0.407678,-0.281679,-0.13396,-0.80193,0.422054,0.193626,-0.110139,-0.133225,0.661023,-0.40316,-1.9158,0.5231,-1.3324,11.9157,0.7767,0.1793,3.3099,-1.4526,-8.7626,2.3044,-0.394478,-0.284155,-0.120625,-0.881437,0.402738,0.192636,-0.126738,-0.118695,0.719371,-0.460712,-0.002597,-0.001057,-0.000339,0.001193,-0.004089,-0.001251,0.000375,-0.000102,0.001206,-0.002324
17.84,-0.40773,-0.281684,-0.133971,-0.801918,0.422037,0.193613,-0.110134,-0.133234,0.661035,-0.403147,-1.9151,0.5261,-1.3328,11.9139,0.7793,0.1808,3.3096,-1.4533,-8.7643,2.3068,-0.394531,-0.284176,-0.120632,-0.881413,0.402656,0.192612,-0.126731,-0.118697,0.719395,-0.460758,-0.00262,-0.001052,-0.000326,0.00119,-0.004075,-0.001238,0.000373,-0.000104,0.001191,-0.002328
17.86,-0.407782,-0.281688,-0.13398,-0.801907,0.422022,0.1936,-0.110128,-0.133243,0.661047,-0.403133,-1.9146,0.5294,-1.3332,11.9121,0.7819,0.1824,3.3094,-1.454,-8.766,2.3092,-0.394584,-0.284197,-0.120638,-0.881389,0.402575,0.192587,-0.126724,-0.118699,0.719419,-0.460805,-0.002638,-0.001047,-0.000313,0.001187,-0.004059,-0.001232,0.000371,-0.000107,0.001175,-0.002333
17.88,-0.407835,-0.281691,-0.13399,-0.801894,0.422009,0.193588,-0.110122,-0.133252,0.661058,-0.403119,-1.9141,0.5327,-1.3335,11.9104,0.7846,0.1842,3.3092,-1.4548,-8.7675,2.3116,-0.394637,-0.284218,-0.120644,-0.881366,0.402494,0.192562,-0.126716,-0.118701,0.719442,-0.460852,-0.002656,-0.001041,-0.000299,0.001183,-0.004042,-0.001225,0.000369,-0.000109,0.00116,-0.00234
17.9,-0.407888,-0.281695,-0.133999,-0.801882,0.421996,0.193577,-0.110116,-0.133262,0.66107,-0.403103,-1.9136,0.536,-1.3339,11.9088,0.7873,0.1859,3.3089,-1.4555,-8.7691,2.3141,-0.394691,-0.284238,-0.12065,-0.881342,0.402413,0.192538,-0.126709,-0.118703,0.719465,-0.460899,-0.002673,-0.001034,-0.000285,0.00118,-0.004025,-0.001219,0.000369,-0.000111,0.001146,-0.002348
17.92,-0.407942,-0.281698,-0.134007,-0.801869,0.421985,0.193566,-0.110109,-0.133271,0.661083,-0.403087,-1.9131,0.5392,-1.3343,11.9072,0.7901,0.1877,3.3087,-1.4562,-8.7706,2.3167,-0.394744,-0.284259,-0.120655,-0.881318,0.402333,0.192514,-0.126701,-0.118706,0.719488,-0.460946,-0.002692,-0.001026,-0.00027,0.001177,-0.004008,-0.001212,0.000368,-0.000114,0.001131,-0.002357
17.94,-0.407997,-0.281701,-0.134015,-0.801857,0.421975,0.193555,-0.110103,-0.133281,0.661095,-0.40307,-1.9127,0.5425,-1.3346,11.9056,0.7928,0.1896,3.3085,-1.4569,-8.772,2.3193,-0.394799,-0.284279,-0.12066,-0.881295,0.402252,0.19249,-0.126694,-0.118708,0.71951,-0.460993,-0.002711,-0.001019,-0.000255,0.001173,-0.003989,-0.001205,0.000368,-0.000116,0.001117,-0.002365
17.96,-0.408052,-0.281704,-0.134023,-0.801844,0.421965,0.193545,-0.110097,-0.133291,0.661107,-0.403052,-1.9122,0.5458,-1.3349,11.9041,0.7956,0.1914,3.3082,-1.4577,-8.7733,2.3219,-0.394853,-0.2843,-0.120665,-0.881272,0.402173,0.192466,-0.126687,-0.11871,0.719532,-0.46104,-0.00273,-0.001011,-0.000241,0.001169,-0.00397,-0.001197,0.000368,-0.000119,0.001103,-0.002375
17.98,-0.408107,-0.281707,-0.13403,-0.801831,0.421957,0.193535,-0.110091,-0.1333,0.66112,-0.403032,-1.9118,0.549,-1.3353,11.9026,0.7984,0.1933,3.308,-1.4584,-8.7745,2.3246,-0.394909,-0.28432,-0.12067,-0.881248,0.402093,0.192442,-0.126679,-0.118712,0.719554,-0.461088,-0.00275,-0.001003,-0.000226,0.001165,-0.003951,-0.001189,0.000368,-0.000122,0.001089,-0.002385
18.0,-0.408163,-0.28171,-0.134037,-0.801817,0.421949,0.193525,-0.110085,-0.13331,0.661133,-0.403011,-1.9114,0.5522,-1.3356,11.9011,0.8013,0.1951,3.3078,-1.4591,-8.7757,2.3273,-0.394964,-0.28434,-0.120674,-0.881225,0.402015,0.192419,-0.126672,-0.118715,0.719576,-0.461136,-0.00277,-0.000994,-0.000211,0.001161,-0.00393,-0.00118,0.000368,-0.000125,0.001075,-0.002395
18.02,-0.40822,-0.281712,-0.134044,-0.801804,0.421943,0.193516,-0.110078,-0.13332,0.661146,-0.40299,-1.911,0.5554,-1.3359,11.8997,0.8041,0.197,3.3076,-1.4599,-8.7768,2.3302,-0.39502,-0.284359,-0.120678,-0.881202,0.401936,0.192395,-0.126665,-0.118717,0.719597,-0.461184,-0.002789,-0.000986,-0.000197,0.001157,-0.003909,-0.001172,0.000368,-0.000128,0.001061,-0.002407
18.04,-0.408277,-0.281715,-0.134051,-0.80179,0.421937,0.193506,-0.110072,-0.13333,0.661159,-0.402966,-1.9106,0.5586,-1.3362,11.8983,0.807,0.1989,3.3074,-1.4606,-8.7779,2.333,-0.395076,-0.284379,-0.120682,-0.881179,0.401858,0.192372,-0.126657,-0.11872,0.719618,-0.461232,-0.002809,-0.000978,-0.000183,0.001153,-0.003888,-0.001163,0.000368,-0.000132,0.001047,-0.002418
18.06,-0.408334,-0.281718,-0.134057,-0.801777,0.421932,0.193498,-0.110065,-0.13334,0.661173,-0.402942,-1.9102,0.5618,-1.3365,11.8969,0.8099,0.2008,3.3072,-1.4613,-8.7788,2.3359,-0.395133,-0.284399,-0.120685,-0.881156,0.40178,0.192349,-0.12665,-0.118722,0.719639,-0.46128,-0.002829,-0.000972,-0.000171,0.001147,-0.003865,-0.001154,0.000368,-0.000136,0.001033,-0.00243
18.08,-0.408392,-0.28172,-0.134062,-0.801763,0.421927,0.193489,-0.110059,-0.133351,0.661187,-0.402917,-1.9099,0.5651,-1.3368,11.8956,0.8128,0.2027,3.3071,-1.4621,-8.7797,2.3389,-0.39519,-0.284418,-0.120689,-0.881133,0.401703,0.192326,-0.126643,-0.118725,0.719659,-0.461329,-0.002848,-0.000968,-0.000162,0.001141,-0.003841,-0.001144,0.000366,-0.000141,0.001018,-0.002441
18.1,-0.40845,-0.281723,-0.134068,-0.801749,0.421924,0.193481,-0.110052,-0.133361,0.6612,-0.40289,-1.9095,0.5683,-1.3371,11.8943,0.8157,0.2046,3.307,-1.4628,-8.7805,2.342,-0.395248,-0.284437,-0.120692,-0.88111,0.401626,0.192304,-0.126635,-0.118728,0.719679,-0.461378,-0.002867,-0.000965,-0.000152,0.001135,-0.003817,-0.001135,0.000364,-0.000147,0.001004,-0.002453
18.12,-0.408508,-0.281726,-0.134073,-0.801735,0.421921,0.193472,-0.110046,-0.133372,0.661215,-0.402862,-1.9091,0.5715,-1.3373,11.8931,0.8186,0.2065,3.3069,-1.4636,-8.7813,2.345,-0.395305,-0.284457,-0.120695,-0.881088,0.40155,0.192281,-0.126628,-0.118731,0.719699,-0.461427,-0.002886,-0.000961,-0.000143,0.00113,-0.003792,-0.001125,0.000362,-0.000153,0.00099,-0.002466
18.14,-0.408567,-0.281728,-0.134078,-0.801722,0.421919,0.193465,-0.110039,-0.133382,0.661229,-0.402833,-1.9087,0.5747,-1.3376,11.8918,0.8215,0.2084,3.3069,-1.4643,-8.7819,2.3482,-0.395364,-0.284476,-0.120697,-0.881065,0.401475,0.192259,-0.126621,-0.118734,0.719719,-0.461477,-0.002905,-0.000957,-0.000135,0.001124,-0.003767,-0.001115,0.000361,-0.00016,0.000977,-0.002479
18.16,-0.408626,-0.281731,-0.134082,-0.801708,0.421917,0.193457,-0.110032,-0.133393,0.661244,-0.402802,-1.9082,0.5779,-1.3378,11.8906,0.8244,0.2104,3.3068,-1.465,-8.7825,2.3514,-0.395422,-0.284495,-0.1207,-0.881043,0.401399,0.192237,-0.126614,-0.118737,0.719738,-0.461526,-0.002923,-0.000953,-0.000126,0.001118,-0.003741,-0.001105,0.000359,-0.000167,0.000963,-0.002492
18.18,-0.408685,-0.281734,-0.134087,-0.801694,0.421916,0.193449,-0.110026,-0.133404,0.661258,-0.402771,-1.9078,0.581,-1.3381,11.8894,0.8273,0.2123,3.3068,-1.4658,-8.783,2.3547,-0.395481,-0.284514,-0.120702,-0.881021,0.401325,0.192215,-0.126607,-0.11874,0.719757,-0.461576,-0.002941,-0.00095,-0.000119,0.001112,-0.003714,-0.001095,0.000358,-0.000174,0.00095,-0.002506
18.2,-0.408744,-0.281737,-0.134091,-0.80168,0.421915,0.193442,-0.110019,-0.133415,0.661274,-0.402738,-1.9073,0.5841,-1.3383,11.8882,0.8302,0.2142,3.3068,-1.4665,-8.7835,2.3581,-0.395541,-0.284533,-0.120704,-0.880998,0.401251,0.192193,-0.1266,-0.118744,0.719776,-0.461627,-0.002959,-0.000946,-0.000111,0.001106,-0.003687,-0.001085,0.000357,-0.000182,0.000937,-0.00252
18.22,-0.408803,-0.28174,-0.134095,-0.801666,0.421915,0.193435,-0.110012,-0.133426,0.661289,-0.402704,-1.9069,0.5871,-1.3385,11.8871,0.8331,0.2161,3.3068,-1.4672,-8.7839,2.3615,-0.3956,-0.284552,-0.120706,-0.880976,0.401177,0.192172,-0.126592,-0.118748,0.719795,-0.461677,-0.002976,-0.000942,-0.000105,0.0011,-0.003659,-0.001075,0.000355,-0.00019,0.000924,-0.002535
18.24,-0.408863,-0.281744,-0.134099,-0.801652,0.421915,0.193428,-0.110005,-0.133438,0.661304,-0.402668,-1.9063,0.5901,-1.3387,11.8859,0.836,0.218,3.3068,-1.4679,-8.7842,2.3649,-0.39566,-0.28457,-0.120708,-0.880955,0.401104,0.192151,-0.126585,-0.118751,0.719813,-0.461728,-0.002993,-0.000939,-9.9e-05,0.001094,-0.00363,-0.001065,0.000354,-0.000199,0.000911,-0.00255
18.26,-0.408922,-0.281747,-0.134102,-0.801638,0.421916,0.193422,-0.109998,-0.133449,0.66132,-0.402631,-1.9058,0.5931,-1.3389,11.8848,0.839,0.2199,3.3068,-1.4686,-8.7844,2.3685,-0.395721,-0.284589,-0.12071,-0.880933,0.401032,0.192129,-0.126578,-0.118755,0.719831,-0.461779,-0.003009,-0.000935,-9.3e-05,0.001087,-0.003601,-0.001055,0.000354,-0.000209,0.000899,-0.002565
18.28,-0.408982,-0.281751,-0.134106,-0.801624,0.421918,0.193415,-0.109991,-0.133461,0.661336,-0.402593,-1.9052,0.596,-1.3391,11.8837,0.8419,0.2218,3.3068,-1.4694,-8.7845,2.3721,-0.395781,-0.284608,-0.120712,-0.880911,0.40096,0.192109,-0.126571,-0.11876,0.719849,-0.461831,-0.003025,-0.000931,-8.8e-05,0.001081,-0.003572,-0.001044,0.000353,-0.000219,0.000886,-0.002581
18.3,-0.409041,-0.281755,-0.134109,-0.80161,0.42192,0.193409,-0.109983,-0.133472,0.661353,-0.402554,-1.9046,0.5988,-1.3393,11.8826,0.8447,0.2237,3.3069,-1.4701,-8.7846,2.3757,-0.395842,-0.284626,-0.120713,-0.88089,0.400889,0.192088,-0.126564,-0.118764,0.719866,-0.461883,-0.003041,-0.000928,-8.4e-05,0.001074,-0.003542,-0.001034,0.000352,-0.000229,0.000874,-0.002597
18.32,-0.409101,-0.281759,-0.134112,-0.801596,0.421922,0.193403,-0.109976,-0.133484,0.661369,-0.402513,-1.904,0.6017,-1.3394,11.8815,0.8476,0.2256,3.307,-1.4708,-8.7846,2.3794,-0.395904,-0.284645,-0.120715,-0.880868,0.400818,0.192068,-0.126557,-0.118769,0.719884,-0.461935,-0.003056,-0.000924,-8e-05,0.001068,-0.003511,-0.001024,0.000352,-0.000241,0.000862,-0.002613
18.34,-0.40916,-0.281763,-0.134115,-0.801583,0.421925,0.193397,-0.109969,-0.133496,0.661386,-0.402472,-1.9033,0.6044,-1.3396,11.8804,0.8505,0.2275,3.3071,-1.4714,-8.7846,2.3832,-0.395965,-0.284663,-0.120716,-0.880847,0.400748,0.192047,-0.12655,-0.118774,0.719901,-0.461987,-0.00307,-0.000921,-7.7e-05,0.001061,-0.003481,-0.001014,0.000351,-0.000252,0.000851,-0.002629
18.36,-0.409219,-0.281767,-0.134118,-0.801569,0.421928,0.193391,-0.109961,-0.133509,0.661403,-0.402429,-1.9026,0.6071,-1.3398,11.8794,0.8534,0.2294,3.3072,-1.4721,-8.7844,2.3871,-0.396027,-0.284682,-0.120718,-0.880826,0.400679,0.192027,-0.126543,-0.118779,0.719918,-0.46204,-0.003083,-0.000917,-7.5e-05,0.001054,-0.003449,-0.001004,0.000351,-0.000265,0.00084,-0.002645
18.38,-0.409279,-0.281772,-0.134121,-0.801556,0.421931,0.193385,-0.109953,-0.133521,0.66142,-0.402385,-1.9019,0.6098,-1.3399,11.8783,0.8562,0.2313,3.3073,-1.4728,-8.7842,2.391,-0.396089,-0.2847,-0.120719,-0.880805,0.40061,0.192007,-0.126536,-0.118784,0.719934,-0.462093,-0.003096,-0.000914,-7.3e-05,0.001048,-0.003418,-0.000995,0.000351,-0.000277,0.000829,-0.002662
18.4,-0.409338,-0.281776,-0.134124,-0.801542,0.421935,0.19338,-0.109946,-0.133534,0.661438,-0.402339,-1.9011,0.6124,-1.34,11.8773,0.8591,0.2332,3.3074,-1.4734,-8.784,2.3949,-0.396152,-0.284718,-0.120721,-0.880784,0.400542,0.191988,-0.126529,-0.11879,0.719951,-0.462146,-0.003108,-0.000911,-7.1e-05,0.001041,-0.003386,-0.000985,0.000351,-0.000291,0.000818,-0.002679
18.42,-0.409397,-0.281781,-0.134126,-0.801529,0.421939,0.193374,-0.109938,-0.133546,0.661456,-0.402293,-1.9002,0.615,-1.3402,11.8762,0.8619,0.235,3.3076,-1.474,-8.7836,2.3989,-0.396214,-0.284736,-0.120722,-0.880763,0.400474,0.191968,-0.126522,-0.118796,0.719967,-0.4622,-0.00312,-0.000907,-7.1e-05,0.001034,-0.003354,-0.000976,0.000351,-0.000304,0.000808,-0.002695
18.44,-0.409455,-0.281786,-0.134129,-0.801515,0.421943,0.193369,-0.10993,-0.133559,0.661474,-0.402246,-1.8993,0.6175,-1.3403,11.8752,0.8647,0.2369,3.3077,-1.4746,-8.7833,2.403,-0.396277,-0.284755,-0.120723,-0.880743,0.400407,0.191949,-0.126515,-0.118802,0.719983,-0.462254,-0.003131,-0.000904,-7.1e-05,0.001027,-0.003321,-0.000966,0.000351,-0.000319,0.000798,-0.002712
18.46,-0.409514,-0.281792,-0.134131,-0.801502,0.421948,0.193364,-0.109922,-0.133572,0.661492,-0.402197,-1.8984,0.62,-1.3404,11.8742,0.8675,0.2388,3.3079,-1.4752,-8.7828,2.4072,-0.39634,-0.284773,-0.120725,-0.880722,0.400341,0.19193,-0.126508,-0.118808,0.719999,-0.462308,-0.003141,-0.000901,-7.1e-05,0.00102,-0.003289,-0.000957,0.000352,-0.000333,0.000788,-0.002729
18.48,-0.409572,-0.281797,-0.134134,-0.801489,0.421953,0.193359,-0.109914,-0.133585,0.661511,-0.402148,-1.8974,0.6224,-1.3405,11.8732,0.8703,0.2406,3.3081,-1.4758,-8.7823,2.4113,-0.396403,-0.284791,-0.120726,-0.880702,0.400276,0.191911,-0.126501,-0.118815,0.720014,-0.462363,-0.00315,-0.000898,-7.2e-05,0.001013,-0.003256,-0.000948,0.000352,-0.000348,0.000779,-0.002747
18.5,-0.40963,-0.281803,-0.134136,-0.801476,0.421959,0.193354,-0.109906,-0.133598,0.66153,-0.402097,-1.8964,0.6247,-1.3406,11.8721,0.8731,0.2425,3.3083,-1.4764,-8.7817,2.4156,-0.396467,-0.284809,-0.120727,-0.880682,0.400211,0.191892,-0.126494,-0.118822,0.72003,-0.462418,-0.003159,-0.000896,-7.4e-05,0.001006,-0.003223,-0.000939,0.000353,-0.000364,0.00077,-0.002764
18.52,-0.409687,-0.281809,-0.134138,-0.801464,0.421964,0.193349,-0.109898,-0.133612,0.661549,-0.402046,-1.8953,0.627,-1.3407,11.8711,0.8759,0.2443,3.3085,-1.4769,-8.781,2.4199,-0.39653,-0.284826,-0.120729,-0.880662,0.400147,0.191874,-0.126487,-0.118829,0.720045,-0.462474,-0.003166,-0.000893,-7.6e-05,0.000999,-0.00319,-0.000931,0.000353,-0.000379,0.000762,-0.002781
18.54,-0.409745,-0.281816,-0.134141,-0.801451,0.42197,0.193344,-0.109889,-0.133625,0.661568,-0.401993,-1.8942,0.6292,-1.3408,11.8701,0.8786,0.2461,3.3088,-1.4774,-8.7803,2.4242,-0.396594,-0.284844,-0.12073,-0.880642,0.400083,0.191855,-0.12648,-0.118837,0.72006,-0.462529,-0.003173,-0.00089,-7.9e-05,0.000993,-0.003157,-0.000922,0.000354,-0.000396,0.000754,-0.002799
18.56,-0.409802,-0.281822,-0.134143,-0.801438,0.421977,0.19334,-0.109881,-0.133639,0.661588,-0.40194,-1.893,0.6314,-1.3408,11.8691,0.8813,0.248,3.309,-1.4779,-8.7795,2.4286,-0.396658,-0.284862,-0.120732,-0.880622,0.40002,0.191837,-0.126473,-0.118845,0.720075,-0.462586,-0.003179,-0.000888,-8.3e-05,0.000986,-0.003123,-0.000914,0.000355,-0.000412,0.000746,-0.002816
18.58,-0.409858,-0.281829,-0.134145,-0.801426,0.421983,0.193335,-0.109873,-0.133652,0.661608,-0.401886,-1.8917,0.6335,-1.3409,11.8681,0.8841,0.2498,3.3093,-1.4784,-8.7787,2.4331,-0.396722,-0.28488,-0.120733,-0.880603,0.399958,0.191819,-0.126466,-0.118853,0.72009,-0.462642,-0.003185,-0.000885,-8.6e-05,0.000979,-0.00309,-0.000906,0.000355,-0.000429,0.000739,-0.002833
18.6,-0.409914,-0.281836,-0.134148,-0.801414,0.42199,0.19333,-0.109864,-0.133666,0.661628,-0.401831,-1.8904,0.6356,-1.3409,11.867,0.8867,0.2516,3.3096,-1.4789,-8.7778,2.4375,-0.396786,-0.284897,-0.120735,-0.880583,0.399897,0.191801,-0.126459,-0.118862,0.720105,-0.462699,-0.003189,-0.000883,-9.1e-05,0.000972,-0.003057,-0.000898,0.000356,-0.000446,0.000732,-0.002851
18.62,-0.40997,-0.281843,-0.13415,-0.801401,0.421996,0.193326,-0.109855,-0.13368,0.661648,-0.401775,-1.8891,0.6376,-1.341,11.866,0.8894,0.2534,3.3099,-1.4793,-8.7769,2.4421,-0.39685,-0.284915,-0.120737,-0.880564,0.399836,0.191783,-0.126452,-0.118871,0.720119,-0.462756,-0.003193,-0.000881,-9.6e-05,0.000965,-0.003023,-0.000891,0.000357,-0.000463,0.000726,-0.002868
18.64,-0.410025,-0.281851,-0.134152,-0.80139,0.422003,0.193321,-0.109846,-0.133694,0.661669,-0.401718,-1.8877,0.6396,-1.341,11.865,0.8921,0.2552,3.3102,-1.4797,-8.7759,2.4467,-0.396914,-0.284933,-0.120739,-0.880545,0.399776,0.191766,-0.126445,-0.118881,0.720134,-0.462814,-0.003196,-0.000879,-0.000101,0.000959,-0.00299,-0.000884,0.000358,-0.000481,0.00072,-0.002886
18.66,-0.41008,-0.281859,-0.134155,-0.801378,0.422011,0.193317,-0.109838,-0.133708,0.66169,-0.401661,-1.8862,0.6415,-1.341,11.864,0.8947,0.2569,3.3105,-1.4801,-8.7749,2.4513,-0.396978,-0.28495,-0.120741,-0.880526,0.399716,0.191748,-0.126437,-0.11889,0.720148,-0.462871,-0.003198,-0.000877,-0.000107,0.000952,-0.002956,-0.000877,0.000359,-0.000498,0.000715,-0.002904
18.68,-0.410135,-0.281867,-0.134157,-0.801366,0.422018,0.193312,-0.109829,-0.133722,0.661711,-0.401603,-1.8847,0.6433,-1.341,11.8629,0.8973,0.2587,3.3108,-1.4804,-8.7738,2.4559,-0.397043,-0.284968,-0.120743,-0.880507,0.399657,0.191731,-0.12643,-0.118901,0.720162,-0.46293,-0.003199,-0.000875,-0.000113,0.000945,-0.002923,-0.00087,0.00036,-0.000516,0.00071,-0.002921
18.7,-0.410188,-0.281875,-0.134159,-0.801354,0.422025,0.193308,-0.109819,-0.133737,0.661732,-0.401545,-1.8831,0.6451,-1.341,11.8619,0.8999,0.2605,3.3112,-1.4807,-8.7727,2.4607,-0.397107,-0.284985,-0.120745,-0.880488,0.399599,0.191714,-0.126423,-0.118911,0.720176,-0.462988,-0.0032,-0.000873,-0.000119,0.000939,-0.002889,-0.000864,0.000362,-0.000534,0.000705,-0.002939
18.72,-0.410242,-0.281883,-0.134162,-0.801343,0.422033,0.193304,-0.10981,-0.133751,0.661754,-0.401485,-1.8815,0.6469,-1.341,11.8609,0.9025,0.2623,3.3115,-1.481,-8.7715,2.4654,-0.397171,-0.285003,-0.120748,-0.880469,0.399541,0.191697,-0.126416,-0.118922,0.72019,-0.463047,-0.003199,-0.000871,-0.000126,0.000932,-0.002856,-0.000858,0.000363,-0.000552,0.000701,-0.002956
18.74,-0.410295,-0.281892,-0.134165,-0.801332,0.422041,0.193299,-0.109801,-0.133765,0.661776,-0.401426,-1.8798,0.6486,-1.341,11.8598,0.905,0.264,3.3119,-1.4813,-8.7703,2.4702,-0.397235,-0.28502,-0.12075,-0.880451,0.399485,0.19168,-0.126409,-0.118933,0.720204,-0.463106,-0.003198,-0.00087,-0.000134,0.000925,-0.002823,-0.000852,0.000364,-0.000571,0.000697,-0.002974
18.76,-0.410347,-0.281901,-0.134167,-0.801321,0.422049,0.193295,-0.109792,-0.13378,0.661798,-0.401365,-1.8781,0.6502,-1.341,11.8588,0.9076,0.2657,3.3123,-1.4815,-8.769,2.475,-0.3973,-0.285038,-0.120753,-0.880432,0.399428,0.191663,-0.126401,-0.118945,0.720218,-0.463166,-0.003196,-0.000868,-0.000141,0.000919,-0.002789,-0.000846,0.000366,-0.000589,0.000694,-0.002992
18.78,-0.410399,-0.28191,-0.13417,-0.80131,0.422057,0.193291,-0.109782,-0.133794,0.661821,-0.401305,-1.8763,0.6518,-1.3409,11.8577,0.9101,0.2675,3.3126,-1.4817,-8.7677,2.4798,-0.397364,-0.285055,-0.120756,-0.880414,0.399373,0.191646,-0.126394,-0.118957,0.720232,-0.463226,-0.003194,-0.000867,-0.000149,0.000912,-0.002756,-0.000841,0.000367,-0.000607,0.000691,-0.003009
18.8,-0.41045,-0.28192,-0.134173,-0.801299,0.422065,0.193286,-0.109773,-0.133809,0.661843,-0.401243,-1.8745,0.6533,-1.3408,11.8567,0.9126,0.2692,3.313,-1.4819,-8.7664,2.4847,-0.397428,-0.285072,-0.120759,-0.880396,0.399318,0.19163,-0.126387,-0.118969,0.720246,-0.463286,-0.00319,-0.000866,-0.000158,0.000906,-0.002723,-0.000836,0.000369,-0.000626,0.000688,-0.003027
18.82,-0.410501,-0.281929,-0.134175,-0.801289,0.422073,0.193282,-0.109763,-0.133824,0.661866,-0.401181,-1.8726,0.6548,-1.3408,11.8556,0.915,0.2709,3.3134,-1.482,-8.765,2.4896,-0.397492,-0.28509,-0.120762,-0.880378,0.399264,0.191613,-0.126379,-0.118982,0.72026,-0.463347,-0.003186,-0.000864,-0.000167,0.0009,-0.00269,-0.000832,0.00037,-0.000644,0.000686,-0.003044
18.84,-0.410551,-0.281939,-0.134178,-0.801278,0.422081,0.193278,-0.109754,-0.133839,0.661889,-0.401119,-1.8706,0.6563,-1.3407,11.8546,0.9175,0.2726,3.3139,-1.4821,-8.7636,2.4946,-0.397556,-0.285107,-0.120765,-0.88036,0.39921,0.191597,-0.126372,-0.118995,0.720273,-0.463408,-0.003181,-0.000863,-0.000176,0.000893,-0.002657,-0.000827,0.000372,-0.000663,0.000684,-0.003062
18.86,-0.4106,-0.281949,-0.134181,-0.801268,0.422089,0.193273,-0.109744,-0.133853,0.661912,-0.401057,-1.8686,0.6577,-1.3406,11.8535,0.9199,0.2743,3.3143,-1.4822,-8.7621,2.4996,-0.39762,-0.285124,-0.120769,-0.880342,0.399158,0.19158,-0.126364,-0.119008,0.720287,-0.46347,-0.003176,-0.000862,-0.000185,0.000887,-0.002624,-0.000823,0.000374,-0.000682,0.000683,-0.003079
18.88,-0.410649,-0.28196,-0.134184,-0.801258,0.422098,0.193269,-0.109734,-0.133868,0.661936,-0.400994,-1.8665,0.659,-1.3405,11.8524,0.9223,0.276,3.3147,-1.4823,-8.7606,2.5046,-0.397683,-0.285141,-0.120773,-0.880325,0.399105,0.191564,-0.126357,-0.119022,0.720301,-0.463531,-0.003169,-0.000861,-0.000194,0.000881,-0.002591,-0.000819,0.000375,-0.0007,0.000682,-0.003096
18.9,-0.410697,-0.281971,-0.134187,-0.801248,0.422106,0.193264,-0.109724,-0.133883,0.66196,-0.400931,-1.8644,0.6603,-1.3404,11.8513,0.9246,0.2777,3.3151,-1.4823,-8.7591,2.5096,-0.397747,-0.285159,-0.120777,-0.880307,0.399054,0.191548,-0.126349,-0.119036,0.720314,-0.463593,-0.003162,-0.00086,-0.000204,0.000875,-0.002559,-0.000816,0.000377,-0.000719,0.000681,-0.003114
18.92,-0.410745,-0.281981,-0.134191,-0.801238,0.422115,0.19326,-0.109714,-0.133898,0.661984,-0.400867,-1.8622,0.6616,-1.3403,11.8503,0.927,0.2794,3.3156,-1.4822,-8.7575,2.5146,-0.39781,-0.285176,-0.120781,-0.88029,0.399003,0.191531,-0.126342,-0.119051,0.720328,-0.463656,-0.003154,-0.00086,-0.000214,0.000868,-0.002526,-0.000813,0.000379,-0.000737,0.000681,-0.003131
18.94,-0.410792,-0.281992,-0.134194,-0.801229,0.422123,0.193255,-0.109704,-0.133913,0.662008,-0.400804,-1.86,0.6627,-1.3401,11.8492,0.9293,0.281,3.316,-1.4822,-8.7559,2.5197,-0.397873,-0.285193,-0.120785,-0.880273,0.398953,0.191515,-0.126334,-0.119066,0.720342,-0.463719,-0.003146,-0.000859,-0.000225,0.000862,-0.002494,-0.00081,0.000381,-0.000756,0.000681,-0.003148
18.96,-0.410838,-0.282004,-0.134198,-0.801219,0.422131,0.193251,-0.109694,-0.133928,0.662032,-0.40074,-1.8577,0.6639,-1.34,11.848,0.9316,0.2827,3.3165,-1.4821,-8.7543,2.5248,-0.397936,-0.28521,-0.12079,-0.880256,0.398903,0.191499,-0.126327,-0.119081,0.720355,-0.463782,-0.003137,-0.000858,-0.000235,0.000856,-0.002462,-0.000808,0.000383,-0.000774,0.000682,-0.003166
18.98,-0.410884,-0.282015,-0.134201,-0.80121,0.42214,0.193246,-0.109684,-0.133943,0.662057,-0.400676,-1.8554,0.665,-1.3398,11.8469,0.9338,0.2843,3.3169,-1.482,-8.7527,2.5299,-0.397999,-0.285227,-0.120794,-0.880238,0.398854,0.191483,-0.126319,-0.119097,0.720369,-0.463845,-0.003127,-0.000858,-0.000246,0.00085,-0.00243,-0.000806,0.000385,-0.000792,0.000682,-0.003183
19.0,-0.410929,-0.282027,-0.134205,-0.801201,0.422148,0.193241,-0.109673,-0.133959,0.662082,-0.400611,-1.853,0.6661,-1.3397,11.8458,0.9361,0.2859,3.3174,-1.4818,-8.751,2.5351,-0.398062,-0.285244,-0.120799,-0.880222,0.398806,0.191467,-0.126311,-0.119113,0.720383,-0.463909,-0.003117,-0.000857,-0.000257,0.000844,-0.002398,-0.000804,0.000387,-0.000811,0.000684,-0.0032
19.02,-0.410973,-0.282039,-0.134209,-0.801192,0.422156,0.193236,-0.109663,-0.133974,0.662107,-0.400547,-1.8505,0.6671,-1.3395,11.8447,0.9383,0.2876,3.3178,-1.4817,-8.7493,2.5402,-0.398124,-0.285262,-0.120805,-0.880205,0.398758,0.191451,-0.126304,-0.119129,0.720396,-0.463973,-0.003106,-0.000857,-0.000268,0.000838,-0.002366,-0.000802,0.000389,-0.000829,0.000685,-0.003217
19.04,-0.411017,-0.282051,-0.134213,-0.801183,0.422165,0.193231,-0.109653,-0.133989,0.662132,-0.400483,-1.8481,0.6681,-1.3393,11.8436,0.9404,0.2892,3.3183,-1.4814,-8.7476,2.5454,-0.398186,-0.285279,-0.12081,-0.880188,0.398711,0.191435,-0.126296,-0.119146,0.72041,-0.464038,-0.003094,-0.000856,-0.00028,0.000832,-0.002335,-0.000801,0.000392,-0.000847,0.000687,-0.003234
19.06,-0.41106,-0.282064,-0.134217,-0.801174,0.422173,0.193226,-0.109642,-0.134004,0.662158,-0.400418,-1.8455,0.669,-1.3391,11.8424,0.9426,0.2908,3.3187,-1.4812,-8.7459,2.5506,-0.398248,-0.285296,-0.120816,-0.880172,0.398665,0.19142,-0.126288,-0.119163,0.720424,-0.464103,-0.003082,-0.000856,-0.000291,0.000827,-0.002303,-0.0008,0.000394,-0.000864,0.000689,-0.003251
19.08,-0.411102,-0.282077,-0.134221,-0.801166,0.422181,0.193221,-0.109632,-0.13402,0.662183,-0.400354,-1.8429,0.6699,-1.3389,11.8413,0.9447,0.2923,3.3192,-1.4809,-8.7441,2.5558,-0.39831,-0.285313,-0.120822,-0.880155,0.398619,0.191404,-0.12628,-0.11918,0.720438,-0.464168,-0.003069,-0.000856,-0.000302,0.000821,-0.002272,-0.000799,0.000396,-0.000882,0.000691,-0.003267
19.1,-0.411144,-0.28209,-0.134225,-0.801158,0.422189,0.193216,-0.109621,-0.134035,0.662209,-0.400289,-1.8403,0.6707,-1.3386,11.8401,0.9468,0.2939,3.3197,-1.4806,-8.7424,2.561,-0.398371,-0.28533,-0.120828,-0.880139,0.398574,0.191388,-0.126272,-0.119198,0.720451,-0.464233,-0.003055,-0.000856,-0.000314,0.000815,-0.002241,-0.000799,0.000399,-0.0009,0.000694,-0.003284
19.12,-0.411184,-0.282103,-0.13423,-0.80115,0.422197,0.19321,-0.109611,-0.13405,0.662235,-0.400224,-1.8376,0.6715,-1.3384,11.839,0.9489,0.2955,3.3201,-1.4802,-8.7406,2.5663,-0.398433,-0.285347,-0.120834,-0.880123,0.398529,0.191372,-0.126264,-0.119216,0.720465,-0.464299,-0.003041,-0.000856,-0.000326,0.000809,-0.00221,-0.000799,0.000401,-0.000917,0.000697,-0.003301
19.14,-0.411225,-0.282116,-0.134234,-0.801142,0.422205,0.193205,-0.1096,-0.134065,0.662261,-0.40016,-1.8349,0.6722,-1.3381,11.8378,0.9509,0.297,3.3206,-1.4799,-8.7388,2.5715,-0.398493,-0.285364,-0.120841,-0.880107,0.398485,0.191356,-0.126256,-0.119235,0.720479,-0.464365,-0.003027,-0.000856,-0.000338,0.000803,-0.002179,-0.0008,0.000403,-0.000934,0.0007,-0.003317
19.16,-0.411264,-0.28213,-0.134239,-0.801134,0.422213,0.193199,-0.109589,-0.134081,0.662288,-0.400095,-1.8321,0.6729,-1.3379,11.8366,0.953,0.2986,3.321,-1.4794,-8.7369,2.5768,-0.398554,-0.285382,-0.120848,-0.880091,0.398442,0.19134,-0.126248,-0.119254,0.720493,-0.464432,-0.003012,-0.000856,-0.00035,0.000798,-0.002149,-0.0008,0.000406,-0.000952,0.000703,-0.003334
19.18,-0.411303,-0.282144,-0.134244,-0.801126,0.42222,0.193193,-0.109578,-0.134096,0.662314,-0.400031,-1.8293,0.6736,-1.3376,11.8355,0.9549,0.3001,3.3215,-1.479,-8.7351,2.582,-0.398614,-0.285399,-0.120855,-0.880075,0.398399,0.191324,-0.12624,-0.119273,0.720508,-0.464499,-0.002996,-0.000856,-0.000362,0.000792,-0.002118,-0.000801,0.000409,-0.000969,0.000707,-0.00335
19.2,-0.411341,-0.282158,-0.134249,-0.801119,0.422228,0.193187,-0.109568,-0.134111,0.662341,-0.399967,-1.8264,0.6742,-1.3373,11.8343,0.9569,0.3016,3.322,-1.4785,-8.7333,2.5873,-0.398674,-0.285416,-0.120863,-0.880059,0.398357,0.191308,-0.126232,-0.119293,0.720522,-0.464566,-0.00298,-0.000857,-0.000375,0.000786,-0.002088,-0.000802,0.000411,-0.000985,0.00071,-0.003366
19.22,-0.411378,-0.282172,-0.134254,-0.801111,0.422235,0.193181,-0.109557,-0.134127,0.662368,-0.399903,-1.8235,0.6748,-1.337,11.8331,0.9588,0.3031,3.3224,-1.478,-8.7314,2.5926,-0.398734,-0.285433,-0.12087,-0.880043,0.398316,0.191292,-0.126223,-0.119312,0.720536,-0.464633,-0.002963,-0.000857,-0.000387,0.00078,-0.002058,-0.000804,0.000414,-0.001002,0.000715,-0.003382
19.24,-0.411415,-0.282187,-0.134259,-0.801104,0.422243,0.193174,-0.109546,-0.134142,0.662395,-0.399839,-1.8205,0.6753,-1.3367,11.8319,0.9607,0.3046,3.3229,-1.4775,-8.7295,2.5979,-0.398793,-0.28545,-0.120878,-0.880028,0.398275,0.191276,-0.126215,-0.119333,0.72055,-0.464701,-0.002946,-0.000857,-0.0004,0.000775,-0.002028,-0.000806,0.000416,-0.001018,0.000719,-0.003398
19.26,-0.411451,-0.282202,-0.134265,-0.801097,0.42225,0.193168,-0.109535,-0.134158,0.662422,-0.399775,-1.8175,0.6758,-1.3364,11.8307,0.9626,0.3061,3.3233,-1.4769,-8.7276,2.6032,-0.398852,-0.285467,-0.120886,-0.880013,0.398235,0.19126,-0.126207,-0.119353,0.720565,-0.464769,-0.002928,-0.000858,-0.000412,0.000769,-0.001998,-0.000808,0.000419,-0.001034,0.000723,-0.003414
19.28,-0.411486,-0.282217,-0.13427,-0.80109,0.422257,0.193161,-0.109524,-0.134173,0.66245,-0.399711,-1.8145,0.6762,-1.3361,11.8294,0.9644,0.3076,3.3237,-1.4763,-8.7257,2.6085,-0.39891,-0.285485,-0.120895,-0.879997,0.398195,0.191244,-0.126198,-0.119374,0.720579,-0.464837,-0.00291,-0.000859,-0.000425,0.000764,-0.001969,-0.000811,0.000422,-0.00105,0.000728,-0.00343
19.3,-0.411521,-0.282232,-0.134276,-0.801084,0.422264,0.193154,-0.109513,-0.134188,0.662477,-0.399647,-1.8114,0.6766,-1.3358,11.8282,0.9662,0.309,3.3242,-1.4757,-8.7238,2.6138,-0.398968,-0.285502,-0.120903,-0.879982,0.398156,0.191228,-0.12619,-0.119395,0.720594,-0.464906,-0.002891,-0.000859,-0.000437,0.000758,-0.001939,-0.000814,0.000425,-0.001066,0.000733,-0.003446
19.32,-0.411554,-0.282248,-0.134282,-0.801077,0.42227,0.193147,-0.109502,-0.134204,0.662505,-0.399584,-1.8083,0.677,-1.3354,11.827,0.968,0.3104,3.3246,-1.475,-8.7219,2.6191,-0.399026,-0.285519,-0.120912,-0.879967,0.398117,0.191212,-0.126181,-0.119417,0.720609,-0.464975,-0.002872,-0.00086,-0.00045,0.000752,-0.00191,-0.000817,0.000427,-0.001082,0.000738,-0.003461
19.34,-0.411587,-0.282263,-0.134288,-0.801071,0.422277,0.193139,-0.109491,-0.134219,0.662533,-0.399521,-1.8051,0.6773,-1.3351,11.8257,0.9698,0.3119,3.325,-1.4743,-8.72,2.6244,-0.399083,-0.285536,-0.120921,-0.879952,0.398079,0.191195,-0.126173,-0.119439,0.720624,-0.465045,-0.002853,-0.000861,-0.000463,0.000747,-0.001881,-0.00082,0.00043,-0.001097,0.000743,-0.003477
19.36,-0.41162,-0.282279,-0.134294,-0.801065,0.422283,0.193132,-0.10948,-0.134235,0.662561,-0.399458,-1.8019,0.6776,-1.3347,11.8245,0.9715,0.3133,3.3254,-1.4736,-8.7181,2.6297,-0.39914,-0.285553,-0.120931,-0.879937,0.398042,0.191179,-0.126164,-0.119461,0.720639,-0.465114,-0.002833,-0.000862,-0.000476,0.000741,-0.001853,-0.000824,0.000433,-0.001113,0.000748,-0.003492
19.38,-0.411651,-0.282296,-0.1343,-0.801059,0.422289,0.193124,-0.109469,-0.13425,0.662589,-0.399395,-1.7986,0.6778,-1.3343,11.8232,0.9732,0.3147,3.3258,-1.4728,-8.7162,2.635,-0.399197,-0.285571,-0.120941,-0.879923,0.398005,0.191163,-0.126156,-0.119483,0.720654,-0.465184,-0.002812,-0.000863,-0.000489,0.000736,-0.001824,-0.000828,0.000436,-0.001128,0.000754,-0.003507
19.4,-0.411682,-0.282312,-0.134307,-0.801053,0.422295,0.193116,-0.109458,-0.134265,0.662618,-0.399333,-1.7954,0.678,-1.3339,11.822,0.9748,0.3161,3.3262,-1.472,-8.7143,2.6403,-0.399253,-0.285588,-0.120951,-0.879908,0.397969,0.191146,-0.126147,-0.119506,0.720669,-0.465255,-0.002791,-0.000864,-0.000501,0.00073,-0.001796,-0.000832,0.000439,-0.001142,0.000759,-0.003522
19.42,-0.411712,-0.282329,-0.134314,-0.801047,0.4223,0.193108,-0.109447,-0.134281,0.662646,-0.399271,-1.792,0.6781,-1.3335,11.8207,0.9764,0.3174,3.3266,-1.4712,-8.7123,2.6457,-0.399309,-0.285605,-0.120961,-0.879893,0.397933,0.19113,-0.126138,-0.119529,0.720684,-0.465325,-0.00277,-0.000865,-0.000514,0.000725,-0.001768,-0.000837,0.000441,-0.001157,0.000765,-0.003537
19.44,-0.411741,-0.282346,-0.134321,-0.801041,0.422306,0.193099,-0.109436,-0.134296,0.662675,-0.399209,-1.7887,0.6782,-1.3331,11.8194,0.978,0.3188,3.327,-1.4704,-8.7104,2.651,-0.399364,-0.285623,-0.120971,-0.879879,0.397898,0.191113,-0.126129,-0.119552,0.7207,-0.465396,-0.002748,-0.000866,-0.000527,0.00072,-0.00174,-0.000842,0.000444,-0.001171,0.000771,-0.003551
19.46,-0.41177,-0.282363,-0.134328,-0.801036,0.422311,0.193091,-0.109424,-0.134312,0.662704,-0.399147,-1.7853,0.6782,-1.3327,11.8181,0.9796,0.3201,3.3274,-1.4695,-8.7085,2.6563,-0.399419,-0.28564,-0.120982,-0.879865,0.397864,0.191096,-0.12612,-0.119576,0.720715,-0.465467,-0.002726,-0.000868,-0.00054,0.000714,-0.001712,-0.000847,0.000447,-0.001186,0.000777,-0.003566
19.48,-0.411798,-0.282381,-0.134335,-0.801031,0.422316,0.193082,-0.109413,-0.134327,0.662732,-0.399086,-1.7819,0.6782,-1.3323,11.8168,0.9811,0.3215,3.3277,-1.4686,-8.7065,2.6616,-0.399473,-0.285657,-0.120993,-0.879851,0.39783,0.191079,-0.126111,-0.1196,0.720731,-0.465539,-0.002704,-0.000869,-0.000553,0.000709,-0.001685,-0.000852,0.00045,-0.0012,0.000783,-0.00358
19.5,-0.411825,-0.282399,-0.134342,-0.801026,0.422321,0.193072,-0.109402,-0.134343,0.662761,-0.399025,-1.7784,0.6782,-1.3319,11.8155,0.9826,0.3228,3.3281,-1.4677,-8.7046,2.667,-0.399527,-0.285675,-0.121004,-0.879836,0.397796,0.191062,-0.126102,-0.119624,0.720747,-0.46561,-0.002681,-0.000871,-0.000566,0.000703,-0.001658,-0.000858,0.000453,-0.001213,0.000789,-0.003594
19.52,-0.411851,-0.282417,-0.13435,-0.801021,0.422325,0.193063,-0.109391,-0.134358,0.662791,-0.398964,-1.7749,0.6781,-1.3314,11.8142,0.9841,0.3241,3.3284,-1.4668,-8.7027,2.6723,-0.39958,-0.285692,-0.121016,-0.879822,0.397764,0.191045,-0.126093,-0.119649,0.720763,-0.465683,-0.002658,-0.000872,-0.00058,0.000698,-0.001631,-0.000864,0.000456,-0.001227,0.000795,-0.003608
19.54,-0.411877,-0.282435,-0.134358,-0.801016,0.422329,0.193053,-0.10938,-0.134374,0.66282,-0.398904,-1.7714,0.6779,-1.331,11.8129,0.9855,0.3254,3.3287,-1.4658,-8.7007,2.6776,-0.399633,-0.28571,-0.121028,-0.879809,0.397731,0.191028,-0.126084,-0.119673,0.720779,-0.465755,-0.002635,-0.000874,-0.000593,0.000693,-0.001604,-0.000871,0.000459,-0.00124,0.000801,-0.003621
19.56,-0.411902,-0.282454,-0.134366,-0.801011,0.422333,0.193043,-0.109369,-0.134389,0.662849,-0.398844,-1.7678,0.6778,-1.3305,11.8116,0.9869,0.3266,3.3291,-1.4648,-8.6988,2.6829,-0.399686,-0.285727,-0.12104,-0.879795,0.397699,0.19101,-0.126075,-0.119698,0.720795,-0.465827,-0.002611,-0.000876,-0.000606,0.000687,-0.001577,-0.000877,0.000462,-0.001254,0.000808,-0.003635
19.58,-0.411926,-0.282473,-0.134374,-0.801007,0.422337,0.193033,-0.109358,-0.134405,0.662879,-0.398784,-1.7642,0.6776,-1.33,11.8103,0.9883,0.3279,3.3294,-1.4638,-8.6969,2.6883,-0.399738,-0.285745,-0.121052,-0.879781,0.397668,0.190993,-0.126066,-0.119724,0.720811,-0.4659,-0.002586,-0.000878,-0.000619,0.000682,-0.001551,-0.000884,0.000465,-0.001267,0.000814,-0.003648
19.6,-0.411949,-0.282492,-0.134382,-0.801003,0.42234,0.193022,-0.109346,-0.13442,0.662908,-0.398725,-1.7606,0.6773,-1.3296,11.8089,0.9896,0.3291,3.3297,-1.4627,-8.695,2.6936,-0.399789,-0.285763,-0.121065,-0.879768,0.397637,0.190975,-0.126056,-0.119749,0.720827,-0.465973,-0.002562,-0.00088,-0.000632,0.000677,-0.001525,-0.000891,0.000467,-0.001279,0.000821,-0.003661
19.62,-0.411972,-0.282512,-0.134391,-0.800998,0.422343,0.193011,-0.109335,-0.134436,0.662938,-0.398666,-1.757,0.6769,-1.3291,11.8076,0.9909,0.3304,3.3299,-1.4617,-8.693,2.6989,-0.39984,-0.28578,-0.121078,-0.879754,0.397607,0.190957,-0.126047,-0.119775,0.720844,-0.466047,-0.002537,-0.000882,-0.000646,0.000671,-0.001499,-0.000899,0.00047,-0.001292,0.000827,-0.003674
19.64,-0.411993,-0.282532,-0.134399,-0.800994,0.422346,0.193,-0.109324,-0.134451,0.662968,-0.398607,-1.7533,0.6766,-1.3286,11.8062,0.9922,0.3316,3.3302,-1.4606,-8.6911,2.7042,-0.399891,-0.285798,-0.121091,-0.879741,0.397577,0.190939,-0.126037,-0.119801,0.720861,-0.46612,-0.002512,-0.000884,-0.000659,0.000666,-0.001474,-0.000906,0.000473,-0.001305,0.000834,-0.003686
19.66,-0.412014,-0.282552,-0.134408,-0.800991,0.422348,0.192989,-0.109313,-0.134467,0.662998,-0.398548,-1.7496,0.6762,-1.3281,11.8048,0.9934,0.3328,3.3305,-1.4594,-8.6892,2.7095,-0.399941,-0.285816,-0.121104,-0.879728,0.397548,0.190921,-0.126028,-0.119827,0.720878,-0.466194,-0.002486,-0.000887,-0.000672,0.000661,-0.001448,-0.000914,0.000476,-0.001317,0.00084,-0.003699
19.68,-0.412035,-0.282572,-0.134417,-0.800987,0.422351,0.192977,-0.109302,-0.134482,0.663028,-0.39849,-1.7458,0.6757,-1.3276,11.8035,0.9946,0.334,3.3307,-1.4583,-8.6873,2.7148,-0.39999,-0.285833,-0.121118,-0.879714,0.39752,0.190902,-0.126018,-0.119854,0.720895,-0.466268,-0.00246,-0.000889,-0.000686,0.000656,-0.001423,-0.000923,0.000479,-0.001329,0.000847,-0.003711
19.7,-0.412054,-0.282593,-0.134427,-0.800983,0.422352,0.192965,-0.109291,-0.134498,0.663058,-0.398432,-1.7421,0.6752,-1.3271,11.8021,0.9958,0.3352,3.331,-1.4571,-8.6854,2.7201,-0.400039,-0.285851,-0.121132,-0.879701,0.397491,0.190884,-0.126009,-0.119881,0.720912,-0.466343,-0.002434,-0.000892,-0.000699,0.00065,-0.001399,-0.000931,0.000482,-0.001341,0.000854,-0.003723
19.72,-0.412073,-0.282614,-0.134436,-0.80098,0.422354,0.192953,-0.109279,-0.134513,0.663088,-0.398375,-1.7383,0.6747,-1.3266,11.8007,0.997,0.3363,3.3312,-1.4559,-8.6835,2.7254,-0.400088,-0.285869,-0.121146,-0.879689,0.397464,0.190865,-0.125999,-0.119908,0.720929,-0.466417,-0.002407,-0.000895,-0.000712,0.000645,-0.001374,-0.00094,0.000484,-0.001352,0.000861,-0.003734
19.74,-0.412091,-0.282635,-0.134446,-0.800977,0.422355,0.19294,-0.109268,-0.134529,0.663119,-0.398318,-1.7344,0.6741,-1.3261,11.7993,0.9981,0.3375,3.3314,-1.4547,-8.6817,2.7307,-0.400135,-0.285887,-0.121161,-0.879676,0.397436,0.190846,-0.125989,-0.119935,0.720946,-0.466492,-0.00238,-0.000898,-0.000726,0.00064,-0.00135,-0.000949,0.000487,-0.001364,0.000868,-0.003745
19.76,-0.412108,-0.282657,-0.134456,-0.800974,0.422356,0.192927,-0.109257,-0.134544,0.663149,-0.398261,-1.7306,0.6734,-1.3255,11.7978,0.9992,0.3386,3.3316,-1.4535,-8.6798,2.736,-0.400183,-0.285905,-0.121175,-0.879663,0.39741,0.190827,-0.12598,-0.119962,0.720964,-0.466567,-0.002353,-0.000901,-0.000739,0.000635,-0.001326,-0.000958,0.00049,-0.001375,0.000875,-0.003756
19.78,-0.412124,-0.282679,-0.134466,-0.800971,0.422356,0.192914,-0.109246,-0.13456,0.66318,-0.398205,-1.7267,0.6727,-1.325,11.7964,1.0002,0.3398,3.3318,-1.4523,-8.6779,2.7412,-0.400229,-0.285923,-0.12119,-0.87965,0.397383,0.190808,-0.12597,-0.11999,0.720981,-0.466642,-0.002326,-0.000904,-0.000753,0.00063,-0.001303,-0.000968,0.000492,-0.001387,0.000882,-0.003767
19.8,-0.412139,-0.282701,-0.134477,-0.800969,0.422356,0.1929,-0.109235,-0.134576,0.66321,-0.398148,-1.7228,0.672,-1.3245,11.795,1.0012,0.3409,3.3319,-1.451,-8.6761,2.7465,-0.400276,-0.285941,-0.121206,-0.879638,0.397358,0.190789,-0.12596,-0.120018,0.720999,-0.466718,-0.002298,-0.000907,-0.000766,0.000625,-0.00128,-0.000977,0.000495,-0.001398,0.000889,-0.003777
19.82,-0.412154,-0.282724,-0.134487,-0.800966,0.422356,0.192886,-0.109224,-0.134591,0.663241,-0.398093,-1.7188,0.6712,-1.3239,11.7935,1.0022,0.342,3.3321,-1.4497,-8.6742,2.7518,-0.400321,-0.28596,-0.121221,-0.879625,0.397332,0.190769,-0.12595,-0.120046,0.721017,-0.466793,-0.002269,-0.00091,-0.00078,0.00062,-0.001257,-0.000988,0.000497,-0.001408,0.000896,-0.003787
19.84,-0.412168,-0.282747,-0.134498,-0.800964,0.422355,0.192872,-0.109213,-0.134607,0.663272,-0.398037,-1.7149,0.6704,-1.3234,11.7921,1.0031,0.3431,3.3322,-1.4484,-8.6724,2.757,-0.400366,-0.285978,-0.121237,-0.879613,0.397307,0.190749,-0.12594,-0.120074,0.721035,-0.466869,-0.002241,-0.000914,-0.000793,0.000615,-0.001235,-0.000998,0.0005,-0.001419,0.000903,-0.003797
19.86,-0.412181,-0.28277,-0.13451,-0.800962,0.422354,0.192858,-0.109202,-0.134622,0.663302,-0.397982,-1.7109,0.6695,-1.3228,11.7906,1.004,0.3442,3.3324,-1.447,-8.6705,2.7623,-0.400411,-0.285996,-0.121254,-0.879601,0.397283,0.190729,-0.12593,-0.120103,0.721053,-0.466945,-0.002212,-0.000917,-0.000807,0.00061,-0.001213,-0.001008,0.000502,-0.00143,0.00091,-0.003806
19.88,-0.412193,-0.282793,-0.134521,-0.80096,0.422352,0.192843,-0.109191,-0.134638,0.663333,-0.397927,-1.7069,0.6686,-1.3223,11.7891,1.0049,0.3453,3.3325,-1.4457,-8.6687,2.7675,-0.400455,-0.286015,-0.12127,-0.879589,0.397259,0.190709,-0.12592,-0.120132,0.721072,-0.467021,-0.002183,-0.000921,-0.000821,0.000605,-0.001191,-0.001019,0.000505,-0.00144,0.000917,-0.003815
19.9,-0.412205,-0.282817,-0.134533,-0.800958,0.42235,0.192828,-0.10918,-0.134654,0.663364,-0.397873,-1.7028,0.6676,-1.3217,11.7876,1.0058,0.3463,3.3326,-1.4443,-8.6669,2.7728,-0.400498,-0.286033,-0.121287,-0.879577,0.397235,0.190688,-0.12591,-0.120161,0.72109,-0.467098,-0.002154,-0.000925,-0.000834,0.0006,-0.00117,-0.00103,0.000507,-0.00145,0.000925,-0.003824
19.92,-0.412216,-0.282842,-0.134544,-0.800957,0.422348,0.192812,-0.109169,-0.134669,0.663395,-0.397819,-1.6988,0.6666,-1.3212,11.7861,1.0066,0.3474,3.3327,-1.4429,-8.6651,2.778,-0.400541,-0.286052,-0.121304,-0.879565,0.397212,0.190668,-0.1259,-0.12019,0.721109,-0.467174,-0.002124,-0.000929,-0.000848,0.000595,-0.001149,-0.001041,0.00051,-0.00146,0.000932,-0.003832
19.94,-0.412226,-0.282866,-0.134557,-0.800955,0.422345,0.192796,-0.109158,-0.134685,0.663426,-0.397765,-1.6947,0.6655,-1.3206,11.7846,1.0073,0.3485,3.3328,-1.4415,-8.6633,2.7832,-0.400583,-0.286071,-0.121321,-0.879553,0.397189,0.190647,-0.12589,-0.120219,0.721128,-0.467251,-0.002094,-0.000933,-0.000862,0.000591,-0.001128,-0.001053,0.000512,-0.00147,0.000939,-0.00384
19.96,-0.412235,-0.282891,-0.134569,-0.800954,0.422342,0.19278,-0.109147,-0.1347,0.663458,-0.397712,-1.6906,0.6644,-1.32,11.783,1.0081,0.3495,3.3328,-1.4401,-8.6616,2.7884,-0.400624,-0.286089,-0.121339,-0.879541,0.397167,0.190625,-0.125879,-0.120249,0.721147,-0.467328,-0.002064,-0.000938,-0.000876,0.000586,-0.001108,-0.001064,0.000514,-0.001479,0.000947,-0.003847
19.98,-0.412243,-0.282916,-0.134582,-0.800953,0.422338,0.192764,-0.109136,-0.134716,0.663489,-0.397659,-1.6864,0.6633,-1.3195,11.7815,1.0088,0.3505,3.3329,-1.4386,-8.6598,2.7936,-0.400665,-0.286108,-0.121356,-0.87953,0.397145,0.190604,-0.125869,-0.120279,0.721166,-0.467405,-0.002033,-0.000942,-0.00089,0.000581,-0.001089,-0.001076,0.000516,-0.001489,0.000954,-0.003854
20.0,-0.41225,-0.282942,-0.134595,-0.800952,0.422334,0.192747,-0.109126,-0.134732,0.66352,-0.397607,-1.6823,0.6621,-1.3189,11.7799,1.0095,0.3516,3.3329,-1.4372,-8.6581,2.7988,-0.400705,-0.286127,-0.121375,-0.879518,0.397124,0.190582,-0.125859,-0.120309,0.721185,-0.467482,-0.002002,-0.000947,-0.000904,0.000577,-0.00107,-0.001088,0.000518,-0.001498,0.000961,-0.003861
20.02,-0.412257,-0.282967,-0.134608,-0.800951,0.42233,0.19273,-0.109115,-0.134747,0.663552,-0.397555,-1.6781,0.6608,-1.3183,11.7783,1.0101,0.3526,3.333,-1.4357,-8.6564,2.804,-0.400745,-0.286146,-0.121393,-0.879507,0.397102,0.190561,-0.125848,-0.120339,0.721205,-0.46756,-0.001971,-0.000952,-0.000917,0.000572,-0.001051,-0.0011,0.00052,-0.001507,0.000969,-0.003867
20.04,-0.412263,-0.282994,-0.134621,-0.800951,0.422325,0.192712,-0.109104,-0.134763,0.663583,-0.397503,-1.6739,0.6596,-1.3178,11.7767,1.0107,0.3536,3.333,-1.4342,-8.6547,2.8092,-0.400784,-0.286165,-0.121412,-0.879495,0.397082,0.190538,-0.125838,-0.120369,0.721224,-0.467637,-0.001939,-0.000956,-0.000931,0.000568,-0.001033,-0.001113,0.000522,-0.001516,0.000977,-0.003873
20.06,-0.412267,-0.28302,-0.134635,-0.800951,0.422319,0.192695,-0.109093,-0.134779,0.663614,-0.397451,-1.6696,0.6583,-1.3172,11.7751,1.0113,0.3546,3.333,-1.4327,-8.653,2.8144,-0.400822,-0.286184,-0.121431,-0.879484,0.397061,0.190516,-0.125827,-0.1204,0.721244,-0.467715,-0.001908,-0.000961,-0.000945,0.000563,-0.001015,-0.001126,0.000524,-0.001525,0.000984,-0.003879
20.08,-0.412272,-0.283047,-0.134649,-0.800951,0.422313,0.192677,-0.109082,-0.134794,0.663646,-0.3974,-1.6654,0.6569,-1.3166,11.7735,1.0119,0.3557,3.333,-1.4311,-8.6513,2.8195,-0.40086,-0.286204,-0.12145,-0.879473,0.397041,0.190493,-0.125817,-0.120431,0.721264,-0.467792,-0.001876,-0.000967,-0.000959,0.000559,-0.000998,-0.001139,0.000526,-0.001534,0.000992,-0.003884
20.1,-0.412275,-0.283074,-0.134663,-0.800951,0.422307,0.192658,-0.109072,-0.13481,0.663677,-0.39735,-1.6611,0.6556,-1.3161,11.7718,1.0124,0.3567,3.333,-1.4296,-8.6496,2.8247,-0.400897,-0.286223,-0.121469,-0.879462,0.397021,0.19047,-0.125806,-0.120462,0.721284,-0.46787,-0.001843,-0.000972,-0.000974,0.000555,-0.000981,-0.001152,0.000527,-0.001542,0.001,-0.003888
20.12,-0.412277,-0.283101,-0.134678,-0.800951,0.4223,0.19264,-0.109061,-0.134826,0.663709,-0.3973,-1.6569,0.6543,-1.3154,11.7702,1.0129,0.3577,3.3331,-1.428,-8.648,2.8298,-0.400933,-0.286243,-0.121489,-0.879451,0.397002,0.190447,-0.125796,-0.120493,0.721304,-0.467948,-0.00181,-0.000982,-0.000991,0.000549,-0.000964,-0.001165,0.000527,-0.001552,0.001007,-0.003891
20.14,-0.412279,-0.283128,-0.134693,-0.800951,0.422293,0.192621,-0.10905,-0.134841,0.663741,-0.39725,-1.6526,0.6532,-1.3148,11.7686,1.0134,0.3587,3.3331,-1.4264,-8.6463,2.8349,-0.400969,-0.286263,-0.12151,-0.87944,0.396983,0.190424,-0.125785,-0.120524,0.721324,-0.468026,-0.001777,-0.000994,-0.001009,0.000543,-0.000948,-0.001178,0.000525,-0.00156,0.001014,-0.003892
20.16,-0.41228,-0.283156,-0.134708,-0.800952,0.422286,0.192602,-0.10904,-0.134857,0.663772,-0.397202,-1.6483,0.652,-1.3142,11.7669,1.0138,0.3598,3.3332,-1.4248,-8.6447,2.8399,-0.401004,-0.286283,-0.12153,-0.879429,0.396964,0.1904,-0.125775,-0.120555,0.721345,-0.468103,-0.001744,-0.001006,-0.001028,0.000537,-0.000932,-0.001191,0.000523,-0.001569,0.001021,-0.003894
20.18,-0.41228,-0.283184,-0.134723,-0.800953,0.422278,0.192583,-0.109029,-0.134872,0.663804,-0.397153,-1.644,0.6509,-1.3136,11.7652,1.0142,0.3608,3.3333,-1.4232,-8.6431,2.845,-0.401038,-0.286303,-0.121552,-0.879418,0.396946,0.190376,-0.125764,-0.120587,0.721365,-0.468181,-0.00171,-0.001018,-0.001046,0.000531,-0.000916,-0.001205,0.000522,-0.001577,0.001028,-0.003895
20.2,-0.412279,-0.283212,-0.134739,-0.800954,0.422269,0.192563,-0.109018,-0.134888,0.663836,-0.397105,-1.6396,0.6497,-1.3129,11.7636,1.0146,0.3618,3.3334,-1.4215,-8.6415,2.85,-0.401072,-0.286324,-0.121573,-0.879408,0.396927,0.190352,-0.125754,-0.120619,0.721386,-0.468259,-0.001676,-0.00103,-0.001065,0.000525,-0.000902,-0.001219,0.00052,-0.001584,0.001035,-0.003895
20.22,-0.412277,-0.28324,-0.134755,-0.800955,0.42226,0.192543,-0.109008,-0.134903,0.663868,-0.397058,-1.6353,0.6485,-1.3123,11.7619,1.0149,0.3628,3.3335,-1.4199,-8.6399,2.855,-0.401105,-0.286345,-0.121595,-0.879398,0.39691,0.190327,-0.125744,-0.12065,0.721407,-0.468337,-0.001642,-0.001042,-0.001083,0.00052,-0.000888,-0.001233,0.000518,-0.001592,0.001042,-0.003895
20.24,-0.412275,-0.283268,-0.134771,-0.800956,0.422252,0.192523,-0.108997,-0.134919,0.6639,-0.397012,-1.6313,0.6475,-1.3116,11.7602,1.0153,0.3644,3.3336,-1.4182,-8.6383,2.86,-0.401137,-0.286366,-0.121617,-0.879387,0.396892,0.190302,-0.125733,-0.120682,0.721428,-0.468415,-0.001595,-0.001053,-0.001099,0.000513,-0.000872,-0.001263,0.000516,-0.001597,0.001047,-0.003897
20.26,-0.412272,-0.283294,-0.134787,-0.800958,0.422245,0.192503,-0.108986,-0.134934,0.663932,-0.396968,-1.6279,0.6467,-1.311,11.7585,1.0157,0.3668,3.3339,-1.4165,-8.6367,2.8649,-0.401168,-0.286388,-0.121639,-0.879377,0.396875,0.190276,-0.125723,-0.120714,0.721449,-0.468493,-0.001527,-0.001063,-0.001108,0.000504,-0.000851,-0.001322,0.000516,-0.001597,0.001049,-0.003904
20.28,-0.412268,-0.283321,-0.134804,-0.800959,0.422236,0.192483,-0.108975,-0.13495,0.663963,-0.396927,-1.6245,0.6457,-1.3104,11.7569,1.016,0.3692,3.3341,-1.4149,-8.6351,2.8696,-0.401197,-0.286409,-0.121662,-0.879367,0.396858,0.190249,-0.125713,-0.120747,0.72147,-0.468571,-0.001463,-0.00107,-0.001115,0.000493,-0.000831,-0.001377,0.000516,-0.001595,0.001053,-0.003911
20.3,-0.412264,-0.283349,-0.134822,-0.800961,0.422226,0.192463,-0.108963,-0.134965,0.663995,-0.396888,-1.621,0.6447,-1.3099,11.7553,1.0162,0.3717,3.3342,-1.4132,-8.6336,2.8743,-0.401226,-0.286431,-0.121685,-0.879358,0.396842,0.19022,-0.125703,-0.120779,0.721491,-0.46865,-0.001402,-0.001078,-0.001123,0.000483,-0.000812,-0.00143,0.000517,-0.001593,0.001056,-0.003918
20.32,-0.412258,-0.283377,-0.13484,-0.800963,0.422215,0.192442,-0.108953,-0.13498,0.664026,-0.396851,-1.6176,0.6438,-1.3094,11.7537,1.0164,0.3743,3.3343,-1.4115,-8.6322,2.879,-0.401253,-0.286452,-0.121708,-0.879348,0.396826,0.190191,-0.125692,-0.120811,0.721513,-0.468728,-0.001343,-0.001086,-0.001132,0.000473,-0.000794,-0.00148,0.000517,-0.001591,0.00106,-0.003924
20.34,-0.412251,-0.283404,-0.134859,-0.800964,0.422204,0.192421,-0.108942,-0.134994,0.664057,-0.396815,-1.6141,0.6429,-1.3089,11.7521,1.0165,0.3768,3.3344,-1.4097,-8.6307,2.8835,-0.401278,-0.286474,-0.121731,-0.879339,0.39681,0.19016,-0.125682,-0.120842,0.721534,-0.468807,-0.001286,-0.001093,-0.001141,0.000464,-0.000777,-0.001528,0.000518,-0.001589,0.001064,-0.003929
20.36,-0.412244,-0.283432,-0.134878,-0.800966,0.422192,0.1924,-0.108931,-0.135009,0.664088,-0.396781,-1.6104,0.642,-1.3085,11.7506,1.0166,0.3792,3.3344,-1.408,-8.6293,2.8881,-0.401304,-0.286497,-0.121754,-0.87933,0.396795,0.190129,-0.125672,-0.120874,0.721555,-0.468885,-0.001243,-0.001101,-0.001147,0.000454,-0.000763,-0.001564,0.000518,-0.001584,0.001067,-0.003931
20.38,-0.412236,-0.28346,-0.134897,-0.800968,0.422177,0.192378,-0.108921,-0.135023,0.664118,-0.396747,-1.6059,0.641,-1.3081,11.7491,1.0166,0.381,3.3343,-1.4063,-8.628,2.8926,-0.401328,-0.286519,-0.121777,-0.879321,0.39678,0.190098,-0.125661,-0.120906,0.721577,-0.468964,-0.001229,-0.001108,-0.001148,0.000443,-0.000755,-0.001577,0.000518,-0.001573,0.00107,-0.00393
20.4,-0.412228,-0.28349,-0.134917,-0.80097,0.422161,0.192356,-0.108912,-0.135037,0.664149,-0.396713,-1.6012,0.6398,-1.3077,11.7476,1.0166,0.3828,3.3342,-1.4046,-8.6266,2.8971,-0.401353,-0.286541,-0.1218,-0.879312,0.396765,0.190066,-0.125651,-0.120937,0.721598,-0.469042,-0.001216,-0.001116,-0.001151,0.000432,-0.000748,-0.00159,0.000517,-0.001562,0.00107,-0.003927
20.42,-0.412218,-0.283519,-0.134937,-0.800972,0.422145,0.192334,-0.108902,-0.13505,0.66418,-0.396679,-1.5965,0.6388,-1.3073,11.746,1.0165,0.3845,3.3341,-1.4029,-8.6252,2.9016,-0.401377,-0.286564,-0.121824,-0.879304,0.39675,0.190034,-0.125641,-0.120968,0.72162,-0.469121,-0.001203,-0.001126,-0.001153,0.00042,-0.000741,-0.001603,0.000516,-0.001552,0.001069,-0.003923
20.44,-0.412208,-0.283548,-0.134957,-0.800975,0.422128,0.192311,-0.108893,-0.135064,0.664211,-0.396645,-1.5917,0.6377,-1.307,11.7445,1.0164,0.3863,3.334,-1.4012,-8.6238,2.9061,-0.4014,-0.286587,-0.121847,-0.879295,0.396735,0.190002,-0.12563,-0.120999,0.721641,-0.469199,-0.00119,-0.001134,-0.001157,0.000409,-0.000734,-0.001615,0.000515,-0.001542,0.001068,-0.003919
20.46,-0.412197,-0.283577,-0.134977,-0.800978,0.42211,0.192289,-0.108883,-0.135078,0.664242,-0.396611,-1.5869,0.6367,-1.3067,11.743,1.0163,0.3881,3.3339,-1.3996,-8.6224,2.9105,-0.401424,-0.28661,-0.121871,-0.879287,0.39672,0.18997,-0.12562,-0.12103,0.721663,-0.469278,-0.001176,-0.001143,-0.00116,0.000398,-0.000728,-0.001628,0.000514,-0.001533,0.001068,-0.003914
20.48,-0.412186,-0.283607,-0.134998,-0.800981,0.422092,0.192265,-0.108874,-0.135092,0.664272,-0.396578,-1.582,0.6356,-1.3064,11.7415,1.0162,0.3899,3.3337,-1.3979,-8.621,2.915,-0.401447,-0.286633,-0.121894,-0.87928,0.396706,0.189937,-0.12561,-0.121061,0.721684,-0.469356,-0.001162,-0.001152,-0.001164,0.000387,-0.000722,-0.001641,0.000512,-0.001523,0.001068,-0.00391
20.5,-0.412173,-0.283637,-0.135019,-0.800984,0.422072,0.192242,-0.108864,-0.135106,0.664303,-0.396545,-1.577,0.6345,-1.3061,11.74,1.0159,0.3916,3.3336,-1.3963,-8.6196,2.9194,-0.40147,-0.286656,-0.121918,-0.879272,0.396692,0.189904,-0.1256,-0.121091,0.721705,-0.469434,-0.001147,-0.001162,-0.001169,0.000377,-0.000717,-0.001654,0.000511,-0.001515,0.001068,-0.003904
20.52,-0.41216,-0.283667,-0.13504,-0.800988,0.422052,0.192218,-0.108855,-0.13512,0.664334,-0.396512,-1.572,0.6334,-1.3058,11.7384,1.0157,0.3933,3.3335,-1.3947,-8.6182,2.9239,-0.401493,-0.28668,-0.121942,-0.879265,0.396677,0.189871,-0.12559,-0.121122,0.721727,-0.469512,-0.001132,-0.001171,-0.001174,0.000367,-0.000712,-0.001667,0.000509,-0.001506,0.001069,-0.003899
20.54,-0.412145,-0.283698,-0.135062,-0.800991,0.422031,0.192194,-0.108846,-0.135133,0.664365,-0.39648,-1.5669,0.6323,-1.3056,11.7369,1.0154,0.3951,3.3334,-1.3931,-8.6168,2.9283,-0.401515,-0.286703,-0.121966,-0.879258,0.396663,0.189837,-0.12558,-0.121152,0.721748,-0.46959,-0.001117,-0.001182,-0.001179,0.000357,-0.000708,-0.00168,0.000508,-0.001497,0.001069,-0.003893
20.56,-0.41213,-0.283729,-0.135084,-0.800995,0.422008,0.192169,-0.108836,-0.135147,0.664395,-0.396448,-1.5617,0.6312,-1.3054,11.7353,1.0151,0.3968,3.3333,-1.3915,-8.6154,2.9326,-0.401537,-0.286727,-0.12199,-0.879251,0.396649,0.189803,-0.125569,-0.121182,0.72177,-0.469668,-0.0011,-0.001192,-0.001185,0.000347,-0.000705,-0.001694,0.000506,-0.001488,0.00107,-0.003887
20.58,-0.412114,-0.28376,-0.135107,-0.801,0.421985,0.192144,-0.108827,-0.135161,0.664426,-0.396417,-1.5564,0.6301,-1.3052,11.7337,1.0147,0.3985,3.3332,-1.3899,-8.6141,2.937,-0.401559,-0.286751,-0.122014,-0.879244,0.396635,0.189769,-0.125559,-0.121211,0.721791,-0.469746,-0.001084,-0.001203,-0.001192,0.000338,-0.000702,-0.001708,0.000503,-0.00148,0.001071,-0.003881
20.6,-0.412097,-0.283791,-0.13513,-0.801004,0.42196,0.192119,-0.108818,-0.135175,0.664456,-0.396386,-1.5511,0.6289,-1.3051,11.7322,1.0143,0.4002,3.3331,-1.3883,-8.6127,2.9413,-0.401581,-0.286776,-0.122038,-0.879237,0.396621,0.189735,-0.125549,-0.121241,0.721813,-0.469823,-0.001066,-0.001214,-0.001199,0.000329,-0.0007,-0.001722,0.000501,-0.001472,0.001072,-0.003874
20.62,-0.412079,-0.283823,-0.135153,-0.801009,0.421935,0.192094,-0.108809,-0.135188,0.664487,-0.396355,-1.5457,0.6278,-1.3049,11.7306,1.0138,0.402,3.333,-1.3868,-8.6114,2.9456,-0.401602,-0.2868,-0.122062,-0.879231,0.396607,0.1897,-0.125539,-0.12127,0.721834,-0.469901,-0.001049,-0.001225,-0.001206,0.000321,-0.000698,-0.001736,0.000498,-0.001463,0.001073,-0.003867
20.64,-0.41206,-0.283855,-0.135177,-0.801014,0.421909,0.192068,-0.108799,-0.135202,0.664517,-0.396326,-1.5402,0.6267,-1.3048,11.7289,1.0133,0.4037,3.333,-1.3853,-8.6101,2.9499,-0.401622,-0.286825,-0.122087,-0.879225,0.396593,0.189665,-0.12553,-0.121299,0.721856,-0.469978,-0.00103,-0.001237,-0.001214,0.000313,-0.000698,-0.001751,0.000496,-0.001455,0.001075,-0.003859
20.66,-0.41204,-0.283887,-0.135201,-0.801019,0.421882,0.192042,-0.10879,-0.135215,0.664548,-0.396296,-1.5346,0.6256,-1.3048,11.7273,1.0128,0.4054,3.3329,-1.3837,-8.6088,2.9542,-0.401643,-0.28685,-0.122112,-0.879219,0.396579,0.18963,-0.12552,-0.121329,0.721878,-0.470055,-0.001011,-0.001249,-0.001222,0.000305,-0.000698,-0.001766,0.000493,-0.001447,0.001077,-0.003851
20.68,-0.412019,-0.28392,-0.135226,-0.801025,0.421854,0.192015,-0.108781,-0.135229,0.664578,-0.396268,-1.529,0.6244,-1.3047,11.7257,1.0122,0.4072,3.3328,-1.3822,-8.6075,2.9584,-0.401662,-0.286876,-0.122137,-0.879213,0.396565,0.189594,-0.12551,-0.121357,0.721899,-0.470132,-0.000992,-0.00126,-0.001231,0.000297,-0.000699,-0.00178,0.00049,-0.00144,0.001079,-0.003843
20.7,-0.411998,-0.283952,-0.135251,-0.80103,0.421825,0.191989,-0.108772,-0.135242,0.664608,-0.396239,-1.5233,0.6233,-1.3047,11.724,1.0116,0.4089,3.3328,-1.3807,-8.6063,2.9626,-0.401682,-0.286901,-0.122162,-0.879207,0.396551,0.189559,-0.1255,-0.121386,0.721921,-0.470209,-0.000972,-0.001273,-0.00124,0.00029,-0.0007,-0.001795,0.000487,-0.001432,0.001081,-0.003834
20.72,-0.411975,-0.283985,-0.135276,-0.801036,0.421795,0.191962,-0.108763,-0.135256,0.664638,-0.396212,-1.5176,0.6223,-1.3046,11.7223,1.011,0.4107,3.3327,-1.3792,-8.6051,2.9667,-0.401701,-0.286927,-0.122187,-0.879201,0.396537,0.189522,-0.125491,-0.121415,0.721943,-0.470285,-0.000952,-0.001285,-0.001249,0.000283,-0.000702,-0.00181,0.000484,-0.001424,0.001084,-0.003825
20.74,-0.411952,-0.284018,-0.135302,-0.801043,0.421764,0.191935,-0.108754,-0.135269,0.664668,-0.396185,-1.5118,0.6212,-1.3046,11.7206,1.0104,0.4125,3.3327,-1.3777,-8.6039,2.9708,-0.40172,-0.286953,-0.122212,-0.879196,0.396523,0.189486,-0.125481,-0.121443,0.721964,-0.470362,-0.000932,-0.001297,-0.001259,0.000277,-0.000705,-0.001825,0.000481,-0.001417,0.001087,-0.003815
20.76,-0.411927,-0.284051,-0.135328,-0.801049,0.421733,0.191908,-0.108745,-0.135282,0.664698,-0.396159,-1.5059,0.6202,-1.3047,11.7189,1.0097,0.4143,3.3326,-1.3763,-8.6027,2.9749,-0.401738,-0.286979,-0.122238,-0.879191,0.396509,0.189449,-0.125472,-0.121472,0.721986,-0.470438,-0.000911,-0.001309,-0.001268,0.00027,-0.000709,-0.00184,0.000477,-0.001409,0.00109,-0.003805
20.78,-0.411902,-0.284085,-0.135355,-0.801056,0.421701,0.191881,-0.108737,-0.135295,0.664728,-0.396134,-1.5,0.6192,-1.3047,11.7171,1.009,0.4162,3.3326,-1.3748,-8.6015,2.979,-0.401756,-0.287006,-0.122264,-0.879185,0.396494,0.189412,-0.125462,-0.1215,0.722008,-0.470514,-0.00089,-0.001322,-0.001279,0.000264,-0.000714,-0.001855,0.000474,-0.001402,0.001093,-0.003794
20.8,-0.411876,-0.284118,-0.135382,-0.801063,0.421667,0.191853,-0.108728,-0.135309,0.664757,-0.396109,-1.494,0.6182,-1.3048,11.7154,1.0082,0.418,3.3325,-1.3733,-8.6004,2.983,-0.401773,-0.287033,-0.12229,-0.87918,0.39648,0.189375,-0.125453,-0.121528,0.72203,-0.47059,-0.000869,-0.001334,-0.001289,0.000259,-0.000719,-0.00187,0.000471,-0.001395,0.001097,-0.003783
20.82,-0.41185,-0.284151,-0.135409,-0.80107,0.421634,0.191826,-0.108719,-0.135322,0.664787,-0.396085,-1.488,0.6172,-1.3048,11.7136,1.0074,0.4199,3.3325,-1.3718,-8.5993,2.9869,-0.40179,-0.28706,-0.122316,-0.879175,0.396466,0.189337,-0.125443,-0.121556,0.722052,-0.470665,-0.000847,-0.001346,-0.001299,0.000253,-0.000725,-0.001886,0.000468,-0.001387,0.001101,-0.003772
20.84,-0.411822,-0.284185,-0.135437,-0.801077,0.421599,0.191798,-0.108711,-0.135334,0.664816,-0.396062,-1.4819,0.6163,-1.3049,11.7118,1.0066,0.4218,3.3324,-1.3704,-8.5983,2.9908,-0.401807,-0.287087,-0.122343,-0.87917,0.396451,0.189299,-0.125434,-0.121583,0.722074,-0.47074,-0.000825,-0.001359,-0.001309,0.000248,-0.000732,-0.001901,0.000464,-0.00138,0.001105,-0.00376
20.86,-0.411794,-0.284218,-0.135465,-0.801085,0.421563,0.19177,-0.108702,-0.135347,0.664845,-0.39604,-1.4758,0.6154,-1.305,11.71,1.0058,0.4237,3.3324,-1.3689,-8.5973,2.9947,-0.401823,-0.287115,-0.122369,-0.879165,0.396436,0.189261,-0.125425,-0.121611,0.722096,-0.470816,-0.000803,-0.001371,-0.00132,0.000244,-0.00074,-0.001916,0.000461,-0.001372,0.00111,-0.003747
20.88,-0.411765,-0.284252,-0.135493,-0.801092,0.421527,0.191742,-0.108694,-0.13536,0.664875,-0.396019,-1.4697,0.6146,-1.3052,11.7082,1.005,0.4257,3.3323,-1.3675,-8.5963,2.9985,-0.401839,-0.287142,-0.122396,-0.879161,0.396421,0.189222,-0.125416,-0.121638,0.722119,-0.47089,-0.00078,-0.001383,-0.00133,0.000239,-0.000748,-0.001932,0.000458,-0.001365,0.001115,-0.003735
20.9,-0.411735,-0.284286,-0.135522,-0.8011,0.42149,0.191714,-0.108685,-0.135372,0.664904,-0.395999,-1.4635,0.6138,-1.3053,11.7063,1.0041,0.4277,3.3323,-1.366,-8.5953,3.0023,-0.401854,-0.287171,-0.122424,-0.879156,0.396406,0.189183,-0.125407,-0.121666,0.722141,-0.470965,-0.000758,-0.001395,-0.001341,0.000235,-0.000757,-0.001947,0.000455,-0.001358,0.00112,-0.003721
20.92,-0.411705,-0.284319,-0.135552,-0.801108,0.421452,0.191685,-0.108677,-0.135385,0.664932,-0.39598,-1.4573,0.6131,-1.3054,11.7045,1.0032,0.4297,3.3323,-1.3646,-8.5944,3.0061,-0.401869,-0.287199,-0.122451,-0.879152,0.396391,0.189144,-0.125398,-0.121693,0.722164,-0.471039,-0.000735,-0.001407,-0.001351,0.000231,-0.000767,-0.001962,0.000451,-0.00135,0.001125,-0.003708
20.94,-0.411674,-0.284353,-0.135581,-0.801117,0.421414,0.191657,-0.108669,-0.135397,0.664961,-0.395961,-1.451,0.6124,-1.3056,11.7026,1.0023,0.4318,3.3322,-1.3632,-8.5936,3.0097,-0.401883,-0.287227,-0.122478,-0.879147,0.396376,0.189104,-0.125389,-0.12172,0.722186,-0.471113,-0.000712,-0.001419,-0.001362,0.000228,-0.000778,-0.001977,0.000448,-0.001342,0.001131,-0.003694
20.96,-0.411642,-0.284386,-0.135611,-0.801125,0.421374,0.191629,-0.10866,-0.135409,0.66499,-0.395944,-1.4447,0.6117,-1.3058,11.7007,1.0014,0.4338,3.3322,-1.3617,-8.5928,3.0134,-0.401897,-0.287256,-0.122506,-0.879143,0.39636,0.189065,-0.12538,-0.121746,0.722209,-0.471187,-0.000689,-0.001431,-0.001372,0.000225,-0.00079,-0.001993,0.000445,-0.001334,0.001137,-0.00368
20.98,-0.411609,-0.28442,-0.135641,-0.801134,0.421334,0.1916,-0.108652,-0.135421,0.665018,-0.395927,-1.4384,0.6111,-1.306,11.6987,1.0004,0.436,3.3321,-1.3603,-8.592,3.017,-0.40191,-0.287285,-0.122534,-0.879138,0.396344,0.189024,-0.125371,-0.121773,0.722232,-0.471261,-0.000666,-0.001442,-0.001382,0.000222,-0.000803,-0.002008,0.000442,-0.001326,0.001143,-0.003665
21.0,-0.411576,-0.284453,-0.135672,-0.801143,0.421294,0.191572,-0.108644,-0.135433,0.665046,-0.395912,-1.4321,0.6106,-1.3062,11.6968,0.9994,0.4381,3.332,-1.3588,-8.5913,3.0205,-0.401923,-0.287314,-0.122562,-0.879134,0.396328,0.188984,-0.125362,-0.1218,0.722255,-0.471334,-0.000642,-0.001454,-0.001392,0.00022,-0.000816,-0.002023,0.000439,-0.001318,0.00115,-0.00365
21.02,-0.411542,-0.284487,-0.135703,-0.801152,0.421252,0.191543,-0.108636,-0.135445,0.665074,-0.395898,-1.4257,0.6101,-1.3064,11.6948,0.9985,0.4403,3.332,-1.3574,-8.5906,3.0239,-0.401935,-0.287344,-0.122591,-0.87913,0.396311,0.188943,-0.125354,-0.121826,0.722278,-0.471407,-0.000619,-0.001465,-0.001402,0.000218,-0.00083,-0.002038,0.000436,-0.00131,0.001156,-0.003634
21.04,-0.411508,-0.28452,-0.135734,-0.801161,0.42121,0.191514,-0.108628,-0.135456,0.665102,-0.395885,-1.4194,0.6096,-1.3067,11.6928,0.9974,0.4426,3.3319,-1.356,-8.59,3.0273,-0.401947,-0.287373,-0.122619,-0.879125,0.396294,0.188902,-0.125345,-0.121852,0.722301,-0.471479,-0.000596,-0.001476,-0.001412,0.000216,-0.000845,-0.002053,0.000433,-0.001302,0.001164,-0.003618
21.06,-0.411473,-0.284553,-0.135766,-0.80117,0.421167,0.191486,-0.108621,-0.135468,0.665129,-0.395873,-1.413,0.6093,-1.3069,11.6908,0.9964,0.4448,3.3318,-1.3545,-8.5894,3.0307,-0.401959,-0.287403,-0.122648,-0.879121,0.396277,0.188861,-0.125336,-0.121878,0.722325,-0.471551,-0.000572,-0.001486,-0.001421,0.000215,-0.000861,-0.002067,0.00043,-0.001293,0.001171,-0.003602
21.08,-0.411438,-0.284586,-0.135798,-0.80118,0.421123,0.191457,-0.108613,-0.135479,0.665157,-0.395862,-1.4066,0.6089,-1.3072,11.6888,0.9954,0.4471,3.3317,-1.3531,-8.5889,3.034,-0.40197,-0.287433,-0.122677,-0.879117,0.39626,0.188819,-0.125328,-0.121904,0.722348,-0.471623,-0.000549,-0.001497,-0.00143,0.000214,-0.000878,-0.002082,0.000427,-0.001284,0.001179,-0.003586
21.1,-0.411401,-0.284619,-0.13583,-0.801189,0.421078,0.191428,-0.108605,-0.13549,0.665184,-0.395853,-1.4002,0.6087,-1.3075,11.6867,0.9943,0.4495,3.3316,-1.3517,-8.5884,3.0372,-0.40198,-0.287464,-0.122706,-0.879113,0.396242,0.188777,-0.12532,-0.12193,0.722372,-0.471695,-0.000525,-0.001507,-0.001439,0.000213,-0.000895,-0.002097,0.000424,-0.001275,0.001186,-0.003569
21.12,-0.411365,-0.284652,-0.135863,-0.801199,0.421033,0.1914,-0.108598,-0.135501,0.665211,-0.395844,-1.3938,0.6085,-1.3078,11.6846,0.9933,0.4519,3.3315,-1.3503,-8.588,3.0404,-0.401991,-0.287494,-0.122735,-0.879109,0.396224,0.188735,-0.125311,-0.121955,0.722396,-0.471766,-0.000502,-0.001517,-0.001448,0.000213,-0.000913,-0.002111,0.000421,-0.001266,0.001195,-0.003552
21.14,-0.411328,-0.284684,-0.135896,-0.801209,0.420987,0.191371,-0.108591,-0.135512,0.665238,-0.395837,-1.3873,0.6084,-1.3081,11.6825,0.9922,0.4543,3.3314,-1.3488,-8.5877,3.0435,-0.402,-0.287525,-0.122765,-0.879105,0.396206,0.188693,-0.125303,-0.12198,0.72242,-0.471837,-0.000479,-0.001527,-0.001457,0.000213,-0.000932,-0.002125,0.000418,-0.001257,0.001203,-0.003535
21.16,-0.411291,-0.284717,-0.135929,-0.801219,0.420941,0.191342,-0.108583,-0.135522,0.665264,-0.395831,-1.3809,0.6083,-1.3084,11.6804,0.9911,0.4568,3.3313,-1.3474,-8.5874,3.0465,-0.402009,-0.287556,-0.122795,-0.8791,0.396187,0.18865,-0.125295,-0.122005,0.722444,-0.471907,-0.000455,-0.001536,-0.001465,0.000214,-0.000951,-0.002139,0.000415,-0.001247,0.001212,-0.003517
21.18,-0.411253,-0.284749,-0.135962,-0.801229,0.420893,0.191314,-0.108576,-0.135532,0.665291,-0.395827,-1.3745,0.6083,-1.3087,11.6782,0.99,0.4593,3.3312,-1.346,-8.5872,3.0495,-0.402018,-0.287587,-0.122824,-0.879096,0.396167,0.188607,-0.125286,-0.12203,0.722468,-0.471978,-0.000432,-0.001546,-0.001473,0.000215,-0.000972,-0.002153,0.000413,-0.001237,0.001221,-0.003499
21.2,-0.411214,-0.284781,-0.135996,-0.801239,0.420845,0.191285,-0.108569,-0.135543,0.665317,-0.395823,-1.3681,0.6084,-1.3091,11.6761,0.9889,0.4619,3.331,-1.3446,-8.5871,3.0524,-0.402026,-0.287618,-0.122854,-0.879092,0.396148,0.188563,-0.125278,-0.122055,0.722493,-0.472048,-0.000409,-0.001555,-0.001481,0.000216,-0.000993,-0.002167,0.00041,-0.001227,0.00123,-0.003481
21.22,-0.411176,-0.284813,-0.13603,-0.80125,0.420796,0.191257,-0.108562,-0.135552,0.665343,-0.395821,-1.3617,0.6085,-1.3094,11.6739,0.9878,0.4645,3.3308,-1.3432,-8.587,3.0553,-0.402034,-0.287649,-0.122885,-0.879088,0.396128,0.18852,-0.12527,-0.122079,0.722518,-0.472117,-0.000387,-0.001563,-0.001488,0.000218,-0.001014,-0.002181,0.000407,-0.001217,0.001239,-0.003463
21.24,-0.411137,-0.284845,-0.136064,-0.80126,0.420747,0.191228,-0.108555,-0.135562,0.665368,-0.39582,-1.3553,0.6087,-1.3098,11.6716,0.9866,0.4671,3.3307,-1.3417,-8.587,3.0581,-0.402041,-0.287681,-0.122915,-0.879084,0.396107,0.188476,-0.125262,-0.122104,0.722543,-0.472186,-0.000364,-0.001572,-0.001495,0.00022,-0.001037,-0.002194,0.000405,-0.001206,0.001249,-0.003444
21.26,-0.411097,-0.284876,-0.136099,-0.80127,0.420697,0.1912,-0.108548,-0.135572,0.665394,-0.39582,-1.3489,0.609,-1.3102,11.6694,0.9855,0.4698,3.3305,-1.3403,-8.587,3.0608,-0.402048,-0.287713,-0.122945,-0.879079,0.396086,0.188432,-0.125254,-0.122128,0.722568,-0.472255,-0.000341,-0.00158,-0.001502,0.000222,-0.00106,-0.002207,0.000402,-0.001196,0.001258,-0.003425
21.28,-0.411058,-0.284908,-0.136133,-0.801281,0.420646,0.191171,-0.108542,-0.135581,0.665419,-0.395822,-1.3426,0.6093,-1.3106,11.6671,0.9843,0.4725,3.3303,-1.3389,-8.5871,3.0634,-0.402055,-0.287745,-0.122976,-0.879075,0.396065,0.188387,-0.125246,-0.122151,0.722593,-0.472323,-0.000319,-0.001588,-0.001508,0.000225,-0.001083,-0.00222,0.0004,-0.001185,0.001268,-0.003406
21.3,-0.411018,-0.284939,-0.136168,-0.801292,0.420594,0.191143,-0.108535,-0.13559,0.665444,-0.395825,-1.3362,0.6097,-1.311,11.6648,0.9832,0.4753,3.3301,-1.3375,-8.5873,3.066,-0.402061,-0.287777,-0.123006,-0.87907,0.396043,0.188342,-0.125238,-0.122175,0.722619,-0.472391,-0.000297,-0.001596,-0.001515,0.000228,-0.001108,-0.002233,0.000398,-0.001174,0.001278,-0.003387
21.32,-0.410977,-0.28497,-0.136203,-0.801303,0.420542,0.191115,-0.108529,-0.135599,0.665468,-0.395829,-1.3299,0.6102,-1.3114,11.6625,0.982,0.4781,3.3298,-1.3361,-8.5876,3.0685,-0.402066,-0.287809,-0.123037,-0.879066,0.39602,0.188297,-0.12523,-0.122198,0.722644,-0.472459,-0.000275,-0.001603,-0.00152,0.000231,-0.001133,-0.002245,0.000396,-0.001162,0.001288,-0.003368
21.34,-0.410937,-0.285,-0.136239,-0.801313,0.420489,0.191087,-0.108522,-0.135608,0.665493,-0.395835,-1.3236,0.6108,-1.3118,11.6602,0.9808,0.481,3.3296,-1.3347,-8.5879,3.0709,-0.402071,-0.287842,-0.123068,-0.879061,0.395997,0.188252,-0.125222,-0.122222,0.72267,-0.472526,-0.000253,-0.00161,-0.001526,0.000235,-0.001158,-0.002257,0.000393,-0.001151,0.001298,-0.003348
21.36,-0.410896,-0.285031,-0.136274,-0.801324,0.420436,0.191059,-0.108516,-0.135616,0.665517,-0.395842,-1.3173,0.6114,-1.3123,11.6578,0.9797,0.4839,3.3294,-1.3333,-8.5883,3.0733,-0.402076,-0.287874,-0.123099,-0.879057,0.395974,0.188207,-0.125215,-0.122245,0.722696,-0.472593,-0.000232,-0.001617,-0.001531,0.000239,-0.001184,-0.002269,0.000391,-0.001139,0.001309,-0.003328
21.38,-0.410855,-0.285061,-0.13631,-0.801335,0.420381,0.191031,-0.10851,-0.135625,0.66554,-0.39585,-1.3111,0.6121,-1.3127,11.6554,0.9785,0.4869,3.3291,-1.3319,-8.5888,3.0756,-0.40208,-0.287907,-0.12313,-0.879052,0.39595,0.188161,-0.125207,-0.122267,0.722723,-0.472659,-0.000211,-0.001624,-0.001536,0.000243,-0.00121,-0.002281,0.000389,-0.001127,0.001319,-0.003309
21.4,-0.410814,-0.28509,-0.136346,-0.801346,0.420327,0.191003,-0.108504,-0.135633,0.665564,-0.39586,-1.3049,0.6128,-1.3132,11.653,0.9773,0.4899,3.3288,-1.3305,-8.5894,3.0779,-0.402084,-0.28794,-0.123161,-0.879047,0.395925,0.188115,-0.125199,-0.12229,0.722749,-0.472725,-0.00019,-0.00163,-0.00154,0.000248,-0.001237,-0.002292,0.000387,-0.001115,0.00133,-0.003289
21.42,-0.410773,-0.28512,-0.136382,-0.801358,0.420271,0.190976,-0.108498,-0.13564,0.665587,-0.395871,-1.2987,0.6137,-1.3137,11.6505,0.9761,0.4929,3.3285,-1.3291,-8.59,3.08,-0.402087,-0.287972,-0.123193,-0.879042,0.3959,0.188069,-0.125191,-0.122312,0.722776,-0.472791,-0.000169,-0.001636,-0.001544,0.000253,-0.001265,-0.002304,0.000385,-0.001103,0.001341,-0.003268
21.44,-0.410731,-0.285149,-0.136419,-0.801369,0.420215,0.190948,-0.108492,-0.135648,0.66561,-0.395883,-1.2925,0.6146,-1.3142,11.648,0.9749,0.496,3.3282,-1.3277,-8.5907,3.0821,-0.40209,-0.288005,-0.123224,-0.879037,0.395874,0.188023,-0.125184,-0.122334,0.722803,-0.472856,-0.000149,-0.001642,-0.001548,0.000258,-0.001293,-0.002315,0.000383,-0.001091,0.001351,-0.003248
21.46,-0.41069,-0.285178,-0.136455,-0.80138,0.420158,0.190921,-0.108487,-0.135655,0.665632,-0.395897,-1.2864,0.6155,-1.3147,11.6455,0.9737,0.4991,3.3278,-1.3263,-8.5915,3.0842,-0.402093,-0.288039,-0.123256,-0.879032,0.395848,0.187976,-0.125176,-0.122356,0.72283,-0.472921,-0.000129,-0.001648,-0.001552,0.000264,-0.001321,-0.002325,0.000381,-0.001078,0.001362,-0.003227
21.48,-0.410648,-0.285207,-0.136492,-0.801391,0.420101,0.190893,-0.108481,-0.135663,0.665655,-0.395912,-1.2803,0.6166,-1.3152,11.643,0.9725,0.5023,3.3275,-1.3249,-8.5923,3.0861,-0.402095,-0.288072,-0.123287,-0.879027,0.395821,0.187929,-0.125169,-0.122377,0.722858,-0.472985,-0.000109,-0.001653,-0.001555,0.00027,-0.00135,-0.002336,0.000379,-0.001065,0.001373,-0.003207
21.5,-0.410607,-0.285236,-0.136529,-0.801403,0.420042,0.190866,-0.108476,-0.13567,0.665677,-0.395928,-1.2743,0.6177,-1.3157,11.6404,0.9713,0.5055,3.3271,-1.3235,-8.5933,3.088,-0.402097,-0.288105,-0.123319,-0.879022,0.395794,0.187882,-0.125161,-0.122398,0.722885,-0.473049,-9e-05,-0.001658,-0.001558,0.000276,-0.001379,-0.002345,0.000378,-0.001052,0.001384,-0.003186
21.52,-0.410565,-0.285264,-0.136566,-0.801414,0.419984,0.190839,-0.10847,-0.135676,0.665698,-0.395945,-1.2683,0.6189,-1.3162,11.6379,0.9701,0.5088,3.3267,-1.3222,-8.5943,3.0898,-0.402098,-0.288139,-0.12335,-0.879016,0.395766,0.187835,-0.125154,-0.122419,0.722913,-0.473113,-7.1e-05,-0.001663,-0.00156,0.000282,-0.001408,-0.002355,0.000376,-0.001039,0.001394,-0.003165
21.54,-0.410523,-0.285292,-0.136603,-0.801425,0.419925,0.190812,-0.108465,-0.135683,0.66572,-0.395964,-1.2623,0.6201,-1.3168,11.6353,0.9689,0.5121,3.3263,-1.3208,-8.5954,3.0916,-0.402099,-0.288172,-0.123382,-0.87901,0.395738,0.187788,-0.125146,-0.12244,0.722941,-0.473176,-5.2e-05,-0.001667,-0.001563,0.000289,-0.001438,-0.002365,0.000374,-0.001026,0.001405,-0.003144
21.56,-0.410482,-0.285319,-0.13664,-0.801437,0.419865,0.190785,-0.10846,-0.135689,0.665741,-0.395984,-1.2564,0.6214,-1.3173,11.6326,0.9677,0.5154,3.3259,-1.3194,-8.5966,3.0933,-0.4021,-0.288206,-0.123414,-0.879005,0.395708,0.18774,-0.125139,-0.12246,0.72297,-0.473239,-3.4e-05,-0.001671,-0.001564,0.000296,-0.001469,-0.002374,0.000373,-0.001013,0.001416,-0.003123
21.58,-0.41044,-0.285347,-0.136678,-0.801448,0.419804,0.190759,-0.108455,-0.135695,0.665762,-0.396006,-1.2506,0.6228,-1.3179,11.63,0.9665,0.5188,3.3254,-1.3181,-8.5978,3.0949,-0.4021,-0.28824,-0.123445,-0.878999,0.395679,0.187692,-0.125131,-0.12248,0.722998,-0.473301,-1.6e-05,-0.001675,-0.001566,0.000303,-0.001499,-0.002383,0.000371,-0.000999,0.001427,-0.003102
21.6,-0.410398,-0.285374,-0.136715,-0.80146,0.419743,0.190732,-0.10845,-0.135701,0.665782,-0.396029,-1.2447,0.6242,-1.3184,11.6273,0.9653,0.5223,3.325,-1.3167,-8.5991,3.0964,-0.4021,-0.288273,-0.123477,-0.878993,0.395648,0.187645,-0.125124,-0.1225,0.723027,-0.473363,1e-06,-0.001679,-0.001567,0.00031,-0.00153,-0.002391,0.00037,-0.000986,0.001438,-0.003081
21.62,-0.410357,-0.285401,-0.136753,-0.801471,0.419681,0.190706,-0.108445,-0.135707,0.665802,-0.396053,-1.239,0.6257,-1.319,11.6246,0.9641,0.5257,3.3245,-1.3154,-8.6006,3.0979,-0.4021,-0.288307,-0.123509,-0.878987,0.395617,0.187596,-0.125117,-0.12252,0.723056,-0.473424,1.8e-05,-0.001683,-0.001568,0.000318,-0.001561,-0.0024,0.000368,-0.000972,0.001448,-0.00306
21.64,-0.410315,-0.285427,-0.13679,-0.801482,0.419619,0.19068,-0.108441,-0.135712,0.665822,-0.396078,-1.2333,0.6273,-1.3196,11.6218,0.9629,0.5292,3.324,-1.3141,-8.6021,3.0993,-0.402099,-0.288341,-0.123541,-0.87898,0.395586,0.187548,-0.125109,-0.122539,0.723085,-0.473485,3.5e-05,-0.001686,-0.001569,0.000326,-0.001592,-0.002408,0.000367,-0.000958,0.001459,-0.003038
21.66,-0.410274,-0.285453,-0.136828,-0.801494,0.419557,0.190654,-0.108436,-0.135718,0.665841,-0.396105,-1.2276,0.6289,-1.3202,11.6191,0.9617,0.5328,3.3235,-1.3127,-8.6036,3.1006,-0.402098,-0.288375,-0.123573,-0.878974,0.395553,0.1875,-0.125102,-0.122558,0.723114,-0.473546,5.1e-05,-0.001689,-0.001569,0.000334,-0.001624,-0.002415,0.000365,-0.000944,0.00147,-0.003017
21.68,-0.410232,-0.285479,-0.136866,-0.801505,0.419493,0.190628,-0.108432,-0.135723,0.66586,-0.396132,-1.222,0.6306,-1.3208,11.6163,0.9605,0.5364,3.323,-1.3114,-8.6053,3.1019,-0.402097,-0.288409,-0.123604,-0.878967,0.395521,0.187451,-0.125095,-0.122577,0.723144,-0.473606,6.7e-05,-0.001692,-0.001569,0.000342,-0.001656,-0.002423,0.000364,-0.000929,0.00148,-0.002996
21.7,-0.410191,-0.285505,-0.136904,-0.801517,0.419429,0.190602,-0.108428,-0.135727,0.665879,-0.396162,-1.2165,0.6324,-1.3214,11.6135,0.9594,0.54,3.3224,-1.3101,-8.607,3.1031,-0.402095,-0.288443,-0.123636,-0.87896,0.395487,0.187403,-0.125088,-0.122595,0.723173,-0.473666,8.2e-05,-0.001694,-0.001569,0.000351,-0.001688,-0.00243,0.000363,-0.000915,0.001491,-0.002974
21.72,-0.41015,-0.28553,-0.136942,-0.801528,0.419365,0.190576,-0.108423,-0.135732,0.665898,-0.396192,-1.211,0.6342,-1.322,11.6106,0.9582,0.5436,3.3219,-1.3088,-8.6088,3.1043,-0.402093,-0.288477,-0.123668,-0.878953,0.395453,0.187354,-0.12508,-0.122613,0.723203,-0.473725,9.7e-05,-0.001697,-0.001568,0.000359,-0.00172,-0.002437,0.000362,-0.000901,0.001501,-0.002952
21.74,-0.410109,-0.285555,-0.13698,-0.80154,0.4193,0.190551,-0.108419,-0.135736,0.665916,-0.396223,-1.2055,0.6361,-1.3227,11.6078,0.957,0.5473,3.3213,-1.3075,-8.6107,3.1053,-0.402091,-0.288512,-0.1237,-0.878946,0.395418,0.187305,-0.125073,-0.122631,0.723234,-0.473784,0.000112,-0.001699,-0.001567,0.000368,-0.001753,-0.002443,0.00036,-0.000886,0.001511,-0.002931
21.76,-0.410069,-0.28558,-0.137018,-0.801551,0.419235,0.190526,-0.108415,-0.13574,0.665934,-0.396256,-1.2002,0.638,-1.3233,11.6049,0.9559,0.5511,3.3207,-1.3062,-8.6127,3.1063,-0.402088,-0.288546,-0.123732,-0.878939,0.395382,0.187256,-0.125066,-0.122649,0.723264,-0.473842,0.000126,-0.001701,-0.001566,0.000377,-0.001785,-0.002449,0.000359,-0.000872,0.001521,-0.002909
21.78,-0.410028,-0.285605,-0.137056,-0.801562,0.419169,0.190501,-0.108411,-0.135744,0.665951,-0.39629,-1.1949,0.64,-1.324,11.6019,0.9547,0.5548,3.3201,-1.3049,-8.6147,3.1073,-0.402085,-0.28858,-0.123763,-0.878931,0.395346,0.187206,-0.125059,-0.122666,0.723294,-0.4739,0.000139,-0.001703,-0.001565,0.000386,-0.001818,-0.002455,0.000358,-0.000857,0.001531,-0.002888
21.8,-0.409988,-0.285629,-0.137095,-0.801574,0.419102,0.190476,-0.108407,-0.135748,0.665968,-0.396325,-1.1896,0.6421,-1.3246,11.599,0.9535,0.5586,3.3194,-1.3036,-8.6169,3.1082,-0.402082,-0.288614,-0.123795,-0.878923,0.39531,0.187157,-0.125052,-0.122683,0.723325,-0.473958,0.000153,-0.001704,-0.001563,0.000395,-0.001851,-0.00246,0.000357,-0.000842,0.001541,-0.002866
21.82,-0.409948,-0.285653,-0.137133,-0.801585,0.419036,0.190451,-0.108404,-0.135751,0.665985,-0.396361,-1.1845,0.6442,-1.3253,11.596,0.9524,0.5625,3.3188,-1.3023,-8.6191,3.109,-0.402079,-0.288649,-0.123827,-0.878915,0.395272,0.187108,-0.125045,-0.1227,0.723356,-0.474015,0.000165,-0.001706,-0.001561,0.000404,-0.001883,-0.002466,0.000356,-0.000827,0.001551,-0.002845
21.84,-0.409908,-0.285676,-0.137171,-0.801596,0.418968,0.190427,-0.1084,-0.135755,0.666002,-0.396399,-1.1793,0.6464,-1.3259,11.5931,0.9513,0.5664,3.3181,-1.3011,-8.6214,3.1097,-0.402075,-0.288683,-0.123858,-0.878907,0.395234,0.187058,-0.125038,-0.122716,0.723387,-0.474072,0.000177,-0.001707,-0.001559,0.000414,-0.001916,-0.002471,0.000355,-0.000812,0.00156,-0.002823
21.86,-0.409869,-0.2857,-0.137209,-0.801608,0.418901,0.190402,-0.108397,-0.135758,0.666018,-0.396438,-1.1743,0.6486,-1.3266,11.59,0.9501,0.5703,3.3175,-1.2998,-8.6237,3.1104,-0.402071,-0.288717,-0.12389,-0.878899,0.395195,0.187008,-0.125031,-0.122732,0.723419,-0.474128,0.000189,-0.001708,-0.001556,0.000424,-0.001949,-0.002475,0.000354,-0.000797,0.00157,-0.002801
21.88,-0.40983,-0.285723,-0.137248,-0.801619,0.418832,0.190378,-0.108393,-0.135761,0.666034,-0.396477,-1.1693,0.6509,-1.3273,11.587,0.949,0.5742,3.3168,-1.2986,-8.6262,3.111,-0.402067,-0.288752,-0.123921,-0.87889,0.395156,0.186959,-0.125024,-0.122748,0.72345,-0.474184,0.0002,-0.001708,-0.001553,0.000433,-0.001983,-0.002479,0.000353,-0.000782,0.001579,-0.00278
21.9,-0.409791,-0.285745,-0.137286,-0.80163,0.418764,0.190354,-0.10839,-0.135763,0.666049,-0.396518,-1.1644,0.6532,-1.328,11.584,0.9479,0.5782,3.316,-1.2973,-8.6287,3.1116,-0.402063,-0.288786,-0.123953,-0.878882,0.395116,0.186909,-0.125017,-0.122764,0.723482,-0.47424,0.000211,-0.001709,-0.00155,0.000443,-0.002016,-0.002483,0.000351,-0.000767,0.001588,-0.002758
21.92,-0.409752,-0.285768,-0.137324,-0.801641,0.418695,0.19033,-0.108387,-0.135766,0.666064,-0.39656,-1.1596,0.6556,-1.3287,11.5809,0.9468,0.5821,3.3153,-1.2961,-8.6312,3.1121,-0.402058,-0.288821,-0.123984,-0.878873,0.395075,0.186859,-0.12501,-0.122779,0.723514,-0.474295,0.000221,-0.00171,-0.001547,0.000453,-0.002049,-0.002487,0.00035,-0.000752,0.001597,-0.002736
21.94,-0.409714,-0.28579,-0.137362,-0.801652,0.418625,0.190307,-0.108384,-0.135768,0.666079,-0.396603,-1.1548,0.6581,-1.3294,11.5778,0.9457,0.5862,3.3146,-1.2949,-8.6339,3.1125,-0.402054,-0.288855,-0.124016,-0.878864,0.395034,0.186809,-0.125003,-0.122794,0.723546,-0.474349,0.000231,-0.00171,-0.001543,0.000464,-0.002082,-0.00249,0.00035,-0.000737,0.001605,-0.002715
21.96,-0.409677,-0.285812,-0.137401,-0.801663,0.418555,0.190283,-0.108381,-0.13577,0.666094,-0.396647,-1.1501,0.6606,-1.3301,11.5746,0.9447,0.5902,3.3138,-1.2937,-8.6366,3.1129,-0.402049,-0.288889,-0.124047,-0.878854,0.394992,0.186759,-0.124996,-0.122808,0.723578,-0.474403,0.000241,-0.00171,-0.001539,0.000474,-0.002115,-0.002493,0.000349,-0.000722,0.001614,-0.002693
21.98,-0.409639,-0.285834,-0.137439,-0.801674,0.418485,0.19026,-0.108378,-0.135772,0.666108,-0.396692,-1.1455,0.6631,-1.3308,11.5715,0.9436,0.5943,3.313,-1.2925,-8.6395,3.1133,-0.402044,-0.288924,-0.124078,-0.878845,0.394949,0.186709,-0.124989,-0.122822,0.723611,-0.474457,0.000249,-0.00171,-0.001535,0.000484,-0.002148,-0.002496,0.000348,-0.000706,0.001622,-0.002672
22.0,-0.409602,-0.285855,-0.137477,-0.801684,0.418415,0.190237,-0.108375,-0.135773,0.666122,-0.396738,-1.1409,0.6657,-1.3316,11.5683,0.9425,0.5984,3.3122,-1.2913,-8.6423,3.1135,-0.402039,-0.288958,-0.124109,-0.878835,0.394905,0.186659,-0.124982,-0.122836,0.723643,-0.47451,0.000258,-0.001709,-0.00153,0.000494,-0.002181,-0.002498,0.000347,-0.000691,0.00163,-0.00265
22.02,-0.409566,-0.285876,-0.137515,-0.801695,0.418344,0.190214,-0.108372,-0.135775,0.666135,-0.396785,-1.1365,0.6684,-1.3323,11.5651,0.9415,0.6025,3.3114,-1.2901,-8.6453,3.1137,-0.402033,-0.288992,-0.12414,-0.878825,0.394861,0.186609,-0.124975,-0.12285,0.723676,-0.474563,0.000266,-0.001709,-0.001526,0.000505,-0.002214,-0.0025,0.000346,-0.000675,0.001638,-0.002629
22.04,-0.40953,-0.285897,-0.137553,-0.801706,0.418273,0.190191,-0.108369,-0.135776,0.666148,-0.396833,-1.1321,0.6711,-1.333,11.5619,0.9405,0.6067,3.3106,-1.289,-8.6483,3.1139,-0.402028,-0.289027,-0.124171,-0.878815,0.394817,0.186559,-0.124968,-0.122863,0.723709,-0.474616,0.000273,-0.001708,-0.001521,0.000515,-0.002247,-0.002502,0.000345,-0.00066,0.001646,-0.002607
22.06,-0.409494,-0.285917,-0.137591,-0.801716,0.418201,0.190168,-0.108367,-0.135777,0.666161,-0.396882,-1.1278,0.6738,-1.3338,11.5587,0.9395,0.6109,3.3098,-1.2878,-8.6514,3.114,-0.402022,-0.289061,-0.124202,-0.878805,0.394771,0.186508,-0.124961,-0.122876,0.723742,-0.474668,0.00028,-0.001708,-0.001515,0.000526,-0.00228,-0.002504,0.000344,-0.000645,0.001653,-0.002586
22.08,-0.409459,-0.285938,-0.137629,-0.801727,0.418129,0.190146,-0.108364,-0.135778,0.666174,-0.396931,-1.1235,0.6766,-1.3345,11.5555,0.9385,0.6151,3.3089,-1.2867,-8.6546,3.1141,-0.402016,-0.289096,-0.124232,-0.878794,0.394725,0.186458,-0.124954,-0.122889,0.723775,-0.474719,0.000286,-0.001707,-0.00151,0.000537,-0.002313,-0.002505,0.000343,-0.000629,0.00166,-0.002565
22.1,-0.409424,-0.285958,-0.137667,-0.801737,0.418057,0.190124,-0.108362,-0.135778,0.666186,-0.396982,-1.1193,0.6795,-1.3353,11.5522,0.9375,0.6193,3.3081,-1.2856,-8.6578,3.114,-0.40201,-0.28913,-0.124263,-0.878783,0.394678,0.186408,-0.124947,-0.122902,0.723808,-0.47477,0.000292,-0.001706,-0.001504,0.000548,-0.002346,-0.002505,0.000342,-0.000614,0.001667,-0.002544
22.12,-0.40939,-0.285977,-0.137704,-0.801747,0.417985,0.190101,-0.10836,-0.135779,0.666198,-0.397034,-1.1153,0.6823,-1.336,11.5489,0.9365,0.6235,3.3072,-1.2844,-8.6611,3.114,-0.402004,-0.289164,-0.124293,-0.878772,0.394631,0.186358,-0.124941,-0.122914,0.723842,-0.474821,0.000297,-0.001704,-0.001498,0.000558,-0.002378,-0.002506,0.000342,-0.000598,0.001674,-0.002523
22.14,-0.409357,-0.285997,-0.137742,-0.801757,0.417912,0.19008,-0.108358,-0.135779,0.666209,-0.397086,-1.1113,0.6853,-1.3368,11.5456,0.9355,0.6278,3.3063,-1.2833,-8.6644,3.1139,-0.401998,-0.289198,-0.124323,-0.878761,0.394583,0.186307,-0.124934,-0.122925,0.723875,-0.474871,0.000302,-0.001703,-0.001492,0.000569,-0.002411,-0.002506,0.000341,-0.000583,0.00168,-0.002502
22.16,-0.409324,-0.286016,-0.13778,-0.801767,0.417839,0.190058,-0.108355,-0.135779,0.666221,-0.397139,-1.1073,0.6883,-1.3375,11.5423,0.9346,0.6321,3.3054,-1.2823,-8.6679,3.1137,-0.401992,-0.289233,-0.124354,-0.87875,0.394534,0.186257,-0.124927,-0.122937,0.723909,-0.474921,0.000306,-0.001701,-0.001485,0.00058,-0.002443,-0.002506,0.00034,-0.000567,0.001686,-0.002481
22.18,-0.409291,-0.286035,-0.137817,-0.801777,0.417766,0.190036,-0.108353,-0.135779,0.666232,-0.397193,-1.1035,0.6913,-1.3383,11.539,0.9337,0.6364,3.3044,-1.2812,-8.6713,3.1135,-0.401986,-0.289267,-0.124384,-0.878738,0.394485,0.186207,-0.12492,-0.122948,0.723943,-0.474971,0.00031,-0.0017,-0.001479,0.000591,-0.002476,-0.002506,0.000339,-0.000552,0.001692,-0.00246
22.2,-0.409259,-0.286053,-0.137854,-0.801787,0.417693,0.190015,-0.108351,-0.135778,0.666242,-0.397248,-1.0998,0.6944,-1.3391,11.5357,0.9328,0.6407,3.3035,-1.2801,-8.6749,3.1133,-0.401979,-0.289301,-0.124413,-0.878726,0.394435,0.186157,-0.124914,-0.122959,0.723977,-0.47502,0.000313,-0.001698,-0.001472,0.000602,-0.002508,-0.002505,0.000338,-0.000536,0.001698,-0.002439
22.22,-0.409228,-0.286071,-0.137892,-0.801797,0.417619,0.189994,-0.108349,-0.135778,0.666252,-0.397304,-1.0961,0.6975,-1.3398,11.5323,0.9319,0.645,3.3026,-1.2791,-8.6785,3.113,-0.401973,-0.289335,-0.124443,-0.878714,0.394384,0.186106,-0.124907,-0.12297,0.724011,-0.475068,0.000316,-0.001696,-0.001464,0.000613,-0.00254,-0.002504,0.000338,-0.000521,0.001704,-0.002418
22.24,-0.409197,-0.286089,-0.137929,-0.801806,0.417546,0.189973,-0.108348,-0.135777,0.666262,-0.39736,-1.0925,0.7006,-1.3406,11.5289,0.931,0.6494,3.3016,-1.278,-8.6822,3.1126,-0.401966,-0.289369,-0.124473,-0.878702,0.394333,0.186056,-0.1249,-0.12298,0.724045,-0.475117,0.000318,-0.001693,-0.001457,0.000624,-0.002571,-0.002503,0.000337,-0.000505,0.001709,-0.002398
22.26,-0.409167,-0.286107,-0.137966,-0.801816,0.417472,0.189952,-0.108346,-0.135776,0.666272,-0.397418,-1.089,0.7038,-1.3414,11.5256,0.9302,0.6537,3.3006,-1.277,-8.6859,3.1122,-0.40196,-0.289403,-0.124502,-0.878689,0.394281,0.186006,-0.124893,-0.12299,0.724079,-0.475164,0.00032,-0.001691,-0.001449,0.000635,-0.002603,-0.002501,0.000336,-0.00049,0.001714,-0.002378
22.28,-0.409138,-0.286125,-0.138002,-0.801825,0.417398,0.189931,-0.108344,-0.135775,0.666281,-0.397475,-1.0856,0.7071,-1.3422,11.5222,0.9294,0.6581,3.2996,-1.276,-8.6897,3.1118,-0.401953,-0.289437,-0.124532,-0.878677,0.394229,0.185956,-0.124887,-0.122999,0.724114,-0.475212,0.000321,-0.001688,-0.001441,0.000646,-0.002634,-0.002499,0.000336,-0.000474,0.001718,-0.002357
22.3,-0.409109,-0.286142,-0.138039,-0.801834,0.417324,0.189911,-0.108343,-0.135774,0.66629,-0.397534,-1.0823,0.7104,-1.3429,11.5188,0.9286,0.6625,3.2986,-1.275,-8.6935,3.1113,-0.401947,-0.289471,-0.124561,-0.878664,0.394176,0.185906,-0.12488,-0.123009,0.724148,-0.475259,0.000321,-0.001686,-0.001433,0.000658,-0.002665,-0.002497,0.000335,-0.000459,0.001723,-0.002337
22.32,-0.409081,-0.286159,-0.138076,-0.801843,0.41725,0.18989,-0.108341,-0.135773,0.666299,-0.397593,-1.079,0.7137,-1.3437,11.5154,0.9278,0.6669,3.2976,-1.274,-8.6974,3.1108,-0.40194,-0.289505,-0.12459,-0.87865,0.394122,0.185856,-0.124873,-0.123018,0.724183,-0.475306,0.000321,-0.001683,-0.001424,0.000669,-0.002696,-0.002494,0.000334,-0.000444,0.001727,-0.002317
22.34,-0.409053,-0.286175,-0.138112,-0.801851,0.417175,0.18987,-0.10834,-0.135772,0.666308,-0.397653,-1.0759,0.7171,-1.3445,11.5119,0.927,0.6713,3.2966,-1.2731,-8.7014,3.1102,-0.401934,-0.289539,-0.124618,-0.878637,0.394068,0.185806,-0.124867,-0.123026,0.724217,-0.475352,0.000321,-0.00168,-0.001416,0.00068,-0.002727,-0.002492,0.000334,-0.000428,0.001731,-0.002297
22.36,-0.409026,-0.286191,-0.138148,-0.80186,0.417101,0.18985,-0.108338,-0.13577,0.666316,-0.397713,-1.0728,0.7205,-1.3453,11.5085,0.9263,0.6757,3.2956,-1.2721,-8.7054,3.1096,-0.401927,-0.289573,-0.124647,-0.878623,0.394013,0.185756,-0.12486,-0.123035,0.724252,-0.475398,0.00032,-0.001677,-0.001407,0.000691,-0.002757,-0.002488,0.000333,-0.000413,0.001734,-0.002277
22.38,-0.409,-0.286207,-0.138184,-0.801868,0.417027,0.18983,-0.108337,-0.135768,0.666324,-0.397774,-1.0698,0.7239,-1.3461,11.5051,0.9255,0.6801,3.2945,-1.2712,-8.7095,3.109,-0.401921,-0.289606,-0.124675,-0.878609,0.393957,0.185706,-0.124853,-0.123043,0.724287,-0.475443,0.000319,-0.001673,-0.001398,0.000702,-0.002787,-0.002485,0.000332,-0.000398,0.001738,-0.002258
22.4,-0.408975,-0.286223,-0.13822,-0.801877,0.416952,0.18981,-0.108336,-0.135766,0.666331,-0.397835,-1.0669,0.7274,-1.3469,11.5016,0.9248,0.6845,3.2935,-1.2703,-8.7136,3.1083,-0.401914,-0.28964,-0.124703,-0.878595,0.393901,0.185656,-0.124847,-0.12305,0.724321,-0.475488,0.000317,-0.00167,-0.001388,0.000713,-0.002817,-0.002481,0.000332,-0.000383,0.00174,-0.002238
22.42,-0.40895,-0.286239,-0.138255,-0.801885,0.416878,0.189791,-0.108335,-0.135764,0.666339,-0.397897,-1.0641,0.7309,-1.3477,11.4982,0.9242,0.6889,3.2924,-1.2694,-8.7177,3.1076,-0.401908,-0.289673,-0.124731,-0.878581,0.393844,0.185606,-0.12484,-0.123058,0.724356,-0.475533,0.000314,-0.001666,-0.001378,0.000725,-0.002847,-0.002477,0.000331,-0.000368,0.001743,-0.002219
22.44,-0.408926,-0.286254,-0.138291,-0.801893,0.416804,0.189771,-0.108333,-0.135762,0.666346,-0.39796,-1.0614,0.7345,-1.3485,11.4947,0.9235,0.6934,3.2913,-1.2685,-8.7219,3.1069,-0.401901,-0.289707,-0.124759,-0.878566,0.393787,0.185557,-0.124834,-0.123065,0.724391,-0.475577,0.000311,-0.001662,-0.001368,0.000736,-0.002876,-0.002473,0.000331,-0.000353,0.001746,-0.0022
22.46,-0.408903,-0.286269,-0.138326,-0.8019,0.416729,0.189752,-0.108332,-0.135759,0.666353,-0.398022,-1.0588,0.7381,-1.3493,11.4912,0.9229,0.6978,3.2902,-1.2676,-8.7262,3.1061,-0.401895,-0.28974,-0.124787,-0.878552,0.393729,0.185507,-0.124827,-0.123072,0.724426,-0.475621,0.000308,-0.001658,-0.001358,0.000747,-0.002905,-0.002468,0.00033,-0.000338,0.001748,-0.002181
22.48,-0.408881,-0.286283,-0.138361,-0.801908,0.416655,0.189733,-0.108331,-0.135757,0.666359,-0.398086,-1.0563,0.7417,-1.3501,11.4878,0.9223,0.7022,3.2891,-1.2667,-8.7305,3.1053,-0.401889,-0.289773,-0.124814,-0.878537,0.39367,0.185458,-0.12482,-0.123079,0.724461,-0.475664,0.000304,-0.001654,-0.001348,0.000758,-0.002934,-0.002463,0.00033,-0.000323,0.00175,-0.002162
22.5,-0.408859,-0.286297,-0.138396,-0.801915,0.416581,0.189714,-0.10833,-0.135754,0.666365,-0.398149,-1.0539,0.7454,-1.3509,11.4843,0.9217,0.7067,3.288,-1.2659,-8.7348,3.1044,-0.401883,-0.289807,-0.124841,-0.878521,0.393611,0.185408,-0.124814,-0.123085,0.724496,-0.475707,0.000299,-0.00165,-0.001337,0.000769,-0.002962,-0.002458,0.000329,-0.000308,0.001751,-0.002144
22.52,-0.408838,-0.286311,-0.13843,-0.801922,0.416507,0.189695,-0.10833,-0.135752,0.666371,-0.398214,-1.0516,0.7491,-1.3517,11.4808,0.9212,0.7111,3.2868,-1.2651,-8.7392,3.1036,-0.401877,-0.28984,-0.124868,-0.878506,0.393552,0.185359,-0.124807,-0.123091,0.724531,-0.47575,0.000294,-0.001645,-0.001326,0.00078,-0.00299,-0.002453,0.000329,-0.000293,0.001753,-0.002126
22.54,-0.408819,-0.286325,-0.138465,-0.801929,0.416432,0.189677,-0.108329,-0.135749,0.666377,-0.398278,-1.0493,0.7528,-1.3525,11.4774,0.9206,0.7155,3.2857,-1.2643,-8.7436,3.1027,-0.401871,-0.289873,-0.124895,-0.87849,0.393491,0.18531,-0.124801,-0.123096,0.724566,-0.475793,0.000289,-0.001641,-0.001315,0.000792,-0.003018,-0.002447,0.000328,-0.000279,0.001754,-0.002107
22.56,-0.408799,-0.286338,-0.138499,-0.801935,0.416359,0.189658,-0.108328,-0.135746,0.666382,-0.398343,-1.0472,0.7566,-1.3532,11.4739,0.9201,0.72,3.2846,-1.2635,-8.748,3.1018,-0.401865,-0.289906,-0.124922,-0.878474,0.393431,0.185261,-0.124794,-0.123102,0.724601,-0.475835,0.000282,-0.001636,-0.001304,0.000803,-0.003045,-0.002441,0.000328,-0.000264,0.001754,-0.00209
22.58,-0.408781,-0.286352,-0.138532,-0.801942,0.416285,0.18964,-0.108327,-0.135743,0.666388,-0.398408,-1.0451,0.7604,-1.354,11.4704,0.9197,0.7244,3.2834,-1.2627,-8.7525,3.1008,-0.401859,-0.289938,-0.124948,-0.878458,0.393369,0.185212,-0.124788,-0.123107,0.724636,-0.475876,0.000276,-0.001631,-0.001292,0.000814,-0.003072,-0.002435,0.000327,-0.00025,0.001755,-0.002072
22.6,-0.408764,-0.286364,-0.138566,-0.801948,0.416211,0.189622,-0.108327,-0.13574,0.666393,-0.398473,-1.0432,0.7643,-1.3548,11.4669,0.9192,0.7288,3.2822,-1.262,-8.757,3.0998,-0.401854,-0.289971,-0.124974,-0.878442,0.393307,0.185163,-0.124781,-0.123112,0.724672,-0.475918,0.000269,-0.001626,-0.00128,0.000825,-0.003099,-0.002428,0.000327,-0.000235,0.001755,-0.002054
22.62,-0.408747,-0.286377,-0.138599,-0.801954,0.416138,0.189604,-0.108326,-0.135736,0.666397,-0.398538,-1.0413,0.7681,-1.3556,11.4634,0.9188,0.7333,3.281,-1.2612,-8.7616,3.0988,-0.401848,-0.290004,-0.125,-0.878425,0.393245,0.185115,-0.124775,-0.123116,0.724707,-0.475959,0.000261,-0.00162,-0.001268,0.000836,-0.003125,-0.002421,0.000327,-0.000221,0.001755,-0.002037
22.64,-0.408732,-0.286389,-0.138632,-0.80196,0.416065,0.189586,-0.108326,-0.135733,0.666402,-0.398604,-1.0395,0.7721,-1.3564,11.46,0.9184,0.7377,3.2798,-1.2605,-8.7662,3.0978,-0.401843,-0.290036,-0.125025,-0.878408,0.393182,0.185066,-0.124768,-0.12312,0.724742,-0.475999,0.000253,-0.001615,-0.001256,0.000847,-0.003151,-0.002414,0.000327,-0.000207,0.001754,-0.00202
22.66,-0.408717,-0.286401,-0.138665,-0.801965,0.415992,0.189568,-0.108325,-0.135729,0.666406,-0.39867,-1.0379,0.776,-1.3572,11.4565,0.9181,0.7421,3.2786,-1.2598,-8.7708,3.0968,-0.401838,-0.290069,-0.125051,-0.878391,0.393119,0.185018,-0.124761,-0.123124,0.724777,-0.47604,0.000244,-0.001609,-0.001243,0.000858,-0.003177,-0.002407,0.000326,-0.000193,0.001754,-0.002003
22.68,-0.408703,-0.286412,-0.138698,-0.80197,0.415919,0.189551,-0.108325,-0.135726,0.66641,-0.398736,-1.0363,0.78,-1.358,11.453,0.9177,0.7465,3.2774,-1.2592,-8.7755,3.0957,-0.401833,-0.290101,-0.125076,-0.878374,0.393055,0.18497,-0.124755,-0.123128,0.724812,-0.47608,0.000235,-0.001603,-0.001231,0.000869,-0.003202,-0.002399,0.000326,-0.00018,0.001752,-0.001987
22.7,-0.40869,-0.286424,-0.13873,-0.801975,0.415846,0.189533,-0.108324,-0.135722,0.666414,-0.398802,-1.0348,0.784,-1.3588,11.4496,0.9174,0.7508,3.2762,-1.2585,-8.7801,3.0947,-0.401828,-0.290133,-0.1251,-0.878357,0.39299,0.184922,-0.124748,-0.123132,0.724847,-0.476119,0.000226,-0.001597,-0.001218,0.00088,-0.003227,-0.002391,0.000326,-0.000166,0.001751,-0.00197
22.72,-0.408678,-0.286435,-0.138762,-0.80198,0.415774,0.189516,-0.108324,-0.135719,0.666417,-0.398868,-1.0335,0.7881,-1.3596,11.4461,0.9172,0.7552,3.275,-1.2579,-8.7849,3.0936,-0.401824,-0.290165,-0.125125,-0.878339,0.392925,0.184874,-0.124742,-0.123135,0.724882,-0.476159,0.000215,-0.001591,-0.001205,0.00089,-0.003251,-0.002382,0.000326,-0.000152,0.001749,-0.001954
22.74,-0.408667,-0.286445,-0.138793,-0.801985,0.415702,0.189499,-0.108324,-0.135715,0.666421,-0.398934,-1.0322,0.7921,-1.3603,11.4427,0.9169,0.7596,3.2737,-1.2572,-8.7896,3.0925,-0.40182,-0.290197,-0.125149,-0.878321,0.39286,0.184826,-0.124735,-0.123138,0.724917,-0.476198,0.000205,-0.001585,-0.001191,0.000901,-0.003275,-0.002374,0.000326,-0.000139,0.001747,-0.001938
22.76,-0.408657,-0.286456,-0.138824,-0.801989,0.415631,0.189482,-0.108324,-0.135711,0.666424,-0.399,-1.031,0.7962,-1.3611,11.4392,0.9167,0.7639,3.2725,-1.2566,-8.7943,3.0914,-0.401816,-0.290229,-0.125173,-0.878303,0.392794,0.184779,-0.124729,-0.12314,0.724952,-0.476236,0.000194,-0.001578,-0.001178,0.000912,-0.003298,-0.002365,0.000325,-0.000126,0.001745,-0.001923
22.78,-0.408648,-0.286466,-0.138855,-0.801993,0.415559,0.189465,-0.108324,-0.135707,0.666427,-0.399066,-1.0299,0.8004,-1.3619,11.4358,0.9166,0.7682,3.2712,-1.2561,-8.7991,3.0902,-0.401812,-0.29026,-0.125197,-0.878285,0.392728,0.184731,-0.124722,-0.123142,0.724987,-0.476275,0.000182,-0.001572,-0.001164,0.000923,-0.003321,-0.002356,0.000325,-0.000113,0.001743,-0.001907
22.8,-0.40864,-0.286476,-0.138886,-0.801996,0.415489,0.189448,-0.108323,-0.135703,0.666429,-0.399132,-1.0289,0.8045,-1.3627,11.4324,0.9164,0.7726,3.2699,-1.2555,-8.8039,3.0891,-0.401808,-0.290292,-0.12522,-0.878266,0.392661,0.184684,-0.124716,-0.123145,0.725022,-0.476313,0.00017,-0.001565,-0.00115,0.000933,-0.003344,-0.002346,0.000325,-0.0001,0.00174,-0.001892
22.82,-0.408633,-0.286485,-0.138916,-0.802,0.415418,0.189431,-0.108323,-0.135699,0.666432,-0.399198,-1.028,0.8087,-1.3634,11.4289,0.9163,0.7769,3.2686,-1.255,-8.8087,3.088,-0.401805,-0.290323,-0.125243,-0.878247,0.392594,0.184637,-0.124709,-0.123146,0.725056,-0.47635,0.000157,-0.001558,-0.001135,0.000944,-0.003366,-0.002337,0.000325,-8.7e-05,0.001737,-0.001878
22.84,-0.408626,-0.286494,-0.138946,-0.802003,0.415348,0.189415,-0.108323,-0.135695,0.666434,-0.399264,-1.0272,0.8129,-1.3642,11.4255,0.9162,0.7811,3.2673,-1.2544,-8.8135,3.0868,-0.401802,-0.290354,-0.125266,-0.878228,0.392526,0.184591,-0.124703,-0.123148,0.725091,-0.476388,0.000144,-0.001551,-0.001121,0.000954,-0.003388,-0.002327,0.000325,-7.5e-05,0.001733,-0.001863
22.86,-0.408621,-0.286503,-0.138976,-0.802006,0.415278,0.189398,-0.108323,-0.135691,0.666437,-0.399329,-1.0265,0.8172,-1.365,11.4221,0.9162,0.7854,3.266,-1.2539,-8.8183,3.0857,-0.401799,-0.290385,-0.125289,-0.878209,0.392458,0.184544,-0.124696,-0.123149,0.725126,-0.476425,0.000131,-0.001543,-0.001106,0.000965,-0.003409,-0.002317,0.000326,-6.2e-05,0.00173,-0.001849
22.88,-0.408617,-0.286511,-0.139005,-0.802008,0.415209,0.189382,-0.108323,-0.135687,0.666439,-0.399395,-1.0259,0.8215,-1.3657,11.4188,0.9162,0.7897,3.2647,-1.2535,-8.8232,3.0845,-0.401797,-0.290416,-0.125311,-0.87819,0.392389,0.184498,-0.12469,-0.12315,0.72516,-0.476462,0.000117,-0.001536,-0.001091,0.000975,-0.003429,-0.002306,0.000326,-5e-05,0.001726,-0.001835
22.9,-0.408614,-0.28652,-0.139034,-0.802011,0.415141,0.189366,-0.108323,-0.135683,0.66644,-0.39946,-1.0254,0.8258,-1.3665,11.4154,0.9162,0.7939,3.2634,-1.253,-8.828,3.0834,-0.401794,-0.290447,-0.125333,-0.87817,0.39232,0.184452,-0.124683,-0.123151,0.725195,-0.476499,0.000102,-0.001528,-0.001076,0.000986,-0.00345,-0.002295,0.000326,-3.9e-05,0.001721,-0.001821
22.92,-0.408611,-0.286527,-0.139063,-0.802013,0.415072,0.18935,-0.108323,-0.135678,0.666442,-0.399525,-1.025,0.8301,-1.3672,11.412,0.9163,0.7981,3.2621,-1.2526,-8.8329,3.0822,-0.401793,-0.290477,-0.125354,-0.87815,0.392251,0.184406,-0.124677,-0.123152,0.725229,-0.476535,8.7e-05,-0.00152,-0.001061,0.000996,-0.003469,-0.002284,0.000326,-2.7e-05,0.001717,-0.001808
22.94,-0.40861,-0.286535,-0.139091,-0.802014,0.415005,0.189334,-0.108324,-0.135674,0.666444,-0.399589,-1.0247,0.8345,-1.368,11.4087,0.9164,0.8023,3.2607,-1.2521,-8.8378,3.0811,-0.401791,-0.290508,-0.125376,-0.87813,0.392181,0.18436,-0.12467,-0.123152,0.725263,-0.476571,7.2e-05,-0.001512,-0.001046,0.001006,-0.003488,-0.002273,0.000326,-1.5e-05,0.001712,-0.001795
22.96,-0.40861,-0.286542,-0.139119,-0.802016,0.414937,0.189318,-0.108324,-0.13567,0.666445,-0.399654,-1.0245,0.8388,-1.3687,11.4053,0.9165,0.8064,3.2594,-1.2518,-8.8427,3.0799,-0.40179,-0.290538,-0.125397,-0.87811,0.392111,0.184315,-0.124664,-0.123152,0.725298,-0.476607,5.6e-05,-0.001504,-0.00103,0.001016,-0.003507,-0.002261,0.000327,-4e-06,0.001707,-0.001782
22.98,-0.408611,-0.286549,-0.139146,-0.802017,0.414871,0.189303,-0.108324,-0.135666,0.666446,-0.399717,-1.0243,0.8432,-1.3694,11.402,0.9167,0.8106,3.258,-1.2514,-8.8475,3.0788,-0.401789,-0.290568,-0.125417,-0.87809,0.392041,0.18427,-0.124657,-0.123152,0.725332,-0.476643,3.9e-05,-0.001495,-0.001014,0.001026,-0.003525,-0.002249,0.000327,7e-06,0.001702,-0.00177
23.0,-0.408613,-0.286556,-0.139173,-0.802018,0.414805,0.189287,-0.108324,-0.135662,0.666447,-0.399781,-1.0243,0.8477,-1.3702,11.3987,0.9169,0.8147,3.2567,-1.251,-8.8524,3.0776,-0.401788,-0.290598,-0.125438,-0.878069,0.39197,0.184225,-0.124651,-0.123152,0.725366,-0.476678,2.3e-05,-0.001487,-0.000998,0.001036,-0.003543,-0.002237,0.000327,1.8e-05,0.001696,-0.001758
23.02,-0.408616,-0.286562,-0.1392,-0.802018,0.414739,0.189272,-0.108324,-0.135657,0.666448,-0.399844,-1.0244,0.8521,-1.3709,11.3954,0.9171,0.8188,3.2553,-1.2507,-8.8573,3.0765,-0.401788,-0.290628,-0.125458,-0.878048,0.391899,0.18418,-0.124644,-0.123151,0.725399,-0.476713,5e-06,-0.001478,-0.000982,0.001046,-0.003559,-0.002225,0.000328,2.8e-05,0.00169,-0.001746
23.04,-0.40862,-0.286568,-0.139226,-0.802019,0.414674,0.189256,-0.108325,-0.135653,0.666449,-0.399907,-1.0245,0.8566,-1.3716,11.3922,0.9174,0.8228,3.2539,-1.2504,-8.8622,3.0754,-0.401788,-0.290657,-0.125477,-0.878027,0.391827,0.184135,-0.124638,-0.123151,0.725433,-0.476748,-1.2e-05,-0.001469,-0.000966,0.001056,-0.003576,-0.002212,0.000328,3.8e-05,0.001684,-0.001735
23.06,-0.408625,-0.286574,-0.139252,-0.802018,0.41461,0.189241,-0.108325,-0.135649,0.66645,-0.399969,-1.0248,0.8611,-1.3723,11.3889,0.9177,0.8268,3.2525,-1.2501,-8.8671,3.0743,-0.401788,-0.290687,-0.125497,-0.878006,0.391755,0.184091,-0.124631,-0.12315,0.725467,-0.476783,-3e-05,-0.00146,-0.000949,0.001065,-0.003592,-0.002199,0.000328,4.8e-05,0.001677,-0.001724
23.08,-0.408631,-0.286579,-0.139278,-0.802018,0.414546,0.189226,-0.108325,-0.135645,0.66645,-0.40003,-1.0251,0.8656,-1.373,11.3857,0.9181,0.8308,3.2511,-1.2498,-8.8719,3.0732,-0.401789,-0.290716,-0.125516,-0.877985,0.391683,0.184047,-0.124624,-0.123149,0.7255,-0.476817,-4.9e-05,-0.001451,-0.000933,0.001075,-0.003607,-0.002186,0.000329,5.8e-05,0.00167,-0.001713
23.1,-0.408638,-0.286584,-0.139303,-0.802017,0.414483,0.189211,-0.108326,-0.135641,0.666451,-0.400091,-1.0256,0.8701,-1.3737,11.3825,0.9185,0.8348,3.2497,-1.2496,-8.8768,3.0721,-0.40179,-0.290745,-0.125534,-0.877963,0.391611,0.184004,-0.124618,-0.123147,0.725534,-0.476851,-6.8e-05,-0.001442,-0.000916,0.001085,-0.003622,-0.002172,0.00033,6.7e-05,0.001663,-0.001702
23.12,-0.408647,-0.286589,-0.139328,-0.802016,0.414421,0.189196,-0.108326,-0.135637,0.666451,-0.400151,-1.0261,0.8747,-1.3744,11.3793,0.9189,0.8388,3.2483,-1.2493,-8.8817,3.071,-0.401792,-0.290774,-0.125553,-0.877941,0.391538,0.18396,-0.124611,-0.123146,0.725567,-0.476885,-8.7e-05,-0.001432,-0.000899,0.001094,-0.003636,-0.002159,0.00033,7.7e-05,0.001656,-0.001692
23.14,-0.408656,-0.286594,-0.139352,-0.802015,0.414359,0.189182,-0.108327,-0.135633,0.666452,-0.400211,-1.0267,0.8792,-1.3751,11.3761,0.9194,0.8427,3.2469,-1.2491,-8.8865,3.07,-0.401794,-0.290802,-0.125571,-0.877919,0.391465,0.183917,-0.124605,-0.123144,0.7256,-0.476919,-0.000107,-0.001423,-0.000882,0.001103,-0.00365,-0.002145,0.000331,8.5e-05,0.001648,-0.001683
23.16,-0.408666,-0.286598,-0.139376,-0.802013,0.414298,0.189167,-0.108327,-0.135629,0.666452,-0.40027,-1.0274,0.8838,-1.3758,11.3729,0.9199,0.8465,3.2455,-1.249,-8.8913,3.069,-0.401796,-0.290831,-0.125588,-0.877897,0.391392,0.183875,-0.124598,-0.123142,0.725633,-0.476953,-0.000127,-0.001413,-0.000865,0.001112,-0.003662,-0.00213,0.000331,9.4e-05,0.00164,-0.001673
23.18,-0.408678,-0.286602,-0.139399,-0.802011,0.414238,0.189153,-0.108327,-0.135625,0.666452,-0.400329,-1.0282,0.8884,-1.3765,11.3698,0.9204,0.8504,3.244,-1.2488,-8.8961,3.0679,-0.401799,-0.290859,-0.125605,-0.877875,0.391318,0.183832,-0.124591,-0.12314,0.725665,-0.476986,-0.000148,-0.001403,-0.000848,0.001121,-0.003675,-0.002116,0.000332,0.000102,0.001632,-0.001664
23.2,-0.408691,-0.286605,-0.139422,-0.802009,0.414179,0.189138,-0.108328,-0.135621,0.666452,-0.400386,-1.0291,0.893,-1.3772,11.3667,0.921,0.8542,3.2426,-1.2487,-8.9009,3.067,-0.401802,-0.290887,-0.125622,-0.877852,0.391245,0.18379,-0.124585,-0.123138,0.725698,-0.477019,-0.000169,-0.001393,-0.00083,0.00113,-0.003687,-0.002101,0.000333,0.00011,0.001624,-0.001655
23.22,-0.408704,-0.286609,-0.139445,-0.802007,0.41412,0.189124,-0.108328,-0.135617,0.666452,-0.400443,-1.0301,0.8977,-1.3778,11.3636,0.9216,0.858,3.2412,-1.2485,-8.9057,3.066,-0.401806,-0.290915,-0.125639,-0.877829,0.391171,0.183748,-0.124578,-0.123136,0.72573,-0.477052,-0.00019,-0.001383,-0.000813,0.001139,-0.003698,-0.002086,0.000333,0.000118,0.001615,-0.001647
23.24,-0.408719,-0.286612,-0.139467,-0.802004,0.414062,0.18911,-0.108329,-0.135613,0.666452,-0.400499,-1.0312,0.9023,-1.3785,11.3605,0.9223,0.8617,3.2397,-1.2484,-8.9105,3.0651,-0.40181,-0.290942,-0.125655,-0.877807,0.391096,0.183706,-0.124571,-0.123133,0.725763,-0.477085,-0.000212,-0.001372,-0.000795,0.001148,-0.003708,-0.002071,0.000334,0.000125,0.001606,-0.001639
23.26,-0.408735,-0.286615,-0.139489,-0.802,0.414005,0.189096,-0.108329,-0.13561,0.666452,-0.400554,-1.0323,0.907,-1.3791,11.3575,0.923,0.8655,3.2383,-1.2484,-8.9152,3.0642,-0.401814,-0.29097,-0.125671,-0.877783,0.391022,0.183665,-0.124565,-0.123131,0.725795,-0.477118,-0.000234,-0.001362,-0.000778,0.001156,-0.003718,-0.002055,0.000335,0.000132,0.001597,-0.001631
23.28,-0.408751,-0.286617,-0.13951,-0.801997,0.413949,0.189082,-0.10833,-0.135606,0.666452,-0.400608,-1.0335,0.9117,-1.3798,11.3544,0.9237,0.8691,3.2368,-1.2483,-8.92,3.0633,-0.401819,-0.290997,-0.125687,-0.87776,0.390947,0.183624,-0.124558,-0.123128,0.725826,-0.477151,-0.000256,-0.001351,-0.00076,0.001165,-0.003727,-0.00204,0.000336,0.000139,0.001588,-0.001624
23.3,-0.408769,-0.286619,-0.139531,-0.801993,0.413893,0.189069,-0.10833,-0.135603,0.666451,-0.400662,-1.0348,0.9163,-1.3804,11.3514,0.9245,0.8728,3.2353,-1.2483,-8.9247,3.0625,-0.401824,-0.291024,-0.125702,-0.877737,0.390873,0.183583,-0.124551,-0.123125,0.725858,-0.477183,-0.000279,-0.001341,-0.000742,0.001173,-0.003736,-0.002024,0.000337,0.000145,0.001578,-0.001617
23.32,-0.408788,-0.286621,-0.139552,-0.801989,0.413839,0.189055,-0.108331,-0.1356,0.666451,-0.400714,-1.0362,0.921,-1.381,11.3484,0.9253,0.8764,3.2339,-1.2483,-8.9293,3.0616,-0.40183,-0.291051,-0.125716,-0.877713,0.390798,0.183543,-0.124544,-0.123122,0.72589,-0.477215,-0.000302,-0.00133,-0.000724,0.001181,-0.003744,-0.002007,0.000338,0.000151,0.001569,-0.001611
23.34,-0.408808,-0.286623,-0.139572,-0.801984,0.413785,0.189041,-0.108331,-0.135596,0.666451,-0.400766,-1.0377,0.9257,-1.3817,11.3455,0.9262,0.88,3.2324,-1.2483,-8.934,3.0609,-0.401837,-0.291077,-0.125731,-0.87769,0.390723,0.183503,-0.124538,-0.123119,0.725921,-0.477248,-0.000326,-0.001319,-0.000706,0.001189,-0.003751,-0.001991,0.000339,0.000157,0.001558,-0.001605
23.36,-0.408829,-0.286624,-0.139591,-0.80198,0.413732,0.189028,-0.108331,-0.135593,0.666451,-0.400816,-1.0392,0.9304,-1.3823,11.3425,0.9271,0.8835,3.2309,-1.2483,-8.9386,3.0601,-0.401843,-0.291103,-0.125745,-0.877666,0.390647,0.183463,-0.124531,-0.123116,0.725952,-0.47728,-0.00035,-0.001308,-0.000688,0.001197,-0.003757,-0.001974,0.00034,0.000162,0.001548,-0.001599
23.38,-0.408851,-0.286625,-0.13961,-0.801975,0.41368,0.189015,-0.108332,-0.13559,0.66645,-0.400866,-1.0409,0.9351,-1.3829,11.3396,0.9281,0.887,3.2294,-1.2483,-8.9432,3.0594,-0.401851,-0.291129,-0.125759,-0.877642,0.390572,0.183424,-0.124524,-0.123112,0.725983,-0.477312,-0.000374,-0.001297,-0.00067,0.001205,-0.003763,-0.001957,0.000341,0.000167,0.001538,-0.001593
23.4,-0.408874,-0.286626,-0.139629,-0.801969,0.413629,0.189002,-0.108332,-0.135587,0.66645,-0.400914,-1.0426,0.9398,-1.3835,11.3367,0.929,0.8905,3.228,-1.2484,-8.9477,3.0588,-0.401858,-0.291155,-0.125772,-0.877617,0.390497,0.183385,-0.124517,-0.123109,0.726013,-0.477344,-0.000398,-0.001286,-0.000652,0.001212,-0.003769,-0.00194,0.000342,0.000172,0.001527,-0.001588
23.42,-0.408899,-0.286626,-0.139647,-0.801964,0.413579,0.188989,-0.108333,-0.135584,0.66645,-0.400961,-1.0443,0.9446,-1.384,11.3339,0.9301,0.8939,3.2265,-1.2485,-8.9522,3.0581,-0.401867,-0.291181,-0.125785,-0.877593,0.390421,0.183347,-0.12451,-0.123105,0.726044,-0.477375,-0.000423,-0.001274,-0.000634,0.00122,-0.003773,-0.001922,0.000343,0.000176,0.001516,-0.001584
23.44,-0.408924,-0.286626,-0.139665,-0.801958,0.41353,0.188976,-0.108333,-0.135582,0.666449,-0.401007,-1.0462,0.9493,-1.3846,11.331,0.9311,0.8972,3.225,-1.2486,-8.9567,3.0575,-0.401875,-0.291206,-0.125797,-0.877569,0.390345,0.183308,-0.124504,-0.123102,0.726074,-0.477407,-0.000448,-0.001263,-0.000616,0.001227,-0.003777,-0.001905,0.000344,0.00018,0.001505,-0.001579
23.46,-0.40895,-0.286626,-0.139682,-0.801951,0.413481,0.188963,-0.108334,-0.135579,0.666449,-0.401052,-1.0481,0.954,-1.3852,11.3282,0.9322,0.9006,3.2235,-1.2487,-8.9611,3.057,-0.401885,-0.291231,-0.12581,-0.877544,0.39027,0.18327,-0.124497,-0.123098,0.726104,-0.477439,-0.000473,-0.001252,-0.000597,0.001234,-0.00378,-0.001887,0.000345,0.000183,0.001493,-0.001575
23.48,-0.408977,-0.286626,-0.139699,-0.801945,0.413434,0.188951,-0.108334,-0.135577,0.666449,-0.401096,-1.0501,0.9587,-1.3857,11.3254,0.9334,0.9039,3.222,-1.2489,-8.9655,3.0565,-0.401895,-0.291256,-0.125822,-0.877519,0.390194,0.183233,-0.12449,-0.123094,0.726134,-0.47747,-0.000499,-0.00124,-0.000579,0.001241,-0.003783,-0.001869,0.000346,0.000186,0.001482,-0.001572
23.5,-0.409005,-0.286626,-0.139715,-0.801938,0.413388,0.188938,-0.108334,-0.135575,0.666449,-0.401139,-1.0521,0.9635,-1.3863,11.3227,0.9345,0.9072,3.2205,-1.249,-8.9699,3.0561,-0.401905,-0.291281,-0.125833,-0.877494,0.390118,0.183196,-0.124483,-0.123091,0.726163,-0.477502,-0.000525,-0.001228,-0.000561,0.001248,-0.003784,-0.00185,0.000347,0.000189,0.00147,-0.001569
23.52,-0.409035,-0.286625,-0.139731,-0.801931,0.413342,0.188926,-0.108335,-0.135573,0.666448,-0.40118,-1.0542,0.9682,-1.3868,11.3199,0.9357,0.9104,3.219,-1.2492,-8.9742,3.0557,-0.401916,-0.291306,-0.125844,-0.877469,0.390042,0.183159,-0.124476,-0.123087,0.726192,-0.477533,-0.000551,-0.001217,-0.000543,0.001254,-0.003785,-0.001832,0.000348,0.000191,0.001458,-0.001566
23.54,-0.409065,-0.286624,-0.139747,-0.801923,0.413298,0.188914,-0.108335,-0.135571,0.666448,-0.40122,-1.0564,0.9729,-1.3874,11.3172,0.937,0.9136,3.2175,-1.2494,-8.9785,3.0553,-0.401927,-0.29133,-0.125855,-0.877444,0.389966,0.183122,-0.124469,-0.123083,0.726221,-0.477564,-0.000577,-0.001205,-0.000525,0.00126,-0.003786,-0.001813,0.00035,0.000193,0.001446,-0.001564
23.56,-0.409096,-0.286623,-0.139762,-0.801916,0.413254,0.188902,-0.108335,-0.135569,0.666448,-0.401259,-1.0586,0.9776,-1.3879,11.3145,0.9383,0.9167,3.216,-1.2496,-8.9827,3.055,-0.401939,-0.291354,-0.125865,-0.877419,0.389891,0.183086,-0.124462,-0.123079,0.72625,-0.477596,-0.000604,-0.001193,-0.000507,0.001267,-0.003785,-0.001794,0.000351,0.000195,0.001434,-0.001562
23.58,-0.409128,-0.286622,-0.139776,-0.801907,0.413212,0.18889,-0.108336,-0.135567,0.666448,-0.401297,-1.0609,0.9824,-1.3884,11.3118,0.9396,0.9198,3.2145,-1.2499,-8.9869,3.0547,-0.401951,-0.291377,-0.125875,-0.877393,0.389815,0.183051,-0.124455,-0.123075,0.726279,-0.477627,-0.000631,-0.001182,-0.000489,0.001272,-0.003784,-0.001775,0.000352,0.000196,0.001422,-0.00156
23.6,-0.409161,-0.28662,-0.13979,-0.801899,0.413171,0.188879,-0.108336,-0.135566,0.666448,-0.401333,-1.0633,0.9871,-1.3889,11.3092,0.941,0.9229,3.213,-1.2501,-8.991,3.0546,-0.401964,-0.291401,-0.125885,-0.877368,0.389739,0.183015,-0.124448,-0.123071,0.726307,-0.477658,-0.000658,-0.00117,-0.000471,0.001278,-0.003783,-0.001756,0.000353,0.000196,0.001409,-0.001559
23.62,-0.409195,-0.286618,-0.139804,-0.801891,0.41313,0.188867,-0.108336,-0.135565,0.666448,-0.401368,-1.0657,0.9918,-1.3894,11.3066,0.9424,0.9259,3.2115,-1.2504,-8.9951,3.0544,-0.401978,-0.291424,-0.125894,-0.877342,0.389663,0.182981,-0.124441,-0.123067,0.726335,-0.477689,-0.000685,-0.001158,-0.000453,0.001284,-0.00378,-0.001736,0.000355,0.000197,0.001396,-0.001558
23.64,-0.40923,-0.286616,-0.139817,-0.801882,0.413091,0.188856,-0.108336,-0.135563,0.666448,-0.401401,-1.0681,0.9965,-1.3899,11.304,0.9439,0.9289,3.21,-1.2507,-8.9991,3.0543,-0.401992,-0.291447,-0.125903,-0.877316,0.389588,0.182946,-0.124433,-0.123063,0.726363,-0.47772,-0.000712,-0.001146,-0.000435,0.001289,-0.003777,-0.001717,0.000356,0.000197,0.001383,-0.001557
23.66,-0.409266,-0.286614,-0.13983,-0.801873,0.413053,0.188844,-0.108337,-0.135562,0.666449,-0.401433,-1.0706,1.0011,-1.3904,11.3015,0.9454,0.9318,3.2085,-1.251,-9.0031,3.0543,-0.402007,-0.29147,-0.125912,-0.87729,0.389512,0.182912,-0.124426,-0.123059,0.72639,-0.477752,-0.00074,-0.001134,-0.000417,0.001294,-0.003773,-0.001697,0.000357,0.000196,0.00137,-0.001557
23.68,-0.409303,-0.286612,-0.139842,-0.801863,0.413015,0.188833,-0.108337,-0.135562,0.666449,-0.401464,-1.0732,1.0058,-1.3908,11.2989,0.9469,0.9347,3.207,-1.2513,-9.007,3.0543,-0.402022,-0.291493,-0.12592,-0.877264,0.389436,0.182878,-0.124419,-0.123055,0.726418,-0.477783,-0.000768,-0.001122,-0.0004,0.001299,-0.003768,-0.001677,0.000358,0.000195,0.001357,-0.001558
23.7,-0.40934,-0.286609,-0.139854,-0.801854,0.412979,0.188822,-0.108337,-0.135561,0.66645,-0.401493,-1.0758,1.0105,-1.3913,11.2964,0.9485,0.9376,3.2055,-1.2516,-9.0109,3.0544,-0.402037,-0.291515,-0.125928,-0.877238,0.389361,0.182845,-0.124412,-0.123051,0.726444,-0.477814,-0.000795,-0.001111,-0.000382,0.001304,-0.003763,-0.001656,0.00036,0.000194,0.001344,-0.001558
23.72,-0.409379,-0.286606,-0.139865,-0.801844,0.412944,0.188812,-0.108337,-0.135561,0.66645,-0.401521,-1.0784,1.0151,-1.3917,11.2939,0.9501,0.9404,3.204,-1.252,-9.0147,3.0545,-0.402054,-0.291537,-0.125935,-0.877212,0.389286,0.182812,-0.124405,-0.123048,0.726471,-0.477845,-0.000823,-0.001099,-0.000365,0.001308,-0.003757,-0.001636,0.000361,0.000192,0.00133,-0.001559
23.74,-0.409418,-0.286603,-0.139876,-0.801834,0.41291,0.188801,-0.108337,-0.135561,0.666451,-0.401547,-1.0811,1.0197,-1.3922,11.2915,0.9517,0.9431,3.2026,-1.2523,-9.0184,3.0547,-0.402071,-0.291559,-0.125942,-0.877186,0.38921,0.18278,-0.124397,-0.123044,0.726498,-0.477876,-0.000852,-0.001087,-0.000347,0.001313,-0.00375,-0.001615,0.000362,0.00019,0.001317,-0.001561
23.76,-0.409459,-0.2866,-0.139886,-0.801823,0.412877,0.188791,-0.108337,-0.135561,0.666452,-0.401571,-1.0838,1.0244,-1.3926,11.289,0.9534,0.9459,3.2011,-1.2527,-9.0221,3.055,-0.402088,-0.29158,-0.125949,-0.87716,0.389135,0.182748,-0.12439,-0.12304,0.726524,-0.477908,-0.00088,-0.001075,-0.00033,0.001317,-0.003743,-0.001595,0.000364,0.000188,0.001303,-0.001562
23.78,-0.4095,-0.286597,-0.139896,-0.801813,0.412845,0.188781,-0.108337,-0.135561,0.666453,-0.401595,-1.0866,1.029,-1.393,11.2866,0.9551,0.9486,3.1996,-1.2531,-9.0257,3.0553,-0.402106,-0.291602,-0.125956,-0.877133,0.38906,0.182716,-0.124383,-0.123036,0.72655,-0.477939,-0.000908,-0.001063,-0.000313,0.001321,-0.003735,-0.001574,0.000365,0.000185,0.001289,-0.001565
23.8,-0.409541,-0.286594,-0.139906,-0.801802,0.412814,0.18877,-0.108337,-0.135561,0.666454,-0.401616,-1.0894,1.0335,-1.3934,11.2843,0.9568,0.9512,3.1981,-1.2535,-9.0293,3.0557,-0.402125,-0.291623,-0.125962,-0.877107,0.388986,0.182685,-0.124376,-0.123032,0.726575,-0.47797,-0.000937,-0.001051,-0.000296,0.001324,-0.003726,-0.001553,0.000366,0.000182,0.001276,-0.001567
23.82,-0.409584,-0.286591,-0.139915,-0.801791,0.412784,0.188761,-0.108336,-0.135562,0.666455,-0.401636,-1.0922,1.0381,-1.3938,11.2819,0.9586,0.9538,3.1966,-1.2539,-9.0328,3.0562,-0.402144,-0.291644,-0.125967,-0.87708,0.388911,0.182654,-0.124368,-0.123029,0.726601,-0.478002,-0.000965,-0.00104,-0.00028,0.001327,-0.003716,-0.001531,0.000368,0.000178,0.001262,-0.00157
23.84,-0.409627,-0.286587,-0.139924,-0.80178,0.412755,0.188751,-0.108336,-0.135563,0.666456,-0.401655,-1.095,1.0426,-1.3942,11.2796,0.9604,0.9564,3.1952,-1.2543,-9.0363,3.0567,-0.402163,-0.291664,-0.125973,-0.877053,0.388837,0.182624,-0.124361,-0.123025,0.726626,-0.478033,-0.000994,-0.001028,-0.000263,0.00133,-0.003705,-0.00151,0.000369,0.000174,0.001248,-0.001573
23.86,-0.409671,-0.286583,-0.139932,-0.801768,0.412727,0.188741,-0.108336,-0.135564,0.666458,-0.401671,-1.0979,1.0471,-1.3946,11.2773,0.9622,0.9589,3.1937,-1.2548,-9.0396,3.0573,-0.402184,-0.291685,-0.125978,-0.877027,0.388763,0.182594,-0.124353,-0.123022,0.726651,-0.478065,-0.001023,-0.001017,-0.000247,0.001333,-0.003694,-0.001489,0.00037,0.000169,0.001234,-0.001577
23.88,-0.409716,-0.286579,-0.13994,-0.801756,0.412701,0.188732,-0.108336,-0.135565,0.666459,-0.401687,-1.1008,1.0516,-1.395,11.275,0.9641,0.9614,3.1923,-1.2552,-9.0429,3.058,-0.402205,-0.291705,-0.125983,-0.877,0.388689,0.182564,-0.124346,-0.123019,0.726675,-0.478096,-0.001051,-0.001005,-0.000231,0.001336,-0.003683,-0.001467,0.000371,0.000164,0.001219,-0.001581
23.9,-0.409762,-0.286576,-0.139948,-0.801745,0.412675,0.188723,-0.108335,-0.135566,0.666461,-0.4017,-1.1037,1.0561,-1.3953,11.2727,0.966,0.9639,3.1908,-1.2556,-9.0462,3.0587,-0.402226,-0.291725,-0.125987,-0.876973,0.388615,0.182535,-0.124338,-0.123015,0.726699,-0.478128,-0.00108,-0.000994,-0.000215,0.001338,-0.00367,-0.001446,0.000373,0.000159,0.001205,-0.001585
23.92,-0.409808,-0.286572,-0.139955,-0.801732,0.41265,0.188714,-0.108335,-0.135568,0.666463,-0.401712,-1.1066,1.0605,-1.3957,11.2705,0.968,0.9663,3.1894,-1.2561,-9.0494,3.0595,-0.402248,-0.291745,-0.125991,-0.876946,0.388542,0.182507,-0.124331,-0.123012,0.726723,-0.47816,-0.001109,-0.000982,-0.000199,0.00134,-0.003657,-0.001424,0.000374,0.000153,0.001191,-0.00159
23.94,-0.409855,-0.286568,-0.139961,-0.80172,0.412627,0.188705,-0.108334,-0.13557,0.666465,-0.401723,-1.1095,1.065,-1.396,11.2683,0.9699,0.9686,3.188,-1.2566,-9.0525,3.0603,-0.402271,-0.291764,-0.125995,-0.876919,0.388469,0.182479,-0.124324,-0.123009,0.726747,-0.478192,-0.001138,-0.000973,-0.000185,0.001342,-0.003643,-0.001402,0.000374,0.000147,0.001176,-0.001594
23.96,-0.409903,-0.286563,-0.139968,-0.801708,0.412605,0.188697,-0.108333,-0.135572,0.666468,-0.401731,-1.1125,1.0696,-1.3963,11.2661,0.9719,0.9709,3.1867,-1.257,-9.0555,3.0613,-0.402294,-0.291784,-0.125999,-0.876893,0.388396,0.182451,-0.124316,-0.123006,0.72677,-0.478224,-0.001166,-0.000968,-0.000175,0.001341,-0.003627,-0.001379,0.000373,0.00014,0.001161,-0.001598
23.98,-0.409951,-0.286559,-0.139973,-0.801695,0.412584,0.188688,-0.108333,-0.135574,0.66647,-0.401739,-1.1155,1.0742,-1.3966,11.264,0.974,0.9732,3.1854,-1.2575,-9.0584,3.0623,-0.402318,-0.291803,-0.126002,-0.876866,0.388324,0.182424,-0.124309,-0.123004,0.726793,-0.478256,-0.001195,-0.000963,-0.000164,0.00134,-0.003611,-0.001356,0.000371,0.000132,0.001146,-0.001602
