time_s,target_dof_right_hip_pitch_04,target_dof_right_hip_roll_03,target_dof_right_hip_yaw_03,target_dof_right_knee_04,target_dof_right_ankle_02,target_dof_left_hip_pitch_04,target_dof_left_hip_roll_03,target_dof_left_hip_yaw_03,target_dof_left_knee_04,target_dof_left_ankle_02,torque_dof_right_hip_pitch_04,torque_dof_right_hip_roll_03,torque_dof_right_hip_yaw_03,torque_dof_right_knee_04,torque_dof_right_ankle_02,torque_dof_left_hip_pitch_04,torque_dof_left_hip_roll_03,torque_dof_left_hip_yaw_03,torque_dof_left_knee_04,torque_dof_left_ankle_02,pos_dof_right_hip_pitch_04,pos_dof_right_hip_roll_03,pos_dof_right_hip_yaw_03,pos_dof_right_knee_04,pos_dof_right_ankle_02,pos_dof_left_hip_pitch_04,pos_dof_left_hip_roll_03,pos_dof_left_hip_yaw_03,pos_dof_left_knee_04,pos_dof_left_ankle_02,vel_dof_right_hip_pitch_04,vel_dof_right_hip_roll_03,vel_dof_right_hip_yaw_03,vel_dof_right_knee_04,vel_dof_right_ankle_02,vel_dof_left_hip_pitch_04,vel_dof_left_hip_roll_03,vel_dof_left_hip_yaw_03,vel_dof_left_knee_04,vel_dof_left_ankle_02
8.36,-0.297038,-0.16046,0.125115,-0.648823,0.544783,0.157267,-0.143284,0.071273,0.70109,-0.330665,-12.4476,-11.8782,2.0215,30.1655,2.2876,-5.6336,-5.7234,0.9294,-3.2027,4.2562,-0.28926,-0.154254,0.113464,-0.88767,0.503749,0.267554,-0.099013,0.064134,0.795582,-0.387054,0.45631,0.403116,-0.250497,0.654215,-0.652728,-0.441282,-0.118647,-0.063029,-1.267757,-2.020836
8.38,-0.276271,-0.145924,0.119249,-0.611265,0.565692,0.119659,-0.100194,0.086826,0.697398,-0.353969,-5.3905,-7.6051,1.7528,33.7775,3.7009,-9.0104,2.6978,3.0211,1.2087,3.0535,-0.282589,-0.147526,0.108756,-0.874724,0.490345,0.257791,-0.102115,0.062362,0.766438,-0.391963,0.256373,0.300358,-0.205764,0.663436,-0.693984,-0.473642,-0.087684,-0.16807,-1.336343,-1.549305
8.4,-0.273583,-0.142418,0.107048,-0.585762,0.414353,0.084618,-0.095734,0.074218,0.669627,-0.410099,-14.5298,-2.4572,-0.112,30.2704,-1.3848,-14.5648,-2.0128,0.9465,-7.1268,-1.4121,-0.272622,-0.143228,0.106322,-0.854841,0.473049,0.249341,-0.100121,0.061762,0.750874,-0.384807,0.581897,0.099262,0.053966,1.166095,-0.972789,-0.410311,0.109533,0.08749,-0.584723,0.404529
8.42,-0.374191,-0.157675,-0.020995,-0.587153,0.402001,0.053845,-0.096135,0.065764,0.630245,-0.45891,-30.5836,-6.9269,-13.8017,23.4874,-0.7612,-14.8647,-2.3351,-0.4793,-7.0999,-4.1757,-0.260448,-0.140788,0.109359,-0.827344,0.450443,0.238581,-0.097774,0.064891,0.733344,-0.372367,0.546968,0.13452,0.224132,1.44918,-1.188378,-0.519609,0.100919,0.165696,-0.966606,0.721201
8.44,-0.403584,-0.179619,-0.046766,-0.562071,0.400113,0.033123,0.003701,0.054567,0.576805,-0.517538,-24.6416,3.4605,-9.7891,19.7193,2.5111,-20.8412,19.788,-1.5383,-11.433,-7.2729,-0.256085,-0.145809,0.093383,-0.796962,0.418674,0.230655,-0.097215,0.067129,0.71216,-0.355958,0.101801,-0.387404,-1.235979,1.792751,-3.286363,-0.355501,0.014976,0.082495,-1.024972,0.817823
8.46,-0.426689,-0.199719,-0.055838,-0.502698,0.403365,0.018531,-0.007459,0.040081,0.512025,-0.579079,-24.9875,1.8938,-4.9457,23.8245,4.3354,-19.884,6.1307,-6.1353,-18.4451,-10.1251,-0.255589,-0.153535,0.057396,-0.759851,0.37415,0.222419,-0.090565,0.078319,0.691382,-0.341233,-0.027405,-0.42182,-1.865364,1.704239,-3.198795,-0.43278,0.39756,0.676084,-0.977411,0.617427
8.48,-0.441232,-0.210822,-0.06037,-0.42384,0.416135,0.017803,-0.124832,0.017722,0.43431,-0.736196,-23.6124,1.1952,-2.2618,27.4309,6.3298,-15.4376,-11.0822,-8.7664,-25.252,-16.2684,-0.257281,-0.163333,0.018812,-0.716662,0.329047,0.211802,-0.086674,0.088972,0.668319,-0.332643,-0.160999,-0.405237,-1.654401,1.905755,-2.874983,-0.55263,0.130769,0.480088,-1.138123,0.127567
8.5,-0.442747,-0.192101,-0.073211,-0.357141,0.429446,0.030038,-0.125499,-0.004313,0.389144,-0.747411,-21.1544,10.1395,-3.4482,24.075,4.9382,-9.2754,12.7841,-8.015,-28.2114,-13.0399,-0.260587,-0.175355,-0.006586,-0.66814,0.297025,0.199008,-0.097651,0.085057,0.645338,-0.36372,-0.249556,-0.511187,-0.940123,2.608602,0.362232,-0.650034,-0.695556,-0.269663,-1.18069,-2.331038
8.52,-0.355109,-0.114613,-0.125638,-0.3079,0.424673,-0.048735,-0.073353,-0.010376,0.319059,-0.633204,-5.9928,19.1133,-8.6746,24.9258,6.6687,-19.3549,25.0017,-6.8118,-29.9067,-6.19,-0.265468,-0.181645,-0.020136,-0.615487,0.279154,0.185542,-0.111379,0.075852,0.614725,-0.411985,-0.301482,-0.216277,-0.548583,2.451143,-0.856543,-0.638567,-0.659281,-0.529677,-1.668957,-2.685573
8.54,-0.31281,-0.071486,-0.1677,-0.259097,0.367727,-0.031709,0.018176,-0.008156,0.228185,-0.630486,-8.0217,13.6267,-7.4489,15.9788,1.0403,-4.4628,31.0059,-5.0496,-25.6645,-8.382,-0.264118,-0.177742,-0.04261,-0.552278,0.290492,0.164438,-0.116252,0.065539,0.560861,-0.41865,0.029041,0.288951,-1.47998,3.235305,2.069848,-1.009596,-0.156143,-0.678539,-2.800665,-0.092354
8.56,-0.303129,-0.025898,-0.203853,-0.241532,0.274764,-0.020732,0.083723,0.002136,0.180362,-0.608719,-5.049,9.6928,-3.1793,1.7629,-3.5735,-0.5192,31.1951,-4.6199,-20.7091,-8.9621,-0.262745,-0.165325,-0.08699,-0.476356,0.311352,0.143372,-0.110994,0.05898,0.4971,-0.401025,-0.040798,0.689456,-2.48814,3.866497,2.131333,-0.97469,0.29364,-0.311358,-3.097032,0.660929
8.58,-0.296797,0.008194,-0.237509,-0.184381,0.213597,-0.013427,0.122291,0.026433,0.156476,-0.647076,-1.0279,3.7364,-1.5247,5.3369,-2.4193,2.0212,29.4894,-3.4252,-15.9763,-11.4057,-0.264833,-0.145409,-0.140687,-0.403492,0.296689,0.123999,-0.099563,0.059658,0.433761,-0.379379,-0.152363,1.022627,-2.385936,3.181168,-0.913465,-0.915584,0.563962,0.030073,-2.96007,0.704831
8.6,-0.188622,0.032322,-0.261543,-0.124718,0.154889,0.057615,0.145198,0.080764,0.139939,-0.889399,14.0725,1.6743,-0.8088,6.2669,-2.0918,12.0389,27.9616,-0.2351,-14.8838,-17.0,-0.26651,-0.122586,-0.187037,-0.337499,0.25099,0.107061,-0.085148,0.068131,0.380128,-0.376597,-0.09665,1.110672,-1.942589,2.96398,-1.769949,-0.786982,0.686228,0.438269,-2.443316,-0.361255
8.62,-0.143756,0.016848,-0.292295,-0.055022,0.105372,0.013327,0.142514,0.160152,0.148755,-0.889219,8.7293,-2.3023,-2.0186,6.8992,-1.7159,2.9492,24.1765,2.1462,-20.1977,-13.4874,-0.260734,-0.101571,-0.22303,-0.271814,0.197353,0.093849,-0.069925,0.092002,0.349812,-0.438873,0.35666,0.984806,-1.435486,2.960434,-1.983171,-0.607862,0.693945,1.365549,-1.151001,-4.572093
8.64,-0.126169,0.012739,-0.341449,-0.010785,0.125359,0.004557,0.135659,0.247368,0.174076,-0.851623,4.479,-1.9052,-3.97,3.5842,1.0591,7.39,20.1107,3.108,-12.3804,-6.6377,-0.248741,-0.084214,-0.254923,-0.206491,0.145227,0.078425,-0.054945,0.13749,0.326251,-0.546561,0.562527,0.807056,-1.369576,2.978004,-1.872493,-0.74712,0.682536,2.304714,-1.207045,-5.621023
8.66,-0.127926,0.002357,-0.218086,-0.044448,0.163215,0.02752,0.116321,0.2722,0.219583,-0.80106,1.4559,-3.4988,13.4594,-7.8936,1.4249,7.8467,12.5604,-2.242,-1.2987,-2.0128,-0.236252,-0.069415,-0.293106,-0.146805,0.132339,0.065303,-0.039411,0.197978,0.301449,-0.645957,0.598373,0.676594,-1.742469,2.686294,-0.191725,-0.546646,0.704359,2.826627,-1.268925,-4.23368
8.68,-0.189561,0.020719,0.058431,-0.52256,0.313368,0.132803,0.205176,0.158256,0.480735,-0.408629,-9.1887,3.2518,27.56,-73.8095,5.8785,13.9863,31.7555,-15.065,37.5762,13.4328,-0.225727,-0.057986,-0.273306,-0.110542,0.149071,0.060108,-0.026981,0.245373,0.28132,-0.703153,0.591118,0.473306,1.641895,1.387424,0.700383,-0.124667,0.55618,1.858227,-0.88561,-1.668582
8.7,-0.306237,-0.173375,0.051153,-0.614274,0.254702,0.246353,-0.001716,0.076697,0.501903,-0.324297,-14.6446,-43.6351,-3.9618,-12.5002,-3.1494,17.9545,-38.4226,-8.2859,2.3933,2.0585,-0.227546,-0.044246,-0.14314,-0.201341,0.247215,0.070225,-0.001326,0.223628,0.32095,-0.554418,0.114919,0.674932,6.841478,-5.712925,3.483689,0.342392,1.453168,-1.873981,2.8599,7.218545
8.72,-0.381256,-0.25859,0.055565,-0.733821,0.286533,0.310936,-0.096673,0.043374,0.516161,-0.277474,-12.1582,-16.7533,-2.5024,-12.3564,1.3431,11.1507,-18.6944,-1.5277,-1.0492,0.7799,-0.236211,-0.057714,-0.044473,-0.325362,0.257808,0.088024,0.001282,0.159119,0.377309,-0.416848,-0.388264,-0.887627,3.657841,-5.652009,-0.196053,0.901465,-0.033979,-2.938528,2.527964,4.843501
8.74,-0.413333,-0.279242,0.066991,-0.787271,0.206686,0.339769,-0.139706,0.041361,0.57039,-0.241579,-5.3792,-0.4504,-0.6888,-2.5931,-3.0263,5.3863,-10.3172,1.5631,5.6038,0.7969,-0.252354,-0.086159,0.007437,-0.448014,0.270758,0.111858,-0.010214,0.102689,0.422157,-0.332781,-0.75915,-1.446399,1.943324,-5.580701,0.468115,1.164965,-0.590485,-2.250937,1.921788,2.879904
8.76,-0.419357,-0.277753,0.12484,-0.808452,0.1912,0.349108,-0.160537,0.029421,0.61615,-0.236051,-2.3039,5.7649,4.2415,1.7687,-0.226,0.9825,-7.5796,-0.0009,5.0071,-0.1473,-0.270021,-0.11644,0.039157,-0.552903,0.23645,0.137887,-0.02518,0.069509,0.465801,-0.279535,-0.812904,-1.441144,1.265525,-4.633824,-1.599979,1.241832,-0.738684,-1.172219,2.027417,1.905697
8.78,-0.436742,-0.283331,0.124979,-0.867324,0.144955,0.387049,-0.217555,0.055577,0.731422,-0.173433,-7.5227,34.6054,-2.5049,-17.7155,-14.6046,-23.4525,2.5141,-6.8309,-4.5753,9.1127,-0.2866,-0.149592,0.077588,-0.6246,0.300961,0.170076,-0.041794,0.062874,0.522492,-0.347944,-0.606691,-2.325126,2.118728,-2.160046,8.448797,2.265132,-1.427454,1.784506,4.150077,-2.153795
8.8,-0.423294,-0.278324,0.128043,-0.871216,0.137625,0.392337,-0.207945,0.055855,0.801547,-0.199509,35.107,-15.5357,-5.7816,7.3888,-11.7748,9.87,-14.0945,-2.0213,6.7334,7.4721,-0.315492,-0.17389,0.117337,-0.68062,0.366352,0.200979,-0.06078,0.087091,0.592142,-0.378315,-2.074157,-0.202796,2.004143,-4.157401,2.652215,0.761818,-0.581286,-0.322409,2.851561,-0.323048
8.82,-0.390886,-0.226288,0.130258,-0.875188,0.296211,0.390603,-0.18358,0.034371,0.835187,-0.301643,12.6976,7.0324,-5.2276,5.4965,-5.553,6.4844,1.4924,-1.0501,-1.4261,2.4621,-0.339167,-0.183374,0.145692,-0.746253,0.401145,0.216312,-0.077209,0.070046,0.657538,-0.372115,-0.827416,-0.591774,1.077575,-2.869962,1.369314,0.795212,-0.862799,-0.736297,3.243987,0.360336
8.84,-0.350243,-0.190018,0.125018,-0.849697,0.355681,0.392592,-0.162264,0.027116,0.826739,-0.393306,10.9478,7.7902,-5.8058,14.6014,-4.1423,7.9311,0.6633,0.4769,-10.3783,-0.5067,-0.350266,-0.190735,0.162531,-0.799625,0.427755,0.230952,-0.090279,0.052325,0.721134,-0.37027,-0.442698,-0.289796,0.600914,-2.555147,1.27209,0.659937,-0.570749,-0.876801,3.029702,-0.418867
8.86,-0.312066,-0.137893,0.125125,-0.81038,0.434195,0.395042,-0.144731,0.031044,0.827745,-0.443627,9.0669,9.2976,-4.0334,23.9493,-1.7697,5.3827,-3.6611,1.9187,-2.6108,-2.1733,-0.354525,-0.191666,0.1672,-0.84545,0.451079,0.243717,-0.096346,0.036302,0.762005,-0.383526,-0.109133,0.055213,-0.050916,-2.159562,1.105372,0.70043,-0.227987,-0.714996,1.441157,-0.233104
8.88,-0.297553,-0.132258,0.12418,-0.794755,0.468605,0.390032,-0.124316,0.03397,0.830976,-0.332104,2.0325,0.0979,-1.7886,27.4927,-0.9358,1.9514,-4.6081,1.9314,-0.3985,4.5546,-0.351599,-0.185596,0.160584,-0.882192,0.470418,0.257514,-0.097128,0.026649,0.78421,-0.413924,0.245708,0.400564,-0.541611,-1.661317,0.871984,0.725116,-0.031436,-0.350775,0.856651,-1.294768
8.9,-0.307723,-0.154972,0.129757,-0.572306,0.458103,0.360526,-0.156305,0.033224,0.835651,-0.296119,-4.6023,-7.5302,0.8892,60.3276,-1.6333,1.0695,-12.0235,1.0099,-10.099,7.9513,-0.343903,-0.176229,0.146601,-0.909597,0.484849,0.269923,-0.09706,0.024528,0.808242,-0.418902,0.405681,0.446498,-0.752762,-1.12479,0.5692,0.506474,0.006608,-0.041021,1.642056,-3.07071
8.92,-0.286131,-0.168231,0.128444,-0.581664,0.46202,0.362856,-0.138942,0.083677,0.847268,-0.309307,-8.9077,-11.0149,3.0199,46.3975,-0.5668,0.0455,-6.8112,7.4141,-0.8018,1.8313,-0.331388,-0.167678,0.12896,-0.913203,0.485065,0.279071,-0.097467,0.019076,0.82718,-0.420083,0.634909,0.413249,-0.898356,0.385179,-0.358569,0.506524,-0.056231,-0.27903,0.440849,2.626056
8.94,-0.28788,-0.149149,0.129272,-0.667545,0.484321,0.309735,-0.13069,0.071318,0.693581,-0.33925,-10.4701,-5.0072,4.2941,24.6038,1.3408,-11.1423,-9.6239,1.9224,-23.0989,3.6749,-0.318615,-0.160905,0.112201,-0.896368,0.471886,0.289831,-0.095753,0.028917,0.834974,-0.41414,0.610001,0.278871,-0.756635,1.123152,-0.851908,0.571471,0.099919,0.67789,0.218399,-0.686209
8.96,-0.28626,-0.13324,0.125076,-0.674254,0.373138,0.183535,-0.118815,0.063513,0.678129,-0.371183,-4.5601,0.3412,3.0429,20.5094,-2.3549,-18.7153,-4.399,3.7143,-16.2056,0.3352,-0.309689,-0.156084,0.102969,-0.875291,0.45495,0.292648,-0.097344,0.040529,0.810274,-0.396748,0.326608,0.160219,-0.24337,1.114636,-0.926906,0.094987,0.003974,-0.414163,-0.417859,0.694308
8.98,-0.274635,-0.107672,0.109732,-0.597588,0.377624,0.152423,-0.096031,0.05164,0.66411,-0.418163,-5.9715,9.4209,-0.6863,26.6544,-1.1956,-9.2224,0.5602,0.0162,-10.4117,-2.1226,-0.300247,-0.15526,0.105189,-0.849859,0.434208,0.28564,-0.097034,0.041628,0.793643,-0.384511,0.396948,0.003668,0.333608,1.292622,-1.078573,-0.435244,-0.013628,0.288088,-1.042103,0.784293
9.0,-0.371428,-0.131267,0.002739,-0.571342,0.38552,0.114731,-0.106238,0.052758,0.605958,-0.491874,-24.9225,-0.6368,-12.3138,21.865,0.4398,-12.0325,-5.6177,-0.3878,-14.9222,-5.7319,-0.289537,-0.152461,0.112481,-0.817344,0.408552,0.275115,-0.094798,0.047654,0.770813,-0.367974,0.511243,0.184774,0.39183,1.737389,-1.374769,-0.486411,0.126189,0.262709,-1.133113,0.783761
9.02,-0.402559,-0.15403,-0.009965,-0.52847,0.403754,0.096029,-0.026877,0.046508,0.554285,-0.552441,-21.4009,6.4926,-8.3411,18.299,2.57,-15.989,14.9443,-0.8588,-16.7355,-9.1582,-0.284508,-0.155292,0.105318,-0.779987,0.375354,0.266573,-0.095011,0.051122,0.744037,-0.348647,0.149389,-0.236486,-0.932176,2.245026,-1.448508,-0.388023,-0.049936,0.116254,-1.355131,1.016623
9.04,-0.438317,-0.184062,-0.015249,-0.450255,0.423986,0.080239,-0.118675,0.026384,0.472382,-0.747838,-23.4822,2.9599,-6.131,25.4467,6.2327,-16.2872,-12.0218,-5.6628,-25.4857,-17.0,-0.283165,-0.160425,0.083846,-0.73604,0.332198,0.258206,-0.09095,0.061632,0.716695,-0.333065,0.00847,-0.291327,-1.105138,2.013056,-2.587102,-0.420996,0.245448,0.625332,-1.289716,0.493685
9.06,-0.455173,-0.184775,-0.018001,-0.363336,0.446122,0.073189,-0.125254,0.006515,0.4153,-0.794291,-23.0709,11.9572,-4.5974,26.4603,5.0777,-13.0869,6.747,-6.2722,-31.5792,-14.9849,-0.283714,-0.172479,0.061841,-0.687723,0.303972,0.248168,-0.097855,0.064988,0.693227,-0.362352,-0.107113,-0.546345,-0.990559,2.565032,0.614476,-0.532314,-0.463362,0.12429,-1.168226,-2.315772
9.08,-0.363519,-0.097192,-0.069974,-0.299841,0.427606,0.054325,-0.084744,-0.027219,0.359434,-0.679059,-5.7895,26.5211,-9.9617,26.4298,5.7935,-11.768,19.118,-9.0524,-30.816,-7.292,-0.286345,-0.181574,0.048176,-0.632355,0.292902,0.23565,-0.108656,0.064858,0.662542,-0.417599,-0.234065,-0.365504,-0.54205,2.709428,-0.409468,-0.624172,-0.543281,-0.045418,-1.692884,-3.198385
9.1,-0.336499,-0.056697,-0.116345,-0.254679,0.412466,-0.029285,-0.016173,-0.027801,0.260787,-0.67338,-8.4888,17.1989,-9.1108,14.6644,2.7494,-17.8602,23.6741,-5.5065,-29.7536,-8.6903,-0.284949,-0.17897,0.026278,-0.561835,0.298942,0.218554,-0.113075,0.055477,0.611863,-0.438298,0.030592,0.274975,-1.506727,3.629419,1.809695,-0.781311,-0.162719,-0.825151,-2.647065,-0.720208
9.12,-0.313048,-0.009294,-0.158891,-0.233622,0.308182,-0.025534,0.090343,-0.021564,0.201719,-0.630432,-5.0963,13.6911,-4.615,2.7344,-4.1254,-4.7686,35.234,-4.1662,-22.6249,-8.3028,-0.282002,-0.16773,-0.019289,-0.482596,0.334288,0.195595,-0.109935,0.042651,0.544734,-0.428382,0.017773,0.682009,-2.733296,3.999499,3.112218,-1.148799,0.18273,-0.659646,-3.331108,0.223032
9.14,-0.308653,0.03056,-0.201708,-0.182842,0.243774,-0.015423,0.137741,-0.001629,0.156332,-0.679669,-1.9715,4.3309,-2.1607,4.3485,-2.5868,1.0403,30.2805,-4.0363,-18.6978,-11.3719,-0.282378,-0.145355,-0.082121,-0.405921,0.32684,0.171229,-0.097531,0.040436,0.473862,-0.408946,-0.079676,1.169217,-2.865724,3.364156,-0.743266,-1.174579,0.63569,-0.049788,-3.343165,0.548424
9.16,-0.183275,0.058752,-0.239334,-0.117171,0.170544,0.04872,0.163398,0.053192,0.135613,-0.929753,16.875,1.5249,-1.767,7.0742,-2.6727,11.0919,28.6579,-0.5311,-16.0183,-17.0,-0.283354,-0.119086,-0.139124,-0.338277,0.281523,0.148785,-0.081372,0.047051,0.410807,-0.40852,-0.075365,1.290134,-2.414114,3.01497,-1.784293,-1.055802,0.769171,0.334965,-2.91897,-0.564276
9.18,-0.132122,0.087826,-0.283194,-0.037543,0.111583,0.003645,0.154847,0.145345,0.129017,-0.947445,10.1864,5.5156,-2.9004,8.252,-2.023,3.1403,22.7667,3.2807,-22.7841,-13.61,-0.275647,-0.094367,-0.186929,-0.270073,0.219778,0.129724,-0.064141,0.068894,0.371659,-0.479759,0.458793,1.171907,-1.967253,3.076891,-2.328065,-0.892008,0.797013,1.276506,-1.572921,-5.148886
9.2,-0.107427,0.039989,-0.337908,0.009247,0.126182,-0.006036,0.134023,0.248731,0.147904,-0.899523,6.6455,-9.7822,-4.2459,3.6454,0.9111,8.9575,13.8997,5.2413,-13.7043,-5.665,-0.261261,-0.069948,-0.23051,-0.200101,0.158219,0.108071,-0.045746,0.115219,0.338224,-0.599917,0.664576,1.203994,-1.899364,3.207404,-2.214755,-1.054671,0.835793,2.372,-1.715242,-6.383054
9.22,-0.113201,0.019025,-0.218021,-0.027611,0.170775,0.019277,0.100838,0.28738,0.191117,-0.834257,2.8145,-6.7367,13.5383,-8.7606,1.7232,9.953,7.3176,-0.3503,-0.1302,-0.0065,-0.24673,-0.05157,-0.279302,-0.136006,0.138734,0.088643,-0.029345,0.181392,0.301296,-0.714137,0.696339,0.79038,-2.167325,2.891146,-0.446051,-0.823474,0.709399,3.202437,-1.894701,-4.84679
9.24,-0.157083,0.023173,0.039279,-0.471258,0.258498,0.101124,0.185488,0.163249,0.446542,-0.425737,-5.4473,0.6655,25.8933,-68.9664,3.3562,10.0798,28.1598,-15.6292,39.8756,15.4382,-0.234515,-0.039797,-0.266613,-0.097213,0.155919,0.079308,-0.017887,0.238912,0.267868,-0.773682,0.69016,0.452066,1.37346,1.485992,0.754471,-0.275357,0.474289,2.358263,-1.510803,-1.535765
9.26,-0.295617,-0.189213,0.063332,-0.709483,0.263483,0.204155,-0.007552,0.057629,0.541784,-0.319571,-18.9327,-46.8679,-0.58,-34.6735,-0.3017,15.1927,-35.6761,-10.8807,14.351,2.6936,-0.231183,-0.028288,-0.14722,-0.178186,0.220225,0.08501,0.004115,0.223202,0.298152,-0.598073,0.374871,0.556442,6.327924,-5.202325,2.052557,0.108367,1.263605,-1.660314,2.564579,8.531775
9.28,-0.35096,-0.253674,0.051735,-0.748937,0.29816,0.258865,-0.099189,0.035542,0.554224,-0.28496,-9.3925,-14.3335,-4.0301,0.3145,1.4935,9.1336,-16.0072,-0.4851,-1.4387,0.0789,-0.238713,-0.04478,-0.04483,-0.328596,0.247376,0.098271,0.003658,0.15355,0.367486,-0.43319,-0.301135,-1.040107,4.003077,-7.322126,0.543247,0.60495,-0.172892,-3.309656,3.402998,5.909412
9.3,-0.381285,-0.280189,0.060457,-0.779994,0.297009,0.290982,-0.123593,0.094205,0.586859,-0.257073,-6.8809,-1.5729,-1.0627,1.9454,0.096,5.4202,-6.1727,7.6462,1.6264,0.4114,-0.249562,-0.074596,0.00748,-0.461723,0.271535,0.115326,-0.008945,0.09508,0.42762,-0.342126,-0.520894,-1.498684,1.860296,-5.74138,0.932337,0.846541,-0.635049,-2.261977,2.572154,3.020918
9.32,-0.400562,-0.284834,0.115987,-0.790423,0.310124,0.323792,-0.160835,0.074389,0.612085,-0.250632,-4.6349,4.263,4.1381,3.4244,0.7213,4.8347,-10.5405,-0.9545,1.4886,-0.1061,-0.263036,-0.106055,0.036219,-0.563035,0.283244,0.134984,-0.022373,0.083005,0.476949,-0.291299,-0.646957,-1.516611,1.122736,-4.337018,0.357496,0.950024,-0.650013,0.027182,2.170309,1.750237
9.34,-0.411148,-0.308516,0.116388,-0.797641,0.174051,0.338272,-0.196341,0.070418,0.669704,-0.225486,-3.0917,5.5575,-1.6774,2.384,-5.3094,-0.4085,-16.2081,0.0309,9.5131,13.0277,-0.277589,-0.135516,0.072036,-0.636269,0.295145,0.156874,-0.036184,0.079061,0.516159,-0.354689,-0.685306,-1.521867,1.787814,-3.072544,0.470354,1.117151,-0.599666,-0.261837,1.562139,-7.938981
9.36,-0.41773,-0.306909,0.119936,-0.85773,0.159914,0.374312,-0.225048,0.04823,0.782434,-0.18123,40.0384,-24.1543,-6.4818,8.3221,-11.1447,9.4462,-22.4486,-8.1375,9.6205,8.4762,-0.298908,-0.171564,0.109479,-0.675004,0.376985,0.19387,-0.061044,0.110848,0.586504,-0.388099,-2.340493,-0.110459,2.201657,-4.128834,2.48668,0.71273,-0.392326,0.548602,2.284376,-0.203521
9.38,-0.387028,-0.249953,0.128985,-0.874806,0.289567,0.352784,-0.185348,0.041281,0.844183,-0.270389,11.9126,6.8084,-4.2917,2.6312,-5.9866,2.4816,7.3476,0.4352,3.8546,3.14,-0.324431,-0.183394,0.137335,-0.738201,0.410729,0.208346,-0.079586,0.085543,0.644216,-0.374349,-0.861671,-0.762504,1.011024,-2.671823,1.151643,0.775994,-1.080072,-1.42186,3.020616,1.028677
9.4,-0.333251,-0.189308,0.124522,-0.839375,0.404459,0.329191,-0.158531,0.021241,0.852028,-0.394349,10.9672,11.0019,-5.4188,13.78,-2.3622,-0.0615,4.0736,-1.1791,-4.6333,-1.1131,-0.335477,-0.193262,0.153924,-0.788388,0.434568,0.222843,-0.094836,0.064027,0.7073,-0.367636,-0.430114,-0.386979,0.724946,-2.476087,1.169547,0.64775,-0.63716,-0.906556,3.043948,0.044989
9.42,-0.302344,-0.162123,0.118099,-0.772087,0.480367,0.332004,-0.142075,0.02399,0.830817,-0.355459,5.5207,4.5848,-4.9413,28.1755,-0.1516,3.3079,-3.3654,1.6892,-5.671,1.4426,-0.337625,-0.194283,0.162174,-0.833689,0.457053,0.232329,-0.100438,0.042874,0.755523,-0.379391,-0.00925,0.070004,0.156121,-2.18803,1.095148,0.47097,-0.188049,-1.04638,1.960385,-0.490196
9.44,-0.299069,-0.16106,0.123652,-0.775222,0.477477,0.369944,-0.151408,0.03504,0.835606,-0.317022,-2.2297,-0.9373,-2.5182,26.906,-0.6177,11.6683,-6.8966,2.9285,-8.0519,5.3209,-0.332988,-0.189849,0.159598,-0.868856,0.474836,0.239611,-0.101963,0.026901,0.789093,-0.394634,0.29599,0.253727,-0.314825,-1.486119,0.730676,0.318812,-0.113406,-0.618463,1.736635,-2.238831
9.46,-0.270348,-0.149465,0.123368,-0.614944,0.506681,0.34522,-0.138597,0.084786,0.856369,-0.3236,3.6942,-0.6609,-0.7355,50.5597,0.3992,2.0294,-3.721,6.74,-2.0833,1.6662,-0.328526,-0.184387,0.150399,-0.893304,0.485989,0.248848,-0.10438,0.021352,0.816986,-0.403511,0.203563,0.289737,-0.575491,-1.017524,0.432805,0.502643,-0.118328,-0.115986,0.923359,1.545673
9.48,-0.287545,-0.15091,0.127826,-0.633414,0.487117,0.307346,-0.148468,0.077567,0.713653,-0.314315,-10.407,-4.25,2.1421,37.5822,0.3356,-4.0438,-14.626,2.2644,-25.5614,5.6918,-0.317789,-0.177017,0.13519,-0.897503,0.485819,0.257098,-0.101272,0.032631,0.836412,-0.414555,0.604465,0.358945,-0.841905,0.2347,-0.286481,0.468444,0.196564,0.651991,0.825923,-1.699167
9.5,-0.29234,-0.145615,0.129341,-0.63447,0.480631,0.195471,-0.144304,0.073648,0.704107,-0.308837,-6.8278,-1.817,2.8892,30.9542,0.8914,-12.7701,-6.3577,0.8077,-9.022,6.2991,-0.308036,-0.171342,0.121477,-0.886556,0.475537,0.260377,-0.101977,0.045698,0.820989,-0.41917,0.371415,0.263855,-0.615021,0.79255,-0.69455,0.122734,-0.079878,0.581224,-0.983402,-1.904853
9.52,-0.265088,-0.1165,0.121718,-0.613089,0.50824,0.164416,-0.104758,0.079815,0.697254,-0.351229,-2.7955,2.0641,2.2154,29.4442,2.7962,-6.585,0.8929,1.8528,-0.1629,0.4135,-0.299731,-0.165522,0.112154,-0.867505,0.459559,0.255654,-0.102998,0.053091,0.791291,-0.417269,0.323275,0.293332,-0.368233,1.007405,-0.857489,-0.287218,-0.047178,0.239736,-1.611135,2.250563
9.54,-0.283063,-0.123192,0.107996,-0.595702,0.396919,0.11303,-0.11213,0.041952,0.653166,-0.421886,-12.6137,3.3918,-0.7183,23.2798,-0.4331,-12.9967,-6.5218,-1.424,-11.9428,-1.3287,-0.288044,-0.162345,0.110818,-0.838578,0.437247,0.25116,-0.100224,0.051794,0.779064,-0.40591,0.540442,0.16822,0.127557,1.519713,-1.191894,-0.312382,0.156918,0.128645,-0.802165,0.696662
9.56,-0.35736,-0.138458,-0.003307,-0.577978,0.39565,0.079786,-0.012511,0.040134,0.620412,-0.47277,-23.8187,0.9259,-12.9731,19.5944,0.7124,-13.348,17.3256,-1.5561,-10.2778,-4.4144,-0.277168,-0.159969,0.115441,-0.805567,0.411085,0.242191,-0.099283,0.053558,0.757571,-0.389185,0.476897,0.12795,0.321231,1.680599,-1.343255,-0.445463,0.001084,0.062489,-1.18975,1.081819
9.58,-0.387176,-0.163649,-0.024832,-0.539992,0.405686,0.051228,-0.027481,0.046086,0.566632,-0.529897,-22.2354,3.2992,-8.8612,17.4937,3.9649,-19.7872,3.9838,-3.0656,-16.9596,-7.0143,-0.27148,-0.161034,0.101366,-0.767709,0.374368,0.235468,-0.093824,0.061464,0.736422,-0.37325,0.197432,-0.144848,-1.099322,1.925573,-2.739606,-0.317481,0.351867,0.446851,-0.983232,0.756014
9.6,-0.414931,-0.186206,-0.032974,-0.470901,0.423788,0.035089,-0.041533,0.032251,0.498664,-0.706579,-22.5398,4.3829,-5.659,23.795,5.8135,-16.2472,2.8814,-5.8186,-21.8435,-14.7932,-0.269532,-0.167652,0.070633,-0.72677,0.333865,0.226344,-0.088585,0.072374,0.713212,-0.357263,0.029524,-0.30673,-1.37517,1.685392,-2.238976,-0.503236,0.247428,0.528309,-1.19467,0.828833
9.62,-0.429659,-0.19251,-0.036483,-0.391777,0.443389,0.031076,-0.128522,0.011458,0.438096,-0.757128,-23.074,6.1132,-4.0645,27.67,6.5332,-12.9909,-5.9883,-8.1848,-29.6154,-14.0163,-0.269206,-0.176085,0.042809,-0.685039,0.310005,0.215088,-0.088908,0.080203,0.692552,-0.371304,-0.040209,-0.356166,-1.130345,1.885773,-1.209901,-0.591004,-0.073315,0.383278,-0.98833,-1.430961
9.64,-0.354326,-0.167004,-0.060735,-0.326333,0.452901,0.039968,-0.113555,-0.014498,0.401289,-0.750966,-8.3205,13.0845,-5.7117,23.7622,4.637,-7.5077,14.2263,-8.1494,-27.0665,-11.2443,-0.270806,-0.184971,0.024283,-0.636923,0.300907,0.201321,-0.09981,0.076772,0.665896,-0.410859,-0.17019,-0.359692,-0.81606,2.637667,1.457265,-0.67532,-0.643314,-0.285962,-1.458816,-2.38382
9.66,-0.319178,-0.083717,-0.11143,-0.288957,0.440444,-0.061281,-0.057622,-0.033164,0.321826,-0.633761,-9.4534,22.65,-9.1524,18.8388,5.0459,-20.1038,23.271,-7.3801,-30.4421,-4.9528,-0.268695,-0.188015,0.008075,-0.578747,0.305079,0.186147,-0.110438,0.065238,0.630721,-0.454038,0.076083,-0.067855,-0.818395,2.846051,0.372377,-0.688064,-0.4816,-0.71955,-1.836391,-2.258736
9.68,-0.313967,-0.048015,-0.147952,-0.26411,0.371175,-0.057394,0.028449,-0.023958,0.247904,-0.58462,-11.5148,13.6998,-7.3677,11.2675,1.3457,-6.5456,28.4897,-3.9,-22.5765,-6.2675,-0.2634,-0.180468,-0.020312,-0.513721,0.326359,0.164178,-0.112264,0.049164,0.571871,-0.444204,0.158957,0.484738,-1.578316,3.02451,0.451396,-1.079616,-0.013151,-0.998003,-3.00653,0.657496
9.7,-0.306342,-0.003326,-0.17699,-0.23966,0.304967,-0.041383,0.083596,-0.007253,0.192993,-0.59475,-4.1698,7.8184,-1.5297,1.4941,-2.7247,-0.9255,27.7655,-3.1625,-18.6923,-9.2315,-0.262754,-0.163396,-0.072171,-0.443149,0.348396,0.14175,-0.104976,0.038882,0.503973,-0.405255,-0.0958,0.916952,-2.618365,3.354438,0.997525,-1.073716,0.377038,-0.424373,-3.230257,1.66838
9.72,-0.213234,0.023756,-0.206406,-0.208924,0.236501,-0.037384,0.118759,0.014348,0.178221,-0.641641,11.6742,2.8011,-1.2618,1.9486,-2.667,1.3077,27.0378,-2.8806,-14.3272,-11.8264,-0.26526,-0.140467,-0.122009,-0.38025,0.327919,0.120451,-0.092834,0.039569,0.440812,-0.37267,-0.156553,1.138576,-2.099428,2.744448,-0.999704,-1.010552,0.579103,0.104846,-2.895936,1.078302
9.74,-0.188498,0.030605,-0.23123,-0.146186,0.181744,0.059622,0.131633,0.05932,0.163551,-0.87694,3.5615,-0.8401,-1.1088,6.7381,-1.9196,18.4174,23.9814,-0.7789,-15.5853,-17.0,-0.26069,-0.116533,-0.162686,-0.326034,0.278422,0.099303,-0.078473,0.049241,0.391625,-0.369319,0.293959,1.14707,-1.680492,2.338704,-1.967251,-0.985747,0.683663,0.522643,-2.152274,-0.403833
9.76,-0.154052,0.011148,-0.262962,-0.085034,0.123962,0.022754,0.133176,0.119645,0.167346,-0.859813,6.17,-2.831,-2.312,6.5145,-2.0042,3.9852,24.1564,0.2099,-21.8813,-12.8872,-0.253742,-0.096574,-0.195011,-0.272133,0.223479,0.086772,-0.065158,0.072354,0.367158,-0.430347,0.355294,0.923762,-1.311224,2.490221,-1.996389,-0.549631,0.587798,1.321796,-0.934887,-4.33479
9.78,-0.138096,0.004986,-0.26488,-0.026046,0.131054,0.018604,0.129288,0.201749,0.182175,-0.828618,3.5918,-2.5857,0.7207,6.3495,0.6001,7.7623,21.4836,2.3162,-14.6031,-7.3914,-0.243099,-0.080461,-0.225896,-0.216198,0.167066,0.073228,-0.052683,0.111814,0.345626,-0.524983,0.491817,0.745633,-1.351018,2.562195,-2.061147,-0.64542,0.565073,1.953002,-1.145663,-4.80202
9.8,-0.132673,0.020864,-0.217658,-0.053883,0.148443,0.032203,0.124776,0.239123,0.228715,-0.789589,2.0019,1.6637,5.3514,-6.6954,0.6946,6.8657,17.2754,-1.2587,-2.9543,-3.6451,-0.232087,-0.06683,-0.246098,-0.159788,0.145023,0.061995,-0.039564,0.165088,0.321096,-0.609106,0.522216,0.601625,-0.733372,2.609339,-0.563399,-0.458482,0.590926,2.533551,-1.259857,-3.610353
9.82,-0.167182,0.018849,-0.022827,-0.396866,0.214545,0.117133,0.176044,0.178327,0.436016,-0.403103,-5.6106,-0.2483,19.6217,-53.4754,2.6556,11.6275,25.3283,-10.2568,27.3126,12.0386,-0.221985,-0.054513,-0.239435,-0.122855,0.146044,0.057613,-0.026957,0.213181,0.301883,-0.661366,0.559464,0.565455,0.596407,1.429828,0.085263,-0.109194,0.578764,1.980508,-0.83113,-1.725379
9.84,-0.294357,-0.124894,0.069342,-0.663522,0.261844,0.218899,0.003657,0.074861,0.559832,-0.32065,-16.7434,-32.2446,7.3212,-39.5474,1.5612,16.2109,-31.8722,-10.9852,18.139,2.1592,-0.220506,-0.041421,-0.156954,-0.180591,0.188847,0.065345,-0.004384,0.211175,0.32707,-0.530432,0.229181,0.589311,4.477458,-3.800809,1.37244,0.275958,1.268824,-0.773941,1.938442,6.295057
9.86,-0.391582,-0.240877,0.05577,-0.771631,0.284618,0.292478,-0.095667,0.021252,0.565241,-0.267998,-14.1055,-23.2834,-4.159,-11.3573,0.7891,12.6051,-19.5952,-3.9452,-2.1008,1.1497,-0.230713,-0.049858,-0.055401,-0.312791,0.232311,0.082002,-0.000629,0.155902,0.391196,-0.407478,-0.405506,-0.565441,4.468029,-6.640717,1.316338,0.767188,0.022268,-2.78436,3.259485,4.474283
9.88,-0.40908,-0.273115,0.066187,-0.799405,0.205324,0.325211,-0.12189,0.021483,0.611948,-0.224105,-3.7526,-4.2512,-0.9107,2.1647,-3.07,5.9863,-5.2738,1.7634,3.787,1.0866,-0.24807,-0.075221,0.003297,-0.451979,0.260173,0.10434,-0.013026,0.093551,0.44778,-0.323581,-0.825129,-1.338832,2.105781,-6.272082,0.884921,1.097986,-0.625274,-2.623632,2.407943,2.921633
9.9,-0.418881,-0.270247,0.132468,-0.820731,0.182196,0.346056,-0.159066,0.056349,0.699813,-0.230442,-3.0338,4.5981,5.2156,2.1307,-0.5508,3.0391,-9.4259,4.6989,10.8051,-0.6874,-0.265609,-0.104487,0.03609,-0.561778,0.230905,0.129084,-0.026917,0.055543,0.497668,-0.265317,-0.807259,-1.430634,1.293435,-4.734656,-1.41171,1.19354,-0.644404,-1.350765,2.255219,2.103434
9.92,-0.427179,-0.295896,0.133728,-0.85272,0.140425,0.367898,-0.206346,0.049197,0.749918,-0.209107,-5.2566,28.4997,-1.6998,-10.3258,-8.075,-29.9138,4.4127,-6.2231,-11.5701,9.5213,-0.283607,-0.135142,0.077641,-0.635156,0.303268,0.161154,-0.040109,0.052648,0.557534,-0.379393,-0.658484,-2.298496,2.137622,-2.577859,1.576981,2.464417,-1.427223,1.719239,4.671564,-2.737308
9.94,-0.408822,-0.268842,0.136756,-0.858959,0.142595,0.373991,-0.197233,0.044773,0.816438,-0.249108,23.207,-10.6153,-4.2934,5.9102,-10.5567,14.1374,-5.0155,-1.0555,3.3116,5.9658,-0.315281,-0.1534,0.119279,-0.698626,0.374538,0.188396,-0.057361,0.072856,0.628197,-0.402658,-1.506281,-0.472699,1.766931,-3.461998,1.291907,0.554241,-0.870083,-0.51265,2.880105,0.177956
9.96,-0.383299,-0.226733,0.134657,-0.858625,0.308672,0.369459,-0.185261,0.030325,0.839993,-0.319683,11.6765,1.71,-4.9086,8.2679,-4.8809,7.392,0.8578,-0.7391,-4.1917,2.566,-0.335215,-0.16439,0.144607,-0.757874,0.397754,0.202409,-0.075591,0.05908,0.692017,-0.393955,-0.764059,-0.53733,1.144654,-2.70171,1.330935,0.714568,-0.863757,-0.624875,3.04924,0.408971
9.98,-0.348945,-0.19511,0.130072,-0.829837,0.368362,0.365049,-0.168347,0.027244,0.833877,-0.396311,10.067,4.2362,-5.3504,16.6186,-3.252,8.0759,1.1394,0.7513,-10.8032,-0.0426,-0.345702,-0.172143,0.162062,-0.807084,0.421966,0.215252,-0.089779,0.044298,0.749777,-0.389447,-0.426887,-0.334621,0.629251,-2.314732,1.119002,0.582216,-0.638685,-0.718553,2.706069,-0.234285
10.0,-0.312911,-0.179792,0.128336,-0.799484,0.435057,0.365613,-0.154836,0.028523,0.83319,-0.43833,8.3017,0.2513,-3.987,23.5577,-1.1948,6.0934,-2.8735,1.4803,-4.6135,-0.7431,-0.349834,-0.174588,0.167629,-0.847841,0.441991,0.226554,-0.097462,0.032044,0.785528,-0.402266,-0.111768,-0.048963,0.016869,-1.884,0.926716,0.597257,-0.325963,-0.535936,1.359226,-0.706516
10.02,-0.298476,-0.173604,0.127486,-0.780203,0.471582,0.364108,-0.154489,0.028813,0.831862,-0.329897,2.1465,-4.0348,-1.5722,27.6899,-0.2212,2.5325,-6.1147,1.3045,-0.9533,4.3071,-0.34755,-0.172818,0.161416,-0.880155,0.458479,0.238776,-0.101227,0.024739,0.802994,-0.420201,0.210928,0.146949,-0.532536,-1.467193,0.752886,0.658003,-0.17196,-0.2624,0.610521,-0.701979
10.04,-0.293058,-0.170266,0.129098,-0.770722,0.489743,0.336791,-0.15232,0.074855,0.832235,-0.324965,-1.1567,-4.4206,0.646,28.4571,0.2786,0.9031,-4.2558,5.4134,-6.1019,2.2782,-0.340718,-0.169654,0.147921,-0.903855,0.470745,0.249717,-0.105185,0.022347,0.823151,-0.418321,0.335964,0.162892,-0.739455,-0.980723,0.486179,0.491785,-0.195971,-0.047583,0.862553,1.470775
10.06,-0.284373,-0.167926,0.128802,-0.617987,0.498008,0.358748,-0.134644,0.075252,0.832501,-0.328163,-0.477,-2.3543,1.8986,50.0919,0.5977,7.614,-4.3868,1.9807,-5.2261,3.5214,-0.333549,-0.167346,0.133697,-0.918445,0.47739,0.256426,-0.106433,0.032899,0.839791,-0.434047,0.317667,0.08482,-0.69845,-0.580452,0.229317,0.312848,-0.047574,0.659435,0.477542,0.721144
10.08,-0.295683,-0.166752,0.130661,-0.635107,0.480764,0.252495,-0.141196,0.070698,0.69715,-0.321634,-8.0083,-4.6211,4.3039,37.1282,0.7793,-12.6144,-11.1884,1.7345,-25.4717,5.8366,-0.324118,-0.164171,0.117137,-0.91558,0.473282,0.264052,-0.104035,0.042811,0.84839,-0.441274,0.496462,0.155568,-0.863242,0.57116,-0.484857,0.44013,0.142354,0.308322,0.3219,-1.061675
10.1,-0.278154,-0.147196,0.127363,-0.618774,0.499216,0.191784,-0.135964,0.073113,0.693799,-0.345968,-6.0379,4.8,3.3968,31.1957,2.5518,-10.2887,-4.8002,3.9451,-15.4547,2.8461,-0.313892,-0.162743,0.105151,-0.897469,0.45895,0.263049,-0.104594,0.045605,0.82951,-0.433893,0.461068,-0.064066,-0.343851,1.225865,-0.950688,-0.016225,-0.055855,-0.349327,-0.566436,0.677627
10.12,-0.273452,-0.130605,0.114077,-0.583636,0.402176,0.160313,-0.115465,0.068132,0.665581,-0.406838,-6.8891,6.8646,0.5425,28.1083,-0.0891,-6.6866,-1.2526,2.0455,-10.7807,-0.6364,-0.303129,-0.163392,0.104199,-0.866809,0.435888,0.257313,-0.105374,0.044261,0.808757,-0.415813,0.458728,-0.011644,0.130258,1.660235,-1.272076,-0.318071,-0.029013,0.099916,-1.235933,1.005404
10.14,-0.363197,-0.142841,0.097899,-0.556383,0.411294,0.136828,-0.116332,0.055135,0.605781,-0.480999,-22.0468,0.6832,-2.0548,23.0288,1.7572,-7.8921,-5.0765,-0.3316,-14.0003,-4.4928,-0.29289,-0.161735,0.108556,-0.827887,0.406174,0.249401,-0.103944,0.048705,0.780934,-0.394806,0.465203,0.117314,0.289298,2.044916,-1.568019,-0.363799,0.098495,0.285047,-1.418145,1.055622
10.16,-0.391398,-0.151215,0.008343,-0.531847,0.414373,0.105452,-0.113719,0.043092,0.561425,-0.646455,-18.5314,1.5852,-12.5802,20.2868,3.2703,-14.8063,0.9267,-2.1619,-14.1733,-12.0592,-0.288367,-0.161188,0.116869,-0.78626,0.372446,0.243753,-0.10488,0.05466,0.749012,-0.372152,0.124454,0.015517,0.505259,2.06554,-1.609284,-0.240223,-0.102117,0.293985,-1.613678,1.098024
10.18,-0.423014,-0.178502,0.000664,-0.458988,0.430598,0.077456,-0.123081,0.028309,0.485825,-0.72506,-22.2276,8.4832,-7.8712,20.6577,3.85,-18.0914,2.1744,-4.1912,-26.3793,-12.7423,-0.285964,-0.168005,0.110267,-0.740371,0.339087,0.23896,-0.109001,0.059853,0.724396,-0.381965,0.067554,-0.401048,-0.903504,2.49015,-0.191499,-0.248127,-0.189129,0.303253,-1.086927,-0.991403
10.2,-0.445337,-0.182782,-0.007638,-0.382118,0.44224,0.062128,-0.131539,0.008529,0.429312,-0.765555,-22.4786,12.0188,-7.4151,26.5975,6.2999,-13.8,5.1405,-6.1152,-27.7843,-12.5637,-0.285434,-0.178662,0.093365,-0.691096,0.312385,0.230448,-0.115352,0.063808,0.697029,-0.408904,-0.060955,-0.48671,-0.785375,2.282103,-1.116852,-0.463074,-0.317502,0.171777,-1.429762,-1.719556
10.22,-0.36716,-0.153901,-0.045636,-0.313341,0.442304,0.062741,-0.106093,-0.000752,0.394168,-0.74218,-6.6949,16.266,-8.1342,22.3885,3.8934,-9.8998,14.8302,-6.1508,-24.2238,-9.6098,-0.287756,-0.187588,0.073721,-0.634683,0.307107,0.219355,-0.123627,0.063639,0.661939,-0.446777,-0.210977,-0.361108,-1.111866,2.982754,1.529756,-0.549805,-0.429123,-0.084306,-1.842135,-2.228683
10.24,-0.342805,-0.057652,-0.095493,-0.277767,0.427311,-0.031804,-0.045703,-0.033685,0.297806,-0.634025,-9.1858,27.9148,-9.3356,15.7425,4.3435,-20.0749,21.0685,-7.9178,-29.5486,-4.2298,-0.286551,-0.190448,0.046445,-0.56766,0.313868,0.205798,-0.128174,0.058794,0.619199,-0.4821,0.030246,-0.051376,-1.420958,3.205606,0.196151,-0.629613,-0.173355,-0.389059,-2.156273,-1.865867
10.26,-0.306057,-0.017647,-0.129016,-0.253885,0.355484,-0.02411,0.057628,-0.021024,0.220434,-0.595517,-3.6479,15.0788,-6.1966,6.9865,0.2842,-5.8027,32.0174,-3.5798,-21.8013,-6.4741,-0.283617,-0.18008,0.003935,-0.494473,0.344233,0.185032,-0.125216,0.046106,0.554123,-0.461437,0.011399,0.659716,-2.076185,3.362812,0.167475,-1.034246,0.172482,-0.916413,-3.264618,1.122062
10.28,-0.226062,0.034817,-0.164251,-0.217304,0.281393,-0.012587,0.116281,-0.001576,0.168473,-0.635586,8.6149,8.5884,-1.8263,2.7582,-2.9183,0.2549,29.2634,-3.0645,-18.3365,-10.4787,-0.282484,-0.158343,-0.052738,-0.423345,0.348497,0.16249,-0.112922,0.038766,0.483068,-0.417697,-0.006137,1.138578,-2.727412,3.252588,0.236486,-1.072582,0.62823,-0.283608,-3.334049,1.780926
10.3,-0.208653,0.056996,-0.19884,-0.173575,0.21074,0.076602,0.143278,0.035197,0.152289,-0.720786,2.5892,2.1641,-1.6854,3.3942,-2.6714,16.7955,25.7089,-1.4487,-15.9795,-13.7564,-0.27683,-0.131091,-0.105714,-0.358803,0.314228,0.139748,-0.09551,0.042132,0.420876,-0.391976,0.308929,1.343587,-2.230834,2.81835,-1.48295,-1.062509,0.835585,0.220902,-2.808954,0.61013
10.32,-0.175269,0.0418,-0.234996,-0.104554,0.147533,0.049395,0.134183,0.098134,0.139863,-0.948994,6.8804,-4.1693,-2.2072,7.3807,-2.2066,3.2223,18.9574,1.1599,-18.6526,-17.0,-0.27092,-0.104425,-0.149894,-0.301384,0.256971,0.125555,-0.076756,0.057482,0.37701,-0.4059,0.302049,1.266323,-1.843527,2.558787,-2.192826,-0.592436,0.880367,0.849768,-1.955106,-1.327598
10.34,-0.13197,0.020033,-0.27246,-0.030134,0.111709,0.017873,0.124232,0.182432,0.145182,-0.926936,6.2955,-2.2438,-2.7931,8.5816,-1.057,2.6756,21.0818,2.8059,-20.1906,-11.9414,-0.260096,-0.085,-0.188862,-0.242741,0.194644,0.11213,-0.062005,0.090521,0.348558,-0.488229,0.522749,0.881124,-1.628135,2.693484,-2.283222,-0.68013,0.612639,1.867562,-1.192022,-5.663472
10.36,-0.110822,0.036995,-0.320121,0.002173,0.143021,0.01858,0.119902,0.270316,0.179593,-0.864803,4.8381,2.1127,-3.6681,2.0975,1.4812,7.8261,19.2489,3.1851,-8.9182,-3.9459,-0.246253,-0.069611,-0.226753,-0.180062,0.146527,0.095674,-0.049265,0.145604,0.32165,-0.612068,0.626027,0.727953,-1.658021,2.916314,-1.637871,-0.784326,0.552713,2.71603,-1.431742,-6.2258
10.38,-0.12328,0.017349,-0.188965,-0.060883,0.18378,0.049181,0.099989,0.287356,0.235429,-0.790974,-0.4526,-5.2984,14.3368,-12.2413,1.6689,6.4033,10.6379,-2.7889,4.0412,0.5132,-0.232589,-0.053977,-0.268538,-0.123668,0.14095,0.08341,-0.035325,0.212148,0.292531,-0.709951,0.681541,0.741409,-1.86588,2.502773,0.044815,-0.466696,0.622465,3.015425,-1.456712,-3.792077
10.4,-0.207495,0.002401,0.065548,-0.521661,0.264707,0.144662,0.117008,0.152532,0.480883,-0.411931,-14.2784,-3.3273,25.3124,-70.6331,3.0622,8.4673,16.4428,-16.8269,39.2919,14.0811,-0.221223,-0.042277,-0.247503,-0.097949,0.164979,0.081337,-0.024892,0.259365,0.270443,-0.748529,0.660854,0.464735,1.752764,0.817698,0.93627,0.041726,0.452388,1.796885,-0.892763,-0.623447
10.42,-0.327797,-0.168485,0.052242,-0.748562,0.249411,0.243611,-0.018721,0.066201,0.51039,-0.318721,-17.609,-37.753,-4.5301,-31.9094,-1.0507,13.1781,-24.8871,-8.4727,4.3227,2.2398,-0.223025,-0.033796,-0.123525,-0.194761,0.227594,0.093299,-0.009225,0.228898,0.310622,-0.576891,0.076579,0.409871,6.465869,-5.911811,1.942833,0.378962,0.871184,-2.280496,2.963085,8.168646
10.44,-0.377236,-0.260319,0.057273,-0.752526,0.283507,0.29476,-0.107818,0.047379,0.534779,-0.274446,-8.1402,-19.7259,-2.071,6.0755,1.3825,9.2484,-15.4585,-0.0989,0.2787,0.5437,-0.235182,-0.04743,-0.033486,-0.353341,0.24394,0.109263,-0.010703,0.158361,0.371692,-0.422685,-0.532643,-0.866029,3.260279,-7.621127,0.202235,0.751403,-0.150245,-3.217117,2.794592,5.440295
10.46,-0.407618,-0.271087,0.067598,-0.789612,0.20032,0.325031,-0.148195,0.047592,0.573374,-0.255752,-7.3764,0.4017,-0.548,1.1203,-3.1222,4.2886,-8.5166,1.6341,3.092,0.0662,-0.249029,-0.076203,0.01276,-0.482804,0.260752,0.129589,-0.02328,0.103099,0.423366,-0.33283,-0.663856,-1.492339,1.76418,-5.447377,0.712024,1.012363,-0.624034,-2.101421,2.242801,3.047399
10.48,-0.413567,-0.266336,0.121703,-0.797723,0.184878,0.325637,-0.169236,0.041588,0.604195,-0.256236,-2.7706,6.1416,3.92,3.6066,-0.2372,-0.5807,-7.2666,0.4428,2.6604,-0.3258,-0.265452,-0.106617,0.042152,-0.579768,0.228389,0.152218,-0.038025,0.073036,0.468827,-0.286635,-0.786612,-1.443341,1.18019,-4.194573,-1.518402,1.075707,-0.719132,-1.049298,2.038908,1.557375
10.5,-0.425734,-0.27092,0.12138,-0.841564,0.145278,0.357583,-0.217617,0.055554,0.705815,-0.210511,-8.7629,29.9478,-3.1213,-16.5015,-14.4251,-21.4961,6.8603,-9.0137,-6.0048,7.2503,-0.280761,-0.141358,0.078679,-0.638777,0.308037,0.183272,-0.058657,0.075198,0.527073,-0.336831,-0.525161,-2.116955,2.161883,-1.608103,7.994689,1.927141,-1.464823,2.061804,3.792008,-2.21964
10.52,-0.42908,-0.2827,0.125276,-0.869952,0.1302,0.37918,-0.225676,0.045022,0.7955,-0.181947,37.9798,-19.4541,-6.8804,6.0809,-11.2082,6.3833,-15.0619,-5.7328,8.7554,8.1009,-0.304394,-0.165797,0.114736,-0.682023,0.383792,0.210254,-0.080017,0.10417,0.590494,-0.369162,-2.292803,-0.148804,2.320671,-3.960042,1.075268,0.766752,-0.533218,-0.053212,2.541644,-0.618508
10.54,-0.382334,-0.21501,0.131141,-0.873006,0.308592,0.357502,-0.185939,0.036986,0.839275,-0.314193,13.9942,8.1932,-5.1249,6.0295,-4.9801,2.2348,7.8648,0.2369,0.9453,1.5199,-0.330336,-0.175407,0.14516,-0.747415,0.406008,0.224092,-0.097518,0.078633,0.651391,-0.365449,-0.881555,-0.610675,1.088921,-2.873602,1.094384,0.719065,-0.968246,-1.287403,3.147377,0.535717
10.56,-0.320072,-0.143623,0.123368,-0.828833,0.406103,0.362567,-0.15814,0.023444,0.835571,-0.428391,12.4764,12.7181,-6.1684,17.681,-2.1239,6.4574,3.214,-0.8176,-8.2564,-2.2341,-0.340344,-0.181302,0.163138,-0.800007,0.429905,0.235808,-0.109872,0.059019,0.7151,-0.36528,-0.381663,-0.196395,0.640918,-2.542739,1.183665,0.507904,-0.487648,-0.801363,3.042202,-0.293316
10.58,-0.293104,-0.124774,0.121499,-0.779822,0.473516,0.366292,-0.131267,0.026279,0.824055,-0.353355,6.3598,3.4097,-4.5173,27.4498,-0.0764,5.2677,-2.6337,1.8877,-4.4316,3.0347,-0.34182,-0.178226,0.168289,-0.844178,0.45104,0.245112,-0.112396,0.039971,0.758643,-0.396567,0.038329,0.275917,-0.04728,-2.056422,0.985242,0.522183,-0.043225,-0.952565,1.645883,-1.319467
10.6,-0.283643,-0.121813,0.124408,-0.771645,0.494819,0.343778,-0.128695,0.03237,0.692435,-0.336712,-0.4148,-1.6946,-1.8515,28.0321,0.4602,3.0396,-5.1649,1.7627,-28.0653,3.3892,-0.336362,-0.169992,0.161098,-0.877514,0.467124,0.254588,-0.110609,0.027564,0.788663,-0.402695,0.336646,0.429389,-0.531574,-1.404184,0.654091,0.418208,0.058654,-0.374978,1.57512,-0.757469
10.62,-0.284646,-0.149652,0.12673,-0.784743,0.486038,0.309346,-0.143872,0.072393,0.705813,-0.315803,1.1157,-8.2716,0.1665,23.7243,0.1505,6.2541,-6.1105,4.373,-9.6312,4.9095,-0.329938,-0.161922,0.149022,-0.898226,0.475812,0.256388,-0.110798,0.026557,0.792772,-0.429559,0.229679,0.406467,-0.700715,-0.774434,0.26119,0.068348,-0.01911,0.061599,-0.394351,-0.362899
10.64,-0.275168,-0.141005,0.129502,-0.633238,0.501048,0.325925,-0.137717,0.077399,0.715178,-0.319583,0.9958,7.4753,-0.4213,42.1352,1.1601,10.424,-2.9335,5.8667,-16.8312,4.2035,-0.323573,-0.162,0.140255,-0.905545,0.475902,0.258479,-0.111365,0.021522,0.806589,-0.429036,0.253414,-0.124168,-0.191321,-0.148962,-0.155795,-0.012424,-0.088556,-0.081602,0.360481,0.176338
10.66,-0.271736,-0.133052,0.127369,-0.629878,0.506626,0.199386,-0.138142,0.072999,0.704541,-0.338384,-1.0077,4.0219,0.3735,32.1286,2.499,-10.63,-10.3447,2.1557,-10.0667,3.1604,-0.316895,-0.161683,0.135142,-0.895041,0.46438,0.258867,-0.1091,0.028297,0.803155,-0.418636,0.314766,0.064593,-0.336579,0.883505,-0.817352,0.069083,0.171912,0.676933,-0.546032,0.050184
10.68,-0.264005,-0.120805,0.119431,-0.597576,0.54865,0.166626,-0.119291,0.074452,0.689149,-0.384839,-5.1216,6.1792,-1.0746,29.6067,5.2639,-5.9384,-5.009,4.686,-6.8335,-0.1831,-0.306857,-0.160597,0.132004,-0.8712,0.444373,0.253717,-0.107053,0.02767,0.787771,-0.402185,0.467168,0.067427,-0.053447,1.321574,-1.103908,-0.288213,0.097074,-0.00228,-0.919798,0.885771
10.7,-0.346139,-0.128188,0.105999,-0.577397,0.420742,0.133409,-0.119896,0.064659,0.644638,-0.448354,-20.1528,1.8066,-2.8872,26.0196,1.2854,-8.4756,-8.1614,3.0766,-9.8967,-3.4225,-0.296004,-0.15787,0.132332,-0.840967,0.419994,0.246382,-0.103668,0.029271,0.767811,-0.384491,0.510989,0.156517,0.074296,1.561815,-1.268181,-0.342624,0.186299,0.135206,-0.991348,0.8767
10.72,-0.369968,-0.14704,0.011222,-0.556964,0.423272,0.104327,-0.116622,0.056384,0.606991,-0.495879,-17.4079,-0.1945,-13.5235,23.402,2.7229,-14.2645,-4.6996,1.2968,-10.3913,-6.1392,-0.289723,-0.156117,0.136314,-0.808211,0.390781,0.240572,-0.101656,0.033871,0.744638,-0.365615,0.217261,0.076163,0.296664,1.65069,-1.43761,-0.249668,0.064672,0.279179,-1.185082,0.938055
10.74,-0.396863,-0.164069,-0.003982,-0.524471,0.429387,0.076423,-0.115401,0.046034,0.559661,-0.542339,-20.8077,10.0894,-10.0457,19.8099,4.8856,-17.8782,-2.9541,0.0161,-14.6007,-8.1947,-0.285496,-0.161463,0.126276,-0.772036,0.362064,0.235009,-0.101489,0.03826,0.720712,-0.351486,0.16595,-0.402122,-0.871634,2.00194,-2.214814,-0.239052,0.006511,0.222669,-1.104337,0.566248
10.76,-0.426565,-0.182848,-0.010139,-0.468311,0.439396,0.062493,-0.123935,0.030735,0.49845,-0.716266,-23.2558,11.0239,-7.9642,24.3051,6.2035,-16.403,-3.2072,-1.9611,-20.0077,-15.2413,-0.28312,-0.171927,0.104639,-0.73225,0.321245,0.228401,-0.102423,0.042692,0.696854,-0.341596,0.070348,-0.500554,-1.02766,1.766315,-1.492379,-0.343145,-0.041501,0.223845,-1.126976,0.257046
10.78,-0.436928,-0.187833,-0.020164,-0.391287,0.451677,0.052829,-0.130443,0.014054,0.444661,-0.760785,-21.9918,13.5013,-7.4678,27.9661,6.4625,-14.2956,2.3281,-4.0704,-27.3421,-13.4242,-0.28245,-0.183961,0.083858,-0.691522,0.30416,0.220458,-0.107149,0.046508,0.678468,-0.3707,-0.047728,-0.541011,-0.858262,1.972395,-0.567545,-0.438828,-0.264788,0.241277,-0.893118,-2.201172
10.8,-0.356035,-0.160145,-0.055111,-0.321097,0.451733,0.046449,-0.111877,0.003759,0.417271,-0.723228,-7.0134,17.7465,-9.3217,27.1053,6.3078,-10.4717,10.087,-4.6631,-23.6269,-9.259,-0.283495,-0.193977,0.066061,-0.642952,0.296781,0.209315,-0.114255,0.048575,0.653852,-0.421249,-0.156439,-0.416114,-0.817641,2.446594,-0.110804,-0.564601,-0.364249,0.053047,-1.370489,-2.848619
10.82,-0.313697,-0.080937,-0.104247,-0.265311,0.460157,-0.040001,-0.06109,-0.033053,0.291743,-0.686565,-7.8712,26.7527,-10.4204,21.7411,6.1851,-19.1398,14.9419,-6.9442,-33.239,-6.6879,-0.280533,-0.198225,0.042677,-0.581896,0.298931,0.195142,-0.117972,0.046082,0.61881,-0.465509,0.117168,-0.124879,-1.249479,2.975107,0.266638,-0.652525,-0.13512,-0.283481,-1.82818,-2.176122
10.84,-0.319488,-0.044781,-0.137143,-0.242317,0.383641,-0.023202,-0.008852,-0.044409,0.221195,-0.643333,-12.7331,17.8313,-6.9181,9.7735,-0.4114,-2.7347,17.8721,-4.7986,-24.3508,-7.3872,-0.2736,-0.192395,0.006777,-0.512311,0.325547,0.173117,-0.11577,0.033829,0.55984,-0.463251,0.236625,0.443078,-2.18598,3.550443,2.762797,-1.080543,0.133074,-0.884824,-3.055925,0.185787
10.86,-0.242124,-0.007808,-0.167769,-0.224012,0.315432,-0.009982,0.09063,-0.042886,0.165576,-0.652855,7.8707,9.6584,-1.9833,0.2688,-2.8541,1.09,31.7739,-3.0086,-20.277,-9.3446,-0.273268,-0.176547,-0.049446,-0.43613,0.352266,0.151615,-0.109099,0.017029,0.491273,-0.440065,-0.129402,0.912929,-2.880661,3.645574,1.394629,-1.02458,0.309689,-0.872455,-3.302229,0.84143
10.88,-0.21467,0.021103,-0.203955,-0.17984,0.242577,-0.006717,0.132932,-0.022796,0.142992,-0.689359,5.2786,2.8789,-1.6365,3.0805,-2.9182,5.2146,27.4484,-2.6736,-16.4892,-11.0686,-0.271111,-0.152293,-0.105871,-0.368287,0.336821,0.129492,-0.095617,0.010651,0.426201,-0.422282,0.128937,1.205147,-2.390146,2.910394,-0.860206,-1.037376,0.692059,-0.196314,-3.003496,0.389381
10.9,-0.182944,0.04066,-0.239077,-0.119701,0.181448,0.0669,0.149414,0.027245,0.121498,-0.748109,5.069,1.4289,-1.9386,6.2732,-2.1525,15.5968,23.9798,0.3216,-15.9097,-12.2107,-0.265384,-0.126881,-0.152797,-0.309863,0.285688,0.109944,-0.078647,0.014981,0.37156,-0.426041,0.295158,1.215725,-1.956553,2.57119,-2.037487,-0.892052,0.819815,0.264639,-2.495911,-0.678764
10.92,-0.147529,0.051862,-0.264684,-0.059984,0.132998,0.040221,0.14008,0.093545,0.10874,-0.94235,7.7374,1.7026,-1.3193,6.0782,-1.611,4.0922,16.5514,2.4303,-16.3236,-17.0,-0.258217,-0.103154,-0.193239,-0.252366,0.226753,0.097406,-0.059874,0.033878,0.329445,-0.45593,0.358618,1.110423,-1.70379,2.63221,-2.160768,-0.512495,0.888298,1.034331,-1.939238,-1.897395
10.94,-0.127792,0.015262,-0.283348,-0.011704,0.110294,0.017384,0.133145,0.17587,0.12567,-0.897998,4.0955,-4.3311,-1.1505,4.4829,-0.6273,5.1599,17.3211,3.707,-14.5644,-8.5311,-0.246534,-0.084036,-0.225962,-0.194234,0.173296,0.085168,-0.044003,0.071139,0.299943,-0.545545,0.554804,0.916762,-1.341952,2.64579,-1.911935,-0.619995,0.686264,1.978942,-1.337724,-5.623209
10.96,-0.119475,0.019279,-0.233309,-0.041772,0.149646,0.030385,0.135631,0.245135,0.188419,-0.80622,3.0998,-0.1659,5.7704,-7.041,1.699,7.7107,17.001,2.5618,0.609,-0.7396,-0.234223,-0.068983,-0.252876,-0.139109,0.137127,0.072381,-0.030162,0.127365,0.271028,-0.657819,0.570842,0.675268,-1.115456,2.500754,-1.210317,-0.566705,0.612332,2.695296,-1.502242,-5.248946
10.98,-0.200364,0.026644,0.069397,-0.569668,0.292809,0.15132,0.210141,0.136971,0.492955,-0.429488,-12.1806,1.1876,30.6186,-81.1083,5.6898,15.303,27.0236,-14.2352,47.0264,13.8361,-0.223052,-0.055653,-0.251355,-0.104798,0.142011,0.067171,-0.015482,0.188369,0.245592,-0.725778,0.630358,0.578763,0.42603,1.314733,0.345606,-0.10843,0.685986,2.660237,-1.146499,-2.004529
11.0,-0.316204,-0.172078,0.046819,-0.62387,0.261354,0.280159,-0.035528,0.063476,0.51389,-0.336017,-14.9234,-44.182,-5.1573,-6.4121,-1.9877,19.433,-46.6337,-7.9057,2.5709,2.4342,-0.226434,-0.041612,-0.130279,-0.208638,0.232906,0.079777,0.010224,0.182495,0.293875,-0.579218,0.058975,0.685523,6.688236,-6.456287,3.157196,0.429748,1.420522,-1.168814,3.516448,7.36755
11.02,-0.386987,-0.257891,0.050237,-0.611819,0.281481,0.326158,-0.11727,0.045082,0.503758,-0.30017,-12.1279,-15.1674,-2.5388,7.8399,0.8794,7.9867,-17.108,-0.374,-5.1927,0.2607,-0.235656,-0.056611,-0.038414,-0.336782,0.252919,0.100298,0.008374,0.130824,0.362393,-0.434044,-0.427621,-0.950789,3.335469,-5.673141,0.265745,1.047336,-0.303969,-2.39841,3.050332,5.145708
11.04,-0.42564,-0.286197,0.053947,-0.797629,0.20396,0.347095,-0.160428,0.041488,0.54133,-0.26252,-8.2668,-1.8793,-1.3403,-22.9257,-2.9045,2.4442,-10.0736,0.8917,3.1706,0.8946,-0.249796,-0.085312,0.008203,-0.42848,0.264246,0.12566,-0.007205,0.088258,0.409755,-0.352013,-0.732536,-1.451384,1.729953,-3.749327,0.498008,1.244687,-0.779587,-1.628766,1.914209,2.71228
11.06,-0.433874,-0.291873,0.121812,-0.8174,0.184825,0.354672,-0.170541,0.071153,0.585022,-0.246391,-0.668,4.0951,5.4895,0.9372,-0.474,1.7357,-4.7247,3.7957,4.7821,0.2834,-0.270895,-0.116441,0.033689,-0.532007,0.234917,0.151011,-0.026099,0.063566,0.449145,-0.299841,-0.96185,-1.484883,0.971841,-5.055018,-1.545108,1.165504,-0.915739,-0.888279,1.802578,1.873343
11.08,-0.443306,-0.309597,0.117201,-0.832467,0.15,0.397176,-0.218256,0.062513,0.688328,-0.18777,10.955,-4.9797,-0.7786,-10.975,-17.0,7.5191,-27.5602,-0.4512,15.8261,13.8898,-0.294323,-0.141326,0.068579,-0.606732,0.349311,0.174072,-0.039443,0.061794,0.488333,-0.342764,-1.347084,-1.086692,1.649856,-2.644476,10.525291,1.049527,-0.310854,0.15302,1.637758,-7.767713
11.1,-0.434534,-0.279922,0.126333,-0.839766,0.162582,0.395046,-0.195478,0.057909,0.746431,-0.260764,15.5871,-6.2934,-1.9138,3.6004,-9.9606,10.158,-3.7541,-0.4351,3.7964,3.677,-0.337366,-0.152986,0.099377,-0.680715,0.370584,0.199874,-0.052761,0.072533,0.551445,-0.350645,-1.220057,-0.723606,1.348189,-3.172876,1.65708,0.773309,-0.939452,-0.300455,2.941015,-0.082597
11.12,-0.404568,-0.240328,0.126195,-0.86339,0.301231,0.395713,-0.191968,0.031405,0.796583,-0.292512,11.4329,3.1928,-2.8724,4.2555,-5.1103,6.4985,-1.7422,-1.9983,1.1639,1.9572,-0.355803,-0.166903,0.122226,-0.737787,0.398012,0.217073,-0.07051,0.064503,0.614208,-0.347827,-0.758339,-0.677518,0.956241,-2.668819,1.251655,0.821028,-0.854566,-0.383581,3.026624,0.257997
11.14,-0.378632,-0.210569,0.121736,-0.838295,0.360561,0.405774,-0.174669,0.033447,0.799622,-0.376631,9.703,5.062,-3.3552,14.6313,-3.7465,8.5949,-0.4144,1.1973,-6.9735,-0.8759,-0.367132,-0.17729,0.136713,-0.789903,0.423472,0.232733,-0.085079,0.04932,0.675874,-0.346897,-0.462256,-0.444078,0.543287,-2.52948,1.242463,0.702257,-0.663342,-0.814435,2.950753,-0.316655
11.16,-0.337597,-0.181856,0.124177,-0.805413,0.430145,0.382385,-0.147962,0.042667,0.808826,-0.410743,9.9437,2.974,-1.837,23.4116,-1.7285,1.2516,-1.4135,2.1934,-1.2528,-1.4908,-0.372841,-0.181611,0.141666,-0.835979,0.446451,0.247308,-0.093511,0.037281,0.719663,-0.360673,-0.188376,-0.114565,0.025795,-2.175479,1.087079,0.768945,-0.359141,-0.484025,1.690228,-0.517222
11.18,-0.314691,-0.169804,0.1244,-0.794527,0.467991,0.378305,-0.142834,0.043482,0.822349,-0.327856,3.4054,-2.5379,-0.033,26.6756,-0.7835,1.7068,-5.381,1.1398,1.0404,3.3649,-0.370725,-0.17978,0.137492,-0.873469,0.465786,0.260251,-0.096758,0.033891,0.74792,-0.386418,0.202238,0.1718,-0.373274,-1.714172,0.880468,0.647248,-0.14531,-0.052844,1.169863,-1.032711
11.2,-0.302418,-0.159769,0.127802,-0.535471,0.504157,0.365589,-0.141834,0.042994,0.833979,-0.32129,-0.1906,-4.6596,1.9659,66.2905,0.2763,1.8348,-3.1939,0.9047,-2.7156,2.0862,-0.363669,-0.174683,0.127339,-0.902991,0.481123,0.271676,-0.099901,0.033502,0.774522,-0.382833,0.379351,0.289629,-0.561464,-1.289856,0.651531,0.495595,-0.196791,0.013025,1.344376,0.379272
11.22,-0.303558,-0.16053,0.129408,-0.792479,0.492394,0.339697,-0.15001,0.073646,0.834991,-0.30525,-12.8401,-12.7736,4.7279,13.1082,0.8379,-4.4223,-10.2328,4.6263,-1.9973,3.5112,-0.349023,-0.165227,0.111708,-0.906553,0.481371,0.280992,-0.100187,0.032053,0.797249,-0.387719,0.795239,0.519684,-0.865147,0.462548,-0.400991,0.53507,0.010163,-0.136595,0.884977,-0.214601
11.24,-0.273235,-0.137935,0.126248,-0.619544,0.534797,0.326076,-0.128054,0.078089,0.695943,-0.347681,2.2594,-2.571,3.8676,44.5598,2.3879,-2.9122,-0.1853,2.0103,-20.9409,0.175,-0.340024,-0.158687,0.100466,-0.906109,0.477386,0.289807,-0.103051,0.039174,0.80999,-0.386989,0.313843,0.254723,-0.377149,-0.182002,-0.092402,0.337857,-0.182485,0.550216,0.443024,1.411476
11.26,-0.301396,-0.137552,0.127353,-0.639455,0.525598,0.19702,-0.14856,0.055109,0.664878,-0.372162,-7.993,-8.9305,5.096,32.4256,2.9043,-13.7717,-8.0063,-1.97,-8.9999,1.5946,-0.329624,-0.150794,0.092226,-0.897725,0.46882,0.289567,-0.103604,0.052703,0.792762,-0.397682,0.494591,0.438811,-0.463078,0.729722,-0.639597,-0.004459,-0.037325,0.646562,-1.176651,-0.579552
11.28,-0.287137,-0.135909,0.119858,-0.632311,0.400639,0.147123,-0.126613,0.060342,0.663342,-0.396847,-9.2039,1.24,2.4788,26.7368,-1.1425,-10.1861,-2.6031,1.4646,-11.3231,-1.1386,-0.31736,-0.14693,0.089591,-0.877742,0.452521,0.283742,-0.105082,0.048076,0.778874,-0.382657,0.555676,0.036541,0.160236,1.164526,-0.942195,-0.416902,-0.064546,-0.069622,-0.694089,0.576763
11.3,-0.364702,-0.146092,0.106376,-0.612433,0.397868,0.091897,-0.124121,0.053029,0.631637,-0.447652,-20.9691,-1.7923,-0.328,23.4718,-0.1619,-13.484,-3.4734,-0.717,-9.6233,-3.9427,-0.306144,-0.145759,0.095761,-0.850763,0.430631,0.272425,-0.105147,0.051693,0.758457,-0.367051,0.492898,0.065406,0.40641,1.418734,-1.160174,-0.54992,-0.012178,0.248768,-1.086168,0.725966
11.32,-0.382604,-0.156457,0.000282,-0.583473,0.395099,0.067868,-0.11176,0.050662,0.59554,-0.495678,-18.7556,-2.6819,-12.9496,23.2484,0.8098,-16.206,3.9183,-1.4551,-9.8482,-6.4935,-0.299477,-0.145288,0.107107,-0.82208,0.406062,0.261388,-0.107801,0.056589,0.733171,-0.350553,0.254288,0.016981,0.663074,1.449361,-1.260909,-0.518648,-0.178499,0.252228,-1.247555,0.69547
11.34,-0.411184,-0.172054,-0.018692,-0.548749,0.404222,0.057705,-0.108901,0.040513,0.543001,-0.54925,-22.7247,6.1845,-8.5567,18.1253,1.6981,-16.854,3.4359,-2.7955,-15.0724,-8.7095,-0.294672,-0.150644,0.101311,-0.787784,0.374849,0.250828,-0.110624,0.061224,0.708624,-0.340475,0.212273,-0.396658,-1.007201,2.048757,-0.528519,-0.490024,-0.117154,0.211878,-1.129066,0.362097
11.36,-0.44316,-0.196053,-0.020197,-0.478792,0.427069,0.060058,-0.12202,0.023693,0.473433,-0.732322,-23.508,5.4628,-5.2746,22.1337,4.0877,-14.3507,2.1606,-4.5242,-21.5904,-15.9791,-0.292598,-0.160443,0.079246,-0.749144,0.338755,0.240393,-0.113363,0.064448,0.684462,-0.335034,0.037364,-0.476938,-1.365811,2.128392,-0.560707,-0.513691,-0.147502,0.131264,-1.162933,0.088517
11.38,-0.455529,-0.196967,-0.025785,-0.396436,0.441925,0.055825,-0.132041,0.006067,0.42313,-0.77059,-22.1193,9.4481,-5.1504,28.5017,6.6269,-12.7174,7.8277,-6.4141,-28.0225,-13.7186,-0.292908,-0.172527,0.056586,-0.705236,0.308994,0.23001,-0.120508,0.065866,0.665122,-0.368245,-0.091972,-0.543302,-0.902803,2.058956,-1.322942,-0.542443,-0.384061,0.126985,-0.956354,-2.399233
11.4,-0.364322,-0.158934,-0.064537,-0.329684,0.438553,0.051647,-0.105358,0.001252,0.398278,-0.731064,-5.8748,14.8242,-8.0219,27.4923,6.5335,-9.727,17.2673,-6.3319,-23.5632,-9.353,-0.294965,-0.182051,0.039451,-0.653531,0.29494,0.21766,-0.129909,0.065942,0.639125,-0.422254,-0.183189,-0.386582,-0.69521,2.436412,-0.796984,-0.613826,-0.468301,-0.040111,-1.451779,-3.029722
11.42,-0.33779,-0.067146,-0.115164,-0.281604,0.436018,-0.038201,-0.050891,-0.036048,0.283835,-0.659675,-9.6527,24.9939,-9.2165,19.3659,5.3962,-19.6394,21.3285,-8.8347,-31.594,-5.394,-0.292165,-0.184873,0.017063,-0.589046,0.299439,0.202951,-0.134707,0.062763,0.602924,-0.468807,0.113619,-0.0549,-1.171764,3.091092,0.067608,-0.66877,-0.173011,-0.306052,-1.879973,-2.263347
11.44,-0.306453,-0.024697,-0.144916,-0.251414,0.363617,-0.023055,0.052711,-0.036478,0.206363,-0.636012,-6.8229,14.9323,-5.1845,8.2222,-1.3873,-4.6915,33.6785,-5.3441,-23.3511,-7.6782,-0.286617,-0.176252,-0.018321,-0.517597,0.326047,0.181361,-0.132494,0.049678,0.542131,-0.459792,0.15563,0.582815,-2.186329,3.663646,2.919247,-1.050523,0.12743,-0.95688,-3.121571,0.635774
11.46,-0.24199,0.017101,-0.176496,-0.228522,0.293813,-0.012573,0.110681,-0.028361,0.153766,-0.661065,5.4457,6.7958,-1.6994,0.7232,-2.8575,-0.0065,31.201,-4.7876,-19.8365,-10.4921,-0.284001,-0.156508,-0.070281,-0.441406,0.342211,0.159388,-0.121307,0.038294,0.473704,-0.42848,0.034627,1.058322,-2.609576,3.606344,0.930872,-1.043101,0.575915,-0.549253,-3.253314,1.200667
11.48,-0.216314,0.043028,-0.213104,-0.176856,0.222919,-0.011724,0.147606,-0.001171,0.142201,-0.708445,3.8509,2.0999,-1.8641,4.3992,-2.7737,3.7092,29.5776,-2.9834,-15.2696,-12.258,-0.279516,-0.131311,-0.121131,-0.373905,0.319486,0.137109,-0.105236,0.034169,0.410877,-0.410209,0.227707,1.241821,-2.144838,2.907113,-1.09997,-1.053076,0.795497,-0.161032,-2.892523,0.331876
11.5,-0.182495,0.059764,-0.245166,-0.106709,0.168345,0.055945,0.154874,0.060672,0.121545,-0.943353,4.219,0.7912,-1.768,7.8994,-1.8684,13.3697,24.5103,0.9355,-15.9899,-17.0,-0.271979,-0.10571,-0.164666,-0.313757,0.266405,0.11738,-0.086575,0.039812,0.36026,-0.421355,0.372286,1.224226,-1.837348,2.675968,-2.074739,-0.913554,0.901179,0.336515,-2.289959,-1.14532
11.52,-0.13269,0.032388,-0.279233,-0.034866,0.11947,0.017792,0.147682,0.143455,0.124007,-0.932565,8.6422,-3.9699,-2.4534,7.8406,-1.6446,3.4783,21.5405,3.0104,-19.9582,-11.9561,-0.26273,-0.083829,-0.201815,-0.251997,0.210417,0.103349,-0.068487,0.064242,0.330004,-0.500339,0.439437,1.03131,-1.546776,2.857532,-2.013426,-0.659811,0.822124,1.436346,-1.264301,-5.386785
11.54,-0.118563,0.031407,-0.328398,0.001785,0.139165,0.016358,0.133821,0.238615,0.156067,-0.874105,4.8173,-1.5993,-3.8464,2.457,1.0442,8.9007,16.6407,4.4855,-9.0329,-4.0772,-0.24967,-0.066419,-0.237321,-0.1871,0.158661,0.086861,-0.05152,0.111929,0.301827,-0.620793,0.600628,0.802083,-1.538857,2.990028,-1.842435,-0.787806,0.774148,2.393415,-1.482679,-6.116409
11.56,-0.121416,0.017588,-0.201373,-0.049128,0.184115,0.042949,0.113656,0.266406,0.215841,-0.803086,1.8043,-3.6457,13.8906,-10.5565,1.7081,7.0246,8.8714,-1.0842,4.8728,0.5267,-0.236937,-0.051678,-0.2779,-0.128801,0.146028,0.074502,-0.034146,0.175751,0.271468,-0.719811,0.627932,0.663161,-1.824472,2.600814,-0.18654,-0.475585,0.784065,2.968612,-1.527252,-3.896658
11.58,-0.201565,0.00773,0.060085,-0.515186,0.254722,0.146322,0.178904,0.145556,0.468049,-0.420082,-12.8545,-0.9154,25.996,-71.7714,2.6616,10.6729,23.6062,-14.9013,40.9395,14.4357,-0.225558,-0.04122,-0.257736,-0.098294,0.167007,0.071975,-0.020234,0.226201,0.248615,-0.76169,0.665537,0.405699,1.692343,1.067441,0.855546,0.019381,0.614744,1.999627,-0.927247,-0.779145
11.6,-0.323147,-0.191324,0.046917,-0.62054,0.244917,0.244689,-0.012716,0.062612,0.498675,-0.326233,-17.116,-43.7228,-4.5219,-13.9873,-0.7912,13.7217,-36.0384,-8.4319,4.3228,2.2329,-0.227005,-0.031962,-0.132327,-0.192002,0.22328,0.084542,0.002258,0.206637,0.290813,-0.588185,0.109,0.449107,6.565161,-5.811564,1.673381,0.416642,1.252268,-1.746301,3.103362,8.328436
11.62,-0.382438,-0.259961,0.051656,-0.753697,0.232562,0.298969,-0.106359,0.043713,0.512059,-0.286481,-10.9742,-13.6739,-2.2851,-13.9122,-0.3244,8.4211,-17.6573,-0.2801,-1.2157,0.3528,-0.236302,-0.049385,-0.040332,-0.320975,0.236077,0.102204,0.002113,0.14443,0.354087,-0.431633,-0.442774,-1.077856,3.35884,-5.892787,0.185614,0.853237,-0.152991,-2.863866,2.878619,5.508405
11.64,-0.405754,-0.26979,0.059429,-0.786885,0.201021,0.325609,-0.14702,0.045596,0.558205,-0.262203,-3.9154,2.2663,-0.999,0.6782,-1.154,5.3324,-10.0774,1.7782,4.1019,0.2982,-0.252799,-0.079895,0.007721,-0.450099,0.23486,0.12325,-0.01061,0.094085,0.404897,-0.343206,-0.769671,-1.525191,1.804548,-5.915884,-0.201589,1.012111,-0.652014,-1.938279,2.183283,2.971658
11.66,-0.414731,-0.269202,0.064381,-0.804006,0.183308,0.337452,-0.168827,0.037583,0.59228,-0.256406,-2.8258,6.0687,-1.0476,2.5541,-0.4526,1.5873,-8.0839,0.2108,3.0435,-0.0985,-0.269458,-0.110443,0.036434,-0.556091,0.215322,0.146017,-0.026229,0.066999,0.451066,-0.29506,-0.767138,-1.4333,1.123823,-4.592248,-0.836323,1.097321,-0.77446,-0.922014,2.095973,1.661242
11.68,-0.428439,-0.273375,0.12285,-0.862887,0.146548,0.373713,-0.220049,0.055745,0.711955,-0.202579,-12.1112,39.3519,3.1185,-15.4437,-10.269,-28.1896,7.0713,-7.7729,-7.4137,6.8109,-0.284319,-0.145303,0.054586,-0.627604,0.280971,0.17772,-0.04598,0.065442,0.509145,-0.329732,-0.384551,-2.462062,1.084481,-2.293585,4.941506,2.32945,-1.587341,1.989822,4.37198,-1.74224
11.7,-0.423251,-0.257543,0.120462,-0.849138,0.142658,0.403579,-0.210354,0.056306,0.770777,-0.22048,11.771,11.2223,-2.1768,-11.1459,-13.6767,3.6073,1.6032,-4.3668,2.7993,7.258,-0.302021,-0.174667,0.090384,-0.671679,0.374056,0.208803,-0.070044,0.0942,0.579541,-0.361432,-1.211694,-1.053457,1.51642,-1.787942,4.465485,1.035886,-1.124233,0.168899,2.991226,-1.636328
11.72,-0.392528,-0.219805,0.130149,-0.861922,0.308607,0.387463,-0.18825,0.029407,0.815132,-0.316637,16.0167,1.4921,-4.8726,7.0771,-4.8657,8.9546,-1.1715,-1.0746,-0.5861,1.609,-0.334836,-0.179692,0.129335,-0.739791,0.395895,0.223216,-0.083067,0.076808,0.640495,-0.366524,-0.997919,-0.360591,1.448958,-2.934687,1.388029,0.634354,-0.752837,-1.072098,3.094718,0.390386
11.74,-0.344318,-0.154695,0.122503,-0.833943,0.386144,0.387537,-0.150336,0.024572,0.821423,-0.411998,13.1254,10.892,-5.7122,15.6059,-2.5157,8.2254,3.5275,0.6135,-7.3174,-1.6098,-0.347943,-0.184229,0.151557,-0.792895,0.420569,0.235566,-0.095431,0.053757,0.702419,-0.362992,-0.508922,-0.188928,0.820941,-2.514792,1.150171,0.58936,-0.549837,-1.033049,2.908254,-0.354018
11.76,-0.310832,-0.129272,0.123404,-0.786116,0.465114,0.367461,-0.133246,0.032932,0.824877,-0.455204,8.3845,4.0995,-4.0952,25.6573,-0.0058,2.1556,-4.3404,2.4583,-2.2437,-1.7698,-0.3522,-0.181554,0.16018,-0.83717,0.441173,0.247228,-0.098979,0.035823,0.745372,-0.387216,-0.088153,0.240913,0.122138,-2.079883,0.973179,0.64232,-0.095235,-0.803548,1.637334,-0.959305
11.78,-0.29812,-0.124569,0.124625,-0.773187,0.496601,0.362609,-0.13044,0.037556,0.836739,-0.336203,0.1572,-2.689,-1.8677,28.6394,0.7853,1.2242,-7.117,2.0496,0.9121,4.8934,-0.348208,-0.173387,0.156623,-0.872403,0.458153,0.258434,-0.098263,0.026634,0.771176,-0.423311,0.297548,0.471916,-0.389592,-1.589665,0.760244,0.582562,0.025829,-0.280033,1.03101,-1.423277
11.8,-0.304623,-0.155631,0.132486,-0.779651,0.499923,0.29466,-0.149749,0.03315,0.852034,-0.303267,-6.2526,-11.2155,0.8725,27.8393,0.6358,-7.1743,-9.4976,0.8124,-6.229,7.2018,-0.339746,-0.163119,0.145403,-0.899478,0.471106,0.269268,-0.098274,0.024987,0.794932,-0.409024,0.466024,0.48179,-0.633031,-1.139964,0.522057,0.444259,-0.030217,0.001142,1.709523,-3.00153
11.82,-0.274951,-0.143329,0.130077,-0.617939,0.527944,0.324548,-0.141017,0.078403,0.865234,-0.317107,-2.3842,-3.8275,1.4075,52.8585,1.5678,4.5147,-5.5719,6.4708,-3.5597,6.1293,-0.330147,-0.156556,0.133601,-0.919691,0.48008,0.273373,-0.100831,0.022019,0.820306,-0.426211,0.431333,0.245308,-0.514731,-0.877725,0.350271,0.127879,-0.09343,-0.243484,1.190074,-1.78295
11.84,-0.27649,-0.138308,0.127655,-0.611184,0.531057,0.187561,-0.13828,0.071516,0.70573,-0.345411,-9.5607,-2.9661,2.3824,44.1505,2.4659,-19.2734,-13.7142,3.9668,-28.2365,3.6824,-0.317882,-0.151092,0.122325,-0.922459,0.478435,0.277291,-0.097411,0.023108,0.842816,-0.427752,0.637873,0.209299,-0.540938,0.293592,-0.36468,0.235167,0.209966,0.255622,0.886707,-0.392681
11.86,-0.270774,-0.134916,0.118117,-0.587847,0.550895,0.139128,-0.123896,0.071038,0.680137,-0.398146,-11.4111,2.6032,-0.0071,38.112,4.3614,-6.9134,-6.1732,4.544,-16.4229,-0.0403,-0.302537,-0.149316,0.117744,-0.906684,0.464889,0.268835,-0.096034,0.024815,0.833928,-0.416277,0.654299,0.010488,0.013001,1.122436,-0.930491,-0.507346,0.022771,0.022928,-0.767932,0.773269
11.88,-0.350404,-0.137605,0.10389,-0.555744,0.4245,0.11321,-0.115631,0.066416,0.642786,-0.459784,-23.3257,1.6165,-2.5524,33.625,0.6474,-6.4856,-5.2655,2.8486,-12.5318,-3.5944,-0.289374,-0.149022,0.120907,-0.876854,0.441264,0.256126,-0.095316,0.028549,0.809277,-0.396804,0.573222,0.025278,0.248824,1.680314,-1.33123,-0.604801,0.045566,0.274353,-1.43769,1.086022
11.9,-0.378558,-0.153636,0.010044,-0.537046,0.427104,0.096053,-0.118121,0.054086,0.595097,-0.511441,-20.6989,-1.5442,-13.2298,27.5491,2.3369,-12.4479,-5.0112,0.4424,-12.3629,-6.5209,-0.28233,-0.148566,0.128032,-0.83875,0.410037,0.246413,-0.094576,0.036146,0.775974,-0.373679,0.253402,0.020095,0.418522,2.046053,-1.670964,-0.408787,0.011455,0.395296,-1.706564,1.020643
11.92,-0.412016,-0.1735,0.002943,-0.494186,0.437995,0.082546,-0.121537,0.042191,0.535699,-0.692834,-23.1797,8.8643,-9.2792,22.5377,5.9372,-16.1768,-2.7259,-0.8029,-16.8779,-13.8321,-0.278482,-0.155268,0.120431,-0.791599,0.368599,0.239199,-0.096305,0.041535,0.74158,-0.359311,0.127396,-0.474124,-0.722309,2.550752,-3.193315,-0.29614,-0.087939,0.254005,-1.618229,0.496121
11.94,-0.442364,-0.195943,0.001373,-0.41284,0.457149,0.073359,-0.138645,0.02224,0.458486,-0.773891,-24.5542,9.9488,-7.1513,27.5508,6.5941,-15.5342,-1.6025,-3.634,-28.1281,-13.51,-0.277033,-0.167297,0.102551,-0.740299,0.33306,0.233012,-0.100606,0.046849,0.715696,-0.386082,-0.009931,-0.594154,-0.867651,2.49227,-1.646977,-0.340339,-0.227584,0.343125,-1.207932,-2.022565
11.96,-0.446124,-0.182512,-0.01347,-0.334895,0.469621,0.064802,-0.13391,0.006119,0.41612,-0.784359,-20.926,15.1191,-7.5154,29.5733,7.2411,-11.7381,6.5086,-4.9945,-25.9715,-11.0604,-0.278527,-0.180532,0.08543,-0.684293,0.310321,0.223711,-0.108976,0.050738,0.684993,-0.436021,-0.17044,-0.587985,-0.694525,2.63883,-0.877855,-0.489369,-0.435645,0.15578,-1.659287,-2.902114
11.98,-0.347505,-0.135687,-0.068317,-0.267673,0.45621,0.05596,-0.092238,0.005555,0.329364,-0.719194,-3.2363,19.6038,-10.6877,25.6434,5.6467,-10.667,15.0387,-4.0836,-28.8069,-6.1642,-0.282037,-0.189285,0.067948,-0.619753,0.310535,0.212785,-0.11711,0.050599,0.644546,-0.491461,-0.26632,-0.336692,-0.859548,3.13944,0.182157,-0.520056,-0.381408,-0.123071,-2.134312,-2.97485
12.0,-0.323459,-0.064571,-0.099466,-0.227425,0.432257,-0.006561,-0.026655,-0.045972,0.234532,-0.703272,-6.9434,24.3686,-6.9681,13.3057,2.265,-13.2772,18.2535,-8.0063,-26.4156,-6.7999,-0.280889,-0.190586,0.036747,-0.542692,0.322646,0.197316,-0.118395,0.046587,0.585398,-0.512113,0.022571,0.031615,-1.945962,3.927008,2.140823,-0.699958,0.003577,-0.365481,-3.029155,-0.854985
12.02,-0.231243,-0.004215,-0.150325,-0.226192,0.299632,-0.017933,0.100455,-0.045449,0.182472,-0.660366,7.3257,17.2427,-6.3907,1.0364,-3.1625,-5.9097,37.4787,-4.1812,-18.7052,-6.5727,-0.278545,-0.180109,-0.009884,-0.458593,0.359961,0.178035,-0.114254,0.031499,0.512573,-0.501864,-0.009319,0.679734,-2.238509,3.908446,0.756933,-0.949988,0.207036,-1.027668,-3.560195,0.235054
12.04,-0.201892,0.041763,-0.187465,-0.144923,0.240283,0.079101,0.140394,-0.014278,0.131355,-0.738053,3.3521,6.2148,-1.7859,8.7545,-2.2552,14.8887,26.5506,-1.7327,-16.8189,-10.9709,-0.272821,-0.156049,-0.07061,-0.385151,0.330473,0.15559,-0.099081,0.020866,0.439191,-0.480479,0.294773,1.263794,-2.895498,3.152265,-1.366038,-1.066339,0.808904,-0.521118,-3.392237,0.6747
12.06,-0.169879,0.058065,-0.226799,-0.095111,0.17025,0.059797,0.147504,0.046533,0.10537,-0.98947,6.8044,1.4438,-2.0808,4.0327,-2.5386,3.4299,19.2487,2.2565,-17.6664,-17.0,-0.266254,-0.128007,-0.126454,-0.313345,0.280047,0.140412,-0.078746,0.020789,0.37997,-0.482832,0.309517,1.355618,-2.326298,3.316676,-1.872006,-0.627871,0.985389,0.09299,-2.718233,-0.692888
12.08,-0.122948,0.061705,-0.278705,-0.02747,0.105603,0.016092,0.136679,0.135339,0.104191,-0.982295,8.2615,3.3398,-4.041,6.8622,-2.2359,1.6923,17.0792,4.5895,-19.3938,-11.1393,-0.256205,-0.104261,-0.17271,-0.245922,0.218676,0.126255,-0.059972,0.04234,0.338572,-0.562463,0.474355,1.131368,-1.918262,2.993483,-2.310088,-0.736862,0.843256,1.377708,-1.821501,-5.711094
12.1,-0.102344,0.025091,-0.330088,-0.017804,0.135372,0.003727,0.123617,0.243434,0.1335,-0.893118,6.1082,-7.1822,-3.8476,-1.6878,1.5439,6.8761,11.4344,6.7999,-7.2661,-1.4427,-0.242824,-0.082185,-0.219733,-0.179951,0.154587,0.107561,-0.041801,0.091109,0.299092,-0.691792,0.605281,1.085285,-2.10236,3.005523,-2.335841,-0.90815,0.820448,2.466397,-2.030593,-6.677146
12.12,-0.121865,0.001026,-0.166675,-0.139431,0.203801,0.049194,0.101327,0.247743,0.235372,-0.763977,-0.4581,-6.1744,17.8995,-20.9766,2.7227,8.0375,5.5746,-2.8171,15.531,4.6011,-0.229742,-0.064846,-0.27027,-0.128,0.140454,0.092322,-0.024616,0.16141,0.255662,-0.790589,0.673071,0.73327,-2.205341,2.225783,-0.190713,-0.586789,0.743325,3.349022,-2.146358,-3.572332
12.14,-0.259453,-0.06941,0.080823,-0.609573,0.286776,0.161702,0.049166,0.11105,0.482569,-0.410088,-19.01,-15.3593,24.4572,-72.0844,3.0222,17.0376,-8.8149,-15.1373,38.2959,14.166,-0.220368,-0.053584,-0.241636,-0.12032,0.176285,0.087438,-0.009441,0.20761,0.239761,-0.787507,0.531805,0.46213,2.278063,-0.150619,1.411585,-0.238571,0.77827,1.603181,-0.21664,0.940193
12.16,-0.341682,-0.206355,0.04886,-0.75412,0.27104,0.253187,-0.054696,0.071284,0.4712,-0.33807,-9.6118,-29.3692,-6.5506,-19.0751,-1.0964,15.3672,-19.5941,-3.5829,-3.3815,1.1298,-0.229703,-0.053765,-0.112138,-0.237014,0.245299,0.09651,-0.001403,0.178707,0.295618,-0.585128,-0.290634,-0.043538,6.624876,-6.758821,2.147457,0.329032,0.338634,-2.094016,3.43411,8.841006
12.18,-0.380096,-0.291167,0.057594,-0.743008,0.22485,0.283191,-0.128965,0.059509,0.500391,-0.281308,-5.3814,-16.7053,-1.6998,8.1036,-1.7114,7.67,-13.2821,0.118,0.5487,1.0617,-0.243871,-0.071772,-0.026724,-0.389661,0.261811,0.110706,-0.008893,0.129517,0.354086,-0.434628,-0.608863,-1.029814,2.963339,-7.06096,0.235311,0.736298,-0.406727,-2.082119,2.47251,5.122327
12.2,-0.416214,-0.292827,0.066574,-0.781979,0.19771,0.322092,-0.172114,0.050738,0.542123,-0.246863,-8.0323,2.5276,-0.6224,0.145,-0.7524,5.4701,-8.8673,0.0591,3.9279,0.6821,-0.257448,-0.102032,0.016158,-0.505059,0.239944,0.129696,-0.024855,0.094556,0.400125,-0.34275,-0.638405,-1.541919,1.656638,-4.816622,-0.946463,0.946092,-0.780094,-1.29889,2.007387,3.185267
12.22,-0.424832,-0.305088,0.117449,-0.797794,0.170355,0.369447,-0.208829,0.091537,0.587996,-0.206031,4.9438,0.926,4.2805,-7.5275,-11.3606,5.8644,-17.0917,4.4317,7.5721,11.2618,-0.275612,-0.131762,0.04284,-0.586725,0.285281,0.1522,-0.041848,0.072662,0.442012,-0.304928,-1.105364,-1.348818,0.930221,-2.78863,6.831844,1.080929,-0.617898,-0.744148,1.655352,-7.379709
12.24,-0.438111,-0.287862,0.118222,-0.83242,0.145032,0.406238,-0.236607,0.081882,0.726844,-0.155009,40.6091,-9.0823,-4.8615,-5.2226,-11.5514,-4.8209,-18.0352,-7.5058,11.6423,9.2618,-0.29757,-0.170954,0.081018,-0.629363,0.393221,0.192026,-0.068374,0.097442,0.500993,-0.354811,-2.495359,-0.541902,2.510054,-2.916105,1.640243,1.49473,-0.59163,1.740221,2.569373,-1.282595
12.26,-0.422975,-0.249457,0.124506,-0.866369,0.119346,0.407901,-0.214303,0.077806,0.752505,-0.223764,14.0679,5.406,-4.7213,-4.3468,-12.6364,5.7965,-1.1336,0.3669,1.516,3.9818,-0.330985,-0.182406,0.119223,-0.686802,0.407786,0.212911,-0.08407,0.094662,0.560245,-0.347919,-1.12719,-0.713087,1.535437,-2.610142,1.109925,0.948629,-0.944144,-0.600337,3.157281,0.994336
12.28,-0.368499,-0.188944,0.122251,-0.837769,0.350432,0.433124,-0.166175,0.052722,0.773214,-0.393322,16.8926,14.4659,-4.1949,6.6283,-4.0805,10.7471,4.3773,-1.7171,-3.6941,-2.6713,-0.349427,-0.19428,0.137726,-0.738037,0.428161,0.230652,-0.099445,0.085026,0.624008,-0.335267,-0.799021,-0.507777,0.774285,-2.494588,0.981146,0.793776,-0.671666,-0.442604,3.013069,0.352613
12.3,-0.315025,-0.152446,0.12043,-0.797921,0.430682,0.421882,-0.143676,0.055022,0.62572,-0.452848,14.8633,7.8553,-4.9848,17.4398,-1.7436,4.4586,-2.8291,1.4751,-25.4334,-2.3816,-0.35905,-0.196324,0.152982,-0.783932,0.448855,0.247423,-0.105074,0.069585,0.674907,-0.362542,-0.334095,0.034878,0.50589,-2.257713,1.026941,0.878181,-0.185369,-0.857414,2.086373,-1.24305
12.32,-0.297014,-0.150204,0.11959,-0.782176,0.460177,0.435626,-0.149203,0.06822,0.783899,-0.402849,7.4422,-0.4876,-3.2199,21.8386,-1.1573,8.1315,-9.2982,2.9579,22.1612,2.1529,-0.359578,-0.191423,0.156157,-0.823072,0.467508,0.260452,-0.105276,0.056433,0.674499,-0.408227,0.078569,0.330899,-0.127745,-1.814667,0.872809,0.733946,0.019438,-0.520391,-0.664576,-1.957301
12.34,-0.288234,-0.177393,0.132282,-0.780925,0.516311,0.357227,-0.14608,0.071036,0.816748,-0.310926,-1.1118,-10.3055,0.5386,24.6627,0.4918,-12.2205,-6.5938,1.8322,5.4198,3.7712,-0.353432,-0.183511,0.147338,-0.856128,0.484206,0.280006,-0.105236,0.053058,0.696263,-0.412035,0.440556,0.436923,-0.597868,-1.546367,0.800408,0.962854,-0.059693,-0.010067,1.462091,0.275969
12.36,-0.28152,-0.170665,0.131172,-0.804626,0.51605,0.310489,-0.159927,0.06546,0.837032,-0.277231,-7.2212,-8.8842,1.7736,24.258,-0.1373,-8.4759,-5.7443,0.1222,-2.3742,6.8689,-0.340869,-0.175298,0.134658,-0.885849,0.500577,0.29247,-0.108372,0.056603,0.728989,-0.369767,0.652197,0.3718,-0.620742,-1.395253,0.763812,0.452179,-0.173069,0.223299,2.147065,-3.19947
12.38,-0.259949,-0.127412,0.130026,-0.788417,0.568005,0.283963,-0.114576,0.051234,0.863875,-0.312495,-3.882,1.8048,1.9728,29.4999,1.4598,-5.0126,3.5918,-0.1926,1.0706,2.5373,-0.328109,-0.169223,0.12465,-0.912451,0.515003,0.296861,-0.111947,0.056516,0.765812,-0.387618,0.570588,0.248507,-0.419771,-1.258937,0.666987,0.124502,-0.15605,-0.098168,1.576013,0.472343
12.4,-0.255008,-0.123988,0.129509,-0.767156,0.579096,0.239248,-0.139442,0.049465,0.711213,-0.337854,-6.7624,0.3056,2.1205,31.6809,1.7866,-7.1679,-12.9137,1.1172,-29.9747,3.6781,-0.314915,-0.162399,0.117735,-0.931914,0.525002,0.296796,-0.108086,0.04952,0.804648,-0.406423,0.637027,0.279558,-0.275835,-0.805073,0.380905,-0.059231,0.251735,-0.328378,1.84418,-0.944855
12.42,-0.260078,-0.131913,0.130295,-0.622741,0.577664,0.201444,-0.136707,0.050272,0.711409,-0.341944,-7.7321,5.9664,0.9718,48.3038,2.1177,-1.4065,-4.2863,0.4551,-18.6113,2.7972,-0.301579,-0.161279,0.117026,-0.939493,0.527194,0.288223,-0.107854,0.046645,0.820286,-0.412584,0.564571,-0.003533,0.103867,-0.091387,-0.099894,-0.46964,-0.056247,-0.027018,0.26344,0.028706
12.44,-0.260324,-0.134841,0.126525,-0.634679,0.563488,0.144935,-0.134205,0.04998,0.70117,-0.357802,-11.2143,1.9615,0.7029,35.1028,2.7072,-7.1903,-7.6545,0.5553,-11.0735,1.2891,-0.288092,-0.159779,0.118196,-0.927123,0.516208,0.276972,-0.10702,0.046004,0.813796,-0.405003,0.622094,0.11468,0.038021,1.012686,-0.824219,-0.510285,0.084034,-0.046117,-0.672581,0.604968
12.46,-0.254097,-0.12935,0.117618,-0.611023,0.57843,0.108304,-0.102287,0.043991,0.686869,-0.39798,-11.0836,3.3495,-0.6168,31.3391,4.3828,-10.1303,-0.6225,-0.1926,-6.4065,-1.1691,-0.275375,-0.157947,0.11981,-0.901565,0.496171,0.265294,-0.105834,0.045757,0.793994,-0.389617,0.577432,0.08981,0.116302,1.414631,-1.103511,-0.542759,0.050478,0.004686,-1.116508,0.843014
12.48,-0.349669,-0.136615,0.007,-0.587331,0.408658,0.079656,-0.100049,0.044302,0.643774,-0.459021,-28.33,-0.848,-11.996,27.905,-1.2753,-12.842,-2.491,-0.2235,-9.257,-4.2009,-0.262383,-0.154817,0.12217,-0.869409,0.471816,0.25356,-0.103356,0.04629,0.770471,-0.372368,0.616341,0.170098,0.1401,1.664743,-1.263629,-0.535703,0.119465,0.007221,-1.126379,0.742156
12.5,-0.374369,-0.15367,-0.015763,-0.564788,0.407234,0.062525,-0.019707,0.039025,0.602826,-0.507929,-24.2977,0.9925,-10.8132,25.5413,0.0703,-18.4755,12.7288,-0.324,-10.6003,-6.927,-0.255139,-0.155567,0.112826,-0.833181,0.440079,0.245501,-0.101195,0.045672,0.745547,-0.354706,0.259412,-0.023237,-0.59837,1.700662,-1.398095,-0.362868,0.135251,-0.099667,-1.248878,0.806182
12.52,-0.403018,-0.169331,-0.030479,-0.526628,0.420303,0.056006,-0.023282,0.049542,0.558101,-0.554608,-24.7833,2.6731,-6.3038,19.7209,2.0398,-18.5574,3.5774,-1.5567,-14.474,-9.0666,-0.251962,-0.158679,0.086307,-0.789265,0.398069,0.238214,-0.094165,0.051547,0.720719,-0.339987,0.085949,-0.182039,-1.572045,2.273493,-1.162034,-0.354895,0.401686,0.396673,-1.146147,0.486652
12.54,-0.437557,-0.194494,-0.03197,-0.455564,0.444204,0.069444,-0.12637,0.029435,0.478472,-0.735814,-24.3898,2.4579,-3.1194,21.7322,4.6556,-13.4246,-14.4972,-5.4182,-23.0162,-16.0009,-0.252927,-0.165254,0.053381,-0.740687,0.350547,0.229981,-0.088053,0.062459,0.696966,-0.335454,-0.133678,-0.314776,-1.583999,2.430807,-0.91847,-0.431036,0.258984,0.618815,-1.127557,-0.013607
12.56,-0.449926,-0.18889,-0.038074,-0.380499,0.449249,0.063345,-0.135325,0.008957,0.430331,-0.762476,-22.4832,10.9542,-4.9269,29.5258,6.9401,-11.5909,4.8883,-5.6356,-28.0427,-12.9343,-0.256911,-0.176794,0.032049,-0.69488,0.316745,0.220785,-0.09538,0.064261,0.676753,-0.373402,-0.261671,-0.506817,-0.609946,2.03735,-1.65649,-0.486412,-0.48802,0.030794,-1.030806,-2.655217
12.58,-0.367532,-0.155999,-0.07753,-0.313812,0.450096,0.067587,-0.10945,0.00055,0.391846,-0.751632,-6.5764,14.6731,-7.9154,23.874,4.4189,-8.2729,15.2426,-5.6172,-24.9723,-9.9952,-0.262658,-0.185006,0.021258,-0.641169,0.304679,0.209793,-0.106976,0.062001,0.648559,-0.428345,-0.370304,-0.336218,-0.574256,2.915362,1.411911,-0.528194,-0.596412,-0.15441,-1.563973,-2.965924
12.6,-0.348495,-0.096403,-0.129678,-0.265606,0.43544,-0.023791,-0.055889,-0.008602,0.282437,-0.67464,-11.1933,20.0786,-9.3872,17.3725,3.1052,-19.0683,19.5032,-5.094,-32.0302,-5.4331,-0.26371,-0.187751,0.004771,-0.577288,0.304691,0.196977,-0.11412,0.056366,0.610412,-0.478078,-0.061663,-0.06856,-1.186826,3.39495,2.146239,-0.568192,-0.297757,-0.410301,-1.983606,-2.45391
12.62,-0.314381,-0.062974,-0.163568,-0.235604,0.371968,-0.005858,0.025519,-0.014132,0.21083,-0.633282,-6.0927,14.2961,-6.203,9.4918,-0.0384,-3.4549,25.5961,-4.3899,-22.1175,-6.5688,-0.26266,-0.182614,-0.029915,-0.505437,0.325079,0.177253,-0.113368,0.048354,0.547043,-0.475692,-0.06737,0.365022,-2.094863,3.580218,1.933324,-0.971275,0.082668,-0.54364,-3.271839,0.26785
12.64,-0.303828,-0.018886,-0.199262,-0.197978,0.29604,0.005856,0.088932,-0.004781,0.160907,-0.638069,-1.5926,8.5502,-2.1301,2.8239,-3.1551,0.3951,28.2378,-3.5246,-17.7553,-8.5572,-0.264315,-0.168207,-0.084344,-0.428388,0.345859,0.157234,-0.105253,0.042026,0.475505,-0.449613,-0.175325,0.807745,-2.738123,3.667388,1.174083,-0.934461,0.401684,-0.338139,-3.401248,1.029268
12.66,-0.298451,-0.011599,-0.233385,-0.148541,0.219998,0.005141,0.140294,0.024585,0.135861,-0.695802,-0.3346,-1.27,-1.5693,4.2257,-2.9537,0.8908,30.0148,-1.8237,-14.3409,-11.3622,-0.267387,-0.146845,-0.138607,-0.357264,0.322278,0.138997,-0.092403,0.04213,0.408871,-0.427452,-0.174946,1.073222,-2.313117,3.129508,-1.148995,-0.848196,0.626242,0.02024,-3.074931,0.634537
12.68,-0.178942,0.067882,-0.263285,-0.083908,0.156446,0.056042,0.15328,0.087857,0.115895,-0.937444,16.0049,12.4064,-1.4148,7.1567,-2.1904,8.5175,26.4809,0.948,-13.9106,-17.0,-0.269276,-0.125557,-0.184273,-0.293995,0.265846,0.122934,-0.076959,0.054456,0.353562,-0.430911,-0.099296,0.996006,-1.89717,2.814459,-2.207739,-0.750396,0.741539,0.699668,-2.512083,-0.760265
12.7,-0.135695,0.011172,-0.343181,-0.014543,0.111787,0.01779,0.145256,0.176995,0.126783,-0.914376,8.621,-8.4396,-7.1455,6.9147,-1.4558,3.5177,19.8193,3.8031,-17.8852,-11.3933,-0.262117,-0.102247,-0.220477,-0.229317,0.204148,0.108505,-0.059428,0.084444,0.320822,-0.502887,0.41834,1.179498,-1.49894,2.92367,-2.261181,-0.692701,0.8003,1.594644,-1.296597,-5.117419
12.72,-0.127583,0.02153,-0.334907,-0.000282,0.144736,0.021183,0.133259,0.254205,0.170304,-0.841777,3.6803,0.252,2.3863,-0.8013,1.5813,8.5414,16.7219,2.8488,-6.191,-3.1774,-0.249417,-0.084508,-0.273108,-0.164939,0.151269,0.092056,-0.043668,0.136325,0.293441,-0.618432,0.590363,0.794162,-2.505489,2.946605,-1.861198,-0.775515,0.707301,2.614558,-1.418942,-5.814525
12.74,-0.130952,0.019587,-0.155042,-0.130048,0.217611,0.070231,0.134375,0.241411,0.275764,-0.738738,1.0812,-1.4615,19.0471,-22.1321,2.964,8.6272,13.4798,-5.1139,13.0179,1.9761,-0.237642,-0.068573,-0.306544,-0.112688,0.143968,0.080875,-0.027808,0.198173,0.266096,-0.707115,0.603599,0.72359,-1.139794,2.256533,-0.018446,-0.413546,0.718416,2.760381,-1.336691,-3.273692
12.76,-0.276799,-0.07002,0.085942,-0.589512,0.231747,0.209807,0.047004,0.120966,0.482247,-0.395315,-21.7073,-14.7384,23.0787,-70.4854,0.2257,13.3411,-4.3822,-14.5703,37.0188,13.1702,-0.228353,-0.055203,-0.255398,-0.106043,0.185878,0.081164,-0.011589,0.229329,0.257758,-0.72982,0.584108,0.446242,3.233483,-0.235147,1.625264,0.240897,0.610174,1.092122,-0.386586,0.21216
12.78,-0.345871,-0.1949,0.060232,-0.731807,0.221047,0.290024,-0.048702,0.075973,0.482681,-0.331231,-10.2008,-26.9934,-6.3979,-18.2269,-0.5859,10.453,-18.4617,-3.9523,-0.3009,1.0828,-0.236545,-0.055356,-0.114505,-0.222089,0.219888,0.099984,-0.003991,0.193737,0.303496,-0.557197,-0.25071,-0.034691,6.982056,-6.728767,0.638666,0.730241,0.360767,-2.288402,3.140582,8.036218
12.8,-0.384533,-0.274369,0.053814,-0.736237,0.221253,0.320565,-0.121302,0.054758,0.514174,-0.281088,-6.8467,-15.384,-3.4926,6.053,0.1339,6.0049,-13.6008,-0.7048,1.4133,0.9306,-0.249117,-0.071869,-0.022087,-0.373375,0.222002,0.119976,-0.009941,0.14003,0.360727,-0.420275,-0.544684,-0.951828,3.24151,-6.988938,-0.165552,0.974164,-0.328627,-2.287904,2.496391,4.683749
12.82,-0.421622,-0.275292,0.063983,-0.784407,0.187801,0.350544,-0.162962,0.047125,0.554906,-0.258844,-8.6288,3.3756,-0.6017,-1.0648,-1.1817,3.4296,-9.4853,0.3954,3.8905,0.2731,-0.262053,-0.100419,0.019318,-0.491199,0.219258,0.143009,-0.024163,0.098461,0.40825,-0.337083,-0.619147,-1.453381,1.482352,-4.959156,-0.077354,1.120488,-0.69256,-1.617125,2.092429,2.885313
12.84,-0.423333,-0.268611,0.125661,-0.793746,0.171657,0.362761,-0.182517,0.037347,0.587052,-0.249489,-2.2846,7.0862,4.6986,3.1643,-0.4226,0.607,-7.5128,-0.0736,3.1065,0.0746,-0.278328,-0.1289,0.044391,-0.583166,0.201541,0.167619,-0.040283,0.072005,0.451959,-0.290776,-0.7874,-1.32749,1.002771,-4.015634,-0.780571,1.159461,-0.793349,-0.99218,1.982609,1.592807
12.86,-0.43276,-0.268397,0.123646,-0.836236,0.132739,0.389934,-0.211853,0.059869,0.7086,-0.230101,-2.9211,19.974,-3.1655,-17.7847,-14.4253,-7.8515,0.5612,-10.2617,0.4604,5.4408,-0.295137,-0.161163,0.080844,-0.630022,0.3454,0.201988,-0.062009,0.087944,0.517106,-0.324215,-0.716863,-1.569749,2.177747,-1.519221,5.978634,1.457951,-1.157008,2.180242,3.26596,-1.693232
12.88,-0.41803,-0.224059,0.133166,-0.842196,0.161421,0.403151,-0.194734,0.044845,0.76991,-0.313372,15.2362,0.0628,-4.4767,3.8355,-9.924,12.5261,-2.6186,-0.9846,3.8926,0.4207,-0.329426,-0.16961,0.122164,-0.692907,0.372177,0.220228,-0.075018,0.089426,0.576313,-0.328021,-1.153903,-0.415075,1.631163,-3.030836,1.508833,0.603199,-0.808149,-1.01594,2.905831,0.166937
12.9,-0.381654,-0.181617,0.127266,-0.832046,0.367294,0.408416,-0.170526,0.032654,0.793223,-0.386304,11.951,4.4884,-5.617,9.5893,-2.3636,6.6783,0.6321,0.0559,-1.9957,-1.8213,-0.346648,-0.175054,0.148343,-0.747284,0.397349,0.235657,-0.088695,0.066861,0.638087,-0.326046,-0.695817,-0.219843,1.026429,-2.577259,1.17316,0.778076,-0.644198,-1.016852,2.91958,-0.594983
12.92,-0.351418,-0.149622,0.125282,-0.777474,0.443,0.386209,-0.151927,0.04075,0.796145,-0.448824,8.0513,3.4549,-4.7878,23.4597,-0.2769,0.7586,-2.329,2.1856,-2.3683,-2.4674,-0.355315,-0.175297,0.161343,-0.796276,0.421033,0.251123,-0.096733,0.047734,0.688902,-0.356668,-0.302027,0.063669,0.345633,-2.384949,1.167178,0.788946,-0.330076,-0.84354,2.132509,-1.23111
12.94,-0.326921,-0.148106,0.128305,-0.762254,0.473783,0.380568,-0.149804,0.052946,0.811846,-0.334148,1.6028,-4.1558,-2.7972,27.4864,0.3486,0.4028,-6.7716,2.595,1.1055,4.8289,-0.355258,-0.17011,0.162389,-0.83732,0.441669,0.264681,-0.099568,0.037928,0.723479,-0.406289,0.107104,0.324265,-0.178736,-1.875034,0.945446,0.686849,-0.124134,-0.319732,1.403913,-1.962918
12.96,-0.31292,-0.128154,0.132446,-0.752176,0.516487,0.364375,-0.149679,0.050696,0.832258,-0.324021,-3.0206,-4.2818,-0.3262,30.4079,1.569,-2.9766,-5.4522,1.0883,2.7861,0.1117,-0.349634,-0.162392,0.154381,-0.869928,0.458482,0.277865,-0.102052,0.037019,0.748704,-0.371543,0.344944,0.421777,-0.546172,-1.472746,0.758766,0.645297,-0.154362,0.081716,1.126307,1.807232
12.98,-0.301658,-0.11534,0.130979,-0.756938,0.526051,0.333732,-0.151616,0.041973,0.839774,-0.316516,-5.1417,-5.1796,1.0561,29.7664,1.6726,-4.3926,-5.5877,0.2432,-2.5767,3.5907,-0.340699,-0.152667,0.142277,-0.894617,0.471237,0.288326,-0.104929,0.038381,0.776501,-0.376068,0.444866,0.479211,-0.639334,-1.053228,0.52525,0.453179,-0.142107,0.033917,1.394448,-1.220791
13.0,-0.294842,-0.156432,0.132389,-0.611568,0.538847,0.29905,-0.145329,0.066808,0.699564,-0.327915,-5.5154,-15.0661,2.4334,51.5582,2.0338,-5.4917,-5.1663,3.8526,-23.4562,3.0933,-0.331141,-0.142874,0.129514,-0.912125,0.479695,0.294355,-0.107206,0.035638,0.799727,-0.393555,0.443336,0.4682,-0.627613,-0.748165,0.335687,0.250624,-0.093166,-0.215179,0.974325,-0.472408
13.02,-0.292997,-0.156447,0.1329,-0.636202,0.517331,0.180113,-0.149332,0.062523,0.699298,-0.330944,-8.7491,-3.5144,2.0489,36.409,2.1262,-11.6013,-9.7717,4.0097,-15.9852,2.2037,-0.318754,-0.139818,0.120838,-0.91047,0.476373,0.291854,-0.105696,0.028168,0.811013,-0.39433,0.510185,0.007147,-0.246484,0.54672,-0.492855,-0.208713,0.039585,-0.167948,-0.089204,0.335072
13.04,-0.273059,-0.139942,0.124073,-0.607195,0.544213,0.141788,-0.12809,0.06847,0.690164,-0.366267,-7.2261,2.7442,0.0727,33.6412,4.1307,-8.3072,-2.2788,3.7865,-7.199,-0.1749,-0.307247,-0.141381,0.120144,-0.892928,0.462156,0.28185,-0.106849,0.027617,0.796382,-0.381665,0.499726,-0.093089,0.093651,1.065255,-0.857009,-0.513793,-0.074633,0.08738,-1.009209,0.798769
13.06,-0.279751,-0.139573,0.111804,-0.584254,0.403873,0.107009,-0.124527,0.059113,0.649695,-0.4283,-11.4873,-0.3139,-1.8301,29.863,-0.4189,-10.2253,-5.1355,1.9947,-8.221,-3.3992,-0.295357,-0.141525,0.123272,-0.866212,0.441708,0.269708,-0.106388,0.031305,0.773219,-0.364729,0.559352,0.026689,0.199844,1.436416,-1.105554,-0.573558,0.057136,0.229933,-1.191085,0.865039
13.08,-0.378958,-0.150667,0.007219,-0.562015,0.403053,0.088461,-0.116776,0.052087,0.608313,-0.484896,-28.037,-2.7114,-13.0027,25.5266,0.7949,-11.1439,-2.5378,0.9922,-9.7677,-6.0152,-0.283475,-0.140934,0.12792,-0.833113,0.416295,0.257146,-0.10566,0.035497,0.746887,-0.348861,0.554753,0.028985,0.272785,1.749258,-1.338008,-0.572722,0.011925,0.19504,-1.273205,0.579608
13.1,-0.404483,-0.164436,-0.006523,-0.536552,0.411662,0.077235,-0.113181,0.042055,0.564026,-0.532673,-22.9487,6.4529,-8.5158,19.244,1.9349,-17.1878,-1.0977,-0.5372,-12.9586,-7.9742,-0.278329,-0.146769,0.116654,-0.794832,0.384502,0.249055,-0.105979,0.039883,0.721249,-0.340358,0.162834,-0.378458,-1.111992,2.25305,-0.857031,-0.347264,-0.012991,0.220637,-1.227737,0.284455
13.12,-0.43841,-0.189195,-0.006006,-0.477055,0.432588,0.077046,-0.125884,0.026943,0.499434,-0.712377,-24.0705,6.5462,-5.2097,21.0471,4.1691,-15.3793,-1.645,-2.5243,-18.8081,-15.004,-0.277134,-0.156755,0.093246,-0.752003,0.344873,0.241448,-0.107153,0.044318,0.695626,-0.337157,-0.004895,-0.493963,-1.379192,2.333615,-0.6672,-0.375415,-0.079638,0.230117,-1.227266,-0.004859
13.14,-0.460411,-0.199159,-0.008707,-0.390204,0.451614,0.081486,-0.136809,0.00894,0.434098,-0.782822,-23.8876,9.4542,-4.5357,26.5106,4.8271,-12.7263,4.2161,-4.9131,-27.9498,-14.0455,-0.278515,-0.169324,0.071895,-0.706771,0.314042,0.233729,-0.113024,0.048404,0.675816,-0.371935,-0.137396,-0.584421,-1.03084,2.423675,0.682659,-0.408951,-0.340061,0.28273,-0.960003,-2.414093
13.16,-0.388231,-0.17672,-0.039347,-0.308236,0.456624,0.079001,-0.118225,-0.002323,0.397231,-0.76569,-9.1371,13.8861,-7.0213,26.8347,4.6558,-10.2102,13.7674,-5.7695,-25.5003,-10.2169,-0.282189,-0.180611,0.057217,-0.65456,0.300214,0.224161,-0.122221,0.051386,0.650201,-0.430131,-0.273814,-0.496755,-0.770704,2.901997,1.616758,-0.467754,-0.491463,0.116588,-1.438091,-3.237864
13.18,-0.356279,-0.092645,-0.100946,-0.259965,0.443897,-0.015968,-0.064022,-0.041841,0.292058,-0.671232,-11.3257,24.9765,-10.9423,22.3831,5.8363,-20.7484,19.5558,-8.5593,-31.1343,-4.65,-0.281849,-0.186821,0.040105,-0.589956,0.295985,0.21215,-0.128446,0.050494,0.613145,-0.485662,0.006521,-0.23274,-0.925065,3.13331,0.080978,-0.544829,-0.252817,-0.197155,-1.967743,-2.800745
13.2,-0.310168,-0.048244,-0.1373,-0.236347,0.361012,-0.014506,0.0429,-0.039619,0.218362,-0.609949,-6.205,17.3885,-7.8125,12.1317,1.3277,-7.9972,31.3285,-4.5127,-21.1578,-5.3917,-0.278502,-0.182551,0.006204,-0.51623,0.315735,0.193029,-0.127594,0.038438,0.549387,-0.48338,0.058858,0.358999,-1.912221,3.449353,0.488275,-0.935728,0.104989,-0.963147,-3.29281,0.332249
13.22,-0.305312,0.009356,-0.173458,-0.197711,0.289222,-0.001544,0.110949,-0.026395,0.147597,-0.645891,-3.9025,10.1534,-1.9437,3.0078,-2.9697,-1.9285,30.3163,-3.3825,-18.8558,-9.4579,-0.276821,-0.165598,-0.053,-0.436019,0.338264,0.172445,-0.116519,0.026932,0.475492,-0.447368,-0.015015,0.941279,-2.954694,3.783039,1.018274,-0.977665,0.575183,-0.570408,-3.504572,1.532332
13.24,-0.21005,0.004032,-0.214101,-0.158881,0.210267,0.081526,0.158107,0.004156,0.130105,-0.718583,12.2146,-3.7145,-2.1665,2.7102,-3.0654,12.6093,29.843,-1.9768,-13.6133,-12.7313,-0.27759,-0.140912,-0.109952,-0.362916,0.31466,0.152685,-0.099668,0.024852,0.406134,-0.41903,-0.084279,1.23937,-2.412528,3.223361,-1.121509,-0.941803,0.822837,-0.027118,-3.211351,0.756695
13.26,-0.171932,0.065613,-0.25189,-0.088073,0.143306,0.046772,0.160256,0.074185,0.118752,-0.953324,8.6736,8.9834,-1.9255,7.0317,-2.3788,1.7531,23.3772,1.8185,-15.8806,-17.0,-0.273683,-0.117991,-0.160411,-0.298246,0.258081,0.137889,-0.080462,0.035202,0.354854,-0.430276,0.266525,1.051175,-2.112445,2.830387,-2.234628,-0.623761,0.938584,0.608299,-2.257308,-1.197394
13.28,-0.125033,0.029828,-0.337122,-0.012473,0.104374,0.009162,0.144109,0.172695,0.119435,-0.937968,7.0255,-3.7794,-7.6063,8.4072,-1.1698,0.8942,17.6588,4.8311,-18.4308,-11.6477,-0.262474,-0.095966,-0.201866,-0.234733,0.192996,0.123645,-0.060742,0.065953,0.321919,-0.509428,0.549734,1.096683,-1.731319,2.880958,-2.39909,-0.730792,0.883436,1.709,-1.379909,-5.549348
13.3,-0.112988,0.02727,-0.32378,-0.00105,0.144028,0.014349,0.128987,0.260614,0.16295,-0.853605,3.7632,-1.1441,2.9554,-1.162,1.8381,8.2296,13.8766,4.0984,-5.5179,-2.3356,-0.247661,-0.078077,-0.259603,-0.168981,0.141647,0.105389,-0.043137,0.122308,0.291452,-0.635466,0.664906,0.841833,-2.741499,3.045033,-1.760488,-0.885269,0.778725,2.846482,-1.589713,-6.454539
13.32,-0.123236,0.020707,-0.143814,-0.1423,0.229054,0.065992,0.128406,0.249889,0.272774,-0.729825,0.3913,-2.5313,19.1473,-23.9663,3.3999,8.621,11.5439,-4.7868,15.3692,3.7269,-0.234686,-0.061934,-0.294989,-0.115545,0.139461,0.092028,-0.026472,0.191253,0.259901,-0.733848,0.660398,0.722305,-1.178655,2.305638,0.185674,-0.506691,0.736405,3.11506,-1.552847,-3.602062
13.34,-0.262471,-0.070918,0.067241,-0.558848,0.28115,0.191141,0.06243,0.120735,0.463006,-0.4013,-19.3633,-20.0134,20.112,-64.0249,1.6516,18.812,-11.3672,-14.1491,29.5523,13.2649,-0.225136,-0.04859,-0.244131,-0.110976,0.190656,0.089458,-0.008647,0.227053,0.253402,-0.743581,0.556711,0.589227,3.224677,-0.36468,1.988057,-0.143983,0.969516,1.028734,0.218206,0.430679
13.36,-0.35603,-0.211203,0.05219,-0.735538,0.221394,0.273897,-0.04167,0.065165,0.462612,-0.330028,-11.2562,-29.9622,-4.9503,-24.0321,-2.7492,14.4547,-19.7543,-4.9215,-1.8622,1.2589,-0.233793,-0.049026,-0.114946,-0.21887,0.248817,0.100617,0.001203,0.19189,0.303625,-0.560407,-0.286358,-0.093731,6.336328,-6.17843,1.668949,0.466679,0.423681,-2.267048,2.970904,8.036621
13.38,-0.382686,-0.279846,0.060088,-0.732582,0.231338,0.300109,-0.115308,0.058996,0.505969,-0.281558,-3.3484,-13.707,-1.7656,6.5941,0.6335,6.861,-13.221,0.9076,3.1018,0.8292,-0.249332,-0.068133,-0.028365,-0.368717,0.238481,0.117245,-0.004864,0.134768,0.355865,-0.420771,-0.673675,-1.085216,3.103517,-7.068847,-0.928555,0.831991,-0.336071,-2.481673,2.24335,4.787133
13.4,-0.415969,-0.285092,0.069701,-0.76972,0.197285,0.332708,-0.159942,0.055033,0.542757,-0.263445,-7.5312,2.498,-0.7001,0.4875,-1.183,4.4653,-10.1358,0.766,3.3097,0.1076,-0.262949,-0.098096,0.017029,-0.486779,0.23096,0.137566,-0.018735,0.095714,0.401725,-0.337529,-0.623808,-1.512007,1.745329,-4.960553,-0.165659,1.003396,-0.686156,-1.413884,2.062062,2.884614
13.42,-0.426381,-0.290197,0.121472,-0.813971,0.162866,0.375797,-0.203962,0.082924,0.652937,-0.220552,1.5809,0.1755,4.0475,-8.3015,-14.7705,4.45,-14.7752,3.4788,14.8003,1.422,-0.27911,-0.127823,0.045736,-0.574827,0.237209,0.160349,-0.035056,0.074028,0.444153,-0.293323,-0.95751,-1.237363,1.031324,-3.185821,11.915974,1.127224,-0.720278,-0.757303,1.908631,1.503874
13.44,-0.4319,-0.282394,0.120238,-0.835002,0.135811,0.408804,-0.220343,0.079714,0.713144,-0.193256,2.2145,16.4079,-3.0801,-15.2994,-14.5382,-5.1919,-2.7841,-9.1499,2.079,7.3873,-0.295116,-0.169246,0.085624,-0.623363,0.352594,0.202273,-0.061695,0.106782,0.518491,-0.340845,-0.919504,-1.479423,1.913278,-1.900434,5.926179,1.463134,-1.096959,1.884509,3.133697,-1.498757
13.46,-0.413866,-0.225295,0.12993,-0.84551,0.162675,0.408765,-0.192052,0.053235,0.760427,-0.306188,17.287,5.3169,-4.7218,1.7125,-10.1834,10.3592,-1.271,-1.7822,2.0558,0.9533,-0.329455,-0.179513,0.123843,-0.685655,0.382475,0.221946,-0.075362,0.104189,0.577669,-0.343582,-1.211416,-0.548506,1.559083,-2.968657,1.405457,0.714487,-0.836283,-0.969058,2.930197,0.547948
13.48,-0.369258,-0.179484,0.121918,-0.827181,0.387706,0.411338,-0.161467,0.035469,0.772864,-0.407146,14.6774,7.781,-6.0476,9.0504,-1.8927,7.8814,1.2543,-0.6748,-4.476,-3.2647,-0.347123,-0.186172,0.148956,-0.739565,0.406741,0.237061,-0.088772,0.080212,0.63964,-0.338521,-0.727999,-0.244186,0.977994,-2.56444,1.142743,0.738613,-0.598527,-1.111281,2.8264,0.524905
13.5,-0.339262,-0.150535,0.123514,-0.783036,0.452765,0.369718,-0.147116,0.044487,0.62914,-0.358213,9.5819,4.7147,-4.4765,20.9879,-0.2071,-0.814,-3.8972,2.4937,-24.5214,2.0159,-0.355671,-0.1862,0.160202,-0.787734,0.429793,0.251334,-0.095301,0.05671,0.685959,-0.372293,-0.288028,0.091642,0.236222,-2.343798,1.137342,0.751219,-0.245037,-1.086886,1.84868,-1.467412
13.52,-0.323989,-0.157371,0.126435,-0.774421,0.48012,0.373309,-0.148412,0.054412,0.801093,-0.335228,3.2649,-4.2538,-2.5075,24.3913,0.272,4.2766,-8.0386,2.5824,24.8825,0.8219,-0.355969,-0.180874,0.159923,-0.828521,0.450116,0.260561,-0.097398,0.043455,0.681205,-0.364997,0.061969,0.339352,-0.246057,-1.880786,0.937531,0.511106,-0.082014,-0.434839,-0.797241,0.372597
13.54,-0.309708,-0.134135,0.136777,-0.541872,0.525228,0.323914,-0.142559,0.052814,0.832168,-0.319712,-1.8349,-0.4813,0.4734,60.8447,1.5744,-7.6342,-5.5078,3.1544,-0.2941,0.318,-0.350988,-0.174247,0.150492,-0.861765,0.467163,0.273359,-0.099835,0.040408,0.711911,-0.377276,0.324682,0.322264,-0.539584,-1.486106,0.755805,0.615544,-0.115093,-0.559771,2.118386,2.004626
13.56,-0.301742,-0.156984,0.13194,-0.796527,0.525799,0.253198,-0.162172,0.03476,0.850568,-0.299965,-13.7581,-10.2731,1.3869,9.901,2.4151,-14.0303,-17.4341,1.2987,1.5763,3.3331,-0.336395,-0.165406,0.138597,-0.870246,0.470397,0.281162,-0.096497,0.031495,0.751854,-0.391227,0.766765,0.453153,-0.600357,0.13369,-0.201101,0.39785,0.162923,-0.284345,1.528871,0.320565
13.58,-0.271203,-0.138463,0.128835,-0.603719,0.581294,0.211859,-0.134046,0.031231,0.714452,-0.336639,-1.384,1.4669,0.3749,46.8401,4.1337,-11.2829,-4.0875,2.11,-20.2691,3.2028,-0.326157,-0.161781,0.130889,-0.87821,0.471779,0.284069,-0.098675,0.023488,0.778563,-0.395842,0.389416,0.121145,-0.169755,-0.654784,0.249405,0.018257,-0.113185,-0.390658,1.230923,-0.843086
13.6,-0.289195,-0.150078,0.128489,-0.630389,0.548379,0.154736,-0.151046,0.02208,0.693756,-0.355636,-15.1606,-0.8526,0.5159,32.1142,3.6613,-9.3016,-12.5579,0.992,-15.7247,1.7541,-0.312056,-0.158118,0.127503,-0.876559,0.468539,0.276103,-0.098253,0.018155,0.783478,-0.399117,0.751952,0.09325,-0.122082,0.555962,-0.472414,-0.360139,0.075773,-0.175324,0.26189,-0.015017
13.62,-0.277292,-0.14734,0.121648,-0.628996,0.408188,0.116701,-0.130216,0.0258,0.692649,-0.37041,-10.3836,3.9778,-1.0894,27.2162,-1.1811,-10.132,-3.7201,0.833,-7.0162,0.2932,-0.298986,-0.158746,0.128204,-0.861537,0.455947,0.265964,-0.099411,0.016922,0.776198,-0.391631,0.55164,-0.064296,0.126874,0.885707,-0.736659,-0.495812,-0.092505,0.016041,-0.637404,0.561299
13.64,-0.27592,-0.148626,0.114058,-0.623664,0.395345,0.076862,-0.12481,0.022512,0.670578,-0.408248,-11.7048,1.5097,-2.4357,22.2291,-0.7567,-13.2587,-4.6578,0.0029,-5.4051,-2.2062,-0.287197,-0.159061,0.131453,-0.839553,0.43797,0.254844,-0.099892,0.019057,0.760258,-0.378293,0.541882,0.021878,0.203617,1.173353,-0.957883,-0.543588,-0.012345,0.100182,-0.929857,1.018208
13.66,-0.368092,-0.155719,0.007165,-0.594993,0.394396,0.054377,-0.113659,0.022711,0.636069,-0.457244,-27.3969,0.629,-13.9766,21.9632,0.0934,-14.1068,-0.7519,-0.2521,-8.6515,-4.208,-0.275448,-0.159057,0.136611,-0.814327,0.417621,0.242758,-0.100837,0.021451,0.74226,-0.365161,0.546086,0.00146,0.301859,1.263805,-1.032755,-0.572376,-0.068687,0.110582,-0.840895,0.529947
13.68,-0.384314,-0.168126,-0.017703,-0.559959,0.401822,0.042481,-0.107713,0.01927,0.588639,-0.515848,-21.0155,8.7605,-10.7471,20.3048,3.2329,-18.1934,-0.4445,-0.9313,-13.3447,-7.0265,-0.270203,-0.164232,0.124279,-0.786708,0.389213,0.233427,-0.10171,0.024178,0.724156,-0.351545,0.157706,-0.361513,-1.00939,1.583964,-2.75614,-0.422638,-0.028653,0.128842,-0.806881,0.459005
13.7,-0.413071,-0.18392,-0.024596,-0.520156,0.41941,0.04669,-0.110305,0.037219,0.537954,-0.56618,-22.5354,9.2801,-6.2325,17.0836,4.04,-14.042,0.0643,0.7243,-17.2841,-9.6088,-0.268014,-0.173076,0.096069,-0.752073,0.349656,0.223399,-0.102538,0.026401,0.70544,-0.339733,0.03142,-0.433879,-1.706328,2.045756,-1.262465,-0.504185,-0.061303,0.104579,-0.905804,0.556528
13.72,-0.443175,-0.202263,-0.022582,-0.455461,0.444463,0.06166,-0.127466,0.018462,0.469629,-0.744849,-22.2915,8.1825,-4.4463,22.3572,4.957,-9.4952,-2.062,-2.8719,-23.9231,-16.5125,-0.269724,-0.18278,0.068504,-0.715894,0.313811,0.212632,-0.104127,0.032617,0.685483,-0.333487,-0.150724,-0.457765,-1.363662,1.930624,0.271823,-0.531937,-0.098755,0.425952,-0.977007,0.058575
13.74,-0.444793,-0.193466,-0.030175,-0.38406,0.451957,0.055159,-0.130271,0.003095,0.434715,-0.759459,-20.0415,13.392,-6.4914,29.5121,7.1811,-9.5738,5.9503,-4.9179,-28.038,-13.0852,-0.27325,-0.193923,0.05201,-0.679804,0.293594,0.202563,-0.110756,0.039272,0.669487,-0.369219,-0.230153,-0.504061,-0.505152,1.715904,-0.855168,-0.507112,-0.373411,0.3803,-0.829428,-2.549974
13.76,-0.359176,-0.154188,-0.074616,-0.321707,0.443077,0.048783,-0.101634,-0.023631,0.41268,-0.710194,-5.8315,17.8323,-10.1613,27.0615,6.4183,-8.1214,14.2866,-7.1576,-23.404,-8.6356,-0.27726,-0.201783,0.041677,-0.633471,0.287893,0.191393,-0.118988,0.04371,0.645931,-0.422645,-0.261145,-0.315056,-0.42935,2.276751,-0.213073,-0.536771,-0.409897,0.123843,-1.338521,-2.89531
13.78,-0.339862,-0.077946,-0.125929,-0.272456,0.435758,-0.04367,-0.051513,-0.026539,0.27941,-0.659815,-11.0478,24.8916,-10.5528,20.025,5.3297,-19.48,17.9598,-4.9011,-34.3794,-6.1222,-0.275961,-0.203372,0.021223,-0.57362,0.292441,0.178687,-0.123042,0.0392,0.611575,-0.462105,0.059169,0.007335,-1.217418,2.906135,0.407072,-0.561183,-0.138476,-0.489259,-1.784766,-1.804245
13.8,-0.312503,-0.043758,-0.163201,-0.256089,0.358444,-0.036301,0.039502,-0.024914,0.224328,-0.583883,-7.0385,16.8591,-7.8146,9.6003,1.1213,-3.6884,25.7748,-3.3207,-21.9,-6.2218,-0.272534,-0.195337,-0.016583,-0.505428,0.316456,0.158208,-0.119329,0.029712,0.551008,-0.446762,0.042195,0.50998,-2.002699,3.212447,0.563883,-1.030981,0.227056,-0.626473,-3.131734,0.744434
13.82,-0.300375,0.000501,-0.193591,-0.223512,0.298913,-0.022703,0.09309,-0.012531,0.173268,-0.597937,-1.6044,8.6431,-1.4151,2.2788,-2.4701,0.9043,25.1864,-2.9659,-17.9876,-9.248,-0.272676,-0.176674,-0.077129,-0.433357,0.337644,0.136918,-0.107718,0.024718,0.481837,-0.40766,-0.10317,1.01535,-2.992413,3.37392,0.93022,-1.005077,0.56752,-0.221982,-3.2699,1.65345
13.84,-0.215859,0.033506,-0.222706,-0.188511,0.226273,-0.022383,0.138171,0.0114,0.155023,-0.65657,11.2922,4.505,-1.0481,2.3754,-2.8667,1.8905,27.6115,-2.1459,-14.5002,-12.17,-0.27433,-0.151825,-0.132902,-0.368562,0.319651,0.117194,-0.092691,0.027398,0.41861,-0.376898,-0.101991,1.233986,-2.320047,2.846339,-0.87724,-0.923353,0.703411,0.159744,-2.893203,0.993024
13.86,-0.185833,0.040119,-0.248834,-0.123909,0.168141,0.059768,0.151342,0.062454,0.144161,-0.894398,4.4871,-0.4874,-1.1818,6.9103,-2.0459,16.5715,23.6912,0.0545,-14.8801,-17.0,-0.269016,-0.125352,-0.17634,-0.311819,0.269263,0.097825,-0.075425,0.039649,0.369062,-0.375537,0.323207,1.272652,-1.77466,2.458538,-2.019176,-0.901224,0.820944,0.651069,-2.178767,-0.543105
13.88,-0.152362,0.017201,-0.279848,-0.058798,0.116098,0.021937,0.14908,0.133303,0.150553,-0.872305,5.8537,-3.1577,-2.2077,7.0336,-1.7549,3.5916,23.0584,1.4767,-20.5315,-12.6786,-0.260735,-0.103058,-0.210463,-0.255459,0.21183,0.085864,-0.05946,0.066746,0.343515,-0.440399,0.420771,1.031169,-1.383668,2.595983,-2.095325,-0.533158,0.706774,1.514765,-0.972136,-4.644113
13.9,-0.138075,0.008716,-0.269455,-0.015121,0.132485,0.022752,0.143383,0.214935,0.18132,-0.825099,3.3418,-2.8601,1.9599,3.9929,0.953,8.2376,20.0228,2.5919,-10.8692,-6.13,-0.248986,-0.085235,-0.24213,-0.196944,0.15722,0.072572,-0.044741,0.112246,0.321422,-0.542865,0.537779,0.820496,-1.372447,2.690159,-1.96205,-0.635496,0.667072,2.245396,-1.17241,-5.211466
13.92,-0.131252,0.011083,-0.191549,-0.086195,0.17833,0.050903,0.146293,0.236874,0.2638,-0.755297,2.1683,-0.9887,8.2975,-13.1914,1.7698,7.7346,17.1429,-2.4302,5.0185,-1.278,-0.237561,-0.070333,-0.258031,-0.141979,0.141806,0.062626,-0.029752,0.169858,0.298141,-0.632165,0.557316,0.654559,-0.482382,2.491217,-0.311967,-0.383996,0.68466,2.670924,-1.175141,-3.684141
13.94,-0.242516,-0.007198,0.079002,-0.567172,0.306014,0.189497,0.165189,0.120392,0.511398,-0.390107,-17.951,-3.966,26.7852,-73.7439,4.9536,16.6897,17.2046,-15.3114,37.5177,12.6565,-0.227039,-0.058046,-0.236241,-0.117542,0.162033,0.062153,-0.014983,0.214652,0.285592,-0.678753,0.632206,0.535708,1.386132,0.72792,0.813736,0.097557,0.713607,1.72137,-0.421402,-1.12192
13.96,-0.341321,-0.169116,0.045805,-0.592945,0.217591,0.301586,-0.031929,0.066418,0.495398,-0.312018,-12.9237,-36.1457,-6.3701,-1.7487,-4.1969,16.9062,-37.1179,-5.3464,-3.3764,1.8408,-0.23314,-0.048265,-0.113213,-0.221103,0.248696,0.078995,0.005692,0.18866,0.333409,-0.531853,-0.133624,0.453843,6.514152,-6.243086,2.982548,0.666712,1.121521,-2.01166,3.197906,7.022857
13.98,-0.396791,-0.264486,0.054319,-0.756261,0.224803,0.336938,-0.115245,0.041474,0.52306,-0.269153,-9.485,-16.7715,-1.8725,-18.9126,0.5657,6.5624,-17.9638,-0.8004,0.9602,0.661,-0.244476,-0.062745,-0.028492,-0.33748,0.236158,0.101786,0.004124,0.132526,0.386898,-0.399589,-0.540495,-0.893495,2.969743,-5.073339,-1.030275,1.161326,-0.223975,-2.429013,2.249155,4.6025
14.0,-0.430824,-0.27538,0.06551,-0.805581,0.178359,0.362381,-0.163199,0.036208,0.56958,-0.242739,-5.174,1.7221,-0.4407,-2.3115,-1.7516,4.6853,-11.3178,0.8619,4.7478,0.4786,-0.262319,-0.091378,0.014172,-0.459539,0.229045,0.127808,-0.010407,0.087616,0.42941,-0.321267,-0.813115,-1.459897,1.630432,-5.730842,-0.278673,1.233751,-0.729171,-1.755705,1.880947,2.68943
14.02,-0.432286,-0.271031,0.129337,-0.816069,0.160077,0.366638,-0.184798,0.029786,0.604987,-0.233801,-1.7157,6.9121,4.8455,3.5273,-0.3989,-0.0501,-8.13,0.374,3.5911,0.054,-0.280744,-0.121111,0.042073,-0.566887,0.200575,0.154762,-0.028182,0.060116,0.47089,-0.2752,-0.850071,-1.398266,1.135104,-4.726675,-1.233338,1.287574,-0.878964,-0.996489,1.909345,1.618189
14.04,-0.4402,-0.274178,0.125926,-0.850053,0.116432,0.39919,-0.213841,0.054706,0.731895,-0.201985,-1.8596,23.2676,-3.1239,-16.965,-16.5634,-9.9696,-2.3789,-8.9079,0.1552,7.5568,-0.299118,-0.15385,0.080717,-0.628047,0.327579,0.188547,-0.047326,0.069685,0.531165,-0.344601,-0.780792,-1.793805,2.235979,-1.887679,8.199531,1.681339,-1.171946,2.1673,3.461311,-1.870866
14.06,-0.426235,-0.231863,0.134236,-0.851095,0.139609,0.407038,-0.198042,0.041288,0.788645,-0.284604,19.2662,-1.0044,-4.6449,2.6956,-10.2638,12.383,-4.6846,-0.6918,3.5112,2.2856,-0.334346,-0.164302,0.122302,-0.691524,0.36576,0.210483,-0.061182,0.076269,0.593399,-0.353713,-1.33685,-0.474014,1.707605,-3.077342,1.230047,0.691703,-0.859792,-0.820769,2.978471,0.483567
14.08,-0.391603,-0.189342,0.128689,-0.850391,0.33536,0.411765,-0.185187,0.028795,0.810676,-0.351898,13.2197,6.0992,-5.9123,7.2624,-3.3493,8.1342,-2.4801,0.2062,-3.7476,-0.0135,-0.353641,-0.171881,0.150058,-0.747261,0.389803,0.22674,-0.076322,0.057068,0.656848,-0.34858,-0.765064,-0.363493,1.104236,-2.626751,1.183342,0.793607,-0.731147,-0.887262,3.099358,-0.120382
14.1,-0.357769,-0.150333,0.126028,-0.794483,0.424074,0.399803,-0.150935,0.034315,0.804971,-0.436605,10.4292,6.9032,-5.4152,21.7937,-0.8283,3.2923,-0.2552,2.0343,-4.0639,-3.4307,-0.364011,-0.175169,0.165061,-0.797669,0.414411,0.242627,-0.087187,0.039884,0.709024,-0.351563,-0.38399,-0.073367,0.442196,-2.463104,1.227097,0.820491,-0.473503,-0.757896,2.132633,0.029272
14.12,-0.331414,-0.144352,0.125996,-0.777208,0.453492,0.396068,-0.147881,0.045371,0.812105,-0.335728,3.8693,-1.471,-3.5661,26.1525,-0.2933,1.7675,-7.173,2.5188,-0.4257,4.231,-0.36537,-0.171654,0.167034,-0.839944,0.436128,0.257458,-0.091154,0.030988,0.741662,-0.394727,0.049514,0.262682,-0.157256,-1.934612,0.997786,0.769513,-0.158126,-0.316042,1.270179,-1.889927
14.14,-0.319279,-0.124408,0.130566,-0.761202,0.496972,0.387458,-0.142368,0.046668,0.827795,-0.3246,-1.8012,-2.3989,-0.8376,30.0085,0.9201,-1.2212,-5.2257,1.6047,2.1008,0.2095,-0.360466,-0.164692,0.158791,-0.87354,0.453932,0.272441,-0.093989,0.029377,0.762434,-0.366747,0.322763,0.396246,-0.580527,-1.520418,0.809574,0.747261,-0.168651,0.036393,0.890153,1.491269
14.16,-0.307274,-0.162061,0.130354,-0.77057,0.501099,0.361576,-0.149269,0.043379,0.837659,-0.311271,-2.8234,-13.1797,0.7671,27.6889,0.8845,-1.561,-7.1086,0.7944,-3.8368,4.0245,-0.352398,-0.155915,0.146184,-0.897511,0.466546,0.283985,-0.096987,0.032092,0.791187,-0.387648,0.38799,0.452893,-0.687355,-0.999285,0.502664,0.533921,-0.126878,0.097764,1.248856,-0.979193
14.18,-0.307635,-0.161467,0.134422,-0.780012,0.497353,0.331241,-0.152445,0.068696,0.845859,-0.299544,-4.4063,-8.6077,2.8565,26.4094,0.5572,-2.935,-6.1645,4.1223,-4.2962,6.5686,-0.344072,-0.149801,0.131072,-0.914594,0.475099,0.292104,-0.100832,0.031336,0.812505,-0.404785,0.399317,0.237785,-0.7375,-0.718984,0.336325,0.356188,-0.157577,-0.11298,1.074564,-2.382748
14.2,-0.281176,-0.146232,0.132005,-0.623497,0.51243,0.296276,-0.141304,0.072099,0.707899,-0.320147,-0.1592,-1.6861,3.1112,50.1634,1.0748,-5.6901,-7.4213,4.9644,-28.558,4.0132,-0.336539,-0.146502,0.118437,-0.927395,0.480733,0.296758,-0.102989,0.03489,0.829035,-0.413004,0.342354,0.065939,-0.513157,-0.529095,0.195065,0.227235,-0.009162,-0.363675,1.200328,-0.301892
14.22,-0.27367,-0.135714,0.128864,-0.617205,0.515197,0.177795,-0.138976,0.067842,0.698182,-0.342645,-5.0186,2.5658,2.1302,38.4414,2.2972,-10.7047,-7.5056,4.0858,-16.2499,2.1212,-0.324842,-0.146471,0.112717,-0.920693,0.474281,0.292339,-0.102654,0.029929,0.832354,-0.409532,0.513487,-0.015708,-0.150774,0.818328,-0.667237,-0.261993,0.009145,-0.086133,-0.447859,0.559938
14.24,-0.266029,-0.121877,0.116566,-0.582566,0.4063,0.149342,-0.118855,0.068619,0.672922,-0.399606,-8.0966,4.8682,-0.1023,34.1623,-0.8637,-5.6838,-3.5095,3.3909,-10.0855,-1.1725,-0.311616,-0.146634,0.113038,-0.895593,0.455448,0.281095,-0.102598,0.030683,0.81203,-0.393807,0.604103,0.003154,0.133083,1.478145,-1.113364,-0.569499,0.00978,0.1178,-1.245757,0.950058
14.26,-0.284286,-0.132591,0.103897,-0.563212,0.410734,0.12795,-0.12205,0.054598,0.62284,-0.468688,-12.4839,-1.4025,-2.0806,27.1299,0.7828,-7.1931,-8.1101,1.2416,-10.741,-4.9328,-0.298675,-0.144538,0.116757,-0.85883,0.427996,0.268833,-0.100169,0.034788,0.783008,-0.3732,0.592275,0.143703,0.23243,1.989009,-1.488134,-0.563846,0.141508,0.216266,-1.535026,1.124499
14.28,-0.38368,-0.151413,0.012075,-0.539734,0.415444,0.105657,-0.118438,0.045844,0.580705,-0.517101,-26.8822,-2.4771,-12.1716,22.3372,2.4142,-10.6892,-2.1505,0.5136,-12.6323,-6.7901,-0.28754,-0.143269,0.122383,-0.816057,0.39606,0.257744,-0.100235,0.037054,0.751434,-0.358001,0.504054,0.032147,0.333667,2.208369,-1.655465,-0.490407,-0.056478,0.106869,-1.49954,0.43035
14.3,-0.417598,-0.17519,0.008505,-0.485501,0.437423,0.088508,-0.123643,0.034602,0.520636,-0.687839,-22.7208,6.7982,-6.841,19.9515,3.8614,-17.0223,-1.1366,-1.3158,-17.3192,-13.7077,-0.283502,-0.15006,0.112625,-0.769474,0.35851,0.250737,-0.102702,0.040266,0.720726,-0.351183,0.10543,-0.448104,-1.044451,2.616652,-0.712032,-0.295772,-0.115643,0.219211,-1.466873,0.243909
14.32,-0.449953,-0.193438,0.002508,-0.402477,0.450562,0.070845,-0.141095,0.015471,0.452733,-0.75159,-24.8475,9.3944,-6.7324,27.8279,6.2992,-16.9211,0.1282,-4.1862,-26.5428,-13.0055,-0.282312,-0.162453,0.095258,-0.720295,0.32393,0.244049,-0.107757,0.045525,0.696291,-0.377736,-0.012078,-0.590876,-0.743679,2.293145,-1.246367,-0.366455,-0.257545,0.345363,-1.15448,-1.968351
14.34,-0.374352,-0.16073,-0.027638,-0.331605,0.442123,0.054906,-0.120293,0.007486,0.423615,-0.724112,-9.4734,17.9749,-8.6033,28.3653,6.2951,-14.3414,10.9555,-4.6052,-22.3429,-9.3505,-0.283629,-0.175336,0.079868,-0.667111,0.304774,0.234216,-0.116365,0.049113,0.666242,-0.424085,-0.167261,-0.570494,-0.628045,2.537611,-0.809185,-0.507852,-0.444957,0.129408,-1.62367,-2.67731
14.36,-0.338389,-0.084651,-0.078139,-0.262689,0.417816,0.067021,-0.067187,0.00771,0.29133,-0.72178,-10.6392,25.8939,-9.6388,21.2434,2.8106,-7.5131,16.7552,-3.6849,-32.9518,-7.9947,-0.281269,-0.182072,0.060859,-0.60229,0.300967,0.220728,-0.121576,0.049118,0.626967,-0.467444,0.083783,-0.242906,-1.246244,3.431566,1.882184,-0.628712,-0.222739,-0.133349,-2.00991,-2.200772
14.38,-0.316324,-0.044368,-0.120165,-0.252811,0.358036,-0.021869,-0.014669,-0.023536,0.236892,-0.6272,-5.8351,20.3605,-9.182,9.1252,2.3925,-15.6581,16.057,-6.2381,-24.0969,-5.6527,-0.27887,-0.179096,0.028469,-0.525052,0.305788,0.204898,-0.118976,0.04713,0.569503,-0.475605,0.008782,0.249557,-1.661698,3.664302,-0.305664,-0.742536,0.182076,-0.242322,-2.980677,-0.415309
14.4,-0.296986,-0.000415,-0.158676,-0.203574,0.303897,-0.001622,0.097373,-0.021161,0.164319,-0.648344,-2.1806,10.8448,-2.6609,4.6816,-2.3035,-1.568,35.2415,-3.8581,-19.6183,-8.859,-0.277298,-0.165474,-0.029713,-0.446046,0.331022,0.18365,-0.112818,0.038318,0.496982,-0.451351,-0.031254,0.840071,-2.993671,3.661804,1.230839,-1.060703,0.257577,-0.611236,-3.499094,0.9892
14.42,-0.208557,0.04656,-0.202727,-0.163071,0.215553,0.080567,0.158914,0.007017,0.133834,-0.71786,11.0412,5.3036,-2.2766,2.9561,-3.5446,12.2801,34.5895,-2.9208,-15.7802,-12.2688,-0.27719,-0.141359,-0.09033,-0.372423,0.319529,0.162493,-0.099997,0.036678,0.426917,-0.427415,-0.030185,1.223334,-2.621553,3.287123,-0.62067,-0.99381,0.651557,-0.013227,-3.256552,0.657538
14.44,-0.170245,0.064407,-0.245444,-0.093999,0.14486,0.043675,0.164339,0.073536,0.121356,-0.946505,8.278,-0.0074,-2.3591,6.7336,-2.5265,1.1204,24.7868,0.9297,-16.7723,-17.0,-0.272688,-0.113549,-0.144005,-0.30615,0.264007,0.146683,-0.081325,0.046679,0.372675,-0.432606,0.286725,1.349096,-2.276932,2.899124,-2.262018,-0.670319,0.922653,0.513582,-2.41802,-0.853527
14.46,-0.117765,0.074067,-0.33643,-0.013008,0.10217,0.003918,0.149621,0.173891,0.120398,-0.938546,7.4236,2.9106,-7.8465,9.3402,-1.2922,-0.0198,21.249,4.3683,-19.1193,-12.0208,-0.261101,-0.089638,-0.190883,-0.242185,0.196462,0.131445,-0.063235,0.074858,0.336595,-0.506999,0.569408,1.130492,-1.962051,2.893032,-2.504503,-0.77297,0.808055,1.618901,-1.538048,-5.294034
14.48,-0.105174,0.027695,-0.325898,0.002204,0.137973,0.006949,0.133997,0.2634,0.159908,-0.857786,3.2079,-9.714,2.7649,-0.5974,1.7141,7.3526,14.6052,3.9838,-6.7477,-3.0436,-0.245204,-0.067569,-0.253012,-0.174627,0.141758,0.112205,-0.04524,0.129544,0.303309,-0.626971,0.719869,1.090183,-2.940471,3.134043,-1.884318,-0.936047,0.805022,2.749864,-1.705855,-6.251503
14.5,-0.118417,0.016139,-0.159717,-0.11522,0.211277,0.055059,0.121446,0.260673,0.252403,-0.747288,-0.2424,-5.6632,18.0041,-20.2976,2.9694,8.2339,12.2551,-4.4748,12.0147,3.0211,-0.231296,-0.050397,-0.293031,-0.119123,0.135821,0.097216,-0.029594,0.197826,0.269285,-0.727872,0.694695,0.718926,-1.366694,2.413094,0.049334,-0.588847,0.680371,3.146957,-1.680944,-3.836083
14.52,-0.247847,-0.062984,0.077208,-0.559287,0.279752,0.176201,0.065273,0.126385,0.466337,-0.409181,-17.9582,-18.4838,22.961,-68.2935,2.3819,18.2359,-8.2606,-14.7954,33.1394,13.7584,-0.221161,-0.038173,-0.249845,-0.107053,0.178602,0.092535,-0.013272,0.235823,0.256007,-0.749442,0.564489,0.512437,2.850055,0.052973,1.680871,-0.229992,0.908389,1.126512,-0.183726,-0.149398
14.54,-0.342078,-0.205127,0.054025,-0.733131,0.216885,0.264886,-0.039944,0.070493,0.468891,-0.330245,-13.6371,-30.9168,-5.8938,-23.4505,-2.9305,11.8676,-19.6929,-5.1402,0.3009,1.6495,-0.227569,-0.039511,-0.116143,-0.214255,0.242627,0.106151,-0.004176,0.201317,0.296158,-0.576354,-0.143165,-0.083613,6.700936,-6.283906,1.919992,0.483072,0.475206,-2.322968,2.959213,8.277613
14.56,-0.372413,-0.279868,0.060948,-0.727368,0.234762,0.292079,-0.113807,0.057283,0.511346,-0.279929,-5.0999,-15.0941,-1.9785,7.3594,0.9614,5.8738,-13.1045,0.2025,3.1364,0.8421,-0.240939,-0.058826,-0.026878,-0.36558,0.233394,0.122509,-0.009338,0.142636,0.351048,-0.428128,-0.591424,-1.103365,3.147442,-7.121278,-0.915837,0.791268,-0.295193,-2.555665,2.41603,5.137213
14.58,-0.410124,-0.285011,0.070398,-0.768032,0.199957,0.324757,-0.157874,0.051783,0.548083,-0.261653,-8.7159,2.2697,-0.6971,0.1198,-1.052,4.0751,-9.7094,0.6666,3.225,0.0717,-0.253614,-0.089731,0.018347,-0.483716,0.227857,0.141856,-0.022691,0.099906,0.399916,-0.339404,-0.597062,-1.566136,1.726291,-4.941902,-0.064648,0.944905,-0.656654,-1.602483,2.195531,3.069036
14.6,-0.414956,-0.278209,0.120047,-0.77565,0.17947,0.339329,-0.180483,0.046477,0.577615,-0.254044,-2.6704,7.0182,3.427,3.3454,-0.6134,1.2834,-7.8144,0.3271,2.5858,0.0001,-0.269508,-0.120865,0.046949,-0.573533,0.21196,0.163339,-0.038487,0.074712,0.444589,-0.292876,-0.774483,-1.458562,1.13565,-3.889868,-0.693107,1.015898,-0.780112,-0.921506,2.006926,1.56887
14.62,-0.419409,-0.26493,0.123212,-0.8362,0.177627,0.373488,-0.207933,0.05009,0.738915,-0.259602,32.508,-5.4066,-3.9783,-8.7561,-9.1763,-10.0567,-12.8924,-9.6915,10.4302,3.5856,-0.28916,-0.155051,0.082536,-0.618944,0.355435,0.197221,-0.061733,0.089245,0.506964,-0.325997,-2.105222,-0.627929,2.353309,-2.753913,2.08483,1.476283,-0.61953,1.689385,2.815165,-0.939239
14.64,-0.404661,-0.23576,0.126709,-0.836016,0.339098,0.388838,-0.186063,0.050034,0.7776,-0.313774,13.6951,-1.7991,-4.4577,2.238,-2.749,8.528,-0.5148,0.6963,3.1231,0.2551,-0.32011,-0.163577,0.119972,-0.680517,0.374812,0.214481,-0.076666,0.079121,0.570559,-0.326877,-1.066973,-0.478925,1.500851,-2.953882,1.333813,0.712953,-0.809659,-1.054418,3.227759,0.271767
14.66,-0.362958,-0.200278,0.12411,-0.805378,0.415718,0.385,-0.165551,0.049203,0.789096,-0.328211,12.4819,2.6035,-5.0299,14.7481,-0.7758,5.8147,0.5325,0.862,-3.6457,0.0855,-0.3364,-0.171021,0.143485,-0.738639,0.401875,0.229269,-0.0899,0.062687,0.637466,-0.329469,-0.666032,-0.320421,0.904485,-2.860993,1.342902,0.709685,-0.593581,-0.646506,3.049467,-0.03557
14.68,-0.327123,-0.155328,0.124451,-0.771693,0.475166,0.35679,-0.156371,0.050781,0.801832,-0.337447,7.9179,5.4694,-3.9248,23.4701,0.7711,1.5081,-3.2973,1.2574,-2.916,0.388,-0.343359,-0.173724,0.15452,-0.789898,0.426762,0.241845,-0.097504,0.052522,0.691285,-0.341682,-0.221771,-0.067838,0.268474,-2.396506,1.176814,0.636426,-0.321224,-0.418683,2.253056,-0.220747
14.7,-0.30637,-0.168734,0.12643,-0.763857,0.509253,0.351555,-0.154206,0.050717,0.819632,-0.323869,1.9251,-5.0135,-2.3458,25.856,1.5744,3.1702,-5.9296,1.1559,-1.465,1.62,-0.342122,-0.171121,0.155198,-0.830652,0.447248,0.251728,-0.101221,0.046621,0.731395,-0.356441,0.139056,0.208092,-0.15533,-1.829995,0.914965,0.477463,-0.176878,-0.218307,1.698691,-0.320395
14.72,-0.293734,-0.163257,0.129275,-0.539931,0.53148,0.286743,-0.154878,0.043875,0.832136,-0.316117,-0.6523,-4.6095,-0.1814,60.318,2.0448,-5.7431,-5.3699,0.2128,-3.4616,2.8514,-0.336895,-0.167049,0.147768,-0.862141,0.463244,0.2601,-0.104879,0.044264,0.766142,-0.371884,0.288266,0.203434,-0.48781,-1.385082,0.691527,0.393965,-0.175466,-0.073594,1.543873,-0.626965
14.74,-0.298877,-0.165038,0.133838,-0.772558,0.511241,0.245498,-0.161181,0.030952,0.700912,-0.3027,-15.4406,-10.1338,2.593,12.7354,2.0428,-8.7477,-11.5693,0.7548,-21.6343,4.5814,-0.322654,-0.160475,0.133972,-0.869397,0.465873,0.264114,-0.105388,0.038131,0.78996,-0.382647,0.768833,0.349463,-0.762368,0.206898,-0.230363,0.240888,0.015559,-0.430748,0.956459,-1.397471
14.76,-0.259405,-0.139557,0.131244,-0.606856,0.552424,0.217793,-0.139068,0.027812,0.705357,-0.338855,4.0915,0.005,1.7236,42.5862,3.5328,-1.111,2.0552,0.2518,-4.4449,1.9137,-0.315074,-0.157181,0.124649,-0.87289,0.46454,0.261853,-0.110908,0.031925,0.781628,-0.392144,0.172269,0.133389,-0.311227,-0.309802,-0.01759,-0.222392,-0.29133,-0.193946,-0.808384,0.220116
14.78,-0.291402,-0.141404,0.133695,-0.614084,0.552519,0.176664,-0.159146,0.015519,0.683513,-0.351694,-13.6677,-0.2464,3.3888,30.8139,4.4358,-12.4416,-10.6169,1.037,-15.2918,1.666,-0.305312,-0.15194,0.115606,-0.866141,0.45746,0.255716,-0.111157,0.025459,0.769792,-0.404228,0.637257,0.089196,-0.462103,0.808253,-0.63985,0.023614,0.038615,-0.594052,0.271555,0.439788
14.8,-0.271805,-0.132544,0.119702,-0.600362,0.576276,0.131581,-0.131835,0.023994,0.67316,-0.385979,-8.3218,4.8348,0.6715,27.7779,6.2048,-11.1504,-2.0477,0.8746,-7.7774,-0.4836,-0.293634,-0.152171,0.11242,-0.846623,0.442113,0.251108,-0.112031,0.019672,0.762565,-0.391264,0.469057,-0.03446,0.016571,1.058608,-0.84672,-0.274196,-0.072502,-0.129388,-0.650951,0.702027
14.82,-0.27967,-0.144512,0.021952,-0.594825,0.413588,0.079831,-0.13304,0.019845,0.641549,-0.431684,-12.5099,0.6612,-9.8406,23.3612,0.5542,-14.4194,-4.2821,-0.25,-8.8725,-2.8391,-0.282419,-0.151849,0.114556,-0.822191,0.423077,0.242892,-0.112135,0.019971,0.746852,-0.377318,0.522707,0.030556,0.169714,1.241471,-0.943174,-0.406106,0.003826,0.069441,-0.799962,0.67114
14.84,-0.371485,-0.15418,-0.007231,-0.575442,0.408812,0.050128,-0.118528,0.017284,0.607888,-0.479463,-30.1503,6.1169,-10.0582,18.8514,2.1435,-16.5542,-0.2598,-0.193,-10.6726,-5.3025,-0.270101,-0.154438,0.109588,-0.793889,0.399836,0.233119,-0.11251,0.01989,0.728667,-0.362777,0.604424,-0.229854,-0.474881,1.608003,-1.802469,-0.440681,-0.035773,-0.019776,-0.860208,0.641494
14.86,-0.397847,-0.17435,-0.025866,-0.542749,0.41795,0.037955,-0.031392,0.006279,0.560688,-0.534199,-23.879,7.5384,-7.4985,17.8487,2.0894,-19.0408,17.3246,-2.156,-14.4469,-8.0268,-0.264803,-0.160761,0.091769,-0.762633,0.371153,0.225421,-0.113076,0.021697,0.70919,-0.347656,0.158661,-0.388684,-1.247451,1.748771,-0.219707,-0.367251,-0.037436,0.179644,-0.904595,0.570769
14.88,-0.422698,-0.194773,-0.033601,-0.486737,0.432449,0.036454,-0.126161,0.030458,0.502788,-0.688211,-24.241,3.1344,-5.3579,22.976,5.8375,-16.1641,-10.385,-2.2782,-19.7362,-14.7393,-0.263245,-0.167852,0.065256,-0.728827,0.335001,0.217005,-0.108807,0.032554,0.689471,-0.33405,0.013067,-0.322832,-1.324289,1.541186,-1.959165,-0.441649,0.262039,0.605025,-0.955208,0.578646
14.9,-0.435786,-0.204259,-0.035118,-0.408235,0.455784,0.049109,-0.135568,0.011672,0.433552,-0.768217,-22.3772,9.6806,-4.3004,25.7065,5.0735,-10.4064,3.4107,-4.5999,-29.0399,-14.6349,-0.264445,-0.179648,0.041924,-0.692791,0.311973,0.206879,-0.112774,0.041069,0.673206,-0.35668,-0.134453,-0.553414,-0.995556,1.961737,0.685834,-0.536324,-0.302025,0.485573,-0.79826,-1.84508
14.92,-0.369524,-0.177345,-0.058149,-0.343435,0.452484,0.038717,-0.125853,-0.026916,0.419894,-0.709074,-10.1292,14.8412,-7.5448,28.711,6.8598,-9.1311,11.4081,-8.5806,-24.0075,-9.2382,-0.267399,-0.190321,0.030171,-0.651212,0.296363,0.195051,-0.121593,0.04809,0.651496,-0.406319,-0.209915,-0.464095,-0.376463,2.01707,-0.621201,-0.579202,-0.464622,0.315881,-1.240204,-2.901012
14.94,-0.33155,-0.091981,-0.112086,-0.297479,0.451996,-0.057611,-0.073209,-0.031473,0.312027,-0.645489,-11.0016,24.6642,-10.4845,22.1299,6.1121,-21.6028,20.815,-6.0059,-30.9591,-5.888,-0.266312,-0.195223,0.017355,-0.596961,0.295027,0.1819,-0.129553,0.044565,0.618663,-0.448785,0.049183,-0.152193,-0.719409,2.633737,0.168412,-0.579391,-0.361776,-0.46737,-1.737494,-2.000169
14.96,-0.32982,-0.065843,-0.149714,-0.271019,0.387405,-0.055757,-0.027187,-0.029974,0.244287,-0.587848,-14.1825,15.3973,-8.9424,14.1197,2.2992,-7.7162,17.8499,-4.0008,-22.1311,-6.4182,-0.261234,-0.190089,-0.008641,-0.534708,0.313022,0.161504,-0.129147,0.034303,0.561558,-0.439756,0.157539,0.358202,-1.510648,2.938944,0.682994,-1.006109,0.096345,-0.70982,-2.941944,0.499445
14.98,-0.311413,-0.02438,-0.178514,-0.245622,0.327856,-0.033724,0.057657,-0.020407,0.189598,-0.576448,-3.7742,11.4525,-2.4428,2.5748,-2.4142,-1.2048,28.7164,-2.4711,-17.6826,-8.1342,-0.261324,-0.177498,-0.059565,-0.464184,0.34115,0.140414,-0.123174,0.023259,0.494184,-0.407022,-0.151249,0.726539,-2.764589,3.490802,1.901429,-1.007842,0.282327,-0.554413,-3.236111,1.3709
15.0,-0.310824,0.009242,-0.206606,-0.216515,0.263769,-0.026576,0.104242,-0.003058,0.162739,-0.620172,-1.9905,4.5572,-0.9815,1.4603,-2.6383,1.1973,27.8573,-2.7503,-14.3393,-11.0662,-0.264658,-0.156267,-0.114935,-0.397009,0.338548,0.120455,-0.111263,0.022699,0.42964,-0.373587,-0.199594,1.081769,-2.394133,2.959764,-0.356431,-0.940544,0.577691,0.051075,-2.969245,1.215003
15.02,-0.204852,0.028155,-0.234859,-0.161128,0.198735,-0.027824,0.13443,0.035116,0.153414,-0.678856,13.5533,1.181,-1.3553,5.9936,-2.3793,0.7047,28.3681,-1.5489,-12.6876,-12.7525,-0.267959,-0.132241,-0.159126,-0.341163,0.298699,0.102947,-0.096824,0.032509,0.376421,-0.361648,-0.165327,1.170968,-1.81869,2.427969,-1.635612,-0.821949,0.677713,0.529287,-2.399291,0.064829
15.04,-0.174087,0.02294,-0.256088,-0.095777,0.151716,0.052857,0.134731,0.09567,0.139366,-0.890572,4.043,-3.0682,-0.9401,7.315,-1.5575,15.8988,23.3024,0.5444,-14.7659,-17.0,-0.261885,-0.108702,-0.195377,-0.286347,0.242943,0.084937,-0.080873,0.05343,0.336818,-0.38026,0.369176,1.114052,-1.500718,2.457871,-2.112638,-0.837753,0.751069,1.07623,-1.716181,-1.457791
15.06,-0.146366,-0.002333,-0.27457,-0.041553,0.119438,0.029223,0.128569,0.164324,0.155723,-0.855032,5.3861,-4.1824,-1.0944,5.4114,-1.0149,6.0826,23.2845,0.977,-17.6988,-10.8794,-0.253072,-0.090644,-0.224068,-0.229562,0.190654,0.073468,-0.067114,0.089475,0.317661,-0.458927,0.42957,0.82786,-1.156984,2.63346,-1.852293,-0.51449,0.600758,1.903431,-0.761716,-5.014944
15.08,-0.132978,-0.005066,-0.248756,-0.022119,0.147662,0.036796,0.127986,0.233719,0.202359,-0.804965,3.6424,-2.3206,3.3065,0.304,1.2972,8.5388,21.6485,1.3285,-6.5413,-4.8974,-0.242091,-0.076689,-0.247875,-0.172942,0.150039,0.062353,-0.054627,0.139592,0.300346,-0.561365,0.514708,0.630812,-0.992845,2.579095,-1.406315,-0.50046,0.56369,2.364497,-0.942542,-4.895572
15.1,-0.135937,0.01522,-0.121828,-0.211194,0.206538,0.081775,0.158725,0.215126,0.340803,-0.697325,0.0584,2.5377,13.2858,-30.6529,2.4035,8.1764,23.4373,-6.4489,15.0712,0.6498,-0.231049,-0.06489,-0.253749,-0.125681,0.145521,0.056459,-0.041245,0.19503,0.284474,-0.639955,0.574726,0.511017,-0.027408,2.059861,0.037558,-0.177133,0.62746,2.473988,-0.765181,-2.974389
15.12,-0.273889,-0.071429,0.083157,-0.604271,0.264151,0.210367,0.03553,0.092142,0.530017,-0.354676,-22.9866,-18.4439,19.4974,-59.8592,2.023,11.3689,-9.4346,-16.0862,31.8858,12.6369,-0.222448,-0.052774,-0.2055,-0.135884,0.181665,0.062793,-0.024679,0.223175,0.289053,-0.666951,0.617689,0.55758,2.740069,-1.201623,1.289342,0.435534,0.813898,0.872417,0.492125,-0.147417
15.14,-0.380633,-0.209039,0.052146,-0.749883,0.221854,0.298428,-0.063651,0.039891,0.520553,-0.293333,-17.4261,-30.0486,-6.2298,-17.9837,-1.9429,10.9037,-18.2601,-4.5122,-2.3544,1.0642,-0.229006,-0.052396,-0.086802,-0.25358,0.233115,0.084065,-0.016988,0.178472,0.343457,-0.504485,-0.215113,-0.048504,5.886083,-6.524335,1.507519,0.85959,0.338332,-2.733506,3.341656,7.456435
15.16,-0.400552,-0.265744,0.061103,-0.774233,0.215341,0.323578,-0.130947,0.030312,0.574738,-0.249655,-4.6293,-11.1852,-1.3802,3.0847,-0.0664,4.4432,-12.0876,0.6634,4.8641,0.7425,-0.244887,-0.070679,-0.012536,-0.401338,0.23015,0.107629,-0.02387,0.115443,0.400944,-0.376422,-0.757242,-1.054601,2.557529,-6.819854,-0.531324,1.130541,-0.353495,-2.683951,2.450317,4.371934
15.18,-0.423282,-0.265443,0.070486,-0.807271,0.181109,0.351958,-0.155406,0.026908,0.610298,-0.246399,-5.993,3.8728,-0.5797,1.0771,-1.1638,3.3802,-6.7522,0.9848,3.0025,-0.4225,-0.260883,-0.098773,0.025499,-0.520432,0.219676,0.132618,-0.036979,0.072055,0.453012,-0.300959,-0.742933,-1.410043,1.48533,-5.096248,-0.382678,1.194117,-0.64172,-1.608504,2.379308,2.631248
15.2,-0.427486,-0.261401,0.132951,-0.814021,0.147009,0.35967,-0.192287,0.060205,0.706421,-0.229236,-2.6372,7.0538,4.7686,3.3858,-1.1061,1.4929,-16.8887,3.8043,10.0558,8.9413,-0.277893,-0.125808,0.050682,-0.611234,0.197407,0.157978,-0.050232,0.048224,0.501334,-0.283518,-0.800974,-1.295043,1.011512,-3.906145,-0.919079,1.163374,-0.436665,-0.762237,2.392797,-6.838383
15.22,-0.428276,-0.250483,0.1325,-0.828308,0.133216,0.374791,-0.198592,0.04649,0.749652,-0.255667,-2.7393,15.8647,-2.8018,-10.213,-9.0555,-7.8322,1.3822,-10.6943,-6.6705,6.142,-0.293699,-0.156416,0.087967,-0.658721,0.329682,0.194603,-0.06869,0.074944,0.580124,-0.360802,-0.705741,-1.314212,2.121977,-1.759303,1.208959,1.410098,-1.036972,2.295642,3.709227,-1.956144
15.24,-0.404961,-0.243194,0.136407,-0.850403,0.137127,0.36693,-0.197066,0.025566,0.800617,-0.311779,15.5641,-9.0486,-5.1937,6.494,-10.4947,11.7242,-3.5842,-1.9939,-0.8066,2.0597,-0.32525,-0.162068,0.130432,-0.722001,0.372232,0.210821,-0.081046,0.079614,0.641624,-0.368919,-1.113207,-0.271975,1.693835,-2.976005,1.10153,0.472943,-0.743547,-0.997644,2.849041,0.228236
15.26,-0.379846,-0.21154,0.130856,-0.838005,0.338886,0.374417,-0.182999,0.017662,0.822785,-0.386311,10.0307,-0.9785,-5.8034,11.2326,-3.2167,9.5321,1.3434,0.0136,-5.4251,-0.9013,-0.341118,-0.167944,0.15578,-0.774331,0.393754,0.221675,-0.096095,0.054914,0.700445,-0.36715,-0.640723,-0.293356,0.968389,-2.401625,1.032323,0.541191,-0.709594,-1.093541,2.747416,0.136247
15.28,-0.341802,-0.178995,0.128128,-0.785155,0.435144,0.378292,-0.159873,0.024346,0.820495,-0.346894,9.305,0.6261,-4.8759,23.9829,-0.2116,5.0815,-0.2062,2.0557,-3.0372,1.3986,-0.349999,-0.170784,0.167529,-0.819452,0.41484,0.234024,-0.105841,0.034492,0.743324,-0.374387,-0.326649,-0.085964,0.273677,-2.176836,1.03412,0.669796,-0.40172,-0.898013,1.688555,-0.301873
15.3,-0.32414,-0.169138,0.13043,-0.766805,0.463448,0.369048,-0.164295,0.029227,0.665197,-0.339683,2.4591,-2.1806,-2.7613,27.0414,0.4769,4.3308,-5.9473,1.5419,-30.1659,2.382,-0.350736,-0.169524,0.166807,-0.85561,0.432495,0.24607,-0.109893,0.02425,0.775375,-0.380014,0.0619,0.085565,-0.256332,-1.585474,0.768836,0.570984,-0.186949,-0.305421,1.576046,-0.776526
15.32,-0.314695,-0.170307,0.130311,-0.76033,0.48397,0.367815,-0.166147,0.030286,0.837788,-0.320367,3.5477,-4.7374,-0.9344,26.7311,1.1693,7.8307,-5.3202,0.7915,21.4947,1.2245,-0.348645,-0.167418,0.159009,-0.880149,0.443901,0.252279,-0.114257,0.022628,0.768795,-0.389276,0.062484,0.157641,-0.566068,-1.012062,0.437886,0.384263,-0.191676,-0.007521,-1.287936,1.547316
15.34,-0.309406,-0.164381,0.136259,-0.768063,0.485842,0.343311,-0.145472,0.06714,0.701933,-0.30598,-0.9509,-3.1997,2.1539,24.549,1.1785,-1.8987,-3.8094,5.2483,-23.7402,5.9765,-0.344854,-0.164582,0.1437,-0.895571,0.450341,0.263227,-0.11725,0.021571,0.787846,-0.40686,0.253542,0.122781,-0.847596,-0.626622,0.243957,0.562711,-0.069545,-0.202204,1.254137,-1.960922
15.36,-0.289103,-0.155271,0.133843,-0.61678,0.498143,0.311173,-0.142679,0.069365,0.712852,-0.3113,2.8927,5.7494,1.0552,43.8728,1.993,3.1606,-2.2887,5.6468,-16.6219,3.7203,-0.339671,-0.165028,0.132656,-0.902575,0.451418,0.26799,-0.118136,0.018631,0.799549,-0.408209,0.189805,-0.14393,-0.273905,-0.115968,-0.125251,0.134168,-0.099284,-0.1677,0.41798,0.157602
15.38,-0.281164,-0.144164,0.129879,-0.601402,0.513328,0.278662,-0.136325,0.069486,0.70293,-0.331214,-1.4604,2.9067,1.309,35.1192,3.7177,1.8731,-8.4011,2.8245,-9.2837,2.6275,-0.332029,-0.165105,0.127148,-0.890667,0.440293,0.26768,-0.116325,0.022745,0.795893,-0.398052,0.367693,0.048567,-0.302967,0.955693,-0.804363,-0.00913,0.166792,0.540957,-0.538553,0.046549
15.4,-0.270537,-0.128782,0.121489,-0.577581,0.414364,0.164108,-0.122781,0.067225,0.682646,-0.381941,-1.5653,4.1959,0.3865,30.2167,0.9461,-14.3005,-6.4088,3.4513,-7.3821,-0.6476,-0.323586,-0.163586,0.123,-0.86441,0.41951,0.266737,-0.113263,0.024861,0.782458,-0.383683,0.385187,0.104784,-0.157222,1.479964,-1.163552,-0.044246,0.170734,0.229608,-0.877024,0.724599
15.42,-0.286486,-0.135489,0.106954,-0.554218,0.422957,0.138294,-0.123007,0.055804,0.634713,-0.448139,-11.1508,0.5189,-1.8289,25.2175,2.6024,-9.1441,-7.9337,2.3887,-9.5192,-4.1861,-0.311325,-0.160493,0.122391,-0.829186,0.392776,0.25972,-0.109261,0.02702,0.760945,-0.365632,0.601753,0.169852,0.083423,1.852067,-1.409242,-0.36687,0.19648,0.143217,-1.088013,0.894786
15.44,-0.381306,-0.152833,0.013702,-0.539005,0.426024,0.1153,-0.120793,0.044856,0.5899,-0.500962,-25.7835,0.1956,-11.9836,19.4672,4.5094,-10.7624,-3.0421,0.9465,-12.1963,-6.6096,-0.299714,-0.158469,0.125905,-0.79007,0.362244,0.251197,-0.107595,0.029718,0.736997,-0.35018,0.547874,0.035307,0.223237,2.10222,-1.977971,-0.389218,0.015257,0.165935,-1.140302,0.584134
15.46,-0.409522,-0.172046,0.007336,-0.508566,0.427441,0.083468,-0.122756,0.033685,0.545515,-0.650209,-21.4505,9.4738,-8.6596,19.6468,5.6198,-18.6927,-2.0143,-0.8941,-15.2593,-12.9774,-0.294473,-0.164596,0.116462,-0.750697,0.333595,0.24573,-0.108492,0.033889,0.713076,-0.338842,0.169612,-0.415497,-0.658953,1.926597,-1.884856,-0.228403,-0.031779,0.255533,-1.141056,0.528061
15.48,-0.426292,-0.185464,-0.001042,-0.448297,0.433996,0.060358,-0.126185,0.023112,0.489214,-0.708716,-21.9695,11.7796,-7.8325,24.0471,5.8543,-18.3273,1.4562,-2.8849,-23.8026,-12.6582,-0.291559,-0.175661,0.100468,-0.711867,0.310606,0.239742,-0.111617,0.039755,0.695142,-0.356252,0.071176,-0.520721,-0.678147,1.789739,-0.928008,-0.347071,-0.165605,0.357004,-0.81887,-1.454931
15.5,-0.433839,-0.182343,-0.014507,-0.376167,0.442701,0.05116,-0.129657,0.008017,0.439703,-0.733813,-20.1659,13.4886,-7.4073,25.8753,6.0039,-13.3445,4.6856,-4.8668,-25.059,-11.5649,-0.290587,-0.186536,0.084448,-0.669278,0.300839,0.229562,-0.116864,0.046097,0.67357,-0.39222,-0.053472,-0.479406,-0.72775,2.090513,-0.332719,-0.54267,-0.274531,0.309662,-1.157971,-2.120031
15.52,-0.362141,-0.161551,-0.049377,-0.30464,0.449321,0.065327,-0.104773,-0.001658,0.388146,-0.743573,-6.7803,14.975,-7.9158,22.6328,4.0884,-7.5757,12.6215,-5.1293,-24.4764,-10.1749,-0.291821,-0.194571,0.066669,-0.617983,0.300448,0.216948,-0.123333,0.048459,0.643564,-0.433701,-0.152401,-0.317243,-1.078919,2.815883,1.885387,-0.613518,-0.33765,0.034396,-1.598833,-2.242468
15.54,-0.327528,-0.082023,-0.096117,-0.267588,0.43939,-0.022382,-0.05874,-0.037847,0.280709,-0.646705,-7.1,25.1017,-9.0246,16.4569,4.6072,-17.7891,16.8632,-7.6704,-31.9896,-4.9771,-0.289985,-0.197678,0.041045,-0.555018,0.309231,0.202808,-0.126689,0.04649,0.605749,-0.472308,0.059405,-0.074682,-1.372198,3.080375,0.605135,-0.646768,-0.124052,-0.223261,-1.937423,-2.018936
15.56,-0.313643,-0.047376,-0.120552,-0.239762,0.39658,-0.00054,-0.010907,-0.040501,0.199474,-0.635245,-6.4479,14.5723,-4.8322,7.2036,0.2828,-1.1849,19.6876,-4.5714,-24.1108,-8.0532,-0.285868,-0.190053,0.001631,-0.484768,0.341441,0.18133,-0.124594,0.034931,0.543453,-0.456836,0.092295,0.529168,-2.160293,3.414277,1.942172,-1.055558,0.115583,-0.869197,-3.176121,0.926105
15.58,-0.255332,-0.008919,-0.155126,-0.222542,0.321395,0.00616,0.098984,-0.033495,0.157569,-0.636756,6.9961,8.2867,-2.0781,-0.4655,-3.1745,2.1915,36.5877,-3.0042,-19.1592,-9.6103,-0.285944,-0.172917,-0.050832,-0.412283,0.372613,0.159774,-0.118821,0.020507,0.474485,-0.42496,-0.097252,0.928975,-2.442623,3.34257,1.137171,-1.020694,0.264268,-0.700758,-3.279213,1.149973
15.6,-0.224598,-0.036143,-0.194877,-0.179771,0.252426,0.005806,0.136106,-0.012144,0.138439,-0.679268,5.1272,-9.1108,-2.2015,3.228,-2.6841,3.7851,29.8213,-3.2264,-15.8189,-11.7581,-0.283603,-0.148542,-0.100336,-0.35114,0.348888,0.138912,-0.105307,0.019197,0.411127,-0.40159,0.150624,1.197203,-2.121253,2.597347,-1.186257,-0.960722,0.699634,0.02702,-2.898577,0.657551
15.62,-0.188049,0.03828,-0.232693,-0.121069,0.180536,0.071288,0.15314,0.04065,0.120605,-0.916031,4.8475,10.45,-2.0953,6.4984,-2.5555,13.0858,29.2661,-0.6306,-15.1721,-17.0,-0.277021,-0.128801,-0.146044,-0.298497,0.295807,0.120625,-0.090141,0.028517,0.358968,-0.404431,0.343754,0.870365,-1.921459,2.32446,-2.076086,-0.828669,0.734835,0.53932,-2.378373,-0.638148
