time_s,target_dof_right_hip_pitch_04,target_dof_right_hip_roll_03,target_dof_right_hip_yaw_03,target_dof_right_knee_04,target_dof_right_ankle_02,target_dof_left_hip_pitch_04,target_dof_left_hip_roll_03,target_dof_left_hip_yaw_03,target_dof_left_knee_04,target_dof_left_ankle_02,torque_dof_right_hip_pitch_04,torque_dof_right_hip_roll_03,torque_dof_right_hip_yaw_03,torque_dof_right_knee_04,torque_dof_right_ankle_02,torque_dof_left_hip_pitch_04,torque_dof_left_hip_roll_03,torque_dof_left_hip_yaw_03,torque_dof_left_knee_04,torque_dof_left_ankle_02,pos_dof_right_hip_pitch_04,pos_dof_right_hip_roll_03,pos_dof_right_hip_yaw_03,pos_dof_right_knee_04,pos_dof_right_ankle_02,pos_dof_left_hip_pitch_04,pos_dof_left_hip_roll_03,pos_dof_left_hip_yaw_03,pos_dof_left_knee_04,pos_dof_left_ankle_02,vel_dof_right_hip_pitch_04,vel_dof_right_hip_roll_03,vel_dof_right_hip_yaw_03,vel_dof_right_knee_04,vel_dof_right_ankle_02,vel_dof_left_hip_pitch_04,vel_dof_left_hip_roll_03,vel_dof_left_hip_yaw_03,vel_dof_left_knee_04,vel_dof_left_ankle_02
9.08,-0.187823,-0.394285,0.245109,-0.439151,0.254501,-0.024041,0.346847,0.130381,0.683184,-0.477216,14.2574,-60.0,15.5034,45.2186,-5.3329,1.4325,-60.0,-6.4456,34.0629,1.2673,-0.339835,-0.048026,0.137263,-0.830299,0.408406,0.103435,-0.001586,0.189811,0.710275,-0.53444,0.345617,2.360071,-1.38019,1.55461,-0.831554,-0.831405,5.187435,0.147014,-4.405655,1.031996
9.1,-0.275551,-0.152893,0.101024,-0.94926,0.277267,0.016436,0.026042,0.175519,0.981294,-0.368769,-26.1264,-28.2461,2.675,-46.9252,-3.3089,-3.7524,-38.8301,-1.7191,43.3758,4.5711,-0.316012,-0.036389,0.113356,-0.781902,0.382307,0.097192,0.036194,0.202021,0.705282,-0.5083,1.3023,0.187418,-1.143107,2.521548,-0.901663,-0.338197,1.394613,-0.272319,-0.228101,1.020311
9.12,-0.371847,0.087691,0.157769,-0.984073,0.390543,0.170705,-1.086287,0.186312,1.094911,-0.046419,-13.7235,48.6489,6.8185,-8.8577,1.2071,15.8478,-60.0,1.3067,21.28,17.0,-0.310853,-0.050146,0.098511,-0.806354,0.373173,0.097428,0.040633,0.188912,0.759699,-0.489453,0.185036,-0.798937,-0.261109,-2.056862,-0.51747,-0.196439,-0.00684,-0.45825,3.351248,0.492297
9.14,-0.56008,-0.145791,0.087476,-1.082455,0.321158,0.350301,-0.832076,0.303098,1.16093,-0.42545,-28.6139,-7.1912,-13.2588,-10.8502,-5.8439,21.6184,-60.0,19.4283,14.363,-8.4982,-0.317395,-0.058,0.135507,-0.858795,0.393555,0.10977,0.005085,0.162566,0.837561,-0.44474,-0.315056,-0.392887,2.473166,-2.622921,2.977854,0.584954,-3.156497,-1.572133,3.94526,9.363483
9.16,-0.785267,-0.11355,0.248037,-0.657628,0.43541,0.121134,-0.239433,0.186677,0.725362,-0.927954,-27.7133,33.5871,8.2305,66.5467,-0.2619,-31.2236,60.0,-6.5189,-68.4455,-17.0,-0.346585,-0.089385,0.151994,-0.925846,0.431544,0.13438,-0.084854,0.177603,0.932851,-0.451551,-1.540694,-1.456026,0.401816,-3.04068,0.42077,1.182626,-4.866942,2.172073,4.312717,1.144547
9.18,-0.70659,-0.089474,0.241364,-0.238726,0.320881,-0.02701,1.80069,0.131799,0.394695,-0.503048,8.1343,-19.5715,-0.0637,120.0,-6.414,-29.4741,60.0,-11.9822,-48.6879,17.0,-0.378766,-0.083551,0.188445,-0.920915,0.451526,0.140581,-0.131772,0.217876,0.905157,-0.695706,-2.318096,0.696822,1.566431,-2.868305,1.200222,0.175371,-1.095675,0.986975,-3.221789,-11.467353
9.2,-0.504066,-0.18911,0.123622,-0.638819,0.202566,0.029575,1.089461,0.14195,0.448396,-0.592053,-11.7045,-60.0,-2.9615,14.7879,-7.0994,-10.8267,60.0,-7.3223,13.54,-4.576,-0.390719,-0.046599,0.189063,-0.904359,0.434711,0.130345,-0.091593,0.221216,0.767919,-0.610646,-0.214287,2.435118,-1.047835,2.893812,-2.208503,-0.173484,4.192282,-0.176737,-7.102908,5.373446
9.22,-0.266993,-0.310672,0.203142,-0.669105,0.175781,-0.005782,0.230537,0.138203,0.556739,-0.398663,16.2657,-51.7901,15.5072,-5.2689,-6.2337,-18.0745,1.2714,-18.541,-17.5447,5.5337,-0.386758,-0.039732,0.136596,-0.835157,0.369542,0.134144,-0.041097,0.263463,0.740535,-0.542503,0.068719,-0.090869,-2.589225,3.487028,-1.532092,-0.11789,2.010659,1.759292,-1.158402,0.2221
9.24,-0.401858,0.148653,0.145054,-0.82914,0.274466,0.099689,-0.531965,0.148257,0.892836,-0.050656,-24.4399,60.0,-0.6538,-28.2308,4.3035,11.438,-60.0,-10.6414,40.9363,17.0,-0.37331,-0.060767,0.126288,-0.776876,0.290072,0.121895,-0.024967,0.263643,0.705862,-0.518151,0.815379,-1.311861,0.740125,2.356282,-4.977548,-0.597395,0.652467,-0.262432,-1.489516,0.96068
9.26,-0.74675,0.033045,0.10489,-0.760411,0.342706,0.149332,-0.074123,0.1325,0.762056,-0.595328,-53.6087,16.5482,-10.8354,10.9503,2.7224,-0.5285,34.8426,7.1981,-11.143,-10.1931,-0.374292,-0.064436,0.158511,-0.781716,0.290902,0.127176,-0.03606,0.196496,0.727801,-0.484118,-0.091414,0.111724,1.600847,-0.896063,-0.656824,0.155807,-1.608939,-3.977099,1.881352,5.802693
9.28,-1.033952,-0.105476,0.240029,-0.246113,0.357698,0.020057,1.847176,0.001016,0.320592,-0.809829,-50.6164,-28.417,12.6317,79.9711,0.6434,-25.9598,60.0,-12.4165,-66.2621,-8.1401,-0.402603,-0.051964,0.152375,-0.7873,0.312239,0.13621,-0.045983,0.160173,0.745123,-0.538568,-1.783267,0.671339,-1.13081,0.13947,1.186785,0.345312,-0.257096,-1.023441,0.2984,-2.737682
9.3,-0.49682,0.085842,0.031995,-0.481946,0.065808,0.15181,1.596363,0.081498,0.164465,-0.594444,42.3077,32.6242,-17.9959,-36.0526,-11.3426,-10.5121,60.0,-15.1887,-75.1028,-3.6279,-0.442653,-0.045299,0.162927,-0.665449,0.325399,0.143695,-0.037569,0.165984,0.693759,-0.509929,-2.039996,-0.242393,1.433953,7.346663,0.968697,0.474445,0.203391,1.971357,-0.495883,0.249841
9.32,0.131361,0.104567,0.050964,-0.769586,0.099619,0.185955,0.276794,0.039798,0.556347,-0.163781,104.3437,-3.522,2.1887,-51.8382,2.1241,34.8866,28.1715,-20.8264,5.3932,12.1412,-0.460722,-0.030838,0.129307,-0.579963,0.195073,0.125706,-0.02107,0.201116,0.656815,-0.495413,-0.628236,1.159777,-2.931574,2.703346,-6.002317,-1.045598,1.190029,1.373077,-2.364615,1.135416
9.34,0.08673,0.060593,0.162571,-0.554372,0.267046,0.154267,-0.168695,0.045199,0.671072,0.093239,17.5665,-14.3514,13.6249,24.9543,6.4772,25.1269,-60.0,-0.9675,1.191,17.0,-0.428982,-0.007793,0.083852,-0.596701,0.146572,0.1056,0.005207,0.161212,0.646775,-0.469558,2.418503,1.062216,-1.682653,-2.149866,-1.674991,-0.72109,1.391536,-3.110197,0.283517,1.180988
9.36,-0.295532,0.187105,-0.032231,-0.930459,0.159478,0.200727,-0.199137,0.143187,0.878919,0.282308,-54.5363,43.7639,-21.2056,-56.0566,-4.7121,14.7139,-27.9944,16.2587,26.1337,17.0,-0.375061,-0.007321,0.10614,-0.59585,0.204658,0.101357,0.004853,0.08495,0.660125,-0.423497,2.688519,-0.184895,2.155138,0.677753,2.934181,0.007752,-0.485228,-3.052044,0.772524,2.720054
9.38,-0.489926,0.046581,0.081732,-0.846488,0.425412,0.079866,-0.459517,0.155403,0.628356,-0.359567,-36.3102,-2.6757,7.425,16.286,10.853,-30.8705,-60.0,6.3405,-30.8417,-1.6699,-0.358919,-0.002208,0.083107,-0.676456,0.190377,0.122686,-0.002347,0.074035,0.701071,-0.373126,0.673858,0.471197,-2.211901,-4.829082,-1.466233,0.988895,-0.446505,0.525378,2.303492,2.234563
9.4,-0.870875,-0.091261,0.307876,-0.41169,0.430222,-0.019474,0.728437,0.064093,0.329205,-0.914517,-68.8864,-18.5471,21.7861,71.8015,-0.4899,-24.4124,60.0,-7.6944,-43.0064,-17.0,-0.35846,-0.004051,0.076412,-0.746584,0.307833,0.128088,-0.048765,0.092905,0.689236,-0.362146,-0.322625,0.041879,0.397874,-2.492198,5.439806,0.092152,-2.799601,1.407783,-1.270892,0.152637
9.42,-0.592708,-0.032129,0.184015,-0.458566,0.255478,0.082773,2.214691,0.057885,0.322812,-0.566235,10.4902,-3.5307,-9.7572,-4.916,-7.0277,-18.8418,60.0,-18.9197,-26.198,-4.3892,-0.385455,0.005869,0.144821,-0.687806,0.369758,0.129863,-0.069856,0.125101,0.609424,-0.581593,-1.681833,-0.1542,4.000166,4.541487,2.481298,0.476427,-0.62329,3.567722,-1.940589,5.054041
9.44,0.072748,-0.307756,0.139017,-0.514193,0.240244,0.085909,0.811106,0.094789,0.491407,-0.264666,91.0954,-60.0,-4.5674,-13.1297,-0.2744,-5.571,60.0,-19.2027,4.6427,0.4313,-0.405172,0.008184,0.174755,-0.609821,0.315274,0.129445,-0.067929,0.191525,0.565211,-0.43847,-0.78503,0.239947,0.290631,3.174702,-2.754295,-0.038803,0.494624,2.787083,-1.815731,6.586731
9.46,-0.017466,-0.231451,0.182414,-0.698195,0.2435,0.043486,0.344085,0.12748,0.518227,-0.327284,7.1174,-18.5657,15.5638,-36.711,5.7334,10.8738,60.0,-7.2761,-17.9387,3.9029,-0.377809,-0.007546,0.130579,-0.559371,0.206321,0.113536,-0.055299,0.201114,0.567777,-0.405116,1.898472,-0.993492,-3.036049,1.835849,-4.289149,-0.864868,0.313865,-0.025519,1.214026,-0.797549
9.48,-0.103861,-0.296706,0.163491,-0.735189,0.250726,0.053032,0.144814,0.140451,0.730564,-0.25224,-0.4657,-39.8829,5.937,-10.928,3.5291,14.6635,12.8899,-5.4823,8.31,7.8485,-0.346782,-0.019243,0.113333,-0.576123,0.193275,0.096054,-0.039293,0.201578,0.592743,-0.423495,1.492749,-0.591564,-0.269427,-1.494339,-1.243468,-0.854171,0.906946,-0.184356,1.42862,-1.008354
9.5,-0.351655,0.117156,0.112681,-1.070093,0.341365,0.119701,-0.502305,0.168447,0.914635,-0.096112,-39.9716,60.0,-3.5522,-49.0858,3.4819,9.8922,-60.0,0.639,21.7925,15.3512,-0.319513,-0.047415,0.121095,-0.619471,0.221957,0.089999,-0.029049,0.186122,0.635886,-0.444044,1.421821,-1.606152,0.792838,-2.138591,1.30746,-0.219921,0.502693,-0.70385,2.313355,-1.448372
9.52,-0.582959,0.040015,0.072175,-0.953486,0.414686,0.125151,-0.432091,0.194113,0.928901,-0.395638,-36.2472,25.4754,-10.4599,23.3614,2.6382,-2.6445,-52.9709,10.6009,5.5666,-1.989,-0.319566,-0.059801,0.144089,-0.74052,0.290025,0.097827,-0.034134,0.151945,0.702652,-0.462186,-0.131939,-0.208902,0.955961,-6.390828,2.37198,0.27276,-1.008851,-1.867231,3.278345,4.697868
9.54,-0.889851,-0.116267,0.208493,-0.45737,0.489838,-0.092182,0.621718,0.107573,0.714167,-0.830337,-53.9436,-10.7589,9.3623,81.4402,2.8876,-37.2344,60.0,-3.3479,-35.6064,-8.437,-0.337969,-0.064215,0.139164,-0.825657,0.353672,0.106709,-0.066609,0.139653,0.769978,-0.505782,-1.166522,0.013207,-0.710542,-3.027173,2.584913,0.29936,-1.802529,0.040912,3.147076,-4.591158
9.56,-0.676561,-0.091975,0.187146,-0.293486,0.244936,0.127943,1.813143,0.100975,0.410164,-0.610028,-25.508,-38.2919,1.8259,94.8695,-5.3253,0.0868,60.0,-20.2684,-67.349,-1.4048,-0.365339,-0.046268,0.154328,-0.851228,0.36442,0.107355,-0.05223,0.178335,0.788337,-0.587303,-0.856533,1.104732,0.425808,-1.295152,0.551483,0.121406,2.174342,3.665504,1.227533,0.500764
9.58,-0.126492,-0.439487,0.126127,-0.51542,0.104759,0.11563,0.507627,0.093969,0.62505,-0.474154,43.3605,-60.0,0.7829,16.5279,-6.7832,-10.0015,45.1771,-20.8839,-13.3799,2.9805,-0.370316,-0.02513,0.146045,-0.810569,0.327296,0.110956,-0.005844,0.233732,0.776742,-0.550114,-0.274526,1.129187,-0.81154,3.205972,-2.139701,0.432919,2.179748,2.020373,-1.083193,0.058468
9.6,-0.07907,0.10294,0.163749,-0.766496,0.279885,0.105282,-0.349932,0.080144,0.640254,-0.276655,8.708,46.1373,18.8296,-38.9206,4.6202,-3.2178,-60.0,-13.3259,-6.4055,4.9443,-0.348769,-0.026825,0.093596,-0.727931,0.276795,0.110975,0.033435,0.233384,0.750171,-0.524161,1.284152,-0.764931,-3.455477,3.828974,-4.541982,0.095614,1.977411,-0.584418,-1.165004,5.006035
9.62,-0.449253,-0.167367,0.013894,-0.909703,0.194537,0.251665,-0.437542,0.178854,1.031878,0.060672,-47.4424,-27.0445,-18.0975,-24.052,-3.7372,30.1309,-54.4332,17.7195,59.2904,17.0,-0.325832,-0.031254,0.113134,-0.718735,0.285067,0.106126,0.022994,0.155649,0.720294,-0.505698,1.170188,-0.006753,2.390604,-0.530761,0.117189,-0.335735,-1.427746,-4.503947,-1.45051,-0.336838
9.64,-0.54709,-0.01227,0.161699,-0.745897,0.436336,0.098159,-0.46083,0.171889,0.607626,-0.645545,-12.9669,50.0618,12.2515,19.6045,5.0398,-35.3709,-27.036,4.2851,-55.1093,-7.7067,-0.337696,-0.059932,0.094777,-0.758621,0.313145,0.131191,-0.02146,0.125973,0.775106,-0.463237,-0.745982,-1.535961,-1.626017,-2.044826,-0.11329,1.23033,-2.305607,0.089641,3.465139,0.418611
9.66,-0.83002,-0.077852,0.242219,-0.441662,0.37551,-0.040555,1.353472,0.071936,0.304501,-0.751697,-38.4381,-4.8709,0.9004,55.9007,4.6986,-21.7675,60.0,-8.5807,-44.6619,-3.5375,-0.355723,-0.065756,0.127966,-0.772607,0.340682,0.131428,-0.072338,0.13643,0.748309,-0.555415,-1.322973,0.092915,3.078359,-0.723249,-3.338794,-0.163008,-2.584749,0.623354,-2.531691,-4.357319
9.68,-0.526083,-0.080652,0.153624,-0.576248,0.207513,0.083471,2.002697,0.068793,0.344816,-0.644724,6.3876,-29.3297,-5.1135,17.4498,-2.8808,-0.9946,60.0,-17.2422,-22.0786,-10.2984,-0.38147,-0.051583,0.162878,-0.767441,0.321861,0.124074,-0.076125,0.159725,0.66738,-0.524165,-1.135816,0.891189,1.224969,1.297576,-1.710236,-0.206131,0.91069,2.383432,-3.039752,5.531329
9.7,-0.084494,-0.412012,0.183192,-0.583292,0.149779,0.059174,0.663267,0.083987,0.513937,-0.500153,53.1572,-60.0,5.5918,-3.0631,-2.2694,-11.5532,60.0,-17.733,-7.6747,-1.6928,-0.391188,-0.041302,0.154945,-0.718612,0.277499,0.121638,-0.047434,0.207051,0.622927,-0.451746,-0.28934,0.178214,-0.809328,2.699457,-2.868059,0.088325,1.298231,1.587186,-1.002297,-0.245937
9.72,-0.075736,-0.414192,0.270826,-0.594342,0.207947,0.027568,0.080882,0.098697,0.626817,-0.244341,4.4721,-47.2673,19.5377,-7.448,-2.6515,-3.5386,-49.1649,-13.377,2.9688,3.5161,-0.366238,-0.054727,0.126596,-0.666827,0.257696,0.111793,-0.00995,0.211904,0.608756,-0.440514,1.581717,-0.933251,-1.495968,2.117026,0.668203,-0.367895,2.551686,0.601422,-0.030004,4.374572
9.74,-0.346015,0.147888,0.09774,-0.953629,0.265123,0.094411,-0.537289,0.163023,0.815491,-0.089607,-36.5754,60.0,-7.459,-54.9849,0.3087,9.2764,-60.0,6.3349,31.034,13.074,-0.338321,-0.086072,0.132166,-0.643199,0.258813,0.104172,-0.002061,0.173341,0.609014,-0.428859,1.432784,-1.538248,1.174732,0.97301,-0.056906,-0.434453,-0.126063,-2.154667,-0.007228,0.501089
9.76,-0.624778,-0.01764,0.212959,-0.750811,0.433118,-0.004724,-0.148583,0.1101,0.571222,-0.681551,-36.4818,8.9337,4.8674,28.7274,0.9797,-17.3958,10.085,0.8644,-31.6463,-14.4325,-0.339149,-0.094035,0.149227,-0.7125,0.293928,0.10773,-0.017293,0.14273,0.646686,-0.419215,-0.257362,0.240467,0.440445,-3.983591,4.634281,0.02134,-1.377307,-1.207217,2.348819,3.978881
9.78,-0.839942,-0.085008,0.290632,-0.166487,0.401132,-0.065388,1.761998,0.024147,0.405859,-0.663927,-40.7109,-16.5079,7.4945,91.7612,-1.559,-15.6644,60.0,-9.0382,-24.2954,1.8739,-0.357948,-0.082403,0.173751,-0.744527,0.36988,0.10139,-0.039148,0.129874,0.638861,-0.553021,-1.277736,0.605863,1.226567,-0.584136,2.837421,-0.378301,-0.988172,-0.448819,-1.231222,-6.373799
9.8,-0.352976,-0.131624,0.12179,-0.646645,0.139472,0.177928,1.310517,0.069119,0.507868,-0.434214,16.4809,-51.1463,-10.0282,-7.2049,-5.3588,7.2803,60.0,-15.1522,-2.3858,-1.0815,-0.373123,-0.061941,0.202608,-0.714474,0.301178,0.102335,-0.028252,0.152941,0.612096,-0.471755,-0.544407,1.410155,0.569283,2.008229,-1.120632,0.164171,1.570192,1.980085,-1.530904,2.609214
9.82,0.058692,-0.478748,0.266051,-0.507523,0.26483,0.113013,0.17007,0.071266,0.65357,-0.085983,58.2348,-60.0,19.252,16.249,1.6742,-11.8231,-24.2009,-13.354,6.3229,13.2931,-0.37317,-0.048841,0.162337,-0.683439,0.270534,0.110754,0.010205,0.175689,0.606462,-0.454852,0.264721,0.500199,-2.597408,1.171531,-1.921559,0.491949,2.128846,0.851625,0.08589,1.476429
9.84,-0.213063,-0.257544,0.196843,-0.57491,0.213991,0.050466,0.119995,0.114628,0.639814,-0.122329,-31.3192,5.7533,3.7242,-10.7732,-6.512,-9.4181,13.026,2.7094,-1.8289,12.0693,-0.334158,-0.08013,0.158257,-0.6312,0.266287,0.110637,0.018327,0.145486,0.613587,-0.443927,2.001595,-1.562742,0.039286,2.22057,4.464771,0.015871,0.276939,-1.69499,0.665923,0.80257
9.86,-0.201139,-0.265263,0.210655,-0.724745,0.311738,-0.02533,-0.245362,0.127011,0.734682,-0.050753,-1.8412,-7.6348,3.8773,-23.2696,3.7606,-16.2602,-58.9086,0.4666,14.7188,14.7677,-0.315712,-0.097374,0.155161,-0.611883,0.260917,0.109779,0.025016,0.131589,0.620662,-0.430994,0.769647,-0.983173,0.48906,0.732637,-1.745214,-0.162047,0.183165,-0.270362,0.275498,0.446442
9.88,-0.574152,0.033215,0.205997,-0.865034,0.425635,0.033601,-0.372427,0.118048,0.671439,-0.562695,-58.2694,60.0,-2.7007,-20.4148,4.4428,0.792,-46.2313,0.8767,-1.0911,-6.4638,-0.302226,-0.130087,0.180519,-0.635461,0.297324,0.10179,0.006554,0.120523,0.634827,-0.416001,0.707085,-1.684591,1.535113,-1.620185,0.696593,-0.445768,-1.120434,-0.328806,0.760664,0.602051
9.9,-0.802433,-0.04062,0.26253,-0.499421,0.420466,-0.0419,1.532511,0.024851,0.439214,-0.572992,-38.5529,5.3888,0.6709,59.7701,-0.5095,-16.0012,60.0,-6.84,-33.3874,0.2784,-0.323017,-0.133707,0.215622,-0.705047,0.365101,0.100021,-0.025838,0.108854,0.644299,-0.494053,-1.349384,0.501329,1.175763,-3.342532,2.75156,-0.213852,-1.942473,-0.456366,0.303295,-3.470739
9.92,-0.445958,-0.173636,0.163243,-0.661068,0.22159,0.158045,1.341164,0.056454,0.546315,-0.445737,15.1167,-56.0686,-9.5295,15.1092,-5.7091,6.0416,60.0,-14.6587,1.2416,-6.2701,-0.354524,-0.104226,0.244426,-0.734019,0.361259,0.096388,-0.011678,0.1204,0.608027,-0.465691,-1.166238,1.598763,0.412755,-0.481456,0.123592,0.129723,1.877753,2.417107,-1.213123,7.139658
9.94,-0.061586,-0.502272,0.252364,-0.538754,0.157007,0.08021,0.306393,0.07053,0.623667,-0.270398,50.6515,-60.0,12.5243,18.9422,-7.5466,-12.6151,15.07,-10.0496,-9.1497,9.437,-0.362398,-0.094234,0.207642,-0.719449,0.337944,0.103506,0.01553,0.142143,0.628429,-0.48563,-0.223676,0.469711,-2.355109,0.943161,0.312206,0.368927,1.633476,0.844788,0.974734,-0.836104
9.96,-0.077517,-0.339768,0.338672,-0.644169,0.254145,0.012946,-0.15175,0.089085,0.706889,-0.103944,5.8237,-32.2006,24.5163,-7.7184,0.4447,-2.401,-56.6005,-0.5755,7.3117,15.1176,-0.33975,-0.103702,0.164157,-0.68247,0.315187,0.096593,0.034277,0.130943,0.63735,-0.481475,1.355527,-0.568945,-2.066339,1.55576,-2.915537,-0.41041,0.735021,-1.055972,0.36044,-0.016485
9.98,-0.473451,-0.012684,0.156633,-1.140749,0.280987,0.105929,-0.519291,0.159636,0.804687,-0.246357,-58.8095,60.0,-17.2006,-76.2081,-0.1417,12.3729,-60.0,8.907,16.8114,6.6124,-0.312518,-0.131668,0.202069,-0.667401,0.316569,0.088152,0.020102,0.103301,0.648469,-0.452396,1.40238,-1.691069,3.701939,0.601577,-1.294502,-0.39262,-1.141828,-0.957424,0.765118,1.645577
10.0,-0.704323,-0.101337,0.211924,-0.876916,0.463014,-0.102304,0.348535,0.084248,0.619225,-0.559966,-26.4533,15.1208,-1.8472,38.8791,4.2053,-27.3822,60.0,-1.9516,-29.1902,-3.4929,-0.331993,-0.146522,0.22772,-0.774536,0.357185,0.091994,-0.017485,0.098897,0.687273,-0.435221,-1.189072,-0.230557,0.078269,-6.267166,0.028128,-0.071292,-2.282592,0.142372,2.193545,-1.512014
10.02,-0.614188,-0.082607,0.199641,-0.443043,0.479921,-0.08952,0.852092,0.078278,0.573294,-0.345931,0.4813,-18.8717,1.4653,70.4278,0.6091,-7.7135,60.0,-6.315,-6.9684,9.0232,-0.358467,-0.127883,0.219274,-0.831067,0.415063,0.079361,-0.009127,0.118044,0.680435,-0.5019,-1.571051,1.058356,-1.0028,-1.412534,2.00527,-0.712673,1.68441,0.683956,-1.051862,-2.812541
10.04,-0.472201,-0.168142,0.179057,-0.624925,0.323149,0.118926,1.061713,0.0844,0.599888,-0.380512,-0.073,-60.0,0.4439,35.1604,-3.7581,19.4851,60.0,-4.7305,6.3223,4.3998,-0.374577,-0.094621,0.204246,-0.811528,0.390515,0.066426,0.06552,0.128472,0.651529,-0.519475,-0.589376,2.153095,-0.866576,-0.828522,1.074206,-0.469628,4.942849,0.094576,-1.625648,1.170446
10.06,-0.147695,-0.372551,0.321309,-0.484226,0.275652,0.061738,0.204188,0.105244,0.665553,-0.164353,31.5137,-60.0,23.1422,29.7987,-2.2559,-18.3683,-60.0,-14.1135,-8.3039,9.9699,-0.375071,-0.077176,0.16118,-0.791945,0.375028,0.076542,0.140114,0.176745,0.675603,-0.513026,0.104874,0.641613,-2.085212,1.890359,-1.736465,0.653174,3.763982,2.036694,0.785366,4.017253
10.08,-0.334259,-0.149718,0.208071,-0.524862,0.290265,0.001931,0.220781,0.130506,0.622267,-0.395973,-28.9648,-4.3712,8.8697,18.9161,-1.8284,-7.7677,18.3097,2.038,-7.6947,1.9789,-0.354003,-0.086019,0.137586,-0.751938,0.348209,0.074747,0.15012,0.159333,0.678771,-0.495374,1.291417,-0.317146,-0.532679,1.750104,-0.49429,-0.127606,-0.158322,-1.439217,-0.090229,2.017376
10.1,-0.246616,-0.266756,0.263776,-0.629285,0.283007,-0.026305,-0.036367,0.124492,0.692041,-0.29471,4.3467,-40.9958,11.7972,0.9924,-1.1444,-10.785,-43.9953,-1.3672,11.445,6.0085,-0.340405,-0.084261,0.139215,-0.71961,0.332936,0.072215,0.153902,0.14786,0.665081,-0.464562,0.393239,0.170418,0.192735,1.450927,-0.86143,-0.161515,0.22517,-0.283585,-0.855225,0.79351
10.12,-0.316102,-0.065599,0.151733,-1.118835,0.321472,0.096433,-0.397333,0.166027,0.992657,-0.203326,-4.829,25.7657,-3.1543,-64.7342,-0.0199,17.483,-60.0,4.7814,49.5661,6.4269,-0.334304,-0.096001,0.152263,-0.70644,0.325926,0.063871,0.132976,0.133817,0.659714,-0.433386,0.305775,-0.746024,0.90707,0.332213,-0.159921,-0.509612,-1.280928,-0.456388,0.043381,2.803572
10.14,-0.521555,-0.011355,0.20702,-1.222933,0.456861,0.161247,-0.554827,0.166668,0.799252,-0.680463,-19.6649,30.672,1.8429,-18.8278,-1.5302,12.2006,-52.9319,3.915,-27.4649,-15.6667,-0.34317,-0.10962,0.168676,-0.795784,0.363072,0.066855,0.084259,0.127239,0.731255,-0.402527,-0.286905,-0.417593,0.58248,-5.228159,5.335071,0.079209,-2.83796,0.008164,4.352277,4.595168
10.16,-0.821323,-0.054464,0.222561,-0.666595,0.502759,-0.086321,0.654542,0.077913,0.631709,-0.716434,-41.7126,1.7098,-1.5501,88.655,1.6661,-31.7772,60.0,-6.7066,-28.0394,-0.3587,-0.364896,-0.109391,0.195881,-0.921077,0.421648,0.071084,0.008781,0.129582,0.769386,-0.54533,-1.082091,0.351517,1.233721,-5.833457,1.594252,0.33033,-3.987027,0.450312,0.853702,-6.55098
10.18,-0.737473,-0.000142,0.236622,-0.480835,0.438556,0.029132,1.665314,0.067539,0.516057,-0.457483,-14.3457,-23.0816,4.3844,41.4724,-8.0872,-3.2469,60.0,-9.1888,-15.3387,11.1258,-0.389202,-0.08457,0.202937,-0.899791,0.479508,0.070331,-0.018529,0.14224,0.738072,-0.64731,-1.532839,1.514657,-0.297148,2.469493,6.51427,-0.118633,0.487239,0.502682,-2.075737,-3.56842
10.2,-0.459035,-0.118238,0.168117,-0.747875,0.248815,0.150696,1.165944,0.093498,0.528525,-0.386278,14.1699,-60.0,0.5767,19.8974,-7.6407,5.268,60.0,-4.2321,4.0031,1.9182,-0.415718,-0.039402,0.206447,-0.909259,0.446334,0.070854,0.054412,0.14222,0.67647,-0.549678,-0.835995,2.717058,-1.289774,0.498057,-0.262656,0.27135,5.886817,-0.187228,-3.026894,4.664494
10.22,-0.15667,-0.264621,0.316947,-0.54417,0.299044,-0.015498,0.203895,0.099812,0.629401,-0.120412,32.3142,-60.0,23.432,29.4736,-2.0648,-28.8115,-60.0,-15.6293,-13.3442,13.4043,-0.414144,-0.018556,0.158515,-0.874288,0.420199,0.085054,0.139119,0.188665,0.692937,-0.53087,0.255115,0.494785,-2.21957,2.316169,-2.809488,0.555319,3.44691,1.972506,0.4407,3.044424
10.24,-0.35247,-0.100934,0.213383,-0.391807,0.313147,-0.008279,0.392901,0.109913,0.60657,-0.330148,-30.8006,-9.6418,9.1362,43.8794,-2.3192,-0.5019,50.5971,0.5624,-3.1257,5.1517,-0.387319,-0.026262,0.135799,-0.820943,0.393157,0.075969,0.149276,0.163377,0.678105,-0.508424,1.457324,-0.200571,-0.402989,2.367803,-0.890108,-0.490872,-0.070951,-1.728246,-0.878716,1.99933
10.26,-0.111272,-0.283794,0.256807,-0.529799,0.257496,-0.029686,0.136815,0.117491,0.602069,-0.271838,15.6031,-60.0,13.6613,6.4019,-2.0877,-16.5322,-34.5082,-1.0962,1.3545,7.1806,-0.365102,-0.016098,0.128857,-0.761081,0.357735,0.074757,0.168492,0.147688,0.656769,-0.471138,0.908959,0.5695,-0.253388,3.269062,-1.941236,0.035016,1.067678,-0.562587,-1.10463,0.799356
10.28,-0.219953,-0.101547,0.168585,-0.908159,0.29669,0.01822,-0.169645,0.123391,0.866758,-0.276011,-11.4725,1.2065,3.3353,-49.9866,-0.025,5.8028,-49.3845,0.2802,43.9562,3.3146,-0.342163,-0.024851,0.128579,-0.707768,0.328777,0.065679,0.161482,0.13346,0.63145,-0.420339,1.205567,-0.627039,0.194566,2.302733,-1.271148,-0.522681,-0.638226,-0.376447,-1.000695,2.483323
10.3,-0.457253,-0.020464,0.137254,-1.259107,0.350244,0.195904,-0.726999,0.176436,0.944656,-0.385958,-30.1996,23.186,-4.4579,-56.7215,-3.0413,24.9056,-60.0,6.5584,13.9028,-3.3733,-0.33316,-0.042289,0.146563,-0.740711,0.340172,0.063885,0.126802,0.121483,0.675632,-0.382941,0.468636,-0.713272,1.031586,-2.430994,3.478962,-0.206405,-1.960976,-0.310925,3.056482,3.285422
10.32,-0.601156,-0.068403,0.24894,-0.913713,0.463378,0.098391,-0.276824,0.121873,0.675675,-0.804304,-12.4429,15.336,6.2672,53.6494,2.5353,-7.6252,60.0,-0.516,-42.8656,-16.7009,-0.352862,-0.060687,0.162933,-0.872719,0.383938,0.074192,0.047383,0.11861,0.751915,-0.391481,-1.003204,-0.639672,0.682499,-6.909935,0.64879,0.455264,-4.973217,0.246358,3.631793,0.189906
10.34,-0.827059,-0.05894,0.268891,-0.371033,0.415132,-0.06058,1.588621,0.050203,0.408079,-0.655502,-42.1167,-9.6484,3.299,86.6124,-1.9013,-28.8801,60.0,-10.4207,-41.3491,7.739,-0.370461,-0.053887,0.190907,-0.916843,0.418333,0.078351,-0.015788,0.135691,0.753058,-0.608422,-1.066784,0.327354,1.316006,-0.547823,1.791189,0.325237,-2.58611,0.547494,-1.201495,-9.719431
10.36,-0.558343,-0.091829,0.149386,-0.70062,0.19768,0.151463,1.469574,0.075392,0.490319,-0.512705,31.8223,-60.0,-8.0672,36.9809,-8.8486,14.8218,60.0,-5.086,17.8728,5.913,-0.39746,-0.029188,0.213633,-0.856865,0.439709,0.078663,-0.014251,0.136129,0.662254,-0.649754,-2.263355,2.347983,0.480391,-1.565077,-0.840953,-0.157829,2.763252,-0.288884,-5.045414,-0.43537
10.38,-0.167404,-0.384747,0.199104,-0.490308,0.117625,0.086342,0.499228,0.087692,0.560998,-0.410341,41.5519,-60.0,12.9248,38.8576,-8.0973,-30.483,14.6151,-14.8058,-27.7703,7.1979,-0.413976,-0.001211,0.174615,-0.847104,0.414799,0.090392,0.058666,0.167785,0.63484,-0.524147,-0.184697,0.14095,-3.064035,1.694209,-3.827892,1.208459,2.785363,1.987877,1.929052,-2.672367
10.4,-0.07849,-0.359424,0.256549,-0.578865,0.144632,0.028897,0.098642,0.088801,0.634384,-0.198756,5.4752,-60.0,21.6034,1.2551,-4.1193,-13.3629,-45.3394,-4.9335,6.6073,12.9691,-0.38516,-0.005519,0.120199,-0.786857,0.382951,0.093814,0.097838,0.168679,0.635508,-0.505683,1.639237,-0.362225,-2.330613,3.46009,-5.468203,0.146642,1.724342,-0.893356,-0.782985,-0.698982
10.42,-0.183781,-0.177182,0.042425,-0.844352,0.140782,0.107455,-0.066617,0.143362,0.88067,-0.129306,-14.0617,-6.6256,-3.8381,-32.5646,-8.1728,7.7261,-13.9967,5.2022,40.7483,10.8961,-0.352773,-0.022511,0.097809,-0.739945,0.365984,0.090822,0.093869,0.134742,0.626231,-0.462185,1.594149,-0.921236,-0.497321,1.953277,-0.843673,-0.211595,-0.685961,-1.269452,-0.298402,2.443496
10.44,-0.314432,0.081585,0.136288,-1.040904,0.354374,0.245516,-0.910459,0.176428,0.870668,-0.268042,-13.3148,56.588,9.6521,-38.5992,0.4423,11.5824,-60.0,3.6139,8.2916,4.611,-0.337873,-0.046285,0.075685,-0.741724,0.352029,0.100519,0.076562,0.130923,0.668,-0.415512,0.680808,-1.175355,-1.050554,-0.725419,-0.352008,0.411261,-0.849715,0.273906,2.554718,1.300797
10.46,-0.472094,-0.139398,0.175428,-1.069452,0.335388,0.21177,-0.537871,0.207006,0.895883,-0.467547,-16.4714,-5.9595,-1.6642,-1.864,-3.7644,3.0738,-19.4282,10.1766,-0.1806,0.6982,-0.340116,-0.055555,0.109357,-0.816227,0.371711,0.112568,0.029366,0.125461,0.726704,-0.392625,-0.134506,-0.409634,2.419214,-4.173765,2.334856,0.477572,-3.563085,-0.591422,2.953265,-3.732356
10.48,-0.59802,-0.045756,0.178333,-0.684728,0.503656,-0.049689,-0.071639,0.160288,0.67957,-0.586422,-18.6587,28.4772,-3.5964,62.9063,0.3276,-40.2999,60.0,-4.4579,-34.1306,-4.5787,-0.35276,-0.071432,0.15009,-0.896648,0.401433,0.124913,-0.046385,0.147442,0.778398,-0.437882,-0.733369,-0.884594,1.877939,-3.595834,3.799296,0.570728,-3.673597,1.679591,2.230922,-1.376637
10.5,-0.720507,-0.025997,0.232487,-0.268557,0.513534,-0.113318,0.766482,0.106735,0.424689,-0.587895,-33.4572,-7.4388,5.4271,65.3385,0.3528,-22.3002,60.0,-10.6923,-37.3081,0.5586,-0.362146,-0.061988,0.170254,-0.867657,0.452681,0.117656,-0.073475,0.181661,0.763394,-0.51715,-0.821006,0.554706,0.232903,2.83413,2.102387,-0.499387,-0.634764,0.935873,-1.559709,-3.4226
10.52,-0.580706,-0.059294,0.17777,-0.601255,0.339225,0.101091,1.62379,0.100215,0.457637,-0.472286,-24.9358,-60.0,4.1077,28.1536,-2.7014,9.8711,60.0,-7.8089,9.3701,4.7763,-0.3713,-0.026444,0.170422,-0.867908,0.430389,0.103186,-0.019566,0.186437,0.675098,-0.556439,-0.261913,2.382423,-0.9865,1.36865,-0.954734,-0.411999,4.744064,-0.237894,-4.851999,-1.424477
10.54,-0.342858,-0.184109,0.268378,-0.641297,0.315147,-0.03351,0.302928,0.1102,0.629673,-0.124404,11.6836,-44.3416,14.1198,-3.9004,-0.3829,-33.2691,0.427,-15.9445,-2.7382,12.397,-0.374132,-0.012567,0.143354,-0.815351,0.388755,0.116821,0.034563,0.230329,0.675896,-0.489652,-0.282844,0.380232,-0.473056,3.467575,-2.587244,0.433602,2.017894,1.149923,-0.484763,2.235306
10.56,-0.608688,0.063335,0.170449,-0.487685,0.46798,-0.061915,0.045494,0.094283,0.676151,-0.324971,-49.2545,38.9437,-7.7845,20.2701,6.2983,-17.5938,-20.8964,-8.9945,5.882,6.2112,-0.365663,-0.024614,0.172028,-0.757719,0.346953,0.112111,0.051142,0.218483,0.663776,-0.484039,0.517783,-0.809263,2.230659,2.338227,-1.471929,-0.34423,0.74911,-1.001901,-0.465187,0.152973
10.58,-0.392142,0.025403,0.153169,-0.731927,0.309968,0.084239,0.9854,0.050909,0.461489,-0.393921,10.7785,1.2306,-1.9024,-16.7901,1.2961,3.0905,60.0,-6.4134,-28.6644,4.29,-0.37344,-0.024533,0.175883,-0.712398,0.332593,0.108758,0.06096,0.180696,0.659248,-0.485197,-0.549467,0.331853,-0.107906,1.601667,-2.223301,-0.273782,0.338309,-1.920246,-0.115494,-0.645367
10.6,0.101082,-0.353783,0.218203,-0.49384,0.210321,0.074358,0.176281,0.078424,0.580124,-0.265433,69.0048,-60.0,8.3287,33.0793,-4.0884,1.528,-30.8947,-11.0173,-12.512,9.3432,-0.375845,-0.008785,0.163217,-0.705872,0.319477,0.102764,0.09054,0.178178,0.656277,-0.489597,0.102511,0.849754,-0.827749,-0.147262,-0.280652,-0.234165,1.820703,0.304737,0.125846,-0.380461
10.62,-0.114795,-0.17925,0.210556,-0.703845,0.297163,0.082906,-0.330744,0.088034,0.690869,-0.210096,-25.7542,28.4199,1.9651,-35.8084,3.7639,13.8686,-60.0,1.451,7.0626,10.5396,-0.334624,-0.039631,0.162873,-0.647876,0.261173,0.087793,0.096999,0.142921,0.651399,-0.481119,2.375559,-2.135283,0.819876,3.167687,-2.347808,-0.59063,0.045731,-2.029753,-0.131977,0.304309
10.64,-0.556776,-0.01949,0.004144,-0.978631,0.283108,0.168805,-0.533025,0.167027,1.024947,-0.068997,-62.3903,60.0,-25.316,-41.7428,-0.6773,17.3092,-60.0,14.0047,50.1863,17.0,-0.310529,-0.08192,0.196761,-0.649919,0.27847,0.084757,0.073945,0.094796,0.659034,-0.47955,1.029577,-1.902736,1.770785,-0.874037,0.871535,-0.190193,-1.524807,-1.983495,0.543185,-1.191152
10.66,-0.704721,-0.048027,0.140357,-0.742796,0.47596,-0.046289,-0.16861,0.127852,0.766547,-0.721926,-25.0905,34.7659,7.2026,38.2591,3.7185,-42.9362,26.5513,2.1674,-34.1003,-7.3522,-0.330705,-0.107808,0.162418,-0.737834,0.302409,0.105079,0.031424,0.090544,0.735288,-0.476715,-1.254429,-0.86443,-2.751897,-4.506983,3.256078,0.818339,-2.522381,0.45725,4.482224,-2.481103
10.68,-0.647384,-0.108014,0.166974,-0.558969,0.324097,0.007785,1.372806,0.100535,0.401869,-0.57405,2.6421,-12.9193,-6.1313,41.9242,1.4235,-2.3816,60.0,-4.412,-55.0991,6.9628,-0.357857,-0.101248,0.150055,-0.767694,0.378496,0.099186,-0.000916,0.113222,0.758934,-0.610584,-1.863566,0.438326,2.288189,-1.226646,-3.635824,-0.458237,-1.408839,0.919378,0.177876,-5.556987
10.7,-0.140317,-0.457124,0.218869,-0.543968,0.130878,0.035047,0.407831,0.107071,0.641648,-0.494046,48.5504,-60.0,6.777,35.3538,-9.5149,-14.7253,38.7795,-12.3415,-15.1952,1.3228,-0.384416,-0.077757,0.16903,-0.789886,0.365646,0.088998,0.025529,0.148449,0.698244,-0.548199,-0.482791,0.553696,-0.524456,0.177243,0.125439,0.268289,1.428011,2.399444,0.774884,0.851785
10.72,-0.165161,-0.260108,0.106178,-0.846388,0.258848,0.057286,-0.335126,0.114574,0.823827,-0.263928,-4.8544,-25.0128,1.3292,-33.7778,0.6553,5.0457,-60.0,-4.9383,23.0065,11.2716,-0.362388,-0.078896,0.143999,-0.754978,0.340166,0.080657,0.051157,0.167102,0.703319,-0.554379,1.39303,-0.425572,-1.494994,2.318743,-3.947428,-0.3459,1.413832,-0.091973,-0.569717,0.349926
10.74,-0.42931,0.163646,0.02142,-1.056818,0.304906,0.313475,-0.838212,0.250241,1.01761,-0.247357,-31.867,60.0,-8.9011,-35.9397,-1.8836,40.5293,-60.0,18.2597,31.4368,6.4215,-0.346211,-0.111561,0.123091,-0.762636,0.35019,0.078514,0.027629,0.129919,0.724017,-0.515884,0.784812,-1.714159,-0.370289,-0.94611,0.072956,-0.213781,-1.928954,-1.821446,1.456218,4.363184
10.76,-0.696798,-0.064423,0.118454,-0.896393,0.398545,0.158806,-0.186397,0.161693,0.805592,-0.681287,-27.7812,10.1795,0.027,25.8008,-5.7453,-13.8802,34.3914,0.0351,-37.8532,-4.9048,-0.362077,-0.122084,0.117287,-0.834192,0.392069,0.098512,-0.016966,0.135234,0.802912,-0.492658,-0.907164,0.051263,0.026228,-4.059498,6.064963,0.927286,-2.587549,0.763613,4.420524,-2.667027
10.78,-0.778523,-0.063311,0.165431,-0.587184,0.44574,-0.03294,0.273485,0.116982,0.702041,-0.66996,-18.4045,-4.4475,4.5008,49.674,0.6013,-33.6947,60.0,-7.1108,-17.1672,1.1712,-0.389582,-0.111162,0.119069,-0.869922,0.4225,0.10995,-0.050364,0.15817,0.82324,-0.594476,-1.615431,0.531235,0.039622,-0.839301,0.331657,0.495962,-1.348209,0.875113,-0.117,-4.232838
10.8,-0.658353,-0.042483,0.171806,-0.471445,0.30997,0.054982,1.619606,0.097921,0.450304,-0.449578,-8.7425,-26.8357,1.3478,67.521,-4.5151,-3.2985,60.0,-5.9263,-34.5395,9.0816,-0.41393,-0.087617,0.142532,-0.891538,0.422483,0.106864,-0.027943,0.168066,0.790962,-0.640822,-1.129398,1.359105,0.461982,-0.520805,0.014704,-0.18137,1.962738,-0.318284,-1.913465,-1.446341
10.82,-0.340377,-0.259966,0.168181,-0.605862,0.167512,0.035922,0.51719,0.123698,0.528191,-0.419369,10.6918,-60.0,5.3849,10.0367,-4.8386,-18.9835,44.243,-14.0694,-37.1482,8.5476,-0.421898,-0.056058,0.134809,-0.859566,0.392315,0.108823,0.034463,0.191966,0.753516,-0.578132,0.062146,0.877964,-0.598918,3.237689,-4.195448,0.325555,1.982126,2.118379,0.387035,-2.219343
10.84,-0.157548,-0.387199,0.299181,-0.487051,0.152249,0.002706,0.019771,0.128939,0.635741,-0.117122,22.3456,-57.7165,23.3428,15.485,-1.9624,-7.2665,-42.4731,-12.0532,-4.6495,17.0,-0.40958,-0.054802,0.10791,-0.789779,0.336764,0.102797,0.064016,0.217008,0.731852,-0.567913,0.625321,-0.332087,-1.233003,3.457852,-5.472903,-0.313368,1.274263,0.949508,-1.12863,0.492952
10.86,-0.221937,0.200646,0.093307,-0.85392,0.211478,0.092522,-0.282285,0.169823,0.88389,-0.085534,-5.4564,60.0,-4.0047,-48.289,1.6061,13.4541,-43.6536,3.6822,39.3917,15.0543,-0.387315,-0.075493,0.111191,-0.717,0.289854,0.091529,0.055609,0.189694,0.701134,-0.530061,1.224138,-1.030728,0.648239,3.206718,-4.789084,-0.538192,-0.906707,-1.658199,-1.384128,2.754341
10.88,-0.416063,0.103836,0.095835,-1.069427,0.312448,0.304799,-0.742293,0.210565,0.856349,-0.320375,-22.823,12.5346,-5.6647,-35.1485,0.3573,30.3108,-60.0,8.7866,1.8774,5.5169,-0.375532,-0.067981,0.129505,-0.730817,0.286312,0.093552,0.036176,0.161309,0.7256,-0.47814,0.677261,0.827253,0.672023,-1.807594,0.69511,0.055673,-1.101384,-1.129273,2.04934,0.801731
10.9,-0.676349,-0.051344,0.219217,-0.826146,0.414137,0.156855,-0.224754,0.150075,0.597961,-0.774047,-30.4028,-0.0583,7.1316,39.0219,1.3161,-15.2175,60.0,0.6635,-40.1467,-16.8245,-0.385543,-0.065134,0.135256,-0.82019,0.3258,0.110444,-0.027271,0.148108,0.766086,-0.434213,-0.534666,0.106726,0.369857,-4.612358,2.239759,0.89714,-4.228735,-0.136524,1.724975,3.263778
10.92,-0.857496,-0.061368,0.288056,-0.191579,0.377593,-0.068084,1.785976,0.050699,0.323202,-0.695535,-38.7948,-17.8691,9.145,99.6084,-1.493,-43.4643,60.0,-13.7573,-40.1793,4.6652,-0.403511,-0.050478,0.157595,-0.847026,0.369052,0.122425,-0.076714,0.165423,0.735721,-0.607407,-1.185298,0.59465,1.141022,-0.149205,1.853196,0.602212,-1.847052,0.668279,-2.507356,-8.273023
10.94,-0.593634,-0.041575,0.141704,-0.675025,0.15012,0.147059,1.794797,0.090023,0.351061,-0.508765,-7.4971,-37.2984,-9.0272,2.7489,-6.0357,0.2063,60.0,-19.4195,-16.0849,-6.9265,-0.424278,-0.027337,0.19233,-0.772818,0.323733,0.12306,-0.071818,0.178154,0.637625,-0.591693,-0.724302,1.305596,1.159582,1.377407,-0.918031,0.13727,1.442602,3.102169,-3.108353,10.347124
10.96,-0.212664,-0.287107,0.152665,-0.598234,0.105763,0.097266,0.781698,0.09857,0.460473,-0.406356,47.5364,-60.0,5.7694,7.9014,-4.144,-21.2882,60.0,-16.6754,-17.4686,2.5362,-0.437945,-0.009011,0.167211,-0.741894,0.284045,0.128723,-0.033766,0.226934,0.592403,-0.46248,-0.555951,0.255678,-2.112872,1.577038,-3.01743,0.670242,1.416696,1.122826,-0.2682,-0.294146
10.98,-0.104115,-0.423474,0.230397,-0.557599,0.104694,0.068524,0.234787,0.097507,0.611821,-0.17871,14.5586,-60.0,15.5145,0.6437,-8.3986,-6.0603,9.6093,-12.8232,5.3452,11.2574,-0.41664,-0.019069,0.127244,-0.692346,0.255165,0.126356,-0.008271,0.229581,0.584772,-0.453069,1.307346,-0.538232,-1.520701,2.261193,2.403803,-0.105757,1.478094,-0.112345,-0.148826,-0.285873
11.0,-0.117692,0.172512,0.248596,-0.554019,0.152843,0.07768,-0.049856,0.127491,0.716149,0.070345,-4.459,60.0,6.7328,-4.7973,-2.0451,-5.3347,-22.2046,1.1429,16.0532,17.0,-0.382063,-0.05137,0.135332,-0.644805,0.248404,0.124379,0.003576,0.190161,0.588534,-0.443217,1.784428,-1.883128,1.343574,2.127944,-1.795331,-0.067552,0.436507,-2.16727,0.356957,0.052424
11.02,-0.41385,0.163398,0.012934,-1.007159,0.206662,0.184701,-0.367339,0.166203,0.867665,0.094853,-45.3518,23.0974,-29.0344,-70.865,-1.8683,9.0304,-60.0,7.0074,29.6724,17.0,-0.350114,-0.049557,0.200199,-0.61426,0.236504,0.124992,0.019345,0.152155,0.606919,-0.451774,1.447755,0.738761,3.014898,1.378569,0.681463,-0.002999,0.688249,-1.638672,1.090765,-0.51927
11.04,-0.598455,0.053263,0.164603,-0.93121,0.383033,0.039973,-0.16447,0.158528,0.686988,-0.471814,-20.9081,17.9966,10.3035,9.6002,-0.8316,-25.0396,-6.5767,4.5105,-22.259,1.1975,-0.358147,-0.046273,0.164054,-0.698704,0.278784,0.137848,0.009398,0.132878,0.66111,-0.457737,-0.612333,0.072407,-2.997523,-5.139374,5.052056,0.418993,-1.068593,-0.569027,3.020645,-1.778394
11.06,-0.810735,-0.02072,0.177699,-0.439333,0.492821,-0.142819,0.505085,0.098743,0.629867,-0.568844,-38.7938,-15.0888,2.3326,79.3474,4.2754,-32.1344,60.0,-5.8696,-9.1533,-2.0059,-0.376017,-0.034637,0.150857,-0.780095,0.338837,0.133294,-0.012604,0.138858,0.677629,-0.475468,-1.068437,0.67731,0.10285,-3.262427,1.902925,-0.37548,-1.116329,0.543485,0.229848,-1.746616
11.08,-0.608498,-0.091436,0.174871,-0.482289,0.335424,0.074683,1.609627,0.077934,0.527403,-0.369095,-18.0031,-24.1088,0.4051,23.5926,3.1801,-8.7597,60.0,-16.4263,-38.5589,8.3316,-0.39419,-0.017511,0.154772,-0.746123,0.32505,0.126357,-0.002476,0.165246,0.683209,-0.522047,-0.572087,0.353347,0.469367,1.846843,-2.793122,0.040797,0.481481,2.250698,1.755016,-2.23587
11.1,-0.168284,-0.401734,0.23146,-0.492628,0.188004,0.053659,0.387023,0.103717,0.635476,-0.158335,39.186,-60.0,9.2714,19.9749,-2.042,-14.5038,50.2908,-11.589,-8.1375,15.0017,-0.399217,-0.004521,0.157319,-0.734212,0.3077,0.126377,0.013889,0.189844,0.69234,-0.532108,-0.183887,0.367403,-0.54321,1.879217,-2.773555,0.145462,0.922271,0.870506,-0.045305,-0.051284
11.12,-0.088564,-0.38345,0.303359,-0.502358,0.205174,0.007729,0.016174,0.118413,0.65692,0.00636,9.3379,-60.0,20.9549,3.4269,-3.5362,-7.975,-20.4573,-4.0754,-3.6398,17.0,-0.377929,-0.005553,0.132526,-0.685633,0.278535,0.118685,0.030829,0.186007,0.688022,-0.515769,1.377995,-0.395288,-1.132368,2.78071,0.607894,-0.350639,0.664203,-0.785022,-0.118511,-0.174558
11.14,-0.221741,-0.143114,0.077501,-0.979899,0.191101,0.116682,-0.255914,0.180859,0.951875,-0.014377,-19.3358,12.7475,-9.0484,-69.2868,-3.1619,14.8662,-28.1639,5.1123,44.25,15.6691,-0.348764,-0.027028,0.127007,-0.643039,0.254219,0.107053,0.019736,0.160859,0.678512,-0.476683,1.552835,-1.362973,1.198551,2.167521,0.643593,-0.542913,-1.021953,-0.910288,-0.375029,2.851629
11.16,-0.420389,0.005781,0.171324,-1.138299,0.384285,0.255648,-0.759522,0.199487,0.812891,-0.455609,-25.1873,43.4419,7.4472,-28.1615,4.7115,13.5995,-60.0,3.4981,-12.4774,-3.6515,-0.34096,-0.053149,0.120154,-0.704907,0.273106,0.114238,-0.00657,0.157822,0.724484,-0.40998,0.536885,-1.199675,-0.681523,-4.257833,-0.266983,0.307901,-1.34049,0.195508,2.974168,1.844799
11.18,-0.727345,-0.062769,0.273984,-0.725177,0.461381,0.044715,0.04954,0.124706,0.604171,-0.825726,-42.5018,10.9925,5.7793,67.0819,2.8147,-27.4472,60.0,-2.4626,-32.3002,-14.7407,-0.351706,-0.067856,0.149654,-0.827158,0.342909,0.126283,-0.071943,0.152753,0.757181,-0.428418,-0.559987,-0.378035,1.946103,-5.983902,1.94357,0.615321,-4.281328,-0.100055,1.080286,-1.163291
11.2,-0.7998,-0.032853,0.308207,-0.212519,0.37753,-0.02054,1.964572,0.056783,0.405154,-0.593186,-31.0279,-20.657,5.4237,82.323,-3.3867,-26.7088,60.0,-13.7148,-28.0415,11.1577,-0.370181,-0.051606,0.195034,-0.837284,0.397504,0.131014,-0.104562,0.169153,0.725878,-0.642375,-1.351622,0.924982,1.723775,1.316361,2.613893,0.16081,-0.161182,0.724721,-2.318838,-9.283014
11.22,-0.525369,-0.062282,0.136646,-0.615304,0.173791,0.164151,1.60535,0.093448,0.420833,-0.486326,-8.5439,-51.8122,-9.6673,18.8233,-5.7154,1.6031,60.0,-23.6957,-17.3455,-8.0572,-0.390293,-0.024022,0.223645,-0.774808,0.316033,0.131349,-0.069365,0.196151,0.655574,-0.545628,-0.473967,1.673558,0.282954,0.589598,0.025983,0.134184,2.764903,3.926701,-2.064438,10.534637
11.24,-0.071609,0.121533,0.130706,-0.504246,0.109342,0.131987,0.491353,0.083254,0.565476,-0.325389,51.7563,24.2909,3.9685,15.3139,-3.7507,-17.0159,58.0815,-17.8469,-17.1722,5.6215,-0.396241,-0.00769,0.180853,-0.740974,0.284935,0.140704,-0.016338,0.242751,0.636795,-0.437013,-0.123838,0.058877,-2.627419,2.333647,-3.306148,0.635399,1.646893,0.55491,0.748142,-1.16823
11.26,-0.006461,0.113804,0.20962,-0.593756,0.204519,0.097005,0.079123,0.076435,0.617794,-0.165246,7.2515,-14.8764,10.8905,-18.4587,2.1016,-4.5536,-49.3032,-12.1095,-11.1059,11.4802,-0.363674,0.015523,0.147396,-0.669857,0.225716,0.13914,0.027253,0.231463,0.650564,-0.445319,1.874059,1.308697,-1.365332,3.452031,-2.979207,-0.071458,2.261617,-0.992518,0.71531,-0.280093
11.28,-0.228205,0.169726,0.057224,-0.724016,0.19613,0.165207,-0.342573,0.13537,0.867808,0.074581,-31.4737,21.45,-15.7849,-22.055,-0.4507,13.7921,-60.0,5.2078,31.6336,17.0,-0.326035,0.025332,0.16213,-0.635934,0.21202,0.131679,0.045805,0.171541,0.651911,-0.443861,1.866688,0.281539,1.548473,1.021805,-0.186699,-0.354456,0.625648,-2.581127,0.086781,-0.066072
11.3,-0.500812,0.056382,0.082663,-0.92343,0.34975,0.199893,-0.669485,0.172909,0.834464,-0.347002,-41.026,12.074,-1.7427,-31.2488,3.4812,-1.24,-60.0,10.5518,1.0504,4.7554,-0.31235,0.02099,0.146244,-0.651751,0.235646,0.141394,0.03428,0.126156,0.690791,-0.435198,0.516005,-0.189323,-1.349895,-1.098123,1.093909,0.405101,-1.102387,-1.718754,2.368906,-1.239953
11.32,-0.749623,-0.09341,0.216312,-0.498225,0.462512,-0.072249,0.32813,0.087926,0.599813,-0.753335,-39.0893,-6.5039,10.4605,67.7312,4.1987,-42.9983,60.0,-3.1341,-34.6629,-15.431,-0.328365,0.007512,0.128105,-0.725593,0.302407,0.152269,-0.027063,0.113737,0.730744,-0.425551,-0.974822,-0.518454,-0.479609,-3.885608,2.227765,0.377014,-3.968636,0.161758,1.736,2.343138
11.34,-0.6352,-0.090537,0.212977,-0.461075,0.259535,0.053547,1.896041,0.071642,0.358872,-0.478249,-9.1299,-49.9078,3.659,54.6215,-2.9694,3.7991,60.0,-9.2827,-34.2578,12.5108,-0.351481,0.016862,0.151169,-0.742128,0.315751,0.142771,-0.050941,0.132411,0.705453,-0.595546,-1.352152,1.077346,0.737606,-1.440212,0.728085,-0.695033,1.132384,0.937661,-2.048673,-7.897868
11.36,-0.267302,-0.339402,0.158964,-0.492202,0.150221,0.046865,0.85922,0.101618,0.481224,-0.537643,23.093,-60.0,0.7195,15.1765,-5.5481,-17.7917,60.0,-11.461,-20.721,-2.6368,-0.362496,0.029005,0.152007,-0.724891,0.299278,0.143131,-0.024224,0.176892,0.66423,-0.457731,-0.35652,-0.034143,-0.006965,2.279505,-0.41836,0.135577,0.639522,1.150512,-0.77767,-0.565372
11.38,-0.138513,0.114918,0.348004,-0.65529,0.281221,0.00221,-0.181049,0.094808,0.694477,-0.210985,15.9709,37.5349,32.3965,-22.9446,4.4215,-8.1131,-60.0,-15.2635,21.1879,9.473,-0.350991,0.016411,0.115155,-0.667373,0.258768,0.13401,-0.000448,0.206216,0.639521,-0.451041,0.643184,-0.675847,-2.66501,2.860775,-3.558936,-0.471518,1.875592,1.20585,-1.495795,0.130547
11.4,-0.548635,0.108879,0.155265,-0.889177,0.313967,0.049313,-0.403865,0.146147,0.717347,-0.271063,-59.1542,7.9786,-19.4754,-36.9755,0.9153,4.4254,-60.0,7.6518,10.6019,6.8609,-0.33303,0.020113,0.176777,-0.653266,0.259352,0.122094,-0.003099,0.163246,0.634263,-0.428689,1.084598,0.370432,5.067011,0.183611,1.282082,-0.620603,-0.743477,-2.738134,0.215024,-0.561458
11.42,-0.767533,-0.052533,0.264584,-0.173569,0.468411,-0.166689,1.258503,0.015224,0.422453,-0.558952,-35.5216,-13.7173,6.4859,110.7879,6.0999,-36.4972,60.0,-9.3911,-42.0916,-8.5188,-0.350668,0.018425,0.200195,-0.713701,0.282608,0.119801,-0.03837,0.132441,0.650674,-0.418172,-1.092468,-0.017969,-0.013741,-3.439806,1.345686,-0.261971,-2.0508,-0.681673,0.908073,2.916772
11.44,-0.388286,-0.082423,0.176101,-0.741554,0.176027,0.158949,1.307522,0.060228,0.469835,-0.490766,4.7087,-50.1627,-2.7559,-23.6899,-2.4736,11.1198,60.0,-12.7416,-2.488,-9.7548,-0.363327,0.035174,0.210335,-0.685341,0.262342,0.105799,-0.0256,0.122698,0.60365,-0.444974,-0.341905,1.009717,-0.195218,1.763119,-0.988924,-0.12731,2.097842,1.899551,-2.031914,8.003147
11.46,-0.088423,-0.355071,0.282807,-0.573455,0.232181,0.066875,0.191957,0.071354,0.643478,-0.161495,41.0177,-60.0,14.657,21.3749,1.8275,-16.4297,-15.5026,-14.2105,6.922,9.9224,-0.367658,0.038241,0.182964,-0.683648,0.239944,0.111947,0.010401,0.157143,0.595809,-0.438393,0.035095,-0.095819,-1.36668,-0.559973,-2.159635,0.391102,1.963614,1.647163,0.026394,1.165179
11.48,-0.419811,0.092059,0.229506,-0.587223,0.370209,-0.059049,-0.248163,0.101407,0.715409,0.02918,-53.72,60.0,-1.2925,-5.0341,2.2396,-26.1103,-58.2671,0.6822,13.3873,17.0,-0.338647,0.005356,0.192608,-0.654616,0.273973,0.111315,0.018474,0.139264,0.600507,-0.426427,1.680503,-1.984373,1.45724,1.749836,1.626112,0.022475,0.187198,-1.306785,0.444631,0.096488
11.5,-0.552875,9e-05,0.270009,-0.400808,0.488554,-0.124813,1.060634,0.017332,0.508062,-0.364578,-29.6259,4.2286,3.6532,37.4821,9.8377,-26.5378,60.0,-5.2536,-18.6993,3.4159,-0.332789,-0.008531,0.214505,-0.646317,0.27753,0.10986,0.013457,0.110803,0.608382,-0.423984,-0.137002,-0.094913,0.554928,-0.075779,-1.410849,-0.350425,-0.563802,-1.197253,0.42193,-1.050189
11.52,-0.209738,-0.156062,0.181129,-0.579969,0.264533,0.107979,0.914051,0.063066,0.623583,-0.43254,18.5285,-52.058,-1.158,-0.9651,0.505,4.9909,60.0,-10.7046,0.6158,0.7789,-0.33408,0.011199,0.218564,-0.634129,0.258722,0.097743,0.046066,0.103582,0.590194,-0.430649,0.004966,0.705108,-0.756203,1.050267,-0.275278,-0.139769,1.744862,1.945887,0.507575,-0.863133
11.54,0.037579,-0.388454,0.285189,-0.521195,0.275596,0.041336,0.09006,0.079579,0.643388,-0.274624,33.5973,-60.0,16.1783,6.2097,0.7587,-12.3349,-60.0,-11.7635,-9.7619,5.371,-0.322451,0.012727,0.181141,-0.612665,0.24884,0.098797,0.093616,0.135923,0.614259,-0.452146,0.825463,-0.105995,-1.688666,0.867895,0.314618,0.150305,3.074796,1.792693,1.632914,1.747338
11.56,-0.244671,-0.100999,0.109915,-1.031619,0.29491,0.05397,-0.42382,0.154441,0.885461,-0.319541,-27.6096,12.3796,0.3038,-70.5371,4.6314,13.5578,-60.0,8.5356,35.1887,3.8348,-0.296531,-0.009516,0.150467,-0.596533,0.237299,0.08718,0.10037,0.116371,0.625708,-0.445132,1.431465,-1.162544,-1.27492,0.609465,-2.350433,-0.74991,-0.397828,-1.38304,0.436138,1.20085
11.58,-0.459918,-0.121081,0.131221,-1.126577,0.373309,0.164262,-0.634868,0.198589,0.979725,-0.399813,-25.9015,17.0639,-0.167,-14.3304,1.2029,21.2271,-60.0,8.8813,11.9376,4.0233,-0.295208,-0.038743,0.13875,-0.695574,0.300096,0.083525,0.058515,0.105816,0.686538,-0.431832,0.048338,-1.270763,-0.171367,-5.814651,1.743112,-0.36877,-2.587925,0.115838,3.702377,-2.770201
11.6,-0.707714,-0.095201,0.261159,-0.671573,0.505977,0.008519,-0.348119,0.149984,0.701295,-0.738637,-33.8477,19.0264,10.3723,71.5069,1.8009,-21.0962,45.8755,-2.694,-44.889,-13.7044,-0.314363,-0.064765,0.144535,-0.822112,0.371645,0.090521,-0.019605,0.124745,0.771285,-0.420619,-1.017514,-0.951742,0.37734,-5.653583,3.608403,0.355796,-4.228534,1.526134,3.973943,0.993606
11.62,-0.693107,-0.113676,0.223034,-0.360445,0.36107,0.025754,1.497358,0.107734,0.419037,-0.475811,-1.0556,-16.0125,-2.8884,104.2415,-3.9684,-5.0749,60.0,-7.6067,-41.5808,11.8586,-0.341738,-0.063449,0.185817,-0.844454,0.413241,0.08923,-0.077053,0.154457,0.771961,-0.58543,-2.089222,0.226143,1.933363,-3.656138,1.900526,-0.179864,-2.079669,0.858272,-1.312423,-7.549316
11.64,-0.333225,-0.368338,0.216155,-0.391425,0.19546,0.050853,0.533865,0.119545,0.613054,-0.488425,19.9131,-60.0,5.6193,58.9699,-7.6163,-11.0676,30.6766,-5.8081,31.6746,-1.1005,-0.361038,-0.035536,0.190934,-0.855201,0.41333,0.085726,-0.054636,0.165453,0.683297,-0.535751,-0.636726,1.976099,-0.905895,1.224449,-1.109589,0.236086,3.297968,0.35604,-4.877635,3.023839
11.66,-0.356506,-0.243805,0.319303,-0.829363,0.277398,0.021625,-0.212135,0.119657,0.818827,-0.252805,-28.0545,-58.9865,21.8783,-44.8824,-3.2364,-17.1583,-60.0,-8.3312,24.8718,9.3735,-0.344245,-0.01543,0.159923,-0.791169,0.370824,0.092864,-0.005523,0.18743,0.681944,-0.506464,1.060403,0.504472,-1.737456,4.52431,-0.505733,0.261808,2.607645,0.454491,-0.501424,0.780651
11.68,-0.692425,0.046189,0.147884,-0.800348,0.408457,0.103731,-0.48031,0.138374,0.756393,-0.535771,-55.2914,53.4103,-13.8622,2.9673,2.9276,-0.4283,-55.0582,2.9128,-0.6565,-6.0656,-0.341537,-0.037379,0.180787,-0.785561,0.362046,0.09798,-0.018394,0.158338,0.695437,-0.47477,0.107525,-1.390712,3.092087,-0.599191,-1.081954,0.052215,-1.414525,-1.43589,1.132408,3.662226
11.7,-0.935541,-0.082262,0.278157,-0.318679,0.39682,-0.043879,1.577628,0.001224,0.38728,-0.704905,-42.2903,-5.2079,6.927,75.5313,-0.3689,-28.5631,60.0,-10.5082,-53.94,-6.4862,-0.3691,-0.049371,0.205699,-0.799698,0.380018,0.105915,-0.062104,0.132925,0.711768,-0.50655,-1.726231,-0.051933,0.093241,-0.390398,1.051464,0.246502,-2.510089,-0.778574,0.608611,-1.462633
11.72,-0.455981,-0.014053,0.128234,-0.764304,0.098255,0.189963,1.394343,0.056068,0.380576,-0.559103,19.4259,-24.4326,-10.4875,-14.8273,-8.0175,-1.1715,60.0,-10.1429,-19.2167,-7.9587,-0.400173,-0.030113,0.220676,-0.770061,0.329885,0.107007,-0.065594,0.123255,0.652175,-0.516715,-1.124385,1.047668,0.363663,1.81313,-1.260243,0.550723,0.94279,1.001512,-2.487081,6.326478
11.74,-0.015042,-0.368796,0.176436,-0.709513,0.125287,0.136718,0.239749,0.053374,0.57595,-0.315402,69.1752,-60.0,8.2624,-0.5144,-4.1088,-0.1254,11.8401,-13.5074,-0.0936,6.7531,-0.410749,-0.014788,0.180946,-0.747714,0.277477,0.112657,-0.038427,0.147794,0.629135,-0.489977,-0.397186,0.788404,-2.548531,0.721573,-1.998736,0.151065,1.659719,1.189053,-0.911041,0.232258
11.76,-0.045943,0.086457,0.292893,-0.565582,0.277892,0.050248,-0.315972,0.077915,0.678018,-0.0606,4.2658,60.0,19.4638,15.4572,2.6271,-5.0954,-60.0,-0.2958,11.7323,13.6926,-0.38227,-0.031646,0.139781,-0.724159,0.263445,0.107017,-0.021234,0.128561,0.618623,-0.466648,1.868106,-1.427706,-1.214563,0.962488,-2.06986,-0.138333,0.869856,-1.394792,-0.326226,2.575038
11.78,-0.632274,0.113126,0.146968,-0.883662,0.291306,0.014243,-0.327647,0.106797,0.71265,-0.253969,-89.5001,35.4824,-19.7649,-47.8286,0.4666,-7.4551,-42.8117,8.2441,8.3243,7.8897,-0.342836,-0.03937,0.20264,-0.684387,0.280806,0.102656,-0.025227,0.086162,0.625705,-0.444881,1.864105,-0.188848,4.152596,2.07272,-0.047057,-0.234887,-0.669733,-1.807736,0.545107,-0.255822
11.8,-0.715203,-0.037442,0.227913,-0.395425,0.462704,-0.133347,1.168205,0.0189,0.441904,-0.456362,-20.2465,-8.5185,2.8287,75.8467,5.3258,-34.7796,60.0,-5.9778,-35.6472,1.6721,-0.359621,-0.037738,0.219155,-0.730108,0.310052,0.107522,-0.047651,0.076146,0.640325,-0.44609,-1.338514,0.325071,-0.571205,-2.963279,0.788163,-0.054636,-1.268707,0.074052,0.679935,-2.103999
11.82,-0.35917,-0.161097,0.162926,-0.73273,0.189407,0.156976,1.009974,0.059235,0.594769,-0.389622,31.1662,-60.0,-7.5539,-6.4949,-4.1846,27.7162,60.0,-2.2697,25.2568,4.3712,-0.378382,-0.017109,0.221111,-0.7012,0.306656,0.092518,-0.026306,0.07914,0.594732,-0.486133,-1.144097,1.865309,0.507587,0.203998,-0.5104,-0.730018,3.151172,0.08164,-2.917879,-0.515946
11.84,-0.036508,-0.4716,0.292794,-0.440691,0.244797,0.04462,0.132205,0.07819,0.662168,-0.166742,47.4535,-60.0,17.9765,40.0818,-3.5783,-17.3192,-34.5882,-9.9104,-0.0311,10.4617,-0.381591,-0.01391,0.188076,-0.698694,0.296445,0.100293,0.006535,0.118591,0.611271,-0.488846,0.174296,0.214705,-2.195022,-0.159613,1.527696,0.362761,2.263321,1.71697,0.885792,2.446969
11.86,-0.204462,-0.185497,0.182227,-0.660844,0.300342,0.002134,-0.211484,0.123113,0.768004,-0.204985,-19.8988,-11.1992,6.024,-18.571,3.2888,-3.2996,-46.3688,3.0384,16.3879,9.4478,-0.35216,-0.03228,0.162691,-0.656691,0.283358,0.093921,0.013755,0.114482,0.624399,-0.480679,1.701058,-0.736888,-1.19055,2.073975,-2.635761,-0.423445,0.050056,-0.636248,0.595425,1.595954
11.88,-0.434672,0.05587,0.19035,-1.04603,0.430142,0.076663,-0.570482,0.141137,0.681447,-0.478146,-34.9866,54.6217,1.7138,-58.0349,6.4903,5.4683,-60.0,3.2093,-8.6678,-2.0857,-0.332878,-0.056212,0.158934,-0.651637,0.283508,0.089283,-0.005197,0.107946,0.652584,-0.445517,0.797571,-1.220497,0.417613,-0.129888,-0.631212,-0.297763,-1.140598,0.032151,1.501874,0.788487
11.9,-0.790958,-0.0649,0.234667,-0.64196,0.454591,-0.043907,0.67686,0.046525,0.443769,-0.648098,-49.5474,-3.5248,-0.0351,63.8809,0.4007,-14.8129,60.0,-5.9525,-35.8547,-6.7673,-0.345418,-0.063761,0.188451,-0.749311,0.36625,0.08661,-0.056717,0.104251,0.664546,-0.459685,-0.699116,0.124953,1.362012,-5.520947,3.164552,-0.192725,-3.175143,0.052608,0.3164,-0.777013
11.92,-0.592073,-0.090547,0.191413,-0.586237,0.278203,0.11353,1.579238,0.04963,0.469262,-0.5309,0.5338,-25.0961,-4.8426,32.5893,1.1459,-0.9916,60.0,-11.9949,-8.367,-6.2373,-0.371369,-0.047455,0.209875,-0.769686,0.353983,0.084076,-0.071967,0.110902,0.616763,-0.537141,-1.360704,0.624459,0.876418,-0.58609,-4.219276,0.218825,0.614547,1.716209,-1.589802,6.552492
11.94,-0.148675,-0.39341,0.215444,-0.579171,0.125068,0.075036,0.426158,0.081095,0.574167,-0.397685,43.1029,-60.0,4.3761,16.3832,-6.1096,-12.6691,60.0,-9.3583,-12.7723,4.3791,-0.383009,-0.033522,0.204051,-0.770265,0.347638,0.092844,-0.048598,0.142764,0.622326,-0.487305,-0.321688,0.31698,-0.94671,1.419085,-2.821374,0.404414,1.053095,0.933426,0.641149,-0.802303
11.96,-0.092175,-0.34224,0.204402,-0.635271,0.127315,0.042233,0.203796,0.100705,0.690635,-0.320221,12.4176,-57.7907,12.8735,0.4529,-8.4271,-5.6149,-1.8872,-6.148,10.3891,8.2667,-0.362134,-0.034561,0.165031,-0.730491,0.327261,0.08946,-0.017301,0.153704,0.624619,-0.48618,1.135679,-0.141934,-2.613753,1.598112,0.43363,-0.059424,1.747328,0.248078,-0.056236,-1.644764
11.98,-0.162972,-0.130371,0.045731,-0.908578,0.203884,0.032818,0.103907,0.125702,0.935501,-0.249111,-5.9771,-5.2271,-2.6967,-37.9897,-5.1338,-4.1846,-0.7471,0.2375,37.1343,6.6682,-0.334885,-0.048795,0.129386,-0.703572,0.313964,0.086683,-0.000651,0.142372,0.638737,-0.47081,1.284845,-0.420204,-1.658022,0.83646,0.737986,-0.157561,0.820816,-0.557041,0.852813,2.221971
12.0,-0.307338,0.086663,0.072507,-0.981648,0.370571,0.248925,-1.092729,0.141068,0.930512,-0.150559,-19.92,42.5594,4.209,-16.0678,2.8432,24.1969,-60.0,0.853,4.9407,9.6838,-0.318205,-0.058868,0.089671,-0.739006,0.319876,0.088968,0.012931,0.137039,0.699783,-0.463618,0.871694,-0.509835,-1.733086,-2.34903,-0.823629,-0.008222,0.654246,-0.131654,3.42831,2.867247
12.02,-0.511344,-0.1696,0.066381,-1.101651,0.262977,0.408897,-0.92916,0.30487,1.111932,-0.290307,-26.7658,-15.3051,-4.7896,-14.9375,-4.3548,28.5957,-60.0,24.5211,25.0066,2.2204,-0.318457,-0.064195,0.090755,-0.807802,0.350051,0.103392,-0.00311,0.11258,0.767112,-0.45385,-0.087668,-0.218893,0.687985,-3.367214,0.880642,0.696953,-1.892803,-1.547825,3.087168,4.364973
12.04,-0.7089,-0.10064,0.245587,-0.720204,0.383773,0.167339,-0.386119,0.20494,0.777323,-0.761337,-19.5057,58.3023,10.0014,60.8854,-5.441,-31.9597,60.0,-2.0592,-52.3526,-17.0,-0.344652,-0.100662,0.103325,-0.892669,0.408332,0.134648,-0.0766,0.140399,0.862829,-0.420898,-1.42106,-2.209338,1.235667,-4.046193,4.5037,1.491113,-4.871429,2.489984,4.567435,4.75883
12.06,-0.657452,-0.141006,0.217669,-0.252544,0.324657,-0.048553,1.144475,0.145984,0.41096,-0.476862,2.6177,-10.0697,-0.7472,120.0,-6.1431,-36.3221,60.0,-10.1424,-54.5109,12.8439,-0.372081,-0.102258,0.160632,-0.916115,0.448602,0.145336,-0.130024,0.191742,0.863273,-0.588894,-1.837361,0.087924,1.886761,-3.337966,1.197249,0.292801,-1.882226,1.628137,-1.541023,-8.447123
12.08,-0.438663,-0.237542,0.121154,-0.416353,0.225259,0.00632,1.060525,0.144369,0.522553,-0.551667,-11.5127,-60.0,-2.3702,55.9755,-6.7687,-11.9251,60.0,-8.6297,21.2942,-3.5892,-0.376321,-0.073557,0.16841,-0.911993,0.436288,0.133478,-0.103394,0.21142,0.746947,-0.539208,0.087429,2.121849,-0.688906,2.122786,-1.689326,-0.289159,3.538249,0.562936,-6.350044,3.122021
12.1,-0.411231,0.104108,0.172968,-0.946325,0.322989,0.006396,-0.403277,0.129165,0.843583,-0.149123,-25.5464,29.8703,13.7151,-63.9385,4.1462,-15.5567,-60.0,-20.1734,29.4491,11.4519,-0.360936,-0.059186,0.123625,-0.832674,0.372183,0.132455,-0.048095,0.254636,0.728091,-0.500139,0.728185,0.105671,-2.568231,5.41841,-6.175698,-0.135595,2.757392,2.23057,-1.40112,2.614917
12.12,-0.719517,0.063268,0.104983,-0.792605,0.350647,0.106211,-0.188015,0.171229,0.872271,-0.410978,-49.9039,19.1972,-9.9505,22.4814,1.1309,3.3421,7.1366,10.8958,14.2069,3.5771,-0.363569,-0.056346,0.137128,-0.838335,0.351578,0.132379,-0.050095,0.20162,0.730291,-0.47925,-0.141103,0.179088,1.970168,-1.805175,-1.179886,-0.293963,-1.315821,-4.075734,0.819271,-0.854809
12.14,-0.975696,-0.08284,0.238138,-0.256161,0.410055,-0.0565,1.469777,0.038351,0.38234,-0.725018,-48.5512,-24.2848,10.9075,84.0711,2.7283,-34.8343,60.0,-11.5346,-71.6077,-11.9991,-0.389368,-0.04558,0.14416,-0.842705,0.342831,0.138935,-0.065868,0.17059,0.763393,-0.462972,-1.593638,0.637926,-0.441569,0.45186,-0.039737,0.223241,-0.742123,-0.494099,1.669704,1.532567
12.16,-0.609686,0.036201,0.159889,-0.466988,0.108409,0.155314,1.763557,0.083098,0.265416,-0.589773,11.8938,16.2622,-4.1935,-0.9734,3.6743,-14.0883,60.0,-16.1681,-60.6227,-6.0431,-0.426245,-0.031933,0.158991,-0.726757,0.294686,0.135893,-0.052847,0.169278,0.700323,-0.505835,-1.594122,-0.099868,1.2528,4.615065,-11.237689,0.687705,0.722106,2.208273,-0.533078,2.712665
12.18,-0.072346,0.133313,0.076757,-0.765365,0.055581,0.135961,0.700507,0.076389,0.407835,-0.442939,77.4585,10.2027,-8.4169,-49.7378,-1.49,10.0074,60.0,-19.0666,-24.0754,0.9141,-0.444178,-0.021944,0.16754,-0.64286,0.176236,0.13132,-0.032686,0.208782,0.674584,-0.489681,-0.877101,0.790121,-0.193451,3.623999,-3.369853,-0.376633,1.275589,1.70439,-1.841566,0.965239
12.2,0.012039,0.105089,0.207345,-0.664678,0.185252,0.108186,0.007241,0.068587,0.648445,-0.124755,25.5031,-22.722,15.331,8.1324,5.1685,18.1754,-60.0,-15.2525,3.7806,13.9048,-0.424994,0.0068,0.132231,-0.642387,0.117685,0.112474,0.011585,0.222042,0.653294,-0.479404,1.620094,1.606086,-2.287093,-1.326092,-2.49075,-0.761211,2.753086,-0.027192,-0.52089,0.284034
12.22,-0.264628,0.160811,0.046095,-0.80463,0.233903,0.146494,-0.394641,0.137596,0.852385,0.112695,-37.1292,24.4306,-16.794,-21.3336,1.7192,13.3696,-60.0,11.9661,28.2188,17.0,-0.382587,0.015279,0.146943,-0.65148,0.1484,0.10355,0.031426,0.151498,0.652868,-0.452712,2.217585,0.177202,1.962346,-0.189382,1.718163,-0.280234,0.530991,-3.906489,0.197454,1.138058
12.24,-0.638197,0.049162,0.138532,-0.780593,0.394695,0.043221,-0.19766,0.115924,0.614793,-0.565193,-59.6023,14.7162,3.9047,6.8683,6.2764,-21.7579,-5.0097,5.4209,-30.5604,-12.2038,-0.363662,0.009581,0.137703,-0.693561,0.196548,0.114226,0.018221,0.105207,0.6905,-0.411572,0.74517,-0.2577,-1.117808,-2.302189,1.666079,0.449282,-1.446413,-1.272092,2.219126,6.120164
12.26,-0.944295,-0.080049,0.251375,-0.186546,0.367102,-0.036777,1.851238,0.010146,0.387872,-0.695242,-57.713,-25.0465,11.3017,93.9666,-1.6623,-22.4486,60.0,-10.3225,-32.5435,-4.5083,-0.376285,0.011967,0.134916,-0.733208,0.300593,0.117038,-0.010248,0.103074,0.680276,-0.487408,-1.111899,0.251765,0.10067,-1.382862,4.366285,-0.025228,-1.429903,0.301143,-1.307719,-3.843449
12.28,-0.396354,-0.020489,0.063673,-0.418009,0.219959,0.158125,1.58823,0.059027,0.405771,-0.508731,43.8422,-3.8283,-15.967,-34.1576,-5.6068,-11.7202,60.0,-15.9943,-14.6506,-8.4084,-0.407591,0.017345,0.161818,-0.618024,0.32897,0.123271,-0.010486,0.121318,0.618749,-0.493027,-1.705229,-0.141687,1.799528,7.413886,1.258959,0.685556,0.232563,2.856141,-1.998617,7.858793
12.3,0.116271,0.051419,0.054414,-0.619153,0.17294,0.185371,0.671189,0.053507,0.550453,-0.128049,78.5784,2.9204,0.2138,-38.0319,-1.7873,13.3039,60.0,-15.7546,-11.2254,13.6547,-0.415146,0.017052,0.13326,-0.529451,0.280721,0.123342,0.003117,0.163384,0.611751,-0.456392,0.045877,0.149812,-2.368641,2.83991,-2.549414,-0.161783,0.859963,1.39425,0.234651,-0.526216
12.32,0.194394,0.044728,0.107104,-0.62291,0.247421,0.122967,0.1382,0.041657,0.652228,0.014408,25.7901,-22.6116,8.4703,-7.1517,2.9846,12.7976,-45.1276,-9.0696,-6.5035,17.0,-0.378251,0.03234,0.089437,-0.524971,0.228322,0.111619,0.038846,0.163428,0.628511,-0.468615,2.431304,0.950814,-1.960682,-0.871172,-2.243088,-0.448808,2.463276,-0.908901,1.162587,-3.376
12.34,-0.038305,-0.377693,0.054615,-0.64692,0.178641,0.105862,-0.03417,0.094592,0.859637,0.130942,-30.9849,-60.0,-5.2197,-4.0911,-2.7652,8.3499,-35.0254,6.4656,21.1986,17.0,-0.32015,0.030362,0.085822,-0.548575,0.235017,0.103638,0.058692,0.121719,0.654543,-0.481514,2.963419,-0.21396,0.613932,-1.23189,0.515312,-0.324252,0.623524,-2.6845,1.105329,-0.462872
12.36,-0.202529,-0.309957,-0.039094,-0.856059,0.192436,0.172957,-0.122902,0.144553,0.928649,0.075039,-35.2953,3.406,-8.7485,-29.1699,-10.0037,-4.8123,-16.4269,5.4568,14.9338,17.0,-0.278558,-0.01738,0.070038,-0.580343,0.225516,0.113722,0.046969,0.096977,0.696728,-0.47138,1.888992,-2.346668,-0.633114,-1.408325,8.768202,0.554058,-0.664997,-0.204531,2.294236,-0.144815
12.38,-0.30102,0.080161,0.08661,-1.053435,0.360317,0.257726,-0.90202,0.185134,0.878009,-0.078688,-2.041,60.0,13.7755,-35.4208,-0.1954,11.0262,-60.0,5.4945,-4.2276,13.5708,-0.275932,-0.057835,0.029724,-0.637342,0.286562,0.128621,0.033272,0.108443,0.749632,-0.455815,-0.069666,-1.780595,-2.365262,-3.119151,3.177402,0.337335,-0.814597,0.636027,2.713676,1.529525
12.4,-0.514403,-0.014454,0.152916,-1.007905,0.353972,0.316575,-0.71676,0.228702,0.850979,-0.523212,-22.3964,19.2996,1.8126,8.2735,-1.7743,18.4942,-60.0,12.9601,-7.7711,-10.0441,-0.286431,-0.07062,0.057411,-0.746256,0.350415,0.135904,0.002506,0.108644,0.797137,-0.417595,-0.477286,-0.305695,2.263183,-5.491205,1.935957,0.348131,-2.400229,-0.279127,1.831215,5.878149
12.42,-0.798676,-0.123367,0.311567,-0.576966,0.456735,0.002647,0.142207,0.144545,0.666981,-0.856246,-40.1891,2.0332,9.2176,68.4371,0.6678,-45.6812,60.0,-4.4996,-28.1845,-12.9524,-0.311756,-0.083255,0.118668,-0.834376,0.420196,0.153146,-0.072481,0.128163,0.818836,-0.471031,-1.328727,-0.381083,2.945982,-3.446454,0.801731,0.934647,-4.14005,1.795198,0.624718,-2.481001
12.44,-0.651489,-0.124495,0.230811,-0.338411,0.264525,0.086154,1.969911,0.123147,0.422929,-0.424668,-17.062,-36.4792,-0.3723,95.6603,-7.8587,-6.57,60.0,-10.1671,-33.2686,17.0,-0.339011,-0.071555,0.176677,-0.885601,0.449271,0.152318,-0.09105,0.171635,0.782216,-0.681788,-1.205797,0.981209,1.692236,-1.569432,0.473559,-0.135694,0.836238,1.555483,-2.383225,-8.870422
12.46,-0.367088,-0.291202,0.129568,-0.387594,0.193334,0.061331,1.122223,0.131451,0.469267,-0.562918,0.0228,-60.0,-3.1331,41.1427,-9.9678,-22.4703,60.0,-21.3648,-8.583,-15.0892,-0.347933,-0.041246,0.182257,-0.863123,0.42611,0.1525,-0.034535,0.221411,0.707123,-0.487499,-0.117142,1.148323,-0.624667,3.488185,0.66337,0.355754,3.583212,3.617648,-3.130955,12.194367
12.48,-0.110456,-0.4416,0.229198,-0.601709,0.122567,0.040932,0.250312,0.119912,0.603042,-0.342872,14.1336,-60.0,21.8982,-7.3948,-8.3527,-15.1228,-47.4517,-20.5151,2.7297,4.7551,-0.334504,-0.022446,0.130962,-0.786838,0.375125,0.152519,0.038008,0.275999,0.680541,-0.442254,0.787702,0.539263,-3.531614,4.063332,-1.767323,-0.065334,3.407454,1.43503,-1.658736,-0.787719
12.5,-0.223449,0.140951,0.138588,-0.794726,0.22056,0.116374,-0.302429,0.146783,0.844606,-0.101643,-13.0005,60.0,4.9957,-28.8945,-7.1164,9.9005,-60.0,0.7433,37.8911,10.0982,-0.311827,-0.046409,0.109831,-0.723827,0.341685,0.144114,0.058429,0.236969,0.654642,-0.40296,1.062098,-1.143981,-0.620046,2.109958,2.294327,-0.568787,0.854357,-2.855199,-1.085805,1.974182
12.52,-0.509529,0.014626,0.133674,-0.940062,0.312897,0.280066,-0.697995,0.184593,0.782698,-0.414781,-39.46,6.039,-5.3161,-26.5697,0.2438,17.2403,-60.0,10.3853,0.962,-4.7861,-0.304231,-0.049234,0.134922,-0.726803,0.328606,0.147505,0.050555,0.173387,0.674672,-0.378935,0.350509,0.255166,1.518395,-0.626187,-0.880928,0.106942,-1.234561,-2.709752,1.761255,3.386134
12.54,-0.752362,-0.086651,0.228557,-0.516905,0.418169,-0.026737,0.441862,0.084038,0.586083,-0.686817,-31.5278,5.9781,4.8987,64.6619,1.0975,-43.8187,60.0,-4.0768,-29.5271,-10.8299,-0.327048,-0.058971,0.152625,-0.780728,0.35319,0.161271,-0.015336,0.143001,0.706116,-0.401435,-1.30528,-0.436357,0.788073,-2.899067,1.516867,0.631725,-4.245858,-0.532172,1.331427,-0.591273
12.56,-0.575202,-0.093006,0.19977,-0.518062,0.259957,0.063098,1.798496,0.080786,0.395944,-0.473851,9.8105,-49.0653,-1.4245,45.7437,-3.3,-3.3983,60.0,-7.4661,-26.8252,9.8042,-0.352054,-0.04375,0.177376,-0.757618,0.349657,0.156098,-0.04564,0.146318,0.681694,-0.554292,-1.750776,1.486114,1.071623,-1.13362,-0.290846,-0.426818,0.695199,0.266997,-1.853163,-6.653064
12.58,-0.19253,-0.399467,0.225234,-0.48112,0.195702,0.021979,0.52075,0.106163,0.552774,-0.381932,33.3265,-60.0,9.5332,21.5764,-5.9415,-21.2318,37.8549,-16.1231,7.6971,-6.5417,-0.366898,-0.015501,0.169653,-0.747636,0.34518,0.152165,-0.003655,0.178126,0.62576,-0.421546,-0.29008,0.952271,-1.162673,2.12629,-0.038001,0.068918,2.540112,2.610933,-2.154498,8.208317
12.6,-0.210097,-0.237347,0.325837,-0.663333,0.303541,0.02308,-0.252313,0.118506,0.750233,-0.159643,-11.1447,-48.7886,24.1795,-21.2778,-0.7554,-5.7034,-60.0,-6.9602,26.4568,11.0441,-0.345111,-0.011217,0.134577,-0.694082,0.31244,0.144598,0.030529,0.193337,0.621089,-0.431243,1.269994,0.135007,-1.478079,2.991691,0.40349,-0.506602,2.105245,-0.152932,-0.818709,-0.181918
12.62,-0.498366,0.056678,0.172346,-0.899572,0.381013,0.076313,-0.428944,0.149932,0.689375,-0.46094,-40.7153,45.4759,-6.4439,-32.8528,1.6622,1.4516,-45.3852,5.4562,0.1938,-2.5023,-0.331424,-0.031873,0.155402,-0.682688,0.30857,0.138217,0.014289,0.154869,0.630761,-0.401195,0.634014,-1.05225,2.380315,0.036994,1.248032,-0.434317,-1.639498,-1.740235,0.993564,0.113649
12.64,-0.722519,-0.073463,0.286642,-0.367531,0.467267,-0.128368,1.34718,0.027904,0.377775,-0.556075,-34.0299,-11.0707,7.6229,82.3605,3.2655,-31.6348,60.0,-9.516,-46.3713,-3.5929,-0.346892,-0.036716,0.182888,-0.738079,0.34738,0.133806,-0.030865,0.135658,0.646895,-0.432568,-0.902597,0.141025,0.805065,-3.094326,1.545457,-0.311112,-2.529917,-0.368335,0.693718,-1.360985
12.66,-0.450244,-0.104971,0.206916,-0.744109,0.213615,0.147434,1.610189,0.059852,0.443007,-0.638953,3.7535,-47.7574,-1.6659,-5.992,-3.8745,14.5773,60.0,-11.8699,2.4991,-12.9675,-0.362416,-0.01738,0.209417,-0.73022,0.324772,0.117378,-0.031309,0.124889,0.586757,-0.477641,-0.684716,1.145986,0.414112,0.451645,-0.577506,-0.407291,1.535074,1.569532,-2.780392,6.580866
12.68,-0.106884,-0.374054,0.234021,-0.541566,0.162459,0.053669,0.575275,0.080771,0.531087,-0.480911,43.8544,-60.0,7.6302,27.756,-7.2596,-18.9734,57.222,-17.6775,-8.7426,-4.7577,-0.370343,-0.007602,0.193278,-0.726627,0.313548,0.122374,0.004933,0.174781,0.577115,-0.410437,-0.175374,0.424127,-1.040046,0.000367,1.228321,0.350604,2.154333,2.420746,0.212445,1.958328
12.7,-0.146693,-0.283708,0.334634,-0.673147,0.273089,0.007993,-0.072722,0.091837,0.689339,-0.285737,-4.5308,-47.218,26.9212,-13.447,2.1697,-8.5916,-60.0,-13.3484,9.4525,2.832,-0.343191,-0.01776,0.160907,-0.682183,0.299185,0.116953,0.044305,0.193217,0.58891,-0.412935,1.375513,-0.226306,-2.792757,1.710472,-3.246011,-0.313582,2.261891,0.938995,0.648483,2.278677
12.72,-0.525847,0.081099,0.196871,-1.01483,0.34992,0.036154,-0.535372,0.15032,0.785288,-0.316105,-56.5104,50.0708,-5.0773,-49.2808,-2.1013,0.3433,-60.0,6.6004,19.3635,3.2291,-0.322687,-0.037492,0.168455,-0.67945,0.306375,0.108879,0.036867,0.155027,0.605014,-0.402176,1.053161,-0.998693,2.316164,-0.118578,3.881887,-0.455142,-0.927214,-2.068169,0.887187,0.215909
12.74,-0.713055,-0.068521,0.250561,-0.404425,0.493458,-0.150737,0.881109,0.044338,0.500701,-0.55637,-27.6416,-2.5559,0.238,95.5543,3.7822,-29.7022,60.0,-5.8967,-41.5241,-6.7748,-0.34179,-0.044084,0.198975,-0.764901,0.341958,0.106125,-0.007656,0.127836,0.646423,-0.405994,-1.134542,-0.088363,1.439204,-4.793495,2.300771,-0.357057,-2.954764,-0.717496,2.272451,0.767418
12.76,-0.506633,-0.135184,0.205271,-0.675041,0.271047,0.125972,1.361176,0.065617,0.52963,-0.563429,-0.0306,-60.0,-2.0457,20.8518,-2.8329,26.594,60.0,-4.2538,5.065,0.2619,-0.358472,-0.026922,0.218087,-0.756329,0.337147,0.088416,-0.011683,0.119615,0.621557,-0.480787,-0.897724,1.557695,0.223497,-1.00054,0.190862,-0.847853,2.178658,-0.335188,-2.178643,-3.60365
12.78,-0.040432,-0.430745,0.228193,-0.40321,0.140742,0.05382,0.480078,0.086441,0.597007,-0.498745,51.5975,-60.0,9.769,44.2397,-7.1999,-27.5596,35.828,-14.4081,-22.603,1.1106,-0.369434,-0.013341,0.187196,-0.754979,0.333237,0.095941,0.042481,0.156042,0.62454,-0.464728,-0.090899,-0.166502,-1.658184,0.985164,-0.504988,0.859215,1.958974,2.178381,2.134613,-2.496217
12.8,-0.058895,-0.227104,0.099713,-0.837602,0.214259,0.042085,0.138966,0.091977,0.778871,-0.411453,-7.3513,-51.9705,1.5363,-42.9873,-2.3798,-2.402,-51.2844,-2.2103,25.7159,3.3182,-0.33618,-0.012281,0.146435,-0.704592,0.304824,0.090996,0.087206,0.157189,0.630866,-0.472023,1.979779,0.341304,-1.815871,2.661859,-1.255375,-0.199605,2.335863,-1.260868,-0.406189,-0.904437
12.82,-0.23986,0.103419,0.118995,-0.900397,0.318033,0.178678,-0.934086,0.127695,0.966951,-0.255332,-21.0871,58.2367,4.9615,-14.9645,-2.8422,21.3553,-60.0,5.0306,28.2204,6.1105,-0.310044,-0.033227,0.110233,-0.71721,0.315858,0.087999,0.099563,0.122276,0.660947,-0.445115,1.278808,-1.17131,-1.194878,-1.445975,2.958822,-0.313627,0.342613,-1.312893,2.043,1.495817
12.84,-0.493449,-0.206001,0.081131,-1.058302,0.263249,0.347858,-0.884486,0.26024,1.151691,-0.255266,-33.1278,-21.0452,-8.8977,-22.2097,-7.8523,26.3219,-60.0,20.6694,28.6932,3.164,-0.303288,-0.042481,0.125105,-0.76621,0.355479,0.098089,0.074948,0.095664,0.73598,-0.414352,0.18621,-0.441839,1.316256,-2.496415,4.205119,0.450746,-2.601635,-1.231899,3.889929,3.23176
12.86,-0.655124,-0.109858,0.267743,-0.744472,0.418778,0.145607,-0.552395,0.200184,0.746469,-0.743458,-13.3848,58.9267,12.0031,48.877,-4.3894,-25.4435,34.7167,0.7363,-63.8586,-17.0,-0.328728,-0.084614,0.12936,-0.843717,0.41606,0.12403,-0.013596,0.117679,0.851592,-0.386894,-1.438984,-2.424501,0.536757,-3.927697,4.543554,1.160105,-5.399494,2.197771,5.556983,5.185198
12.88,-0.639309,-0.146743,0.244097,-0.315017,0.360192,-0.072114,1.452596,0.134825,0.406578,-0.481096,-5.0507,-0.6878,0.6796,108.1636,-4.7006,-30.8635,60.0,-7.8726,-52.1182,11.9029,-0.358606,-0.098132,0.175184,-0.898361,0.449458,0.125585,-0.087117,0.160819,0.853669,-0.578174,-1.498861,-0.342382,1.816798,-2.387554,1.141375,0.048887,-3.26364,1.542338,-1.72699,-8.100808
12.9,-0.463922,-0.271333,0.156089,-0.373662,0.265261,-0.00743,1.115129,0.131392,0.561625,-0.655184,-12.3691,-60.0,-1.2328,59.7407,-5.3126,-8.2917,60.0,-8.8466,27.775,-7.4542,-0.364961,-0.075777,0.185248,-0.888743,0.436937,0.11234,-0.086288,0.186958,0.737935,-0.536442,-0.100115,1.837383,-0.492285,2.024675,-1.570162,-0.391306,2.236728,0.962273,-6.265486,2.731867
12.92,-0.316057,-0.278974,0.258401,-0.826866,0.257666,-0.014599,-0.138242,0.131586,0.769451,-0.388624,-14.1505,-60.0,22.3486,-45.1009,0.9042,-29.561,-60.0,-21.155,16.1592,1.1406,-0.354055,-0.044819,0.143654,-0.81606,0.382705,0.115943,-0.011912,0.229671,0.690883,-0.498424,0.802939,0.682194,-3.180427,5.024266,-5.965471,0.403679,3.952589,3.318654,-0.505435,3.284233
12.94,-0.568323,0.066269,0.10475,-0.905237,0.334552,0.160709,-0.59862,0.206967,0.917943,-0.245625,-39.8757,60.0,-10.7335,-13.3941,-1.9701,18.0953,-60.0,8.6095,28.1488,7.5506,-0.347592,-0.066734,0.141222,-0.801776,0.367322,0.112969,-0.006548,0.201157,0.693964,-0.4745,0.273685,-1.353917,2.072631,-0.245559,0.665937,-0.44229,-0.834712,-2.348207,0.629536,1.620577
12.96,-0.829,-0.031414,0.160762,-0.591565,0.402087,-0.018939,0.490575,0.094525,0.709126,-0.644586,-39.1994,15.6894,-1.8052,47.8871,1.3119,-30.0911,60.0,-4.3416,-30.0532,-3.4046,-0.368205,-0.079586,0.163889,-0.830564,0.364047,0.123254,-0.045187,0.170843,0.740241,-0.474824,-1.210256,-0.229472,0.436541,-1.390957,0.211809,0.354424,-2.56627,-0.962342,2.933429,-3.420101
12.98,-0.859942,-0.048235,0.205746,-0.320925,0.334779,0.036938,1.715744,0.040952,0.399598,-0.602105,-25.0443,-38.0096,5.5882,62.2838,6.9872,-4.2274,60.0,-12.5074,-47.6682,2.3493,-0.399547,-0.057665,0.161834,-0.794212,0.343136,0.120047,-0.041026,0.166656,0.745916,-0.569112,-1.780396,1.511938,-0.350091,1.00638,-7.395505,-0.333267,2.162621,-0.018429,-0.494519,-3.70605
13.0,-0.396475,-0.065039,0.086298,-0.660126,0.076171,0.139441,1.21903,0.087121,0.356208,-0.507869,21.6612,-19.9753,-7.3373,-23.1621,-2.6716,-13.2368,60.0,-14.7547,-47.8604,1.286,-0.421696,-0.030101,0.157334,-0.752222,0.301068,0.128032,0.008562,0.182552,0.716463,-0.548495,-0.723164,0.492203,0.068366,4.272756,-6.388148,0.604649,1.253452,1.524302,-0.713874,0.342417
13.02,0.098034,0.094372,0.21417,-0.63992,0.165835,0.137495,0.090217,0.064145,0.619517,-0.138569,75.0271,11.8367,16.5123,-3.0797,2.3294,9.0475,-28.835,-16.174,4.8749,14.6176,-0.422409,-0.02154,0.122675,-0.704904,0.217991,0.123951,0.035282,0.202758,0.685859,-0.530123,0.122942,0.429969,-2.153514,1.482246,-4.460253,-0.283796,1.509154,0.6764,-1.713222,1.055186
13.04,-0.085604,0.123121,0.243736,-0.518983,0.251357,0.101138,-0.312095,0.102222,0.717654,0.087745,-14.5891,14.6366,2.289,11.4945,0.8133,6.7558,-60.0,6.3053,11.2759,17.0,-0.382574,-0.012023,0.145903,-0.673658,0.198143,0.113393,0.05241,0.153507,0.667312,-0.50223,2.391988,0.469633,2.191942,1.35276,1.328545,-0.347626,0.625213,-3.344208,-0.430402,1.391114
13.06,-0.568222,0.082241,0.115839,-0.774649,0.319753,0.134073,-0.415682,0.10002,0.638162,-0.409204,-73.9569,23.2071,-18.2517,-38.0906,2.6869,1.889,-57.5897,6.7251,-7.24,-6.2183,-0.345205,-0.013832,0.202934,-0.634735,0.225596,0.113617,0.04002,0.098629,0.671457,-0.453365,1.638395,-0.151312,2.79094,1.976373,1.090272,0.047705,-1.271489,-1.926278,0.25951,8.065368
13.08,-0.912333,-0.070103,0.248261,-0.355844,0.352486,-0.057573,1.657311,-0.013157,0.363549,-0.669316,-56.3693,-13.5524,9.61,65.5553,1.0759,-34.5239,60.0,-8.1591,-39.3511,-10.3889,-0.358647,-0.018101,0.198039,-0.667593,0.278309,0.123121,-0.004781,0.078409,0.663057,-0.442204,-1.079346,0.119454,-1.341861,-2.171594,1.910219,0.300129,-2.565121,-0.291768,-0.64423,1.317604
13.1,-0.404431,-0.062008,0.027971,-0.749338,0.110374,0.186945,1.499749,0.051562,0.421682,-0.44204,42.4128,-17.5879,-19.9319,-37.1293,1.0619,-3.1587,60.0,-11.2586,-1.816,-5.8299,-0.392274,-0.005814,0.198507,-0.619453,0.272761,0.123,-0.016528,0.080631,0.592307,-0.506216,-1.789351,0.24062,0.841837,2.039127,-7.633698,0.515752,0.091775,2.442725,-2.747613,8.481727
13.12,0.007461,-0.460212,0.135413,-0.628262,0.174711,0.113573,0.321821,0.051999,0.608237,-0.171902,67.4009,-60.0,12.9831,10.0223,0.2024,-2.36,47.1773,-11.2325,2.6277,12.292,-0.404606,-0.006043,0.139327,-0.628237,0.219447,0.126365,-0.006219,0.11892,0.582218,-0.465652,-0.226146,0.096302,-3.911805,-1.158544,-2.012006,0.017843,0.698472,1.327995,0.147345,-0.547457
13.14,0.009464,-0.385098,0.157322,-0.599858,0.167093,0.016806,0.18546,0.084835,0.664672,-0.180769,23.7626,-35.2143,14.314,-4.6745,1.4025,-10.5783,19.651,-1.1062,2.7562,12.9268,-0.372992,-0.028657,0.092086,-0.619543,0.249578,0.118995,0.002935,0.116138,0.595033,-0.467145,1.359351,-1.367112,-2.27856,0.881344,-4.749431,-0.192138,0.638723,-0.59202,0.888574,-1.48658
13.16,-0.016988,-0.214309,0.032214,-0.84574,0.247479,-0.015312,0.193352,0.105087,0.863871,-0.164216,6.21,-1.858,-1.7491,-37.5212,3.8239,-1.8712,31.7744,0.031,26.4099,11.3821,-0.33969,-0.050182,0.07062,-0.6091,0.250573,0.106158,0.008826,0.108587,0.616045,-0.46039,1.706795,-1.173586,-0.611715,0.23402,-3.987512,-0.661328,0.194442,-0.11142,1.243824,0.469513
13.18,-0.209939,0.116394,0.026781,-0.856986,0.306461,0.177471,-0.635648,0.115448,0.867533,-0.09786,-30.7057,59.4028,0.9378,-3.4154,-0.2462,21.5556,-60.0,-1.2239,3.3156,14.8817,-0.305696,-0.06688,0.050423,-0.659611,0.290686,0.097968,0.020865,0.114844,0.671335,-0.460906,1.823038,-0.862094,-0.965789,-3.026449,0.886052,-0.389539,0.61059,0.375655,3.017557,-0.363459
13.2,-0.413327,-0.232044,-0.053149,-1.173634,0.227044,0.397212,-0.707145,0.263118,1.250941,-0.071895,-26.9953,-28.7925,-12.8763,-45.9933,-7.4955,37.1421,-60.0,22.3697,53.2803,16.4971,-0.292928,-0.071092,0.055893,-0.718924,0.330104,0.104132,0.016274,0.093431,0.732945,-0.460956,0.361439,-0.128772,0.576787,-2.566804,3.407144,0.275867,-0.927516,-1.5797,2.821718,-0.94407
13.22,-0.537458,-0.03328,0.132699,-0.969939,0.401906,0.254205,-0.681953,0.253044,0.821729,-0.56326,-6.3081,60.0,14.5939,27.0578,0.3287,-16.0276,-37.4212,7.8113,-71.3844,-5.0847,-0.315312,-0.110089,0.02823,-0.826084,0.385942,0.136075,-0.039226,0.114189,0.865718,-0.416065,-1.092702,-2.225759,-1.212924,-5.620072,0.312994,1.365065,-3.45337,1.776612,7.486254,-0.811188
13.24,-0.838238,-0.119241,0.294418,-0.659988,0.439095,0.050232,-0.039927,0.176349,0.630443,-0.97974,-43.1321,2.6375,9.9626,51.4123,-3.8514,-27.2124,60.0,-6.3898,-32.0352,-16.2949,-0.338697,-0.123425,0.081804,-0.887494,0.458938,0.145752,-0.112655,0.160485,0.888974,-0.487625,-1.286267,-0.068247,3.304687,-1.997506,3.088554,0.521178,-3.804239,2.332902,-0.779357,-3.423931
13.26,-0.695417,-0.11465,0.243159,-0.238468,0.286854,0.005531,1.977009,0.13739,0.41814,-0.402828,-9.8333,-27.9648,2.2446,120.0,-8.3665,-20.9081,60.0,-10.6183,-27.2122,17.0,-0.372863,-0.106292,0.148109,-0.938053,0.480279,0.146241,-0.134804,0.203998,0.822835,-0.756906,-1.559329,0.996446,2.123552,-2.223874,0.635872,-0.008029,0.150749,1.157474,-3.870131,-11.314301
13.28,-0.444948,-0.233568,0.108534,-0.468987,0.200227,0.058395,1.205436,0.15036,0.460851,-0.543315,-11.2496,-60.0,-4.4824,44.2061,-8.3134,-10.6355,60.0,-17.8286,-4.6736,-12.3689,-0.378184,-0.068831,0.162094,-0.920089,0.459506,0.14103,-0.086181,0.249916,0.734193,-0.518391,0.049958,2.220562,-0.255527,2.710797,-2.07855,-0.071182,3.60493,2.302723,-4.197793,11.486739
13.3,-0.151941,-0.423587,0.227577,-0.618293,0.152908,0.031165,0.223259,0.126775,0.581874,-0.285681,21.8569,-60.0,20.5556,-11.4792,-8.7731,-16.4354,-5.2152,-21.5578,-6.5757,8.1226,-0.368053,-0.056044,0.118365,-0.837769,0.397688,0.140691,-0.03847,0.28811,0.71042,-0.497758,0.427144,0.132749,-2.817914,5.130636,-1.028413,0.000261,2.181415,1.586496,-1.468238,0.364099
13.32,-0.222294,0.167444,0.225674,-0.721575,0.196014,0.076744,-0.131249,0.15297,0.803695,-0.072676,-8.4569,60.0,10.4021,-19.6856,-9.0994,2.7771,-37.3941,-1.6419,32.8838,15.3404,-0.348008,-0.076939,0.102574,-0.761839,0.342073,0.131883,-0.024065,0.254124,0.67469,-0.46742,1.104844,-1.095125,0.558042,2.972625,3.289999,-0.446886,0.604739,-2.478368,-1.563783,0.453868
13.34,-0.432906,0.157778,0.056829,-0.955305,0.236432,0.225338,-0.543927,0.207945,0.947092,0.02953,-32.0644,19.9936,-21.9838,-38.3415,-2.1901,12.2826,-60.0,11.0266,31.6171,17.0,-0.333488,-0.066937,0.165808,-0.738632,0.296218,0.13331,-0.015061,0.192523,0.680787,-0.434853,0.693781,0.945515,3.24242,0.674897,-0.203305,0.061549,0.23474,-2.774019,0.962422,0.412624
13.36,-0.569664,0.002261,0.139498,-0.87722,0.363122,0.152864,-0.338281,0.203469,0.7391,-0.567237,-19.1236,7.7267,1.8763,12.1278,4.1342,-14.5333,-12.3092,7.7733,-28.3276,-5.8174,-0.34418,-0.061576,0.162476,-0.786843,0.288842,0.148995,-0.035809,0.160327,0.737252,-0.412489,-0.594572,0.191035,-1.220853,-2.967912,-1.174738,0.611343,-1.826095,-1.011739,3.305382,-0.376251
13.38,-0.803087,-0.098041,0.217177,-0.528461,0.444598,-0.045971,0.508215,0.109458,0.576259,-0.817855,-39.1645,-18.5947,7.4968,55.4853,3.1993,-32.6799,60.0,-8.9107,-25.2809,-9.4337,-0.362973,-0.056121,0.152473,-0.82486,0.329678,0.152616,-0.075034,0.168091,0.751332,-0.492961,-1.08618,0.38696,-0.300212,-1.274034,1.41157,0.116975,-1.973086,0.891317,-0.113245,-3.598032
13.4,-0.623547,-0.029159,0.222967,-0.283656,0.277472,0.033389,2.114353,0.081118,0.266526,-0.577026,4.1805,-5.0196,5.5933,37.0925,-6.8397,-26.4885,60.0,-20.5743,-60.2044,-1.0575,-0.390273,-0.040834,0.158062,-0.766664,0.384023,0.147186,-0.075171,0.184683,0.711869,-0.650287,-1.584484,0.27872,0.262425,4.085822,2.603728,0.380994,0.862917,2.988553,-0.762325,4.028152
13.42,-0.266307,-0.232663,0.132141,-0.614229,0.128832,0.068387,1.135338,0.116427,0.315839,-0.600257,16.5644,-60.0,-4.6546,-7.9425,-3.9086,-9.4122,60.0,-17.9209,-43.6793,-5.4297,-0.395685,-0.018274,0.17271,-0.718943,0.267924,0.141382,-0.042217,0.245936,0.663564,-0.468368,0.114969,1.061589,0.174809,2.732779,-1.67176,-0.062174,1.233255,1.453638,-0.979827,0.15568
13.44,-0.080887,-0.454452,0.251261,-0.534226,0.133337,0.046489,0.222801,0.096175,0.57325,-0.257844,26.0435,-60.0,16.9188,6.8845,-0.7905,2.6337,30.0919,-18.0904,7.3225,6.8782,-0.381893,-0.023901,0.140037,-0.675801,0.231209,0.129134,-0.027377,0.261433,0.629723,-0.453931,0.772893,-0.675883,-1.695352,1.658385,-3.155887,-0.607979,0.755817,0.457595,-1.824992,0.974974
13.46,-0.200067,0.149303,0.160286,-0.723118,0.248827,0.061151,-0.333589,0.128339,0.770974,-0.027142,-19.2651,60.0,-3.9446,-33.4778,0.9631,-2.2541,-60.0,-0.1277,29.6407,13.3766,-0.350892,-0.056663,0.148647,-0.628808,0.229179,0.121501,-0.019614,0.22186,0.611232,-0.428602,1.694396,-1.917339,1.49413,2.233799,-0.178987,-0.274993,0.591249,-2.697975,-0.656266,2.708918
13.48,-0.596573,0.101801,0.134292,-0.990699,0.300404,0.068464,-0.278373,0.137625,0.76177,-0.303877,-61.85,33.2451,-9.74,-38.8058,2.1299,-6.4901,-38.6181,8.276,7.2358,5.8163,-0.331553,-0.071636,0.183356,-0.644664,0.240513,0.122635,-0.024168,0.155613,0.629935,-0.423496,0.893817,0.054657,1.413735,-1.513697,0.268387,-0.066152,-0.463217,-2.946705,1.448995,-1.041981
13.5,-0.797541,-0.011966,0.19371,-0.219713,0.454937,-0.140916,1.046091,0.046085,0.436641,-0.57796,-34.9909,-6.4997,2.4934,119.9902,5.531,-38.274,60.0,-5.6082,-46.5308,-8.2936,-0.351231,-0.063266,0.185377,-0.738155,0.290524,0.126104,-0.041685,0.125775,0.661782,-0.426727,-1.292596,0.63515,-0.485554,-4.879123,1.056104,-0.071962,-1.124046,-0.690495,1.474431,2.266928
13.52,-0.40722,-0.105854,0.142636,-0.556229,0.212518,0.127843,1.372099,0.066561,0.482697,-0.418134,7.5606,-20.575,-4.8972,-10.2848,7.3287,-4.4503,60.0,-14.3362,-27.2273,3.0327,-0.368668,-0.042928,0.180446,-0.667573,0.27444,0.116717,-0.02533,0.13424,0.632007,-0.467395,-0.539734,0.302792,0.326462,3.118381,-9.904639,0.247524,0.598888,2.213628,0.558206,-1.072948
13.54,0.058797,-0.493951,0.211288,-0.550438,0.195415,0.083646,0.265558,0.069172,0.660939,-0.13936,64.2253,-60.0,9.5471,-0.6415,-0.5193,-5.392,20.0063,-13.9869,4.1176,13.7298,-0.371414,-0.034494,0.164694,-0.636594,0.2358,0.116339,-0.004255,0.166579,0.633526,-0.477292,0.012394,0.222644,-1.429583,1.567458,-1.107178,0.01974,1.286853,1.241929,-0.000649,-0.214673
13.56,-0.048703,0.103854,0.144681,-0.675277,0.309369,0.048627,-0.3857,0.085001,0.730719,-0.08819,-2.0112,60.0,6.7475,-22.9617,4.7792,4.2087,-60.0,-1.7607,6.0341,14.0073,-0.341167,-0.056602,0.131009,-0.602366,0.21771,0.107031,0.006958,0.150539,0.64405,-0.46465,1.855869,-1.540279,-1.573624,1.389533,-1.124102,-0.52461,0.304834,-1.401866,0.804962,1.061747
13.58,-0.449791,0.078369,0.109287,-0.99706,0.318745,0.207411,-0.566574,0.139632,0.774625,-0.391668,-48.2336,31.1577,-7.9635,-51.5507,1.2752,30.5557,-60.0,12.7396,7.6956,-3.9137,-0.313695,-0.06599,0.146733,-0.611977,0.254868,0.097341,-0.001752,0.100511,0.665332,-0.437195,1.125283,-0.086624,1.233956,-0.717795,1.29283,-0.568121,-1.149634,-2.581873,1.005135,5.79266
13.6,-0.842057,-0.088303,0.225587,-0.424549,0.410245,-0.052511,0.6874,0.040433,0.473341,-0.725222,-55.0761,-11.4922,7.3305,89.3633,3.5113,-35.7993,60.0,-4.906,-46.0932,-13.4849,-0.329573,-0.066982,0.154023,-0.71017,0.294062,0.106451,-0.051172,0.083009,0.696767,-0.425098,-0.881668,0.273923,-0.05093,-5.375572,1.147505,0.483576,-3.096953,0.189654,1.453592,1.494845
13.62,-0.491496,-0.120069,0.165685,-0.57599,0.166555,0.135581,1.549912,0.069874,0.4005,-0.519843,13.9595,-47.0127,-4.4419,28.2425,-6.2543,-3.7268,60.0,-9.8639,-24.1467,-3.6295,-0.35619,-0.046984,0.178852,-0.721986,0.306203,0.106439,-0.060544,0.0975,0.651405,-0.560421,-1.385631,1.227714,0.914047,-0.732961,0.675163,0.327567,1.238732,2.077022,-1.558705,5.30572
13.64,-0.037627,-0.456593,0.18724,-0.600767,0.120439,0.080546,0.394761,0.080463,0.583247,-0.363418,55.3232,-60.0,5.9754,0.2699,-3.0204,-8.0032,50.1817,-12.4431,-7.4601,4.9641,-0.365508,-0.03264,0.166354,-0.703612,0.2828,0.109429,-0.027183,0.148211,0.633761,-0.471105,-0.248402,0.199041,-1.136805,1.751433,-3.509069,0.148483,1.296365,1.657888,-0.013511,-0.663256
13.66,-0.059455,0.100201,0.296033,-0.660683,0.275291,0.071438,-0.268704,0.090163,0.691989,-0.169927,8.9898,51.6201,25.4156,-11.3972,3.5797,5.0022,-60.0,-4.7588,12.0642,13.8744,-0.34296,-0.042312,0.124813,-0.666166,0.264124,0.100985,0.000999,0.154619,0.629242,-0.467426,1.35652,-0.876093,-2.425748,1.412025,-3.164677,-0.381614,1.377628,-0.493358,-0.306457,-1.99438
13.68,-0.263598,-0.166535,0.017957,-1.20951,0.228669,0.136546,-0.035772,0.212546,0.887127,-0.304131,-15.8028,-37.3857,-28.0573,-84.4566,1.6214,15.725,9.5961,17.1285,29.6479,5.9334,-0.318448,-0.039969,0.17631,-0.658183,0.26978,0.09358,-0.001702,0.112202,0.640985,-0.448423,0.972019,0.457514,3.574729,0.203089,-3.298846,-0.375376,-0.621905,-2.074906,0.84046,-0.163367
13.7,-0.255584,0.035766,0.207112,-0.96042,0.462499,0.101696,-0.844809,0.212751,0.788932,-0.352167,13.2562,41.2582,18.9804,31.302,2.6182,-3.7452,-60.0,-0.2167,-12.5332,1.3788,-0.323179,-0.053231,0.134805,-0.773526,0.331774,0.098752,-0.008953,0.138857,0.696131,-0.438268,-0.12608,-0.889029,-3.436608,-6.856491,2.637196,0.169357,-0.167387,2.22465,3.056767,2.086073
13.72,-0.577439,-0.057939,0.261542,-0.621484,0.465163,0.082699,-0.296883,0.162582,0.625191,-0.875829,-46.8758,14.3093,2.1968,56.4983,-0.1558,-0.0441,48.5975,0.8331,-24.3781,-17.0,-0.316188,-0.063147,0.154784,-0.849932,0.400565,0.095833,-0.050069,0.152595,0.729387,-0.441795,0.310983,-0.502818,2.479959,-2.568876,2.767425,-0.077906,-3.712446,0.048438,1.010952,2.208608
13.74,-0.574913,-0.083249,0.259534,-0.147615,0.337573,0.001175,1.871636,0.085844,0.356586,-0.525384,-11.0173,-8.8797,0.3546,120.0,-5.3474,-12.6899,60.0,-4.1108,-60.9132,4.3723,-0.332024,-0.057793,0.202416,-0.871233,0.431986,0.099213,-0.091496,0.160925,0.719278,-0.626614,-1.028075,0.143575,1.566873,-2.635917,1.586784,-0.08154,-1.33706,-0.993658,0.752188,-0.326365
13.76,-0.286064,-0.289052,0.175105,-0.43463,0.221014,0.047539,0.928045,0.113268,0.504337,-0.678579,-4.2206,-60.0,-1.5066,30.397,-5.3127,-4.8051,60.0,-14.6557,1.2238,-15.4777,-0.328213,-0.032096,0.210215,-0.844417,0.412845,0.090058,-0.063931,0.180555,0.668408,-0.478243,0.426461,1.707307,-0.586254,3.590365,-2.384377,-0.063615,2.841215,2.318496,-2.985272,7.539687
13.78,-0.226742,0.102568,0.311194,-0.773849,0.288669,0.027702,-0.176053,0.10427,0.764147,-0.252368,-5.8887,27.8731,27.2719,-46.9655,2.2188,-12.7044,-60.0,-18.152,26.262,12.8437,-0.311152,-0.023235,0.160225,-0.750275,0.348643,0.092935,-0.008364,0.226865,0.651029,-0.490148,0.750346,-0.102799,-3.560975,5.018408,-4.664388,0.11809,3.026715,1.723466,-1.073992,-3.3662
13.8,-0.639431,0.112602,0.108511,-0.727615,0.349795,0.080158,-0.355318,0.129609,0.714831,-0.308619,-62.5231,16.9793,-21.5968,5.374,2.5044,0.3701,-53.8542,5.7136,1.3729,2.9993,-0.303024,-0.017774,0.194877,-0.736395,0.320972,0.093104,0.000951,0.180138,0.659919,-0.435073,0.487906,0.344716,3.79067,-0.468798,-1.365111,-0.093519,-0.659397,-3.148997,0.793149,2.07971
13.82,-0.910133,-0.042613,0.232896,-0.201018,0.418263,-0.084324,1.501401,-0.001223,0.387983,-0.667021,-47.9194,-11.5091,7.7904,82.4589,2.9356,-32.6977,60.0,-9.0655,-46.52,-12.7995,-0.327061,-0.017362,0.197492,-0.743802,0.334987,0.100534,-0.028666,0.135876,0.671908,-0.424609,-1.599438,0.244775,-1.243041,-0.120319,0.399418,0.200993,-1.757696,-1.358374,0.45428,3.134366
13.84,-0.398294,0.067003,0.020237,-0.665545,0.119459,0.188387,1.36182,0.055675,0.367946,-0.467828,29.0907,5.2485,-17.1766,-34.0925,-7.3722,-7.7741,60.0,-11.3705,-13.1392,-8.8606,-0.361455,-0.001663,0.192455,-0.659234,0.262266,0.098615,-0.020384,0.116169,0.61115,-0.491488,-1.400235,0.321549,-0.013205,3.830128,1.676741,0.859147,1.259059,1.55632,-2.697172,9.906078
13.86,0.094787,0.111613,0.079748,-0.724428,0.144537,0.165626,0.204622,0.040627,0.660219,-0.139829,73.467,-4.4306,8.2274,-13.6472,0.8418,4.0522,-11.9107,-13.3957,14.8402,12.7886,-0.370246,0.013352,0.131295,-0.641999,0.213886,0.106197,0.012246,0.141682,0.595854,-0.464835,-0.150147,0.912677,-3.914053,0.148235,-3.652312,0.196674,1.909497,0.962314,-0.599198,0.213735
13.88,0.040925,0.081098,0.226978,-0.45939,0.295964,0.101524,-0.249008,0.065457,0.692133,0.068259,4.0838,-3.4376,16.5184,33.8929,5.0662,0.447,-60.0,3.228,3.2218,17.0,-0.33793,0.026501,0.09213,-0.645883,0.208886,0.104018,0.041499,0.111083,0.606254,-0.458147,2.133502,0.544092,-0.887258,-0.683967,-1.599075,-0.033212,1.254958,-2.278622,1.116252,0.233049
13.9,-0.511851,0.146485,0.119154,-0.928497,0.240515,0.08173,-0.392751,0.125468,0.767769,-0.074082,-85.3276,40.9155,-14.158,-70.3533,-2.3994,-4.2443,-60.0,11.2253,12.782,13.4976,-0.292655,0.020095,0.140642,-0.604778,0.259003,0.103893,0.038094,0.068074,0.627155,-0.433463,2.12152,-0.592614,3.512488,2.51854,1.676645,0.037206,-0.765456,-1.604527,0.96026,0.886469
13.92,-0.776807,-0.112475,0.180347,-0.756212,0.408206,-0.142801,0.89498,0.068951,0.489973,-0.467101,-42.2027,-21.0569,0.5672,25.8709,-0.8336,-44.842,60.0,-1.7915,-36.6678,-2.433,-0.305483,0.012562,0.165795,-0.675472,0.294567,0.114888,0.008381,0.06647,0.654809,-0.40881,-1.152655,-0.149713,0.259723,-4.38893,5.433543,0.250328,-1.74182,0.596538,1.379984,0.102385
13.94,-0.592807,-0.088731,0.15661,-0.587812,0.413887,-0.042381,0.68878,0.084094,0.596039,-0.281784,10.8761,-30.6079,1.3173,29.9724,0.1183,1.1812,60.0,-5.9183,17.822,7.6425,-0.338032,0.016848,0.161485,-0.719216,0.357954,0.10115,0.016843,0.095026,0.618555,-0.439356,-1.985776,0.359732,-0.52786,-1.185787,2.140413,-0.918649,2.062037,1.411284,-2.449655,-1.35313
13.96,-0.419879,-0.186506,0.142789,-0.697667,0.300048,0.112668,1.114517,0.073096,0.612457,-0.288401,27.6001,-60.0,0.6154,18.4005,-3.261,18.9038,60.0,-4.5394,4.3911,9.8104,-0.366904,0.0292,0.148598,-0.721943,0.343838,0.087593,0.08111,0.112674,0.603595,-0.490372,-1.437844,1.260862,-0.349896,-1.70547,1.52469,-0.612512,3.78904,0.170131,-0.353805,-1.748996
13.98,-0.145127,-0.298174,0.292057,-0.521341,0.330116,0.031946,0.190976,0.105241,0.673134,-0.052572,45.8051,-60.0,26.44,32.612,0.8058,-9.9047,-60.0,-0.9776,8.5324,12.7295,-0.38278,0.047018,0.108925,-0.733595,0.341584,0.084774,0.180798,0.114882,0.607818,-0.490672,-0.410855,0.521694,-2.376942,-0.08943,-1.277265,0.080111,5.728712,0.003923,0.146174,4.84291
14.0,-0.4246,-0.141805,0.189505,-0.501438,0.348435,0.03902,0.505395,0.08894,0.675009,-0.401664,-33.5591,-11.1693,7.9775,32.756,0.1396,7.4896,60.0,2.2194,-0.0103,0.7498,-0.372305,0.038926,0.096226,-0.734473,0.34612,0.074169,0.210936,0.091252,0.619815,-0.434158,1.040159,-0.946555,0.394979,0.254139,-0.047508,-0.516217,-0.665526,-0.716763,0.957871,0.555522
14.02,-0.156243,-0.361742,0.266381,-0.502033,0.242576,0.030898,0.186872,0.107545,0.694972,-0.284496,24.6571,-60.0,16.3911,25.5959,-3.2824,-11.6977,-51.8805,-0.4068,3.7734,4.628,-0.36226,0.035642,0.099808,-0.719866,0.33715,0.076527,0.233892,0.099756,0.636672,-0.422679,0.25263,-0.028303,0.077854,0.818022,-0.505605,0.196316,1.609745,0.346804,0.574476,0.908383
14.04,-0.235506,-0.227049,0.19752,-0.827719,0.1999,0.059696,0.15661,0.138823,0.842772,-0.334389,-7.5907,-13.1445,7.0868,-27.6089,-4.6979,6.6577,2.5048,3.6216,22.2779,-2.6022,-0.346571,0.015186,0.108048,-0.702655,0.329008,0.070625,0.229769,0.097455,0.649486,-0.347447,0.980923,-1.337873,0.54416,1.022572,-0.471149,-0.335614,-0.649433,0.150692,0.775941,3.156049
14.06,-0.277215,-0.123623,0.192361,-1.067729,0.322139,0.158518,-0.750715,0.179308,0.99803,-0.195818,1.4733,14.5348,0.4866,-41.9763,0.6936,17.6257,-60.0,3.6137,21.4043,5.4841,-0.339441,-0.012371,0.134792,-0.717916,0.332941,0.069101,0.217458,0.113232,0.699138,-0.335839,0.317961,-1.39407,1.541467,-1.21282,-1.137041,-0.170423,-0.586223,0.875655,2.707355,0.117946
14.08,-0.604485,-0.092483,0.279503,-1.143572,0.35465,0.257554,-0.663024,0.192002,0.834007,-0.634027,-31.8855,44.7632,3.3579,-14.6009,-6.3836,25.9673,-33.5782,8.0556,-27.057,-17.0,-0.344976,-0.049904,0.173969,-0.797298,0.391398,0.072374,0.155233,0.116173,0.780053,-0.262357,-0.284804,-2.019136,2.104544,-4.314778,4.963356,0.073207,-4.929443,-0.138272,4.061707,3.335461
14.1,-0.69602,-0.029051,0.228405,-0.745651,0.525752,-0.111205,0.219222,0.121918,0.661017,-0.586634,-6.803,28.2244,-11.2965,63.3465,3.8623,-48.9634,60.0,-5.2591,-28.6972,3.4211,-0.376442,-0.072885,0.238676,-0.900092,0.438239,0.085404,0.052402,0.132623,0.815085,-0.450193,-1.663848,-0.737398,3.003647,-4.642975,-0.36542,0.78764,-5.082459,1.225124,0.645593,-8.968439
14.12,-0.617329,-0.090914,0.223766,-0.664085,0.427388,0.00733,1.634901,0.094545,0.547871,-0.440949,-3.6148,-33.3461,-6.3938,64.9737,-3.4642,5.4556,60.0,-10.5094,-14.8654,6.3405,-0.397165,-0.058737,0.267662,-0.923549,0.470363,0.077499,0.019188,0.163958,0.77847,-0.537223,-1.189622,1.019841,0.58622,-3.010656,1.762863,-0.646424,0.549687,1.043607,-2.279225,-2.514737
14.14,-0.470159,-0.16482,0.301147,-0.650154,0.407756,-0.094234,0.480097,0.137354,0.728089,-0.125792,-1.7911,-60.0,14.8959,38.7128,0.094,-29.0902,-53.1862,-3.1712,28.926,12.1615,-0.408241,-0.028444,0.243167,-0.944214,0.477315,0.074072,0.082979,0.169412,0.715974,-0.488225,-0.303237,1.510393,-2.660971,0.623549,-2.905469,0.155501,5.025566,-0.010098,-3.132508,2.35939
14.16,-0.489169,-0.084281,0.227842,-0.502847,0.403719,0.006588,0.787378,0.107878,0.663899,-0.421839,-21.6078,-24.8803,7.1497,63.2514,-2.8869,0.1018,60.0,-3.9127,-6.7869,2.673,-0.405561,-0.016552,0.202924,-0.943423,0.475675,0.068774,0.138541,0.155134,0.698285,-0.426795,0.366741,0.429549,-1.362379,0.327604,0.008742,-0.381428,1.826908,-0.237753,0.188238,-2.499719
14.18,-0.208059,-0.283164,0.301496,-0.404425,0.285955,-0.026367,0.308709,0.138777,0.638071,-0.38463,20.4466,-60.0,19.579,60.9686,-5.9902,-19.1881,-60.0,0.5457,-1.6735,1.5675,-0.397399,0.008115,0.169694,-0.916143,0.462748,0.069871,0.210398,0.151406,0.689867,-0.428674,0.321755,1.17497,-1.871558,1.824494,-1.092484,0.19223,3.897752,-0.528991,-0.704406,0.196154
14.2,-0.242482,-0.182489,0.228331,-0.760774,0.205153,0.020005,0.174334,0.164653,0.803043,-0.361666,-11.4299,-26.0578,10.9716,-7.4489,-7.9584,4.9608,-23.7061,4.8708,27.4298,0.8465,-0.376552,0.007601,0.146889,-0.869541,0.436343,0.060969,0.235995,0.131281,0.668671,-0.40617,1.275806,-0.453261,-0.826949,2.746006,-1.302269,-0.449207,0.43104,-0.448559,-0.840524,0.943104
14.22,-0.252229,-0.14228,0.19278,-0.975427,0.260142,0.112947,-0.47646,0.18969,1.097547,-0.183968,2.4649,-7.0019,2.857,-32.5459,-5.7579,14.2065,-60.0,2.7567,44.4085,7.0573,-0.363075,-0.007398,0.145491,-0.834974,0.417972,0.058182,0.229256,0.137453,0.694984,-0.384753,0.572845,-0.756982,0.547511,1.326326,-0.560908,-0.242367,-0.527519,0.72156,1.846089,0.983953
14.24,-0.46147,-0.073244,0.151978,-1.231827,0.286657,0.377771,-0.898162,0.240573,1.070345,-0.412595,-17.5202,35.7247,-7.763,-45.1142,-4.0479,45.4192,-60.0,9.9768,-3.6103,2.158,-0.362821,-0.040271,0.169083,-0.851014,0.423579,0.062095,0.168953,0.138163,0.791199,-0.343542,0.110137,-1.603799,1.770258,-1.387531,-1.44338,0.078154,-3.826844,0.077257,5.255625,-4.969861
14.26,-0.491226,-0.069457,0.295458,-0.927611,0.447993,0.169628,-0.603413,0.186502,0.765873,-0.717309,14.4064,31.1405,6.352,44.7773,2.4559,-15.3376,33.8135,0.2953,-50.521,-12.2425,-0.388991,-0.071188,0.195492,-0.9407,0.446179,0.083527,0.057451,0.148565,0.882111,-0.384968,-1.203045,-1.167022,1.065983,-4.947295,-2.407391,1.142822,-6.290452,1.023221,3.823121,-1.061707
14.28,-0.811858,-0.052124,0.232633,-0.687182,0.470301,-0.083596,0.793493,0.102579,0.424658,-0.676249,-48.7364,3.7769,-9.1117,40.9987,-3.3163,-36.951,60.0,-10.5127,-52.4657,2.959,-0.39926,-0.073957,0.243995,-0.96292,0.49417,0.090475,-0.04226,0.174732,0.873744,-0.559311,-0.532052,0.022343,2.332731,0.041843,2.385369,0.43849,-4.519855,0.964442,-1.721423,-7.713655
14.3,-0.72529,-0.065861,0.175129,-0.693689,0.356193,0.06368,1.657389,0.106987,0.496234,-0.384679,-17.7726,-38.2866,-5.8519,47.0278,-5.9161,4.1618,60.0,-8.1068,15.4785,12.0698,-0.421155,-0.057519,0.258216,-0.976036,0.505448,0.085589,-0.07231,0.184339,0.757375,-0.631144,-1.12643,1.387734,-0.718589,-0.540298,-0.054647,-0.301275,0.955145,0.108691,-6.314959,-2.233521
14.32,-0.491861,-0.247684,0.177772,-0.578552,0.235272,0.037767,0.764796,0.126317,0.538873,-0.393951,-5.3012,-44.3429,3.0216,35.6631,-9.3544,-29.283,60.0,-6.4426,-35.325,7.5024,-0.434148,-0.040583,0.217587,-0.955799,0.485691,0.100561,-0.033391,0.184171,0.7216,-0.575653,-0.135737,0.110759,-2.048288,2.417839,-0.668968,0.803491,1.304662,0.192214,0.914727,-0.236682
14.34,-0.249089,-0.400781,0.295192,-0.587288,0.133749,0.02587,0.165899,0.1326,0.647106,-0.15612,16.2776,-60.0,20.5342,7.9968,-11.3,-12.4515,-11.7564,-9.215,-5.2676,16.653,-0.424624,-0.046206,0.168943,-0.882652,0.423971,0.102244,-0.002814,0.19576,0.716071,-0.569281,0.406631,-0.302389,-2.313339,4.195506,-0.311939,0.040264,1.724298,0.84792,-0.586698,-0.127804
14.36,-0.214895,-0.190981,0.134098,-0.70722,0.223898,0.060184,-0.283776,0.150987,0.867552,-0.024399,4.8464,12.0808,-3.2717,-21.0108,0.8143,1.502,-58.2404,-1.0903,33.1664,17.0,-0.4077,-0.06829,0.148497,-0.799684,0.352587,0.096427,0.005624,0.185161,0.696413,-0.537616,0.973804,-1.387763,0.535782,4.030562,-6.022107,-0.28066,0.013657,-0.680621,-0.866152,1.55972
14.38,-0.478836,0.128935,0.036585,-1.153517,0.285727,0.17224,-0.475717,0.204593,0.820727,-0.206828,-39.0356,60.0,-11.8768,-69.7146,-1.1272,9.4724,-60.0,8.3297,1.1345,10.4045,-0.389095,-0.097817,0.15215,-0.759049,0.317229,0.097711,-0.014035,0.158627,0.718111,-0.489272,1.034482,-1.243617,0.093697,1.218433,-0.134265,0.069042,-1.170354,-1.09187,1.64755,0.902288
14.4,-0.745815,-0.007088,0.124316,-0.878903,0.446972,0.004309,0.159173,0.127868,0.655818,-0.583921,-30.853,7.8048,1.7153,43.3516,0.1526,-19.5232,60.0,-1.7504,-26.4995,-9.3131,-0.401981,-0.099243,0.139734,-0.84849,0.322181,0.103742,-0.046852,0.149287,0.75067,-0.450799,-0.838207,0.40271,-0.952654,-5.536589,4.887851,0.186402,-1.979144,-0.114515,1.418049,4.028465
14.42,-0.937142,-0.028786,0.20914,-0.425661,0.398704,-0.034207,1.504255,0.055013,0.360815,-0.641211,-41.8468,-21.7215,11.6926,73.3288,-2.0798,-16.3125,60.0,-11.5849,-43.7528,-1.7564,-0.424286,-0.073865,0.122918,-0.885411,0.38899,0.101535,-0.044191,0.161009,0.735685,-0.514915,-1.419044,1.164868,-0.898035,-0.504536,2.4933,-0.163772,0.828031,0.288189,-1.441842,-3.328727
14.44,-0.650703,0.055214,0.101219,-0.509107,0.135673,0.108383,1.505795,0.102033,0.295322,-0.481041,10.298,23.504,-6.1425,-14.3646,-10.1447,-16.5272,60.0,-18.7781,-65.1478,1.7289,-0.458449,-0.049799,0.129923,-0.784058,0.388028,0.100882,-0.002407,0.178924,0.666151,-0.509458,-1.583049,-0.094796,0.95702,6.425611,0.050987,0.714039,0.616971,3.24332,1.10048,-0.598233
14.46,-0.146002,0.161691,0.056614,-0.653296,0.082646,0.124406,0.517446,0.088229,0.524779,-0.175717,68.5643,15.2475,-5.0963,-25.1658,-1.073,12.5043,60.0,-17.2266,-10.28,13.6593,-0.474794,-0.03744,0.131651,-0.704258,0.217438,0.096747,0.004915,0.213337,0.65924,-0.524974,-0.778477,0.931466,-0.7041,3.791312,-4.362256,-0.337979,0.566118,1.379288,-1.142713,0.314125
14.48,-0.020471,0.117219,0.253395,-0.570442,0.209345,0.090487,-0.002867,0.080989,0.6464,0.116653,27.5227,-22.8818,21.9578,5.865,5.2023,10.3782,-60.0,-10.2272,-2.2572,17.0,-0.455081,-0.004088,0.099361,-0.664614,0.145807,0.085817,0.036609,0.215202,0.655375,-0.525668,1.523694,1.786605,-1.917066,0.95456,-2.687687,-0.391458,2.006718,-0.934204,0.105263,-0.330621
14.5,-0.21831,0.199456,0.043893,-0.766097,0.181451,0.108426,-0.19332,0.145357,0.792672,0.292448,-24.6186,26.516,-22.017,-31.4796,-1.4063,11.2027,-47.8253,9.9309,18.0746,17.0,-0.413172,0.010132,0.14253,-0.635973,0.175041,0.078144,0.045475,0.154527,0.658668,-0.509211,2.178138,0.430093,3.554626,1.382138,1.679461,-0.26941,0.00251,-3.172817,0.234092,0.438423
14.52,-0.478405,0.075087,0.180041,-0.957988,0.335427,0.156987,-0.467656,0.142296,0.702982,-0.284892,-40.1046,1.9898,8.8986,-27.7322,6.0406,3.6599,-60.0,4.1452,-8.6432,7.441,-0.38975,0.015291,0.139813,-0.662871,0.184976,0.084369,0.037756,0.123584,0.681546,-0.494424,1.084311,0.377818,-1.426119,-1.910729,-0.022721,0.292562,-0.571365,-0.665126,1.370304,0.949765
14.54,-0.791027,0.01391,0.159113,-0.738437,0.422347,-0.048959,0.602929,0.092371,0.547297,-0.592775,-49.0659,3.5257,-4.0996,37.2073,3.0049,-31.0842,60.0,-1.2333,-24.2369,-3.8151,-0.394334,0.011911,0.152758,-0.74643,0.265704,0.094304,-0.007484,0.111247,0.691295,-0.476133,-0.422216,-0.118459,1.384927,-4.160886,3.293777,0.38811,-2.647704,-0.191386,0.304737,-0.859103
14.56,-0.73884,0.034004,0.188644,-0.433542,0.42079,-0.046413,1.456251,0.066834,0.487988,-0.319729,-12.9351,-28.6098,5.7149,50.6481,-0.3481,-17.3979,60.0,-9.8567,-6.8949,11.452,-0.415378,0.028447,0.155191,-0.77029,0.346835,0.094377,-0.006615,0.12919,0.656661,-0.53877,-1.439375,1.126354,-0.693075,-0.015711,3.33969,-0.150497,1.897845,1.05911,-2.126894,-2.717557
14.58,-0.418247,-0.146979,0.131461,-0.638818,0.23417,0.123016,1.099012,0.094255,0.556984,-0.141735,10.4185,-56.4063,-5.8483,7.7802,-1.2441,4.536,60.0,-12.9686,-10.2672,15.1842,-0.428021,0.038459,0.172474,-0.750658,0.286156,0.096552,0.009579,0.17433,0.656746,-0.524459,-0.362122,0.732134,0.510971,1.039499,-0.843823,-0.022916,0.613159,1.451054,-0.542779,0.126003
14.6,-0.11251,-0.445101,0.237134,-0.512017,0.167529,0.070404,0.317472,0.093877,0.651134,-0.018663,41.8899,-60.0,15.2433,16.7942,-6.0884,-12.4232,32.4385,-8.9558,-0.3791,17.0,-0.427304,0.035634,0.145729,-0.720237,0.270957,0.099121,0.025869,0.179338,0.647875,-0.517271,0.215568,-0.438731,-1.784954,1.668463,1.970996,0.328276,0.98087,0.119823,0.100306,-0.772675
14.62,-0.07522,-0.371616,0.196761,-0.672561,0.168946,0.033679,0.100726,0.115751,0.720744,0.049831,8.2127,-54.5723,12.1733,-22.5864,-4.3877,-6.0609,3.4791,-1.3647,7.723,17.0,-0.401176,0.020842,0.110662,-0.671817,0.246316,0.096341,0.037412,0.164074,0.651004,-0.501794,1.64553,-0.906485,-1.042218,2.597057,1.306008,-0.135034,0.34804,-1.01421,0.316374,1.53296
14.64,-0.210627,-0.248525,0.068168,-0.932928,0.185497,0.13017,-0.281501,0.154679,0.964058,0.091972,-20.9741,6.7133,-7.755,-43.0631,-2.0492,10.2882,-48.2564,1.7954,36.2994,17.0,-0.367951,-0.012941,0.106972,-0.657698,0.250583,0.092602,0.030878,0.149301,0.665021,-0.458613,1.802954,-2.040021,1.133246,0.205537,-0.559839,-0.188219,-0.53888,-0.367808,0.988709,2.302539
14.66,-0.466971,-0.109257,0.097941,-1.231348,0.291303,0.324803,-0.64807,0.231476,0.933078,-0.320272,-38.0802,45.8872,0.3802,-47.2915,2.2933,20.4361,-60.0,9.7257,2.7728,0.3279,-0.351051,-0.057897,0.105511,-0.716329,0.277219,0.104353,0.005042,0.141175,0.723731,-0.393499,0.836995,-2.128293,-0.332604,-3.462128,-1.747435,0.510939,-1.403377,-0.203475,3.3082,2.627438
14.68,-0.608439,-0.050022,0.250401,-0.896809,0.437943,0.159071,-0.32623,0.178551,0.639025,-0.737266,-12.4314,36.2182,10.6948,51.1496,1.3556,-19.4623,40.0913,-0.5241,-46.3348,-16.9645,-0.367887,-0.089146,0.118056,-0.849545,0.331201,0.125683,-0.051724,0.150188,0.787313,-0.364349,-0.956694,-1.076036,0.742836,-6.729745,2.943495,0.989828,-3.599975,0.982864,2.78387,2.068469
14.7,-0.798322,-0.037821,0.27142,-0.324444,0.426581,-0.080776,1.076617,0.094248,0.426798,-0.631663,-36.9815,-2.5519,1.3517,91.0163,-0.5195,-41.6099,60.0,-10.9142,-31.5876,5.8596,-0.384045,-0.083185,0.169192,-0.894452,0.384217,0.13277,-0.098947,0.174589,0.766163,-0.556697,-1.017718,0.440552,2.594654,-0.63729,2.236467,0.387427,-2.055974,0.842409,-2.23217,-8.947691
14.72,-0.659111,-0.088587,0.172396,-0.493652,0.275112,0.126969,1.782041,0.102802,0.458566,-0.474857,-13.58,-52.6602,-5.0,63.8692,-3.9119,4.1151,60.0,-18.2223,-9.1214,-6.2349,-0.403859,-0.055929,0.206619,-0.835053,0.356707,0.127733,-0.088062,0.185265,0.675832,-0.587548,-0.999427,1.748157,0.461439,-1.462795,0.65459,-0.171091,2.48012,2.917821,-2.711884,10.851099
14.74,-0.221087,-0.355172,0.17236,-0.409668,0.140968,0.097726,0.728888,0.110779,0.559465,-0.320011,31.3047,-60.0,5.9986,34.5905,-7.7795,-31.1338,60.0,-16.0315,-26.0335,6.1768,-0.411564,-0.033788,0.177635,-0.813085,0.3376,0.136827,-0.032102,0.237258,0.65802,-0.455578,-0.110553,0.056886,-1.90878,2.995369,-0.086617,1.022117,1.854728,0.989666,1.300006,-0.761751
14.76,-0.13294,0.092673,0.324347,-0.682708,0.260066,0.056609,-0.171475,0.095505,0.729054,-0.096865,0.555,24.6999,30.5446,-28.6691,2.4928,-13.7659,-60.0,-11.034,19.2596,12.3703,-0.384948,-0.035581,0.116794,-0.734559,0.282974,0.13835,0.010077,0.235302,0.655799,-0.440614,1.506602,0.036029,-2.863211,4.211543,-3.443624,0.060866,2.658656,-0.861576,-0.955782,1.393612
14.78,-0.517849,0.134486,0.140783,-0.889036,0.276042,0.123328,-0.420993,0.152945,0.803337,-0.153712,-58.723,27.5151,-21.4303,-32.1173,0.5629,4.7915,-60.0,10.3743,18.3769,5.1914,-0.356663,-0.032818,0.182588,-0.705132,0.267988,0.135551,0.014871,0.171651,0.65879,-0.412731,1.397341,0.225326,5.045281,0.523634,-0.243188,-0.267978,-0.456418,-3.581416,0.381917,5.221622
14.8,-0.725345,-0.017214,0.244085,-0.32183,0.44509,-0.151098,1.099271,0.042897,0.436976,-0.525642,-34.3624,-0.225,3.4017,87.5379,6.0406,-46.9078,60.0,-4.9259,-52.2007,-3.1578,-0.366078,-0.034148,0.211615,-0.752211,0.282453,0.141864,-0.012278,0.129507,0.687826,-0.408459,-0.789893,0.136876,-0.045235,-2.6555,0.469589,0.119875,-1.683731,-1.092438,1.683984,-1.544972
14.82,-0.525221,-0.032012,0.202357,-0.653162,0.265051,0.10723,1.468166,0.039677,0.492131,-0.450888,-3.2021,-39.7248,-2.1858,-13.1307,6.9031,21.5443,60.0,-6.9222,10.5371,3.428,-0.378376,-0.013152,0.216577,-0.695942,0.260961,0.124026,0.005499,0.120058,0.633193,-0.46937,-0.761451,1.362519,0.223377,2.2588,-6.8076,-0.973373,2.859497,-0.32637,-3.662632,-2.715892
14.84,-0.169928,0.053118,0.230842,-0.419408,0.364157,0.029892,0.51407,0.076901,0.564226,-0.158804,40.8688,-0.4363,4.9088,34.2297,4.0572,-18.1735,55.5426,-12.7189,-10.5377,9.5506,-0.387693,-0.006975,0.202727,-0.676474,0.246435,0.129657,0.035642,0.159284,0.636639,-0.438726,-0.331849,0.472009,-0.613445,0.500368,0.658202,0.129794,1.52132,1.310504,-0.037478,1.662939
14.86,-0.146039,-0.166798,0.188954,-0.461444,0.258802,0.072296,0.37486,0.089578,0.590542,-0.204774,-4.3538,-60.0,4.7667,1.6492,1.226,4.2164,11.0376,-8.4254,-8.1628,9.6766,-0.361915,0.01419,0.18372,-0.626094,0.238613,0.120061,0.070601,0.169013,0.639857,-0.443789,1.485936,1.241193,-1.241067,2.663314,-0.422692,-0.460361,1.88783,0.140952,0.088477,-0.117204
14.88,0.145139,-0.199468,0.158197,-0.553988,0.256875,0.009663,0.170446,0.105947,0.576163,-0.309762,47.2892,-35.5252,8.0576,-13.3504,5.1853,-7.6558,-14.0527,-0.8125,-7.1652,5.4202,-0.337412,0.012665,0.146792,-0.578435,0.2105,0.113572,0.09371,0.150976,0.63656,-0.43586,1.015023,-0.261546,-2.023138,1.966426,-3.363996,-0.320793,1.114181,-1.079367,-0.218893,-0.380077
14.9,-0.095446,0.086853,0.158707,-0.92506,0.350601,0.114723,-0.690327,0.082596,0.649534,-0.287024,-21.6057,49.2663,5.5102,-61.039,5.0244,30.801,-60.0,-3.0467,3.6712,6.459,-0.299991,-0.00627,0.120358,-0.554959,0.192535,0.091992,0.102594,0.130569,0.629767,-0.443445,2.115015,-1.161237,-0.489999,0.638305,1.311356,-1.107974,0.289182,-0.512027,-0.081606,-0.204208
14.92,-0.538344,-0.111472,0.070983,-1.012897,0.259641,0.295728,-0.91316,0.252304,1.226003,-0.137205,-53.9463,-3.498,-12.3687,-12.4517,-4.4868,38.8033,-60.0,25.2831,85.6448,8.5842,-0.289082,-0.017674,0.138704,-0.63633,0.269399,0.084239,0.079179,0.089732,0.63599,-0.442063,0.669723,-0.578377,1.6369,-5.088212,4.137843,-0.286389,-2.472893,-2.639943,0.330146,3.646609
14.94,-0.765081,-0.140125,0.200957,-0.674231,0.456135,0.104168,-0.483752,0.145317,0.748699,-0.800818,-31.3273,35.1665,8.1862,52.0539,-1.1811,-35.9095,23.1669,-3.7813,-69.9684,-17.0,-0.312533,-0.051073,0.133321,-0.745895,0.338827,0.11549,0.009217,0.110999,0.771835,-0.432156,-1.478639,-2.007689,-0.416095,-4.772854,5.932699,1.383836,-4.61442,2.109697,7.684069,6.316458
14.96,-0.684982,-0.11589,0.244911,-0.381202,0.274637,0.01355,1.596249,0.102021,0.363179,-0.515043,-3.2136,1.7773,0.8942,87.4806,-4.8601,-17.8987,60.0,-5.4081,-59.8553,12.9271,-0.350024,-0.066974,0.171414,-0.808054,0.369351,0.11914,-0.059162,0.137814,0.800209,-0.621596,-1.902359,-0.438116,1.88815,-2.710052,1.082359,0.083333,-3.040841,0.534905,-0.658552,-8.752571
14.98,-0.307808,-0.29041,0.171642,-0.427432,0.176421,0.04067,0.876123,0.107886,0.526103,-0.618884,26.6691,-60.0,-1.5053,43.6549,-5.8455,-9.5839,60.0,-6.7418,27.5846,-4.745,-0.368077,-0.045871,0.189412,-0.806513,0.357898,0.111859,-0.054385,0.152772,0.693368,-0.574846,-0.713082,1.738679,-0.079487,1.526147,-1.427822,-0.044269,2.417475,0.659048,-6.086724,3.013675
15.0,-0.186172,-0.264985,0.164945,-0.701728,0.176835,0.053381,0.175198,0.126139,0.585153,-0.544201,-0.2638,-58.1609,11.474,-23.3017,-4.0961,-11.5764,-41.391,-16.94,-15.8511,-1.22,-0.352948,-0.026805,0.153499,-0.741497,0.312659,0.112458,0.003954,0.206851,0.668704,-0.473413,1.022576,0.398864,-3.021187,3.38191,-1.350385,0.109816,2.866563,2.593973,0.383455,-1.6278
15.02,-0.326477,0.119603,0.141349,-0.932655,0.291027,0.134268,-0.772552,0.147084,0.944701,-0.170518,-22.0058,60.0,2.7626,-38.3662,-0.2354,7.8166,-60.0,-5.0926,47.9972,11.5168,-0.334468,-0.045343,0.125216,-0.714841,0.300734,0.109034,0.021158,0.208546,0.657599,-0.476858,0.938617,-1.05873,-0.336141,0.657984,-0.154437,-0.163072,0.478972,-0.308145,-0.569913,0.74426
15.04,-0.568848,-0.079732,0.037094,-1.049823,0.282177,0.242449,-0.498762,0.226578,1.114431,-0.306177,-36.6194,-2.2693,-15.7904,-16.744,-1.1539,10.8973,-44.1938,14.6784,30.5778,9.1475,-0.333086,-0.051305,0.147878,-0.763843,0.316286,0.119342,0.000751,0.166569,0.708931,-0.457754,0.050768,-0.129461,1.378187,-3.022078,-0.212548,0.306156,-2.111226,-2.538009,3.495177,-3.115545
15.06,-0.745449,-0.069753,0.163575,-0.794391,0.449575,-0.053627,0.250381,0.147185,0.737288,-0.66361,-25.0966,18.2193,9.4235,39.7886,0.3651,-46.9602,60.0,-4.6734,-60.6392,-4.8794,-0.356866,-0.065573,0.125156,-0.842247,0.35527,0.138395,-0.054833,0.164142,0.815909,-0.433259,-1.342559,-0.722149,-1.632528,-3.768212,3.441539,0.734443,-2.77707,0.870948,5.644332,-4.378406
15.08,-0.816253,-0.052279,0.193546,-0.380124,0.436154,-0.089481,0.711399,0.11152,0.50681,-0.62894,-23.9171,-24.4444,7.1263,65.7802,-0.5937,-14.8543,60.0,-11.4427,-36.9152,2.2282,-0.383457,-0.050643,0.122252,-0.852389,0.403862,0.127241,-0.060054,0.191804,0.822481,-0.558582,-1.658536,0.913983,0.000912,0.584666,1.904381,-0.714099,1.07052,0.998619,-1.205848,-5.093431
15.1,-0.625187,-0.05064,0.142288,-0.499358,0.273064,0.103416,1.59154,0.097999,0.467327,-0.471426,-17.2732,-29.7951,4.7944,45.0871,-3.6095,-23.5377,60.0,-18.597,-57.0997,4.0322,-0.410737,-0.015025,0.120904,-0.837789,0.361284,0.115363,0.002268,0.205569,0.759552,-0.565514,-0.602472,0.859213,-0.776825,0.656077,0.081489,0.879607,2.203331,2.293041,1.532918,-0.271349
15.12,-0.151504,-0.352943,0.19672,-0.58315,0.138244,0.071753,0.327141,0.103791,0.594717,-0.326517,47.9409,-60.0,10.201,-3.4011,-2.9893,-13.4065,25.9948,-15.2855,-15.8604,9.2043,-0.414458,-0.004483,0.109266,-0.779905,0.310805,0.121901,0.029571,0.228563,0.757798,-0.573181,-0.343731,0.373141,-0.425741,3.803373,-3.952669,0.23802,1.270295,0.821388,-0.993965,0.668967
15.14,-0.090336,-0.300007,0.111981,-0.656961,0.20598,0.02495,-0.031954,0.11375,0.651634,-0.156695,16.828,-30.2897,3.7129,-13.5305,-4.2133,-3.5758,-32.2054,-7.8807,-3.721,15.0289,-0.394513,-0.023441,0.105161,-0.710715,0.265671,0.113062,0.042977,0.215447,0.731281,-0.553524,1.164892,-0.948334,-0.886478,2.495221,1.844139,-0.38998,0.652568,-0.669483,-0.950558,0.852792
15.16,-0.305088,0.16305,0.069153,-0.905839,0.263725,0.158348,-0.509098,0.159505,0.923952,0.008655,-28.7451,60.0,-3.3688,-40.909,-0.3036,22.4841,-60.0,6.1152,39.3945,17.0,-0.365084,-0.061132,0.099193,-0.683563,0.263637,0.101218,0.035601,0.171908,0.710118,-0.528407,1.52676,-1.88798,0.106733,0.874461,0.310228,-0.56284,-0.5328,-2.151381,-0.845789,1.203404
15.18,-0.583581,-0.007877,0.14253,-0.920693,0.393192,0.22051,-0.417173,0.136672,0.703459,-0.687155,-37.8412,10.3794,0.2848,-2.7585,3.6704,7.2741,-40.0171,5.4747,-27.9952,-13.4188,-0.359623,-0.074316,0.11411,-0.73205,0.287515,0.110213,0.012623,0.134958,0.746852,-0.49469,0.171804,0.110223,0.747929,-2.951001,0.562317,0.374991,-1.741091,-1.551116,2.482805,5.777973
15.2,-0.923169,-0.083307,0.276302,-0.379835,0.372513,-0.076104,1.708493,0.021618,0.379497,-0.741089,-52.6257,-8.2606,11.4019,84.8544,-1.0677,-45.0956,60.0,-9.3441,-49.3384,-1.3848,-0.378999,-0.073022,0.133677,-0.794158,0.342174,0.122014,-0.037947,0.119981,0.749219,-0.591396,-1.173036,0.235105,0.836676,-2.623762,2.304307,0.622032,-2.672164,-0.143964,-0.707191,-4.649402
15.22,-0.520765,-0.05832,0.128846,-0.666601,0.122195,0.169857,1.769843,0.065838,0.365807,-0.576355,12.1105,-29.7625,-10.4968,10.8574,-7.2188,10.6469,60.0,-13.5907,-27.1858,-6.7287,-0.405563,-0.054418,0.174964,-0.777492,0.333673,0.122722,-0.050749,0.133619,0.687819,-0.540553,-1.188854,1.098348,1.721265,0.667477,-1.252799,-0.144677,0.558346,1.992562,-2.440028,5.350119
15.24,-0.09466,-0.375334,0.172133,-0.671932,0.134245,0.10701,0.454815,0.07165,0.529269,-0.363602,60.8414,-60.0,7.4423,-4.0037,-4.1091,-2.8422,60.0,-14.4658,-8.0226,5.1038,-0.418636,-0.038534,0.16004,-0.747108,0.288443,0.121944,-0.030212,0.168851,0.656513,-0.502558,-0.495306,0.758904,-1.823045,1.765676,-2.079627,0.024355,1.184777,1.388035,-1.278498,0.459002
15.26,-0.11063,0.092867,0.310665,-0.554205,0.260295,0.044438,-0.15176,0.087943,0.649459,-0.04656,2.5979,53.2434,22.655,10.8592,-0.5928,-5.3778,-60.0,-7.9349,8.3024,17.0,-0.394557,-0.045966,0.125583,-0.710333,0.274692,0.114338,-0.002877,0.174314,0.636604,-0.487951,1.617632,-0.965502,-1.212856,1.45136,0.017128,-0.206587,1.484125,-0.205398,-0.736534,-0.882469
15.28,-0.595855,0.130935,0.18691,-0.867718,0.299077,-0.012266,-0.32964,0.125814,0.68221,-0.226969,-74.4572,30.9101,-16.8472,-47.9197,1.2562,-12.1464,-60.0,7.1983,9.6648,9.3653,-0.361036,-0.046893,0.197777,-0.668337,0.278636,0.108882,0.002928,0.131799,0.63044,-0.473483,1.587017,0.176431,4.609672,2.081403,-0.442963,-0.243742,-0.120743,-2.280413,-0.219474,0.500231
15.3,-0.741568,-0.023372,0.24174,-0.365812,0.456331,-0.123357,1.168786,0.022515,0.452844,-0.455601,-26.5765,-7.1068,-0.202,76.8965,4.8483,-26.5767,60.0,-6.8304,-28.2813,-2.3497,-0.375263,-0.04326,0.231445,-0.712361,0.310698,0.10805,-0.017501,0.107829,0.632495,-0.466069,-1.147529,0.420068,0.360171,-2.87891,0.986842,-0.329029,-1.38464,-0.497528,0.154102,2.796386
15.32,-0.360666,-0.140207,0.164343,-0.72082,0.197717,0.152747,1.095888,0.061462,0.556562,-0.351081,14.8289,-34.919,-7.263,-17.9811,-2.1194,7.0179,60.0,-10.5496,-3.1962,5.4157,-0.391541,-0.023662,0.243481,-0.70192,0.299266,0.098347,-0.000904,0.110676,0.599829,-0.475844,-0.412489,0.439989,-0.190348,1.750171,-1.962157,0.046198,0.91921,1.64614,-0.380618,-0.429461
15.34,-0.067015,-0.421638,0.313913,-0.509552,0.261395,0.05778,0.124214,0.070779,0.670263,-0.078082,42.9127,-60.0,19.7486,27.6107,-0.3722,-14.8188,-38.3335,-8.6164,8.3417,17.0,-0.391477,-0.019818,0.201354,-0.69232,0.279188,0.103002,0.030221,0.134422,0.602776,-0.481208,0.232858,0.23789,-2.483966,-0.022603,-0.342974,0.325035,2.165164,0.658663,0.205842,-1.920133
15.36,-0.180744,-0.226718,0.236578,-0.470791,0.263823,0.008369,0.143579,0.122105,0.586727,-0.262344,-5.863,1.3665,7.342,10.0616,5.1495,-10.3311,19.3447,3.6793,-9.7706,7.4685,-0.360342,-0.052297,0.197324,-0.647535,0.27202,0.100932,0.035513,0.11776,0.613168,-0.471992,1.326864,-1.373811,-0.999292,1.900856,-5.532705,-0.143736,0.085969,-0.949061,0.670738,0.926707
15.38,-0.189483,-0.190211,0.224676,-0.807744,0.312772,-0.00178,-0.289912,0.121188,0.729448,-0.223203,-3.0966,-19.077,7.2868,-41.6749,3.4912,-0.7042,-60.0,-0.4983,18.9445,7.8757,-0.339144,-0.057162,0.177949,-0.618694,0.262432,0.091184,0.042861,0.117216,0.613497,-0.450531,1.033319,-0.285473,-0.764567,1.538875,-1.492507,-0.535575,0.187655,0.261927,-0.179325,1.229691
15.4,-0.497737,-0.041109,0.13797,-1.251163,0.324995,0.202808,-0.682438,0.172735,0.901338,-0.363536,-42.3645,41.4239,-9.5473,-66.7372,0.2423,32.2781,-60.0,7.1186,27.6008,-0.69,-0.327717,-0.080496,0.189531,-0.655158,0.291534,0.080844,0.0147,0.109541,0.635752,-0.421177,0.682048,-1.271326,1.284331,-2.618846,1.107225,-0.565626,-1.771819,-0.23375,1.414031,3.025882
15.42,-0.691416,-0.064965,0.170674,-0.896138,0.443693,0.026993,0.098297,0.114388,0.722086,-0.647026,-20.7256,19.4725,-1.9061,55.3102,3.2664,-18.9699,60.0,-1.421,-31.44,-4.1782,-0.352887,-0.098567,0.194996,-0.803674,0.361086,0.091024,-0.048991,0.111787,0.705627,-0.410888,-1.215671,-0.483273,-0.153869,-7.993985,0.03828,0.378825,-3.703793,0.49167,3.918294,-5.320471
15.44,-0.663117,-0.014533,0.186668,-0.44598,0.483516,-0.055679,0.436635,0.097839,0.678839,-0.450666,-8.9394,-10.0477,4.1651,73.4451,1.7009,-21.6411,60.0,-7.4941,-8.2845,8.7908,-0.376236,-0.083282,0.183326,-0.864018,0.412138,0.091005,-0.067755,0.138424,0.727667,-0.543695,-1.379046,0.90186,-1.120457,-1.240961,1.165887,-0.014623,0.276407,1.004876,0.110954,-5.12091
15.46,-0.561157,-0.122156,0.177414,-0.55192,0.332657,0.125332,1.172517,0.092602,0.568525,-0.33944,-5.2562,-60.0,1.4533,54.9041,-4.2969,16.872,60.0,-3.255,-16.4492,13.0473,-0.394783,-0.048447,0.176937,-0.85761,0.42617,0.084388,-0.017932,0.146093,0.71392,-0.519744,-0.796857,1.815398,-0.411118,-1.045833,0.561976,-0.434047,2.914966,-0.612498,-0.619363,-5.894099
15.48,-0.201908,-0.36782,0.253503,-0.450943,0.156266,0.067178,0.346729,0.114711,0.597534,-0.299052,29.5839,-60.0,20.8208,39.9742,-7.4109,-30.1102,-30.265,-12.1195,-30.2925,12.0363,-0.402688,-0.017364,0.139344,-0.843024,0.411067,0.09177,0.061173,0.153826,0.692084,-0.547048,0.021562,0.600778,-2.750768,2.176774,-2.809289,1.068742,3.311333,2.400689,1.861571,-2.13782
15.5,-0.151785,-0.299979,0.239488,-0.659227,0.116769,0.037106,0.106216,0.126662,0.701663,-0.199946,0.0536,-60.0,17.1964,-7.094,-8.8905,-6.9199,-17.479,-1.7706,11.827,12.3702,-0.379453,-0.014115,0.105018,-0.788125,0.380781,0.091926,0.086875,0.156504,0.683956,-0.538306,1.379201,0.206576,-1.096644,3.053925,-1.686831,-0.052707,0.809009,-0.354954,-1.059739,1.175983
15.52,-0.164431,-0.158228,0.062223,-0.86704,0.169954,0.130399,-0.140213,0.156463,1.005304,-0.107578,1.8631,-7.5043,-4.958,-31.6732,-6.6538,6.4508,-29.6542,1.2236,51.3589,12.6557,-0.355843,-0.026093,0.103264,-0.746033,0.359115,0.092056,0.081346,0.148348,0.673586,-0.48969,1.086028,-0.71712,0.249746,1.562516,-0.921841,-0.028286,-0.555487,-0.120531,-0.185016,2.655365
15.54,-0.314605,0.088613,0.130338,-1.052951,0.32644,0.315903,-1.030985,0.202693,1.03494,-0.264861,-15.8389,57.76,6.0719,-37.0383,-1.6614,18.5078,-60.0,5.0918,13.5789,4.8246,-0.341008,-0.049356,0.091744,-0.753305,0.353927,0.104216,0.058683,0.147329,0.733061,-0.430739,0.800878,-1.143224,-0.647129,-0.913848,0.567547,0.535767,-1.207755,0.130057,3.663388,1.828804
15.56,-0.45227,0.029313,0.202357,-1.025532,0.319806,0.341134,-0.775003,0.234925,0.870084,-0.50625,-11.7382,28.1777,1.0803,6.1039,-4.2438,10.6826,-42.554,10.5055,-26.9939,-9.8589,-0.343709,-0.058531,0.121479,-0.827635,0.378767,0.123527,0.002962,0.142495,0.819534,-0.371311,-0.183886,-0.402044,2.049587,-4.135476,1.904349,0.888214,-4.283888,-0.369254,3.995418,4.506423
15.58,-0.715523,-0.092812,0.327228,-0.647902,0.459393,0.045336,-0.042951,0.155581,0.679162,-0.837197,-34.199,-6.5282,6.0552,59.9687,0.2441,-40.1327,60.0,-5.3965,-30.8156,-12.8855,-0.357789,-0.06239,0.176916,-0.894353,0.416142,0.14256,-0.091151,0.158329,0.851821,-0.448568,-0.7872,0.016811,2.625301,-2.657865,1.500921,1.033454,-4.761731,1.498015,0.568159,-2.686513
15.6,-0.599651,-0.050445,0.237776,-0.268538,0.342733,-0.003799,1.832273,0.125169,0.34269,-0.427926,0.0711,-20.6177,-3.473,114.238,-4.7229,-23.4409,60.0,-11.8343,-47.2522,17.0,-0.374842,-0.04748,0.228748,-0.886613,0.435168,0.147838,-0.136166,0.195121,0.811706,-0.660963,-1.366895,0.758891,1.279834,-2.487499,1.035805,0.028127,-0.406752,1.415325,-2.669304,-8.927115
15.62,-0.429848,-0.190363,0.158572,-0.465237,0.277916,-0.008948,1.090431,0.133315,0.426081,-0.526708,-14.0302,-60.0,-1.1861,38.0842,-3.8291,-19.4079,60.0,-7.1361,17.2429,-5.1575,-0.375854,-0.011842,0.220935,-0.871064,0.420453,0.138866,-0.083203,0.203987,0.687194,-0.548271,0.239914,2.362486,-1.477105,2.633428,-1.891305,-0.111806,4.813876,0.020159,-6.518362,6.080757
15.64,-0.249537,-0.270103,0.21488,-0.568677,0.199916,-0.004357,0.230779,0.142346,0.554379,-0.372016,-1.3783,-49.693,17.1805,-5.2508,-2.1129,-19.4731,-19.28,-17.793,-10.3014,3.6673,-0.359807,0.00148,0.159649,-0.791734,0.364667,0.139976,-0.012822,0.258692,0.661367,-0.455445,0.724806,-0.175222,-3.409608,4.472989,-4.522327,-0.088048,2.577034,1.801252,-0.664061,-0.333488
15.66,-0.410241,0.115968,0.203026,-0.895356,0.289331,0.074959,-0.606145,0.154931,0.906463,-0.00226,-27.6302,60.0,5.8283,-52.6163,3.0859,5.5974,-60.0,-2.8419,51.2252,17.0,-0.3447,-0.017557,0.133393,-0.721327,0.308371,0.129584,0.011428,0.235,0.632216,-0.429346,0.719967,-1.301644,0.331976,3.063544,-3.886312,-0.557848,0.743167,-1.510667,-1.165707,-0.20821
15.68,-0.559214,-0.068854,0.092102,-1.004794,0.296646,0.162641,-0.385004,0.226148,1.06625,-0.267936,-26.1135,1.1508,-16.8694,-15.2207,0.2671,1.3139,-31.0001,13.4073,35.5011,8.487,-0.350149,-0.026579,0.176422,-0.751783,0.311411,0.135643,-0.002082,0.183314,0.666324,-0.421404,-0.212211,-0.364036,2.467777,-2.626648,-0.866346,0.110664,-1.727533,-2.668594,2.829637,-2.372012
15.7,-0.707306,-0.05193,0.177503,-0.694738,0.480555,-0.049867,0.077542,0.153134,0.671581,-0.637259,-26.718,16.1085,5.5069,49.5631,6.6101,-40.0108,60.0,-5.2169,-57.9848,-5.3489,-0.368682,-0.042116,0.168168,-0.8252,0.314598,0.147003,-0.044163,0.178583,0.764779,-0.410754,-0.973855,-0.684856,-1.337629,-3.465874,0.028487,0.423923,-2.151948,0.781513,5.084953,-3.748819
15.72,-0.887959,-0.084604,0.266281,-0.156894,0.427311,-0.02362,1.223113,0.068706,0.398244,-0.689348,-39.7192,-21.6381,11.5307,84.0686,-2.523,-5.3512,60.0,-13.2014,-42.0154,-1.2125,-0.389154,-0.033895,0.159699,-0.816077,0.394712,0.134507,-0.050334,0.194266,0.764702,-0.533134,-1.419849,0.43568,-0.255191,1.711214,3.865634,-0.742975,0.28016,0.188756,-1.496806,-5.086895
15.74,-0.584116,-0.023378,0.156068,-0.538227,0.157858,0.147662,1.798794,0.087512,0.325795,-0.579638,-12.3672,-34.1458,-0.474,16.871,-3.9405,-20.6012,60.0,-19.2363,-60.5838,-4.2755,-0.413325,-0.012136,0.165051,-0.751236,0.283533,0.133895,-0.009434,0.209773,0.701027,-0.505536,-0.53602,1.208832,-0.124102,1.742586,-1.097422,0.916846,1.864041,2.050334,0.496772,1.324685
15.76,-0.151683,0.133763,0.154951,-0.682798,0.089935,0.119555,0.595866,0.088859,0.487674,-0.405378,52.6912,16.0736,2.6803,-23.3527,-2.1416,-3.4608,60.0,-17.7893,-15.4636,2.7673,-0.420271,-0.000245,0.15059,-0.696046,0.219661,0.137374,0.014977,0.233332,0.683578,-0.498405,-0.5017,0.40656,-0.656373,2.928124,-3.078255,0.031872,1.20975,0.977504,-1.608727,0.963456
15.78,-0.056401,0.123655,0.270423,-0.604331,0.197182,0.090157,-0.013906,0.088306,0.647511,-0.1004,18.1212,-16.8286,13.4277,4.7798,2.18,1.68,-60.0,-13.8352,0.6732,15.1289,-0.400719,0.02546,0.145876,-0.6706,0.162039,0.129482,0.057302,0.237763,0.667316,-0.487897,1.356142,1.382029,-0.284584,0.596332,-0.782102,-0.306559,2.450657,-0.324775,-0.421069,0.374716
15.8,-0.35128,0.171252,0.079292,-0.806283,0.257613,0.090774,-0.503283,0.145853,0.808151,0.159129,-42.1937,26.3779,-21.4735,-30.9946,2.3388,1.9776,-60.0,10.3883,27.1179,17.0,-0.365437,0.031182,0.190261,-0.651607,0.178608,0.122197,0.071255,0.170163,0.657329,-0.46659,1.792631,0.062007,3.034962,0.900535,0.829746,-0.270649,0.297992,-3.749421,-0.51938,1.066528
15.82,-0.736025,0.035751,0.20726,-0.625199,0.438272,-0.070746,0.10705,0.080401,0.583732,-0.630536,-62.1083,13.3328,7.0276,30.4397,7.0892,-32.2811,50.3096,0.9596,-26.7799,-6.9777,-0.356929,0.02335,0.183231,-0.690336,0.222677,0.127511,0.054821,0.123423,0.677216,-0.439666,0.212112,-0.411289,-1.352633,-2.388395,1.550148,0.102849,-1.510742,-1.539,1.474144,-0.66378
15.84,-0.825226,-0.054338,0.263871,-0.287465,0.399342,-0.012474,1.859641,0.007267,0.4173,-0.611894,-30.3899,-27.5966,7.5328,55.4961,-2.1446,-6.3548,60.0,-9.2256,-22.3078,1.6595,-0.375477,0.031158,0.181151,-0.695843,0.333021,0.120984,0.049816,0.113449,0.658036,-0.542031,-1.499578,0.397824,0.216201,0.665673,4.845883,-0.552699,0.053831,-0.407334,-1.594934,-4.499011
15.86,-0.238938,-0.047496,0.026969,-0.620118,0.160519,0.189872,1.457186,0.055164,0.471968,-0.351851,61.4234,-27.1084,-18.4091,-27.7722,4.0852,7.4182,60.0,-17.9922,-11.2774,-2.8687,-0.406256,0.037584,0.196006,-0.608324,0.322277,0.119745,0.073202,0.139043,0.617955,-0.46746,-1.469365,0.382477,0.440298,3.004757,-10.662158,0.125432,1.689714,2.809089,-1.227261,7.568726
15.88,0.151264,-0.419204,0.096612,-0.577823,0.178988,0.136206,0.400187,0.042515,0.641711,-0.15331,62.6753,-60.0,9.4967,1.1899,1.085,3.1156,23.8042,-12.7984,-2.8217,13.4122,-0.401436,0.033697,0.133317,-0.58846,0.223992,0.118831,0.097482,0.160716,0.624154,-0.475599,0.818287,-0.083454,-3.851169,0.046874,-2.914254,-0.020604,1.392234,0.286141,0.63037,-0.525894
15.9,0.072164,-0.440428,0.112369,-0.555635,0.192505,0.06529,0.149826,0.058534,0.755939,-0.092072,-8.5667,-24.8052,7.0494,0.2499,0.4647,-3.0982,-11.7663,-0.8748,7.4535,15.9102,-0.35117,-0.002271,0.083984,-0.577499,0.199119,0.112878,0.112073,0.130749,0.641583,-0.470253,2.915092,-2.380959,-1.231616,0.350095,-0.736667,-0.16342,0.732063,-1.856309,1.120862,-0.790898
15.92,-0.082789,-0.202096,-0.028144,-0.879297,0.229891,0.022101,0.216395,0.11472,0.955413,-0.217148,2.6735,-12.8131,0.9259,-45.4347,-2.1313,-7.2807,9.5136,5.6774,32.0685,9.6235,-0.307185,-0.045532,0.057909,-0.569115,0.228004,0.111454,0.115949,0.098491,0.66914,-0.477197,1.253372,-0.701087,-2.787742,-0.126254,2.229035,-0.247638,0.400787,-1.185872,1.256352,0.786336
15.94,-0.250485,0.109045,0.028807,-1.001314,0.375956,0.16471,-0.714405,0.11542,0.787455,-0.314613,-23.9269,58.2669,7.8591,-19.935,0.1324,13.9578,-60.0,-0.3504,-20.103,5.2199,-0.287185,-0.063348,0.011008,-0.636012,0.258684,0.108066,0.128056,0.101058,0.728191,-0.457353,1.190516,-0.90152,-1.778084,-4.028226,4.60454,-0.220908,0.573152,0.522567,3.350209,0.494621
15.96,-0.446042,-0.231831,-0.004579,-1.124151,0.267312,0.375078,-0.918082,0.264364,1.29746,-0.157313,-24.6442,-30.9008,-7.7793,-14.1461,-4.6706,39.5381,-60.0,23.014,72.9499,12.0436,-0.283719,-0.067912,0.026153,-0.741616,0.329252,0.107655,0.108995,0.082274,0.762613,-0.47038,0.011967,-0.071361,1.376452,-4.995859,2.215143,0.023274,-2.186642,-1.405362,0.840897,0.483884
15.98,-0.702334,-0.10301,0.155564,-0.752145,0.405501,0.197398,-0.623703,0.231234,0.854303,-0.704658,-30.5673,60.0,10.8335,56.912,-0.5573,-24.1566,5.278,5.8893,-68.6048,-17.0,-0.30619,-0.107265,0.030037,-0.848867,0.386363,0.137427,0.030627,0.103492,0.893757,-0.419527,-1.167148,-2.494751,0.502838,-4.899891,1.336229,1.341002,-5.159513,2.01371,7.243667,8.444832
16.0,-0.698096,-0.197397,0.20972,-0.377193,0.31381,-0.012985,0.941565,0.167604,0.447822,-0.553343,10.0579,0.4855,0.9812,116.5111,-7.2678,-32.1477,60.0,-7.0038,-62.031,7.1096,-0.339081,-0.122057,0.094265,-0.885326,0.451951,0.14721,-0.052472,0.155059,0.918694,-0.567953,-2.585155,-0.589438,3.089874,-4.655783,1.759699,0.328391,-3.736956,2.415436,-0.993723,-6.591125
16.02,-0.406005,-0.320498,0.134167,-0.304903,0.22286,0.012523,1.082646,0.14412,0.577752,-0.541462,5.062,-60.0,-0.5645,84.0576,-8.2408,-11.965,60.0,-12.0299,23.3902,0.331,-0.356064,-0.103418,0.124007,-0.907443,0.45172,0.135187,-0.05924,0.200725,0.801839,-0.566881,-0.507768,1.732476,0.462258,0.73069,-0.922811,-0.260277,1.866182,1.862939,-6.586926,0.692657
16.04,-0.283309,-0.333535,0.141511,-0.882995,0.188914,0.043451,0.141237,0.148759,0.799846,-0.392602,-18.0024,-60.0,11.1464,-37.2741,-7.1114,-17.1436,-60.0,-19.796,3.128,5.4584,-0.341553,-0.061523,0.103034,-0.847821,0.411689,0.133292,0.017393,0.243822,0.743032,-0.497428,1.081586,1.8221,-2.134753,3.697481,-1.817733,0.148346,4.012577,3.00956,0.623301,-1.278133
16.06,-0.366388,0.120698,0.109161,-0.907981,0.278748,0.188324,-0.737199,0.180132,1.091717,-0.001797,-11.9092,60.0,4.6619,-4.8508,-6.7566,14.4921,-60.0,1.4208,48.4016,17.0,-0.33344,-0.074416,0.077587,-0.84027,0.385973,0.131875,0.035632,0.224466,0.749751,-0.484707,0.281815,-0.965207,-0.440039,-0.61311,2.492526,-0.243698,0.464626,-1.712254,0.334315,-0.556984
16.08,-0.548098,-0.139888,0.055559,-1.039901,0.306815,0.282039,-0.547458,0.275682,1.129925,-0.366892,-27.1081,-14.6874,-11.1491,-22.437,-3.5235,3.2674,-60.0,17.8306,13.6194,4.961,-0.336738,-0.076478,0.106058,-0.856302,0.373002,0.147185,0.018662,0.179048,0.810707,-0.456084,-0.185901,0.076003,1.783924,-0.589652,0.88482,0.686052,-1.892879,-2.388765,3.959241,-1.407363
16.1,-0.695078,-0.06943,0.229251,-0.725763,0.433011,0.105211,-0.249553,0.216989,0.721213,-0.762134,-18.6127,29.8206,12.9037,47.6767,1.825,-26.0342,47.2868,-2.3893,-63.8299,-16.2045,-0.360636,-0.095696,0.108366,-0.901106,0.389843,0.164796,-0.044005,0.184371,0.900275,-0.421005,-1.276338,-0.93104,-0.238415,-2.469981,-0.099222,0.691551,-3.350001,1.652846,4.272084,2.585222
16.12,-0.725136,-0.078983,0.259284,-0.263044,0.369594,-0.071254,1.791041,0.116218,0.421334,-0.552403,-10.7393,-15.0833,2.8296,90.9291,4.1383,-31.6582,60.0,-13.9512,-45.4695,9.807,-0.386472,-0.087779,0.148588,-0.883649,0.416281,0.162023,-0.084983,0.218453,0.878976,-0.59328,-1.620434,0.638288,2.41005,0.249774,-6.066481,-0.134829,-1.587448,1.090299,-2.678157,-8.254451
16.14,-0.498844,-0.169935,0.133784,-0.516702,0.204964,0.033212,1.486619,0.130384,0.449126,-0.558436,-5.6306,-60.0,-3.2351,33.4899,-5.5158,-1.8069,60.0,-6.6759,8.9116,-0.473,-0.402132,-0.045749,0.168655,-0.872204,0.386317,0.145038,-0.053466,0.217214,0.756842,-0.5826,-0.359038,2.727985,-0.073682,2.29204,-1.75591,-0.605416,3.718682,-0.587022,-6.363408,1.454141
16.16,-0.227417,0.102639,0.230896,-0.613953,0.231735,-0.011701,0.199528,0.117283,0.540311,-0.32385,18.7441,23.6219,16.8903,-11.2124,-2.7373,-17.6591,-7.7863,-19.5368,-18.6287,7.1316,-0.39551,-0.031566,0.131372,-0.796993,0.32603,0.145721,-0.005612,0.258329,0.731809,-0.507039,0.261707,0.121999,-2.029199,4.468278,-1.044957,-0.240842,1.849941,1.588811,-1.166633,0.197925
16.18,-0.415445,0.106512,0.199667,-0.800741,0.288648,0.115202,-0.436574,0.145545,0.803408,0.047728,-27.8627,0.2109,-3.2503,-31.8646,2.4843,22.683,-60.0,-1.4292,31.7532,17.0,-0.37784,-0.016828,0.157027,-0.731576,0.277064,0.128465,0.018112,0.243748,0.697947,-0.487744,0.898875,0.926863,2.197798,2.483218,-2.041376,-0.997998,0.939174,-2.454273,-1.841226,0.512029
16.2,-0.626993,0.045537,0.134559,-0.761803,0.332505,0.045297,0.063686,0.140742,0.83921,-0.39992,-30.502,18.8788,-11.6957,5.9663,1.7784,-13.2325,58.3216,6.7388,11.3134,2.4594,-0.381718,-0.019189,0.193349,-0.739592,0.281337,0.129342,-0.001876,0.179622,0.707035,-0.458158,-0.2544,-0.224872,1.701292,-1.074416,0.271036,0.025312,-1.713314,-3.108171,0.983695,-0.131217
16.22,-0.813157,-0.076316,0.229321,-0.34139,0.43708,-0.08307,0.896412,0.058293,0.367036,-0.731844,-37.3128,-26.9341,9.2023,65.498,4.2052,-29.8795,60.0,-9.0659,-68.2797,-10.2895,-0.397881,-0.008916,0.183674,-0.753617,0.305342,0.130302,-0.002056,0.161253,0.7385,-0.455732,-1.01038,0.509881,-1.35644,-0.423373,1.07513,-0.086013,0.336392,-0.359763,1.451367,-0.762569
16.24,-0.526124,0.0287,0.192214,-0.523471,0.172819,0.110068,1.953608,0.060668,0.265118,-0.566297,11.7888,-2.3867,4.1648,-4.9072,1.7455,-1.3635,60.0,-26.472,-42.8254,-12.1021,-0.421393,0.002395,0.173183,-0.675663,0.31229,0.11977,0.034402,0.177323,0.674881,-0.500568,-1.11231,0.289824,-0.661494,3.20499,-7.398356,-0.003711,2.239323,4.330619,-2.153814,9.568608
16.26,-0.030073,0.120356,0.078759,-0.727572,0.08123,0.113353,0.79165,0.0736,0.419461,-0.449955,68.6917,9.2022,-10.2924,-34.1053,-3.2172,11.2824,60.0,-18.2995,-24.2133,0.982,-0.429835,0.008093,0.174651,-0.622943,0.226347,0.113485,0.059328,0.214926,0.658059,-0.485381,-0.353027,0.502155,0.205661,2.127455,-2.613556,-0.457169,1.263099,1.218747,-1.33769,0.439403
16.28,0.017252,0.115777,0.185408,-0.648218,0.175678,0.076126,0.086644,0.072233,0.6086,-0.209404,15.1368,-17.6514,12.7254,6.3821,4.004,11.517,-60.0,-13.1975,-3.8708,10.7351,-0.402914,0.030477,0.139751,-0.626303,0.1528,0.097301,0.104525,0.219147,0.645422,-0.480622,1.937064,1.315477,-2.386587,-1.117326,-3.120055,-0.594339,2.82306,-0.436952,-0.190947,0.114799
16.3,-0.217724,0.152926,0.065519,-0.800352,0.216297,0.124238,-0.328547,0.125206,0.829609,0.041286,-32.9309,21.2727,-12.6109,-22.5735,1.6441,13.2001,-60.0,9.7056,32.6087,17.0,-0.359197,0.035557,0.145024,-0.635568,0.157774,0.088851,0.124907,0.152309,0.636457,-0.468183,2.190434,0.083414,1.363116,-0.247767,0.703841,-0.319235,0.676284,-3.631437,-0.420139,-0.134277
16.32,-0.511371,0.077049,0.148961,-0.974047,0.314506,0.109505,-0.438727,0.149368,0.78484,-0.33404,-47.1585,22.7957,3.4518,-22.9125,3.889,-6.7887,-60.0,9.6695,-1.4288,6.0119,-0.33871,0.027356,0.13846,-0.68018,0.189846,0.097667,0.115538,0.105798,0.669512,-0.455307,0.859933,-0.487252,-0.702444,-2.445988,1.108451,0.346431,-1.192467,-1.553828,2.164082,-1.173015
16.34,-0.744699,-0.03994,0.193678,-0.546624,0.441364,-0.116412,0.501828,0.08267,0.48691,-0.579182,-39.8622,-4.8981,1.4219,69.5416,4.804,-38.0344,60.0,-2.8564,-44.0428,-8.2016,-0.34908,0.017436,0.149547,-0.767213,0.257137,0.104993,0.063049,0.098263,0.702293,-0.441233,-0.787988,-0.249248,0.874889,-4.21231,2.590979,0.195113,-3.114744,0.379406,1.356053,2.710776
16.36,-0.772494,-0.044356,0.193613,-0.502408,0.386308,0.044523,1.376766,0.055223,0.509655,-0.574846,-24.5389,-35.3146,3.2451,10.1755,-2.5735,7.4117,60.0,-10.3861,5.3302,0.7434,-0.369075,0.028202,0.159614,-0.741265,0.348395,0.094721,0.053906,0.120657,0.656056,-0.517354,-1.455141,0.78838,0.045273,2.964298,4.13131,-0.60438,1.309267,1.123893,-3.153501,-3.073876
16.38,-0.301009,-0.185443,0.050994,-0.749956,0.18304,0.175458,1.257376,0.073187,0.556031,-0.311711,42.3914,-47.8775,-8.9602,-17.1575,1.5261,0.8749,60.0,-17.9885,-20.5058,9.2123,-0.399101,0.032363,0.154823,-0.692241,0.28966,0.103756,0.079206,0.164943,0.65176,-0.519268,-1.119557,0.163577,-0.416114,0.982233,-5.849397,0.399657,0.836267,2.577627,0.710233,-0.91923
16.4,0.017423,-0.495161,0.173855,-0.56081,0.173822,0.092799,0.351643,0.071799,0.637495,-0.193,54.9031,-60.0,17.5637,23.7955,-2.728,-3.1878,9.6362,-11.4779,-10.4281,14.3535,-0.404248,0.031313,0.108106,-0.698321,0.276632,0.103944,0.105586,0.178902,0.658715,-0.52296,0.337657,-0.523582,-3.214009,-0.366166,-1.398334,0.061328,1.499797,0.224519,0.837203,-1.166732
16.42,0.032052,-0.408451,0.191372,-0.6114,0.186163,0.029141,0.130313,0.093196,0.737867,-0.166844,13.5316,-60.0,18.2246,-3.5492,-5.597,2.5533,-9.8711,0.8309,6.5704,12.0821,-0.373484,0.017459,0.060715,-0.677534,0.282891,0.094239,0.119862,0.148738,0.668166,-0.508089,1.91323,-0.593312,-1.508883,1.556427,1.745271,-0.498257,0.453309,-1.867538,0.448894,1.583502
16.44,-0.122793,-0.239776,0.122372,-1.017654,0.188083,0.079926,-0.111799,0.152726,0.968238,-0.24002,-13.4266,-18.7583,10.8563,-55.8978,-4.4334,11.1235,-26.3117,5.4699,34.1369,5.5224,-0.336943,-0.004554,0.038204,-0.664139,0.283796,0.084984,0.112596,0.122437,0.684044,-0.457141,1.842455,-1.071975,-0.713527,0.331693,0.61103,-0.480631,-0.703648,-0.713934,0.981306,3.194442
16.46,-0.249186,0.037753,0.177737,-1.095431,0.374829,0.25107,-0.938187,0.210095,0.90993,-0.332523,-8.3444,55.4274,6.3552,-19.4602,-1.0917,26.3052,-60.0,6.3721,-7.6601,0.5975,-0.320733,-0.035336,0.058548,-0.733435,0.313835,0.085685,0.085335,0.125719,0.749048,-0.392474,0.77164,-1.54658,1.627257,-4.025795,3.567137,-0.060575,-1.392833,0.604134,3.673718,1.818713
16.48,-0.326531,-0.032062,0.32228,-0.756557,0.405257,0.179771,-0.728785,0.212314,0.692334,-0.663141,-2.0503,24.8126,7.5603,54.0227,-1.7203,-0.9933,-23.1201,7.6744,-35.0353,-13.5456,-0.319374,-0.053226,0.126599,-0.835796,0.369706,0.094682,0.021458,0.131503,0.804168,-0.359978,0.039504,-0.779927,3.512094,-4.869053,3.174062,0.55646,-4.810265,0.118957,2.110036,1.433468
16.5,-0.64547,-0.065617,0.303862,-0.333071,0.475093,-0.1238,0.681736,0.120537,0.475448,-0.553262,-55.7382,-0.4521,-6.649,75.3499,-2.0465,-47.8229,60.0,-8.4673,-32.2947,5.6661,-0.313993,-0.058638,0.221405,-0.850226,0.440612,0.102118,-0.076424,0.154067,0.788383,-0.516172,0.243372,-0.035759,4.356421,0.256912,3.460358,0.563677,-4.807542,1.495853,-1.692337,-7.221948
16.52,-0.545839,-0.127083,0.214538,-0.427996,0.319368,0.105077,1.699477,0.113498,0.495734,-0.537183,-38.1958,-60.0,-1.9597,60.1466,-4.2832,7.5768,60.0,-9.3953,8.4524,0.8169,-0.315838,-0.041758,0.242435,-0.869187,0.438963,0.096247,-0.099555,0.178868,0.700811,-0.548322,0.149484,1.628863,-0.242754,0.69703,-0.505655,-0.252899,1.34045,0.836022,-4.531313,-0.375043
16.54,-0.220787,-0.344882,0.236657,-0.319243,0.274773,0.018826,0.616469,0.121964,0.539123,-0.458425,12.8789,-60.0,12.533,44.2326,-5.8694,-34.6502,28.4708,-17.8144,-8.2341,-6.2389,-0.316825,-0.009906,0.205341,-0.827666,0.411146,0.108912,-0.035585,0.199362,0.64383,-0.496476,0.06176,1.110767,-2.74976,3.701282,0.418672,0.854995,3.863267,2.946661,-0.863399,7.839295
16.56,-0.320794,-0.162741,0.284136,-0.713809,0.2834,0.037646,-0.162392,0.129398,0.76322,-0.240535,-33.7452,-52.658,23.8112,-38.777,2.6119,-8.1183,-60.0,-7.9068,30.4353,6.5384,-0.294411,0.013294,0.148266,-0.747246,0.35632,0.108307,0.035209,0.219295,0.624317,-0.420434,1.20491,0.661343,-2.99039,5.060391,-5.584529,-0.100352,3.199512,-0.316711,-1.109298,0.664226
16.58,-0.585247,0.050727,0.173258,-0.732625,0.398543,0.051475,-0.458609,0.145754,0.769255,-0.439717,-44.3142,43.3915,-7.6378,-3.6288,4.053,-10.0656,-60.0,3.8997,11.0247,-0.3792,-0.292587,-0.001542,0.153424,-0.726921,0.340442,0.111553,0.033128,0.176051,0.636986,-0.392003,0.016796,-1.248256,2.814026,0.320437,-1.746439,0.042629,-1.259652,-2.026746,1.018674,-1.544825
16.6,-0.714183,0.00094,0.256227,-0.665437,0.400124,-0.058864,1.472218,0.038321,0.456655,-0.501633,-24.7642,7.6621,2.8603,18.7524,3.4507,-22.8842,60.0,-7.252,-45.3689,-2.2493,-0.315378,-0.013759,0.186603,-0.738436,0.350509,0.113835,-0.013422,0.143759,0.667246,-0.421876,-1.418031,-0.178964,1.199807,-0.901598,-1.48088,-0.122184,-2.720256,-0.962801,1.592365,-0.950457
16.62,-0.571502,0.000776,0.199611,-0.672199,0.294629,0.04319,1.22526,0.053154,0.547398,-0.332828,6.4328,-46.6284,0.1544,17.6605,-2.4209,7.1715,60.0,-4.6019,13.582,6.9208,-0.346132,0.008935,0.201238,-0.755527,0.350567,0.100286,-0.012988,0.126499,0.625504,-0.460712,-1.627633,1.705254,-0.092754,-0.596408,0.185261,-0.636512,1.95345,-0.799241,-2.923258,-1.823623
16.64,-0.208295,-0.16877,0.184467,-0.536519,0.214674,0.1075,0.96519,0.066764,0.589999,-0.353878,33.8414,-51.5655,3.2043,21.646,-4.4814,-10.7495,60.0,-10.1607,-10.9559,5.412,-0.364747,0.027735,0.179142,-0.74477,0.337246,0.105652,0.02885,0.134251,0.620154,-0.465892,-0.419607,0.464788,-0.781435,1.108339,-0.425757,0.446023,1.467046,0.997962,0.74332,-0.940807
16.66,0.053016,-0.266062,0.319109,-0.425245,0.361948,0.022367,0.235079,0.076529,0.583148,-0.266274,35.9815,-60.0,26.6643,20.9644,5.1475,-14.2939,-38.3438,-8.4127,-9.0555,10.3046,-0.34942,0.035344,0.139527,-0.699318,0.304194,0.105762,0.07181,0.148046,0.629978,-0.471055,0.986327,0.416803,-2.546394,2.328005,-2.866063,0.072184,2.690629,0.368839,0.234698,-2.134734
16.68,-0.157245,-0.149955,0.188123,-0.745221,0.253879,0.052805,0.222051,0.144962,0.695848,-0.40494,-23.9522,-37.5675,8.9037,-33.3228,-0.0628,13.4545,19.7853,6.4906,13.609,-0.0484,-0.313593,0.034899,0.116824,-0.650728,0.280486,0.091345,0.088194,0.124206,0.624083,-0.448757,1.917501,0.022613,-0.518779,2.212717,-1.011651,-0.778075,0.264751,-1.291348,-0.328655,1.819224
16.7,-0.257863,-0.1157,0.214625,-0.984644,0.353711,0.041618,-0.544193,0.150477,0.802186,-0.385802,-14.2286,-8.8461,5.3912,-37.436,0.983,-2.1901,-60.0,-0.2885,15.4831,0.6616,-0.295957,0.025041,0.126531,-0.662445,0.290266,0.087405,0.09737,0.129654,0.640449,-0.424475,0.806682,-0.731501,0.999748,-1.258816,1.570561,-0.189226,0.593427,0.693455,1.014267,0.894268
16.72,-0.574055,-0.111105,0.187124,-1.154139,0.333778,0.186672,-0.574479,0.166456,1.017536,-0.451204,-41.1033,26.7656,-6.5497,-26.4105,-7.0905,23.7722,-35.6987,6.3412,32.7012,-0.4206,-0.293855,-0.009952,0.168359,-0.742844,0.358581,0.083782,0.054032,0.120651,0.678588,-0.430372,-0.037484,-1.781039,2.464506,-4.077159,6.159976,-0.337299,-3.410903,-0.514992,2.096254,-0.416805
16.74,-0.680757,-0.101619,0.201921,-0.700053,0.483733,-0.05191,-0.010934,0.123738,0.759402,-0.584933,-10.0567,12.6874,-2.0571,67.7435,-1.5586,-35.9332,60.0,-2.7864,-41.0352,-5.3736,-0.325035,-0.036353,0.196766,-0.853477,0.42111,0.097165,-0.021968,0.126394,0.767391,-0.443552,-1.751547,-0.975503,0.752451,-5.16871,4.104519,0.548984,-3.88827,0.737313,4.603289,-0.28449
16.76,-0.611028,-0.119007,0.202106,-0.529404,0.340053,0.057338,1.309727,0.097843,0.543125,-0.549894,-5.8971,-38.0652,-1.0602,79.949,-7.0644,8.8084,60.0,-6.8657,-33.3535,1.8357,-0.349601,-0.03011,0.206297,-0.891084,0.462936,0.0889,-0.04657,0.150266,0.785265,-0.514959,-1.347661,0.768777,0.187507,-2.969383,2.170777,-0.547799,-0.060346,0.474827,-0.342899,-3.265712
16.78,-0.280961,-0.383304,0.27777,-0.404797,0.197661,0.02788,0.334023,0.116293,0.69319,-0.411117,25.5142,-60.0,16.3873,68.5453,-10.3478,-12.105,-51.2039,-4.9513,18.7716,8.7773,-0.364383,0.000637,0.183775,-0.903583,0.470203,0.085085,0.00535,0.156865,0.733894,-0.562372,-0.525885,1.946436,-2.043833,0.724821,-0.55952,0.142555,4.43167,0.261529,-2.874651,-2.754597
16.8,-0.272987,-0.259928,0.24058,-0.67867,0.15564,0.038696,0.132115,0.148266,0.715805,-0.362404,-20.3048,-60.0,13.7862,1.9734,-10.0636,-10.1606,-18.695,0.2736,2.9898,5.2431,-0.347347,0.01483,0.151087,-0.861135,0.446763,0.0882,0.043896,0.151198,0.724414,-0.557915,1.272506,0.38029,-1.414708,2.934638,-1.597325,0.110634,1.377143,-0.165775,-0.49471,2.603325
16.82,-0.263376,-0.156686,0.141127,-0.958484,0.229028,0.11767,-0.421583,0.172931,1.079073,-0.185874,-4.215,-19.1028,2.8906,-34.0615,-6.9345,2.4249,-60.0,0.6445,58.641,12.2393,-0.332557,0.006266,0.132981,-0.820107,0.42404,0.091239,0.048285,0.153208,0.71328,-0.523841,0.59025,-0.511151,-0.607176,1.537446,-0.874754,0.06228,-0.023116,0.388335,-0.435868,1.292245
16.84,-0.487797,0.058576,0.160817,-1.088766,0.369307,0.311449,-0.907256,0.214794,0.909935,-0.566214,-26.1409,56.1397,0.9615,-27.3565,-2.9308,21.8943,-60.0,6.5138,-18.2424,-7.5699,-0.33116,-0.023863,0.132443,-0.834123,0.421485,0.102807,0.005444,0.148905,0.780793,-0.472506,0.107004,-1.502703,0.54866,-1.252597,0.852181,0.380305,-2.708695,0.021956,4.346392,3.860211
16.86,-0.699801,-0.078409,0.216225,-0.808441,0.443822,0.023587,-0.024599,0.144297,0.754275,-0.69345,-21.5142,5.5996,-2.2081,45.3605,-3.7817,-35.649,60.0,-1.4314,-25.8564,-4.8701,-0.353441,-0.040613,0.168789,-0.901581,0.443354,0.119143,-0.081785,0.149326,0.831152,-0.511952,-1.231283,-0.498688,2.033261,-3.627178,3.838847,0.862214,-5.246636,0.271567,1.655281,-2.41395
16.88,-0.737574,-0.032883,0.241546,-0.497885,0.462762,-0.081539,0.896656,0.094403,0.471185,-0.551412,-22.9591,-19.2599,4.8053,51.6326,0.1661,-29.8197,60.0,-13.2073,-42.4732,6.4434,-0.374752,-0.030158,0.1889,-0.903824,0.464482,0.121131,-0.130766,0.177356,0.819788,-0.611669,-1.272722,0.709252,0.134337,1.069827,-0.237282,-0.023488,-0.730253,1.436691,-1.134424,-4.07378
16.9,-0.593369,-0.074216,0.186432,-0.756668,0.310493,0.107846,1.558282,0.096821,0.495925,-0.452821,-12.9179,-60.0,4.3793,17.4097,-5.0345,9.8941,60.0,-8.2051,7.2409,3.6758,-0.390619,-0.000337,0.18308,-0.909826,0.450272,0.109547,-0.090779,0.184356,0.730656,-0.583914,-0.707654,2.023902,-1.182854,0.642939,-0.562317,-0.410535,4.018626,-0.160394,-4.905317,1.583766
16.92,-0.257451,-0.280217,0.213607,-0.445573,0.205253,0.028223,0.674311,0.112029,0.514121,-0.402693,30.279,-60.0,10.1093,47.6892,-6.6514,-23.9513,60.0,-13.9996,-32.1946,6.4218,-0.400212,0.011773,0.14837,-0.879072,0.420985,0.120567,-0.03493,0.210823,0.718753,-0.546742,-0.358586,0.150341,-1.048716,2.003195,-1.99792,0.408531,1.769128,1.205068,0.173305,-0.666487
16.94,-0.146988,-0.322659,0.258555,-0.576226,0.130079,0.019628,0.202942,0.123988,0.618497,-0.336083,3.2689,-60.0,23.8302,4.229,-8.4775,-6.2323,-14.1364,-12.2817,-4.0918,7.5187,-0.377948,0.011525,0.106406,-0.803954,0.372382,0.11265,0.004271,0.224676,0.698271,-0.526109,1.269114,0.294965,-2.519817,3.458537,-1.226886,-0.312313,2.041559,0.647236,-0.909902,0.083169
16.96,-0.189689,-0.196739,0.101924,-0.792536,0.166873,0.052405,-0.110306,0.145432,0.888255,-0.198894,-4.5455,-21.6503,-1.9084,-31.5623,-7.4519,0.89,-38.2205,-0.5298,41.1941,10.9271,-0.351946,-0.004548,0.109896,-0.735086,0.328043,0.105873,0.016184,0.200156,0.674625,-0.496457,1.168352,-0.636223,0.325022,2.651345,1.015214,-0.360411,0.48973,-1.445641,-1.057263,0.985223
16.98,-0.346896,0.111455,0.117586,-0.990318,0.307524,0.259113,-0.925875,0.18649,0.937738,-0.16358,-24.3174,57.9847,3.2796,-33.5816,1.1328,19.9525,-60.0,5.0355,16.5182,7.2592,-0.335338,-0.027208,0.098734,-0.734501,0.321621,0.108877,0.005677,0.170716,0.703185,-0.456098,0.913509,-1.146476,-0.40785,-0.553611,-1.713825,0.104477,-0.793625,-1.011434,2.156786,4.486358
17.0,-0.569407,-0.041889,0.148016,-0.975718,0.345148,0.247349,-0.546233,0.183833,0.877325,-0.504428,-25.5633,8.7726,-2.6107,3.0786,-3.7593,2.1393,-17.945,7.6187,-9.4564,-9.9733,-0.339728,-0.036333,0.122065,-0.795936,0.346764,0.123879,-0.034573,0.147185,0.764794,-0.415113,-0.359541,-0.37457,1.522607,-3.47191,3.731972,0.662616,-3.198054,-1.156444,3.043223,6.465401
17.02,-0.800036,-0.10607,0.206096,-0.590448,0.452274,-0.029814,0.349383,0.101865,0.663884,-0.785543,-35.543,-4.29,2.7495,61.4077,0.9952,-43.021,60.0,-7.0082,-33.5455,-10.9942,-0.361096,-0.043958,0.145869,-0.856413,0.379852,0.139157,-0.100309,0.148704,0.805682,-0.463684,-1.225548,-0.308194,0.957363,-2.485884,1.920907,0.714961,-3.243559,0.679805,1.418497,-1.899182
17.04,-0.643564,-0.067324,0.20649,-0.418942,0.27025,0.045187,1.797374,0.098015,0.397498,-0.443673,2.9936,-38.5647,2.4444,80.7652,-5.8094,-4.2502,60.0,-8.805,-38.2718,15.1215,-0.387484,-0.032572,0.163206,-0.837475,0.387275,0.136163,-0.115139,0.16487,0.776878,-0.638311,-1.674849,1.198103,0.551055,-2.078247,1.139866,-0.38007,1.489181,0.619929,-2.153379,-7.410139
17.06,-0.36544,-0.281852,0.176889,-0.514648,0.173285,0.015808,0.756102,0.122248,0.481324,-0.494663,9.5604,-60.0,8.4313,28.8013,-6.8343,-21.7226,53.6659,-18.2568,-10.7739,6.4412,-0.400998,0.003415,0.148581,-0.827282,0.378285,0.130377,-0.040018,0.189866,0.692205,-0.519201,-0.170974,1.55824,-1.638053,2.090819,-1.379525,0.183528,4.000381,3.362073,-2.410253,-5.514865
17.08,-0.257239,-0.270296,0.347908,-0.708005,0.245957,-0.016777,-0.124833,0.115511,0.647604,-0.159594,0.2133,-40.8717,27.5881,-27.3122,1.0906,-15.1795,-60.0,-14.0357,13.3102,17.0,-0.383307,0.001245,0.11196,-0.758925,0.330076,0.130574,0.004083,0.228103,0.680063,-0.511761,0.756286,-0.509205,-1.167972,4.038622,-4.500303,-0.280044,2.271784,0.812064,-2.100651,-2.995215
17.1,-0.567202,0.104289,0.144292,-0.820263,0.340308,0.080504,-0.464806,0.15595,0.732162,-0.316574,-49.3511,60.0,-17.5756,-19.1231,1.2993,4.2581,-60.0,3.8469,21.6098,4.146,-0.369485,-0.026476,0.162195,-0.732833,0.323001,0.12269,-0.006771,0.19423,0.651908,-0.467248,0.796604,-1.583517,4.6169,0.694307,-0.613148,-0.428198,-1.084837,-2.244788,-1.106034,1.899959
17.12,-0.844169,-0.027017,0.25789,-0.428483,0.43673,-0.124693,1.223385,0.02184,0.37704,-0.607072,-45.1648,3.5609,3.5321,61.7066,4.031,-36.0999,60.0,-8.5753,-50.1736,-9.1657,-0.383305,-0.039314,0.203485,-0.757345,0.328953,0.124895,-0.04171,0.155183,0.661025,-0.442792,-0.96937,-0.041737,0.558166,-1.430229,0.282926,-0.054134,-2.116153,-1.39194,0.875417,2.620742
17.14,-0.507101,-0.040764,0.170094,-0.757922,0.166813,0.152379,1.474732,0.049108,0.425775,-0.48083,3.5611,-14.3325,-6.4285,-11.1258,-4.73,-0.5475,60.0,-13.3464,-18.8803,-2.5385,-0.405216,-0.02308,0.218679,-0.731248,0.298658,0.115428,-0.039463,0.141565,0.608685,-0.46289,-0.762231,0.40913,0.459204,0.823273,-0.549235,0.246343,0.475798,1.199391,-0.988706,1.839297
17.16,-0.09061,-0.367114,0.211377,-0.666812,0.141679,0.087012,0.327885,0.066594,0.572384,-0.271485,58.8052,-60.0,6.8805,9.4044,-2.7669,-9.5127,40.308,-11.066,-0.4057,7.1421,-0.41561,-0.013849,0.196625,-0.726821,0.266065,0.11953,-0.023264,0.157818,0.598876,-0.458206,-0.406728,0.529894,-1.580948,-0.046573,-2.230884,0.187482,1.133964,0.568457,-0.412309,0.33012
17.18,-0.128466,0.091549,0.170477,-0.673841,0.281529,0.017207,-0.29568,0.087528,0.76756,-0.068028,-2.5908,56.6656,3.3893,-6.3509,0.0775,-9.8797,-60.0,-2.5273,25.8454,11.8949,-0.389163,-0.028548,0.167706,-0.702676,0.268885,0.113109,-0.003984,0.141153,0.594329,-0.447864,1.686574,-1.237206,-0.910254,1.233662,0.432641,-0.182255,1.07977,-0.829247,0.016092,3.331835
17.2,-0.544629,0.06871,0.195888,-0.847764,0.350746,0.033424,-0.431049,0.116672,0.720101,-0.397971,-64.2879,26.7317,-1.8466,-26.8714,0.9664,-4.6027,-60.0,7.1945,-0.0551,3.4784,-0.357656,-0.039024,0.18167,-0.691965,0.291966,0.109511,-0.00699,0.104268,0.621542,-0.453877,1.465982,-0.196489,0.955948,0.40462,1.398729,-0.275479,-0.6459,-1.741461,1.714702,-1.254741
17.22,-0.599005,-0.066317,0.226294,-0.801815,0.367391,-0.0471,1.627094,0.03521,0.448379,-0.52831,1.1835,-6.7358,-3.9275,15.7053,-0.0954,-18.0023,60.0,-4.953,-39.1065,-3.8211,-0.369252,-0.040755,0.205797,-0.736111,0.332073,0.109579,-0.044396,0.088932,0.647662,-0.462029,-1.441888,0.06152,1.74826,-2.953642,1.523384,-0.222453,-2.143536,-0.122621,1.064724,1.181666
17.24,-0.076759,-0.337182,0.215641,-0.422798,0.197764,0.002292,0.879383,0.079367,0.622755,-0.503734,59.4752,-60.0,-0.5001,61.5191,-6.4267,-3.0723,60.0,-6.2037,-5.6113,-0.0446,-0.387124,-0.031672,0.218774,-0.775142,0.348273,0.096378,-0.046571,0.098528,0.632234,-0.491705,-0.522625,0.084435,0.054612,-1.001564,0.410367,-0.446591,0.238077,1.254016,0.484121,-0.440919
17.26,-0.059139,-0.285748,0.182374,-0.777494,0.216152,-0.025509,0.221527,0.111481,0.692295,-0.449912,-7.7567,-60.0,5.5388,-25.6365,-3.8275,-6.3649,-47.8586,-7.1283,0.7874,6.382,-0.355075,-0.020302,0.195089,-0.743367,0.326273,0.081654,-0.001409,0.127411,0.64347,-0.49841,2.109339,0.899263,-1.991899,2.370855,-0.583141,-0.392749,3.503465,1.618972,0.755293,-4.486896
17.28,-0.232496,0.119322,0.120189,-0.98064,0.330653,0.141783,-0.646329,0.135777,0.920091,-0.264986,-24.7794,58.2394,-0.4995,-33.0848,-3.2604,24.4523,-60.0,0.8654,33.9139,7.7154,-0.32336,-0.036919,0.158603,-0.737675,0.333004,0.071812,0.026923,0.132605,0.658301,-0.485455,1.553635,-1.022902,-0.977483,-0.388239,3.198318,-0.564541,1.166185,-0.160332,0.61875,1.114519
17.3,-0.498627,-0.185694,0.082354,-1.016542,0.292862,0.343372,-0.860717,0.293558,1.203642,-0.235221,-34.5704,-24.7495,-8.5503,-6.1373,-4.7448,32.3368,-60.0,22.6383,42.2703,11.9267,-0.315096,-0.043991,0.159168,-0.796122,0.368358,0.080107,0.016589,0.111888,0.717082,-0.485368,0.284792,-0.136095,0.254132,-3.111368,1.742389,0.289337,-1.581459,-1.307763,3.549075,-1.940163
17.32,-0.680811,-0.10935,0.256899,-0.670762,0.442672,0.177909,-0.585422,0.206294,0.752248,-0.754773,-21.0946,54.573,11.4028,54.2801,0.7919,-21.5065,11.6557,-0.8064,-72.7697,-13.4967,-0.337169,-0.082885,0.147218,-0.862279,0.418368,0.109481,-0.053731,0.139718,0.847009,-0.452063,-1.231766,-2.268769,-0.12715,-2.952678,0.182154,1.285118,-4.471671,2.18311,6.766298,1.402357
17.34,-0.647442,-0.172192,0.26675,-0.231379,0.343645,-0.043406,1.119821,0.133744,0.427144,-0.482484,-6.3792,-7.6736,1.8852,118.7552,-4.95,-33.0396,60.0,-7.8043,-50.189,12.0524,-0.366227,-0.09647,0.187077,-0.910409,0.448995,0.116736,-0.122609,0.175268,0.854377,-0.60423,-1.448228,-0.283124,1.778947,-1.952931,0.743418,0.364789,-3.113383,1.068133,-1.605723,-7.255094
17.36,-0.457574,-0.260558,0.157531,-0.336804,0.248895,0.004956,1.103045,0.136624,0.518158,-0.647384,-14.4462,-60.0,-2.4835,58.2514,-5.0515,-13.0103,60.0,-7.8608,18.3215,-7.1942,-0.369862,-0.074191,0.197893,-0.887931,0.427482,0.109446,-0.11957,0.193076,0.743427,-0.547877,0.052151,1.764382,-0.454119,2.821544,-2.113139,-0.107723,2.332239,0.648017,-6.021719,3.24642
17.38,-0.268565,-0.30676,0.191027,-0.676973,0.168419,0.011087,0.135491,0.144454,0.596607,-0.485299,-6.3153,-60.0,15.9414,-20.5476,-5.6631,-24.7474,-60.0,-22.1499,-3.5933,-2.6593,-0.357394,-0.047921,0.152717,-0.80119,0.365422,0.11376,-0.04532,0.238791,0.686722,-0.502867,0.794423,0.7701,-3.54209,4.527415,-2.239438,0.378066,4.013942,3.719278,-1.146749,3.395974
17.4,-0.419874,0.130172,0.154517,-0.892127,0.262555,0.123151,-0.629105,0.161993,0.98598,-0.034695,-24.5008,60.0,2.5059,-35.1672,-5.1573,11.1603,-60.0,-1.3284,59.3797,17.0,-0.344621,-0.067232,0.126725,-0.751397,0.324422,0.11047,-0.020441,0.230688,0.659818,-0.478699,0.53446,-0.953564,0.079931,1.624414,2.709723,-0.374493,0.854162,-1.62066,-1.208153,-0.164177
17.42,-0.68991,-0.001212,0.091537,-0.857126,0.339353,0.217866,-0.331366,0.16821,0.872447,-0.564547,-43.5407,11.7293,-12.3623,4.691,-0.9974,-1.5778,-12.4772,8.8961,-4.3002,-9.5829,-0.350594,-0.070284,0.157574,-0.779142,0.307678,0.125347,-0.03245,0.174587,0.705163,-0.452404,-0.297581,0.079018,1.684281,-1.893757,2.287257,0.625178,-1.792782,-2.78848,3.396441,5.148669
17.44,-0.989748,-0.111231,0.239059,-0.361756,0.37795,-0.007019,1.173443,0.040905,0.410966,-0.852563,-50.5198,-15.4587,12.5157,77.5497,1.6956,-38.8224,60.0,-10.9046,-70.5288,-11.1085,-0.378791,-0.067999,0.15139,-0.810904,0.324734,0.141462,-0.068111,0.155041,0.759041,-0.512619,-1.66345,0.258172,-1.096449,-1.176038,0.43735,0.669457,-1.811626,-0.148893,2.116655,-2.514382
17.46,-0.70457,0.023876,0.16096,-0.388474,0.134774,0.132077,2.021798,0.073011,0.288788,-0.646475,0.7604,13.0487,-5.5504,26.5698,5.3502,-23.2769,60.0,-15.0925,-47.5092,-13.6456,-0.418327,-0.056815,0.16348,-0.729475,0.289945,0.145962,-0.073324,0.156827,0.70388,-0.578623,-1.767531,0.117084,1.5497,2.840349,-11.673788,0.857302,0.299013,1.962835,-1.704936,11.041903
17.48,-0.095544,0.121347,0.064665,-0.690496,0.077208,0.142815,0.879138,0.08002,0.43943,-0.4399,72.5513,11.7897,-9.8255,-43.0858,-1.5046,1.2136,60.0,-18.8022,-23.9882,1.9727,-0.435366,-0.042574,0.172242,-0.658815,0.203572,0.147757,-0.054251,0.200879,0.678113,-0.504773,-0.872823,0.795643,-0.272651,4.429585,-3.585863,-0.079078,0.989986,1.964394,-1.365182,0.628541
17.5,0.041864,0.090118,0.220984,-0.648696,0.205024,0.11459,0.018068,0.066251,0.627732,-0.058113,30.2469,-22.5913,17.9477,-0.8788,5.1609,14.0711,-55.042,-16.8618,-2.9804,17.0,-0.416106,-0.013503,0.131122,-0.634689,0.140257,0.132056,-0.016944,0.22143,0.663309,-0.499609,1.55524,1.641546,-2.621102,-0.141223,-2.596116,-0.675144,2.351323,0.393084,-0.27226,0.06129
17.52,-0.174338,0.174178,0.039375,-0.684322,0.16749,0.151891,-0.205559,0.135342,0.816431,0.210158,-27.0432,25.4041,-18.3289,-6.9419,-1.7863,15.2318,-49.7492,9.8308,21.8515,17.0,-0.372766,-0.001738,0.148218,-0.635418,0.171022,0.120592,-0.001664,0.159309,0.662707,-0.477475,2.297841,0.370609,2.177418,-0.045484,1.66158,-0.426221,0.339946,-3.576339,0.139472,1.309236
17.54,-0.434224,0.048634,0.093351,-0.91528,0.335509,0.203403,-0.59407,0.132988,0.693975,-0.367112,-41.5684,2.2587,1.5208,-35.6524,3.6493,-0.936,-60.0,5.3756,-11.8544,2.0606,-0.345654,0.001422,0.13411,-0.649144,0.186372,0.129276,-0.003472,0.116195,0.688994,-0.444116,1.14404,0.272238,-1.636942,-0.493187,2.33959,0.487629,-0.250226,-1.081095,1.456152,1.029824
17.56,-0.843589,-0.045474,0.209134,-0.583868,0.387222,-0.056872,0.738717,0.059239,0.523272,-0.742718,-62.8651,0.9402,9.4793,53.1648,1.5623,-41.0928,60.0,-2.6478,-24.7262,-14.8453,-0.3506,-0.007213,0.119881,-0.719379,0.271924,0.140948,-0.052825,0.097654,0.693724,-0.422909,-0.448312,-0.32563,-0.162048,-3.794563,3.080447,0.461929,-3.330352,-0.349144,-0.097255,2.073639
17.58,-0.591582,-0.059973,0.164329,-0.511039,0.243137,0.07447,1.985425,0.052295,0.409025,-0.437274,9.1015,-21.8438,-0.8317,15.48,-5.7688,-23.0254,60.0,-15.1385,-25.4233,0.8723,-0.37601,0.005615,0.14046,-0.713922,0.32751,0.141525,-0.070996,0.112596,0.652307,-0.567106,-1.676133,0.3307,0.941386,1.727817,2.418074,0.524519,0.093054,2.664052,-1.27907,4.364549
17.6,-0.093824,-0.410713,0.16695,-0.619017,0.140067,0.080969,0.541163,0.084132,0.601851,-0.268878,55.3229,-60.0,-0.4958,5.6106,-5.049,-5.6696,60.0,-13.5776,-0.4893,8.2942,-0.391186,0.015715,0.156198,-0.690853,0.274993,0.142511,-0.05937,0.164369,0.631168,-0.471455,-0.43357,0.675033,0.459474,0.596799,-0.35149,-0.14407,0.62778,1.624428,-0.451617,-0.19301
17.62,-0.000301,-0.440714,0.194622,-0.570935,0.179327,0.03683,0.169833,0.095714,0.650747,-0.148482,24.6467,-60.0,13.6242,2.3241,-0.6047,-2.5127,4.3769,-5.6758,2.4168,14.5007,-0.372037,0.014339,0.132516,-0.66425,0.260106,0.131364,-0.038733,0.168843,0.629354,-0.470468,1.258541,-0.563134,-2.168359,1.348868,-2.653013,-0.471944,1.414949,-0.478811,0.091545,-1.637665
17.64,-0.123519,-0.206404,0.029654,-1.019279,0.242374,0.074428,-0.110705,0.157815,0.918504,-0.126537,-11.3184,-2.8383,-0.2355,-65.1284,1.8767,10.7002,-13.2897,2.6372,34.6557,10.879,-0.339679,-0.007753,0.090827,-0.641619,0.253571,0.117783,-0.032013,0.151155,0.640562,-0.436197,1.769369,-1.398109,-1.720351,0.979835,-2.3481,-0.695872,-0.092803,-0.576541,0.812988,1.522631
17.66,-0.314035,0.057021,0.126484,-1.06598,0.366091,0.243619,-0.935627,0.211062,0.893522,-0.227184,-27.0934,58.5402,10.1251,-8.2123,3.7554,18.92,-60.0,5.8284,2.6507,5.7643,-0.320008,-0.037927,0.061265,-0.721105,0.287719,0.118064,-0.038924,0.148204,0.695295,-0.402801,1.132167,-1.498869,-1.053864,-5.028774,-0.626743,-0.003506,-0.335074,0.133793,3.12958,1.273079
17.68,-0.469481,-0.173395,0.165952,-0.903341,0.338657,0.19064,-0.541178,0.232396,0.881757,-0.522926,-22.1156,-9.575,-1.293,29.6893,-1.1559,-4.7232,-15.4119,9.4274,-4.9243,-3.1318,-0.318435,-0.0518,0.096405,-0.825366,0.341376,0.129549,-0.073248,0.146969,0.755423,-0.380809,-0.021895,-0.558762,2.412302,-4.78224,1.057722,0.561722,-2.962606,-0.258754,2.758781,-2.578648
17.7,-0.691831,-0.092008,0.205077,-0.491372,0.468267,-0.051196,0.014993,0.168171,0.685049,-0.752474,-43.557,20.7938,0.8894,74.6664,-1.399,-43.1028,60.0,-6.5505,-29.8234,-8.6113,-0.326058,-0.071142,0.137102,-0.874482,0.401485,0.141821,-0.135262,0.172962,0.795082,-0.460658,-0.457443,-0.946179,1.728026,-1.9875,4.111403,0.572373,-2.969479,1.775792,1.538988,-3.092213
17.72,-0.611861,-0.137125,0.220211,-0.252412,0.321541,0.030545,1.684197,0.132938,0.432426,-0.474207,-16.9736,-48.1933,1.8396,108.426,-4.7212,-2.6513,60.0,-8.6113,-34.3665,12.4382,-0.3404,-0.057497,0.169545,-0.869269,0.427532,0.13752,-0.140563,0.20407,0.772492,-0.621388,-0.960501,1.222861,0.943836,-1.836999,0.486421,-0.54182,0.964125,0.438154,-1.923203,-6.617126
17.74,-0.369504,-0.29359,0.163356,-0.424997,0.259463,0.026553,0.918817,0.140169,0.513523,-0.521488,-10.3484,-60.0,4.4219,28.4104,0.5651,-23.6867,60.0,-24.0657,-5.3198,-13.1822,-0.342968,-0.019996,0.163349,-0.843417,0.396697,0.133244,-0.074416,0.230199,0.695785,-0.496039,0.257588,1.661979,-1.293108,3.96956,-6.115638,0.310777,4.14474,4.405598,-2.544426,12.287059
17.76,-0.316125,0.091567,0.25892,-0.768367,0.303761,0.017841,-0.198705,0.137189,0.759611,-0.273831,-14.6651,21.7221,24.5396,-43.4641,-1.6647,-17.775,-60.0,-20.5594,20.8224,3.9478,-0.32686,-0.008186,0.112719,-0.760373,0.34767,0.136311,-0.010664,0.280705,0.683152,-0.454323,0.658337,-0.06714,-2.901281,4.883847,-0.092551,0.00018,2.947814,1.815675,-1.080837,3.304877
17.78,-0.630976,0.05916,0.129748,-0.798384,0.342485,0.086302,-0.383639,0.149092,0.764884,-0.356846,-50.6116,7.3229,-14.4568,-5.5191,1.5575,1.0693,-54.3216,4.8943,8.9143,1.2354,-0.323498,-0.006911,0.148731,-0.744797,0.322014,0.133635,-0.008318,0.225772,0.682267,-0.440996,0.181617,0.223266,3.673131,-0.291074,-0.746061,-0.330443,-0.786092,-3.674279,0.401921,2.152109
17.8,-0.942244,-0.056233,0.246676,-0.221312,0.389042,-0.073656,1.629259,0.006226,0.431696,-0.663785,-52.2889,-6.3682,7.1362,89.418,2.0361,-29.9086,60.0,-9.4717,-48.987,-7.8339,-0.347476,-0.011556,0.171899,-0.765196,0.328252,0.135666,-0.042731,0.168141,0.700235,-0.445725,-1.493659,-0.097291,0.099861,-0.905406,0.399425,-0.060258,-1.881798,-1.96542,1.006016,-0.89747
17.82,-0.421259,0.015106,0.051333,-0.636061,0.078938,0.185051,1.479959,0.065855,0.348006,-0.53178,24.5991,-0.1487,-14.9434,-19.2269,-1.4017,-9.6613,60.0,-13.175,-41.3432,-3.5013,-0.380011,-0.002569,0.187376,-0.685536,0.252705,0.135134,-0.042371,0.149488,0.655522,-0.465727,-1.245299,0.139602,0.391646,3.07928,-5.605017,0.693669,0.719144,1.407346,-0.552815,0.867858
17.84,0.067451,0.118741,0.099046,-0.780993,0.09182,0.16984,0.320756,0.045758,0.581625,-0.285941,74.1888,0.0004,8.0072,-26.1812,-2.129,7.9935,25.0176,-16.4691,1.5116,6.5597,-0.388264,0.010232,0.135617,-0.658356,0.194086,0.134495,-0.016675,0.175106,0.63727,-0.462532,-0.235888,0.822433,-3.411601,0.899649,-1.981501,-0.108877,1.609446,1.033746,-1.139157,0.50901
17.86,0.018939,0.080957,0.252305,-0.533404,0.249579,0.099624,-0.195459,0.059577,0.692159,-0.021617,9.8479,-16.6227,18.1627,29.0727,4.5967,7.6415,-60.0,-0.8424,6.3351,17.0,-0.359551,0.031165,0.101431,-0.666325,0.181069,0.124334,0.016269,0.149045,0.633916,-0.456737,1.898134,1.007356,-0.899473,-1.055524,-1.875039,-0.459024,1.636344,-2.370381,0.277476,-0.059439
17.88,-0.443777,-0.012033,0.020941,-0.986352,0.21911,0.090723,-0.381942,0.148253,0.828043,0.032129,-70.1625,3.2385,-25.8073,-67.9741,-1.344,-1.999,-60.0,14.5086,22.5772,17.0,-0.317239,0.028812,0.152024,-0.638283,0.221532,0.119861,0.017494,0.086479,0.644602,-0.434891,2.070289,-0.43232,3.714214,1.821571,1.259709,-0.095933,-0.429945,-2.436729,0.570702,0.442182
17.9,-0.635152,-0.009778,0.199248,-0.649843,0.458103,-0.152625,0.338529,0.085823,0.539938,-0.558213,-30.5707,27.2143,13.4804,48.1131,1.9467,-50.1835,60.0,-2.3035,-35.3832,-6.6301,-0.322415,0.003378,0.136108,-0.71493,0.267472,0.13066,-0.010854,0.082045,0.676086,-0.404412,-0.660945,-1.131065,-2.096069,-4.431495,5.735916,0.311087,-1.589636,0.784238,1.728801,0.482935
17.92,-0.635569,-0.023569,0.202617,-0.519565,0.425012,0.000971,1.052528,0.067365,0.473563,-0.476972,-17.1351,-22.64,3.3973,24.4401,-1.761,9.0418,60.0,-6.9279,-7.6928,3.9382,-0.336304,0.013384,0.142756,-0.725817,0.370485,0.113927,0.00683,0.109074,0.648004,-0.483859,-1.122671,0.577918,0.757181,0.750844,3.981928,-1.051095,1.715442,0.806396,-2.134663,-3.699705
17.94,-0.320278,-0.143838,0.14153,-0.643879,0.248909,0.149919,1.324025,0.066372,0.528091,-0.408224,19.4536,-36.7243,0.1784,1.385,1.2201,6.3279,60.0,-20.9327,-25.3246,4.9739,-0.357045,0.023074,0.14535,-0.698254,0.317244,0.108282,0.052999,0.158492,0.637008,-0.476761,-0.563815,0.126653,-0.163916,0.78245,-3.993414,-0.003332,1.186762,3.428086,1.038494,-2.254896
17.96,-0.008051,-0.41428,0.193446,-0.455379,0.20318,0.067609,0.489621,0.077636,0.598725,-0.357784,50.9851,-60.0,13.4824,33.1147,-4.012,-7.3033,35.2552,-13.9535,-10.4281,2.395,-0.357818,0.024739,0.119664,-0.684639,0.282895,0.108008,0.081404,0.190077,0.647492,-0.477353,0.059865,0.496512,-1.785378,0.147247,0.831726,0.050298,1.757996,0.792435,0.359735,2.41187
17.98,-0.026583,-0.305502,0.114493,-0.641805,0.196388,0.032219,0.23458,0.102879,0.7205,-0.40926,1.9599,-60.0,7.4022,-16.2175,-2.339,0.0645,-20.4538,-1.112,12.6411,3.4391,-0.328044,0.03442,0.088586,-0.647507,0.264189,0.098766,0.112749,0.174834,0.649587,-0.475835,1.749825,0.628713,-1.407271,1.972809,-0.376784,-0.406379,1.69857,-1.779328,-0.231587,-0.783927
18.0,-0.115418,-0.148952,0.002344,-0.911243,0.285123,0.018035,0.14684,0.125326,0.98482,-0.352582,0.6831,-17.0797,-0.141,-38.8349,-0.7024,0.3799,-9.2909,2.1797,39.6592,2.5258,-0.300924,0.019812,0.057337,-0.636393,0.270205,0.091293,0.123403,0.141337,0.663671,-0.45072,1.097923,-0.631871,-1.567211,-0.276474,1.312254,-0.459859,0.529742,-1.105822,0.983715,1.413866
18.02,-0.248072,0.058226,0.088709,-1.040465,0.40532,0.192605,-1.133397,0.140617,1.004933,-0.254118,-16.69,42.055,9.5418,-20.7853,2.8925,25.0493,-60.0,2.017,3.8498,8.4254,-0.28564,-0.001172,0.02944,-0.696398,0.303482,0.08573,0.128495,0.12949,0.739174,-0.432703,0.90305,-1.143572,-1.057294,-3.561908,1.192886,-0.364779,0.195884,-0.264475,4.161549,-1.294958
18.04,-0.390995,-0.303947,0.092189,-1.030899,0.26465,0.386864,-1.167011,0.303644,1.291809,-0.235085,-16.3513,-35.9346,-4.2779,5.298,-5.9359,35.883,-60.0,24.8931,40.2945,3.7115,-0.28454,-0.018145,0.059469,-0.793607,0.367041,0.092306,0.094821,0.105142,0.818141,-0.41709,0.015499,-0.804404,2.208213,-4.725197,1.858894,0.335761,-3.091703,-1.474967,3.553936,3.604761
18.06,-0.508526,-0.186794,0.18651,-0.685796,0.303783,0.136083,-0.441404,0.265532,1.004437,-0.582349,11.2972,53.9799,3.9667,73.9755,-8.9577,-28.1747,60.0,5.5879,-45.8206,-13.9397,-0.305582,-0.072066,0.088955,-0.876423,0.454209,0.119877,-0.004545,0.129123,0.947409,-0.376084,-1.688324,-2.915281,1.693113,-5.243979,2.970399,1.237989,-6.0646,2.355362,6.283204,5.746574
18.08,-0.410247,-0.168118,0.121223,-0.357283,0.361085,-0.112975,0.481462,0.180678,0.649823,-0.432578,-3.2599,-2.5268,-3.6931,102.6645,-6.0101,-40.788,60.0,-11.8872,-55.8263,6.7041,-0.317136,-0.091449,0.120957,-0.93343,0.482147,0.122358,-0.071034,0.199815,0.989981,-0.470239,-0.433082,-0.485353,1.087962,-1.876862,1.179466,0.221992,-2.66642,2.917096,0.554965,-5.250154
18.1,-0.350463,-0.256142,0.078144,-0.677321,0.354789,-0.04424,0.202649,0.170967,0.983238,-0.369544,-32.0452,-60.0,0.3119,18.0702,-3.5798,-7.9353,-14.1359,-11.442,52.1896,2.282,-0.299934,-0.071558,0.116927,-0.918338,0.474329,0.10625,-0.061018,0.240669,0.911203,-0.454584,0.989637,1.64867,-1.225585,2.08948,-1.213975,-0.592109,2.53417,1.307919,-4.78212,1.130867
18.12,-0.423841,-0.009454,0.146059,-1.099435,0.446289,0.119584,-0.965845,0.201364,1.133638,-0.196618,-27.5797,18.6018,15.9688,-41.1877,1.9068,8.7704,-60.0,0.0687,26.6404,10.604,-0.291055,-0.067732,0.069451,-0.890811,0.454976,0.104521,-0.029748,0.230411,0.90013,-0.422213,0.309916,-0.263242,-2.429927,1.143296,-2.277037,-0.263365,1.197721,-0.869658,0.969022,-1.596161
18.14,-0.585233,-0.181169,0.079875,-0.955381,0.349823,0.214918,-0.520824,0.270523,1.182447,-0.469219,-24.1137,-2.0706,-9.7005,23.3531,-3.9588,10.9691,-10.8719,16.5505,8.2368,-0.1408,-0.305522,-0.077842,0.090442,-0.937745,0.457221,0.111912,-0.057406,0.191193,0.947449,-0.411205,-0.721746,-0.7047,2.528158,-3.004221,-0.340546,0.181286,-3.100451,-2.520443,3.121436,-2.201742
18.16,-0.761689,-0.085774,0.250662,-0.633512,0.444529,0.043137,-0.130246,0.195568,0.759462,-0.80681,-33.5511,23.5343,14.1178,62.2485,-4.1593,-29.503,60.0,-5.192,-65.2551,-13.3868,-0.330649,-0.094051,0.10429,-0.970813,0.493427,0.125466,-0.116427,0.197116,1.015658,-0.445199,-1.258186,-0.829153,0.151945,-1.346591,2.22563,0.693864,-2.853987,1.4733,3.099791,-1.088569
18.18,-0.701286,-0.077407,0.236343,-0.256526,0.32264,-0.019224,1.92097,0.125043,0.437721,-0.514381,-10.8724,-33.0971,6.6755,115.5583,-6.8667,-15.4628,60.0,-11.1288,-46.4292,13.2047,-0.362606,-0.075369,0.132707,-0.986295,0.493326,0.121291,-0.132784,0.223149,0.969321,-0.635117,-1.615143,1.23885,1.078719,-0.704051,0.03963,-0.2271,-0.274177,0.385536,-3.849176,-8.45992
18.2,-0.478485,-0.236394,0.152376,-0.654352,0.241079,0.018864,1.097937,0.134635,0.54447,-0.510615,-4.9875,-60.0,5.0927,11.6925,-5.88,-10.96,60.0,-7.5372,21.6513,-0.4848,-0.375906,-0.028387,0.131327,-0.945217,0.457948,0.112097,-0.081073,0.220377,0.825791,-0.580991,-0.420651,3.023188,-0.873879,3.690463,-2.823021,-0.122361,4.725265,-0.303285,-7.378033,3.333157
18.22,-0.445076,0.059359,0.260046,-0.743357,0.358956,-0.039296,-0.215579,0.145198,0.826614,-0.117243,-17.293,14.062,21.7788,-13.8365,-2.0818,-26.3886,-60.0,-18.814,19.4966,13.513,-0.373224,-0.006381,0.095496,-0.866273,0.398133,0.119718,-0.004865,0.255682,0.783531,-0.568324,0.263537,-0.034639,-1.557123,3.729359,0.519904,0.1026,2.917797,2.271303,-1.506145,4.575973
18.24,-0.826923,0.003581,0.177294,-0.468783,0.446368,-0.006036,0.18536,0.090999,0.625697,-0.732585,-67.0473,7.4806,-11.5833,40.7603,3.6166,-13.6505,58.8802,-2.2679,-17.2261,-8.4306,-0.372936,-0.011941,0.151106,-0.824248,0.379822,0.119134,-0.005112,0.215425,0.767463,-0.532898,-0.042499,-0.165843,4.153893,1.451297,-0.964447,-0.207303,-0.787729,-2.975921,-0.466694,0.447553
18.26,-0.789587,-0.015252,0.214193,-0.314534,0.268778,0.097791,1.925969,0.011958,0.337098,-0.675809,-20.7295,-8.7327,2.792,42.5088,1.5546,-5.3615,60.0,-17.3994,-51.8457,-2.4553,-0.39859,-0.007289,0.180113,-0.75416,0.361581,0.121725,0.005866,0.188339,0.742395,-0.585614,-1.533853,0.270588,0.180173,2.708022,-5.319901,0.071658,0.773866,-0.069813,-1.034077,-1.164086
18.28,0.068988,0.069793,0.048017,-0.671145,0.098755,0.189394,0.762812,0.046218,0.398492,-0.362798,107.7982,6.3122,-14.5865,-56.7394,-6.3327,4.369,60.0,-20.5551,-35.5343,6.06,-0.425484,0.000175,0.184623,-0.640274,0.297235,0.125353,0.031435,0.211406,0.705224,-0.518346,-1.360218,0.288452,0.270816,6.021343,-1.622663,0.211843,1.393375,1.180566,-1.21048,0.16358
18.3,0.249948,0.051763,0.025881,-0.738132,0.219296,0.162617,0.119141,0.018937,0.620293,-0.128482,46.7822,-18.8617,0.0334,-20.5108,5.048,26.3453,-60.0,-16.1454,-4.7686,14.8643,-0.400914,0.015895,0.135955,-0.602938,0.20179,0.107622,0.076829,0.210612,0.685897,-0.510063,2.056753,0.986675,-3.229228,0.026778,-4.391712,-0.731985,2.809884,-0.883914,-0.586091,0.402949
18.32,-0.057302,0.113824,0.032227,-0.715944,0.256798,0.170184,-0.266516,0.075521,0.728353,0.042772,-34.0808,27.4196,1.0628,1.1197,1.3431,19.0333,-60.0,11.5425,8.2672,17.0,-0.343935,0.012876,0.083332,-0.62844,0.207059,0.097178,0.102264,0.12355,0.679039,-0.486128,3.117701,-0.273999,-1.80558,-1.646099,0.652977,-0.326936,0.919892,-4.780764,-0.100529,0.962097
18.34,-0.488948,-0.127264,-0.057186,-0.965297,0.260189,0.194054,-0.55817,0.152228,0.961224,-0.012614,-68.0483,-12.6175,-12.2037,-34.3011,0.1937,2.5179,-60.0,16.9374,35.7581,16.819,-0.305128,0.003827,0.069752,-0.661023,0.231012,0.105735,0.101161,0.058922,0.688272,-0.451844,1.637218,-0.515434,-0.143347,-1.310377,0.98317,0.43402,-0.691255,-2.224859,0.599119,0.757809
18.36,-0.741585,-0.088297,0.084371,-0.597247,0.442666,-0.027586,-0.172047,0.134473,0.697224,-0.806439,-48.4164,38.9623,10.4383,61.0096,7.5088,-47.3137,43.2084,4.3619,-34.3908,-17.0,-0.312155,-0.033237,0.03556,-0.746904,0.247099,0.130454,0.050434,0.058166,0.743208,-0.396011,-0.647117,-1.893902,-1.625374,-4.45587,0.31709,0.954927,-3.323781,0.956054,3.176943,6.210789
18.38,-0.949346,-0.124302,0.225827,-0.28619,0.341649,0.048193,1.563209,0.063556,0.351454,-0.946571,-49.2152,-12.3212,14.2396,52.3609,-4.4208,-4.6764,60.0,-10.2615,-49.9942,-3.5881,-0.335517,-0.040808,0.048675,-0.741791,0.340489,0.129249,0.011841,0.100713,0.743314,-0.599254,-1.73364,-0.1659,1.016572,1.846454,4.512383,-0.302647,-1.701474,1.91456,-1.015116,-10.408628
18.4,-0.464813,-0.086969,0.058276,-0.404693,0.197755,0.16539,1.911029,0.073678,0.424816,-0.559457,43.9314,0.2198,-15.481,-20.7629,-5.5781,-19.9202,60.0,-21.9385,-21.4683,-1.7591,-0.384586,-0.035863,0.104664,-0.629998,0.341888,0.133847,0.008521,0.143735,0.667549,-0.706371,-2.263793,-0.395682,3.171166,6.304437,-0.189056,0.997158,-0.176092,4.367579,-1.726556,7.71282
18.42,0.071662,-0.338645,0.081131,-0.593212,0.227866,0.16482,0.751748,0.07939,0.549342,-0.296735,74.0949,-60.0,2.3452,-23.274,6.6937,-1.6782,60.0,-21.5414,-2.637,0.6756,-0.397242,-0.032303,0.104345,-0.565823,0.195059,0.136752,0.03452,0.2019,0.630528,-0.5342,-0.152064,0.335686,-1.364876,2.214653,-5.435789,0.238187,2.120527,2.717316,-1.102477,8.91211
18.44,0.050677,-0.449812,0.165802,-0.530839,0.219616,0.080605,0.254213,0.079394,0.643875,-0.225342,19.7592,-60.0,21.2593,2.856,0.9948,2.9597,-14.0174,-13.7471,-13.1364,11.3687,-0.375351,-0.032377,0.044607,-0.547127,0.156286,0.129295,0.086847,0.207906,0.633051,-0.468126,1.785659,-0.364053,-2.673241,-0.04771,1.553987,-0.415146,1.799768,0.26201,1.705562,-1.674076
18.46,0.037894,-0.2825,0.070484,-0.741854,0.234921,0.015961,0.214694,0.120764,0.797451,-0.316894,11.5502,-16.5591,9.2158,-27.843,5.2416,0.2487,22.6849,2.846,15.0188,5.3934,-0.33726,-0.055271,0.016906,-0.546541,0.163574,0.117489,0.093656,0.167411,0.65131,-0.45208,1.809028,-1.094733,-1.128412,-0.168004,-2.411877,-0.626073,0.057709,-2.196768,0.797587,0.014221
18.48,-0.164436,0.120643,0.077993,-0.957567,0.379568,0.107704,-0.774797,0.122666,0.712514,-0.278123,-27.346,60.0,3.8864,-33.1163,5.3069,16.299,-60.0,-0.5712,-15.2836,6.8935,-0.302907,-0.073235,0.01301,-0.588297,0.208137,0.104326,0.099296,0.146152,0.690154,-0.440165,1.946309,-1.16468,0.763952,-2.573854,1.565946,-0.638798,0.214892,-0.519858,2.153641,-0.416007
18.5,-0.461097,-0.172943,0.019884,-1.024513,0.3118,0.251623,-0.888962,0.207187,1.241732,-0.242364,-38.7667,-19.6475,-11.6022,-6.5048,-3.3447,29.6219,-60.0,16.4823,77.7417,7.4989,-0.288961,-0.078466,0.058593,-0.688029,0.309644,0.097911,0.077013,0.110963,0.708872,-0.449549,0.523673,0.028503,2.261262,-5.080614,3.46562,-0.265557,-2.170828,-2.006391,0.252741,0.796419
18.52,-0.751917,-0.121513,0.152168,-0.564295,0.448723,-0.047055,0.006432,0.161659,0.831922,-0.712544,-42.8672,55.5513,6.8585,73.9886,-3.6887,-48.2388,60.0,3.7516,-62.6705,-14.1936,-0.304645,-0.111751,0.067399,-0.79156,0.384144,0.120626,-0.002729,0.106168,0.833902,-0.440784,-0.979837,-2.179242,0.473375,-4.610461,6.335267,0.933847,-5.11888,0.525761,7.207483,3.356802
18.54,-0.622377,-0.145417,0.171321,-0.361812,0.267377,0.059327,1.476399,0.132616,0.443558,-0.525359,-16.6844,-24.4225,4.1887,89.4408,-6.6746,1.9854,60.0,-8.4026,-60.0586,8.5658,-0.32748,-0.109529,0.099615,-0.849148,0.412034,0.112974,-0.030725,0.152308,0.864349,-0.574505,-1.114402,0.653538,0.872151,-1.888187,0.897279,-0.405812,-0.081267,1.881634,-0.353588,-6.666644
18.56,-0.23096,-0.452825,0.222184,-0.398012,0.230065,0.043095,0.370093,0.11811,0.693854,-0.463638,29.525,-60.0,15.7739,50.5048,-5.33,-14.2313,-50.1397,-10.2898,39.9388,2.1046,-0.340397,-0.073724,0.096496,-0.839667,0.39969,0.108198,0.021493,0.182067,0.765003,-0.553816,-0.530274,2.433289,-0.93743,1.819224,-1.469645,0.180642,4.54237,1.138922,-5.848292,1.517734
18.58,-0.271202,-0.236504,0.180381,-0.850171,0.287374,0.054318,-0.062428,0.148508,0.810468,-0.401164,-19.5933,-56.4342,12.5107,-36.393,-1.4558,-6.0427,-60.0,-2.9265,16.5492,3.0664,-0.324579,-0.053167,0.079311,-0.784718,0.362602,0.109037,0.058851,0.189527,0.743347,-0.519599,1.116405,0.749106,-0.703035,3.070857,-1.568983,-0.087578,1.394097,-0.343776,-0.748911,1.687944
18.6,-0.416142,0.074122,0.135001,-0.96416,0.398116,0.184325,-0.922224,0.177112,0.965291,-0.23333,-21.0979,55.2055,-2.219,-19.2156,1.2639,14.7735,-60.0,3.3317,27.2493,9.0981,-0.318546,-0.069156,0.09652,-0.786795,0.360558,0.108755,0.046425,0.168657,0.74779,-0.492091,0.261245,-1.006172,1.774518,-0.85385,0.24081,-0.139066,-0.903571,-0.727146,0.621183,1.264985
18.62,-0.617364,-0.125086,0.084081,-0.888031,0.371494,0.101075,-0.106138,0.173035,0.999975,-0.538101,-28.6601,1.4278,-12.6387,14.2721,-4.8115,-12.7336,60.0,8.0985,4.2506,0.3176,-0.328892,-0.078521,0.14047,-0.835152,0.38758,0.119714,0.000629,0.143449,0.794987,-0.47296,-0.590996,-0.407053,2.047307,-2.56575,4.210154,0.401976,-3.294757,-1.503347,3.061905,-2.95278
18.64,-0.695439,-0.068164,0.157647,-0.593289,0.499401,-0.053806,-0.02679,0.14889,0.720425,-0.661931,-18.7184,8.5326,6.1401,47.3744,2.2818,-30.4597,23.5226,-4.7735,-43.5345,-4.7701,-0.35105,-0.080632,0.134607,-0.862141,0.419844,0.126315,-0.028103,0.15937,0.855656,-0.512516,-1.332416,-0.228858,-1.122004,-0.814262,0.9096,0.139207,-0.881495,1.089633,2.686594,-1.218635
18.66,-0.625772,-0.065771,0.207815,-0.49769,0.354185,0.052568,1.724844,0.099043,0.4697,-0.536596,-5.5724,-20.3231,3.6635,64.2978,-2.8221,10.4863,60.0,-5.5935,-36.2406,5.5433,-0.378481,-0.067812,0.148566,-0.878518,0.425006,0.111567,-0.029734,0.166175,0.83299,-0.590337,-1.27503,0.785664,0.661424,-0.828938,-0.010791,-0.782137,0.095796,-0.327496,-2.109177,-3.427942
18.68,-0.229992,-0.318035,0.192147,-0.466778,0.20514,0.046768,0.953226,0.116372,0.544041,-0.669555,36.0905,-60.0,9.8211,35.5062,-3.993,-28.4531,60.0,-15.7376,-12.4166,-13.9734,-0.395182,-0.033697,0.14197,-0.858015,0.398933,0.105212,0.024674,0.171137,0.748547,-0.56731,-0.457567,1.222962,-1.4049,2.678459,-3.79667,0.796317,3.60836,3.001217,-2.109933,9.98347
18.7,-0.204835,0.108967,0.187604,-0.89724,0.280508,0.026086,-0.273254,0.115822,0.759482,-0.38122,-9.2632,25.0167,14.8388,-55.4821,-2.2853,-6.8791,-60.0,-17.0991,15.5646,7.5588,-0.369433,-0.028775,0.103544,-0.78132,0.353738,0.105089,0.076236,0.22089,0.746229,-0.567736,1.373393,0.095948,-1.881472,4.401908,-0.650412,-0.201093,2.961209,1.928128,-1.568834,-0.099107
18.72,-0.534615,-0.032467,0.064828,-0.954056,0.287669,0.161903,-0.516362,0.190566,0.954283,-0.185212,-44.7003,-3.7916,-15.5149,-11.1535,-0.3216,22.1615,-60.0,12.7198,32.6813,14.964,-0.354971,-0.028526,0.130866,-0.788321,0.333736,0.099558,0.07455,0.178266,0.735861,-0.540479,0.718136,0.113819,2.60635,-1.583858,-1.536412,-0.518152,-1.388242,-3.36059,0.009475,-0.760986
18.74,-0.74305,-0.032211,0.183434,-0.625823,0.443424,-0.104502,0.362751,0.107371,0.616678,-0.658089,-30.9178,25.2212,6.4822,50.1987,3.468,-43.0639,60.0,-1.9759,-49.7236,-4.5461,-0.371417,-0.046274,0.134302,-0.834528,0.34495,0.110357,0.020827,0.144871,0.781979,-0.502631,-1.00425,-0.849225,-0.458902,-2.183158,0.475784,0.438273,-2.912343,-0.518901,2.880567,-1.689094
18.76,-0.738957,-0.066455,0.222962,-0.312387,0.443376,-0.02802,1.210825,0.069744,0.432381,-0.587577,-15.0103,-34.1863,7.238,49.218,-0.0825,-1.0236,60.0,-10.5163,-27.457,3.4098,-0.393374,-0.030164,0.143034,-0.800909,0.389269,0.098423,0.019259,0.156752,0.755023,-0.584672,-1.489653,1.020501,0.220771,2.780266,2.269413,-0.72578,1.375772,0.531009,-2.419621,-3.561625
18.78,-0.410206,-0.085338,0.140858,-0.697195,0.183209,0.160363,1.365923,0.082309,0.441475,-0.530387,4.3145,-32.2314,0.4522,-12.6708,-3.5721,-4.7533,60.0,-20.8495,-44.9739,3.1743,-0.411803,-0.006909,0.146607,-0.750169,0.310825,0.095539,0.073586,0.186722,0.705614,-0.564,-0.164837,0.627034,-0.300436,2.382347,-1.548065,0.585584,1.88867,3.044236,0.618562,-1.848274
18.8,-0.062108,-0.416396,0.225756,-0.61216,0.178655,0.094894,0.263754,0.081827,0.599319,-0.320085,47.9327,-60.0,12.4985,9.3773,-0.353,-8.2992,-23.9661,-17.2716,-1.421,5.1318,-0.409763,-0.000461,0.129845,-0.7233,0.263713,0.100651,0.109076,0.21939,0.690444,-0.546974,0.170521,0.275285,-0.850388,0.84282,-3.080142,0.300774,2.080628,1.028167,-1.415258,3.983628
18.82,-0.167758,0.094221,0.261808,-0.586363,0.311846,0.004611,-0.25718,0.098823,0.717481,-0.146116,-15.3571,60.0,8.2137,-0.3623,4.2545,-13.032,-60.0,-0.8432,13.9832,14.966,-0.377393,-0.033576,0.13699,-0.686209,0.259613,0.099211,0.113072,0.186932,0.672597,-0.531827,1.893145,-2.173394,1.248355,1.772505,-2.187093,-0.046842,0.025741,-2.330403,-0.837845,0.467139
18.84,-0.646037,0.100569,0.125429,-0.717468,0.375946,-0.080009,-0.178462,0.091506,0.687045,-0.297774,-75.0642,36.1301,-20.7867,-18.8439,2.4807,-17.3932,-29.0068,5.429,1.5795,10.0942,-0.348407,-0.048796,0.20863,-0.659374,0.296384,0.094975,0.100028,0.127707,0.668015,-0.517802,1.230472,-0.237125,3.646286,1.170535,0.708895,-0.358157,-1.011524,-2.646725,0.147324,-1.306119
18.86,-0.68249,-0.046083,0.201802,-0.307511,0.495228,-0.095635,0.93907,0.01793,0.566498,-0.423214,-15.8211,-10.8701,3.4655,65.1354,4.7068,-16.0,60.0,-4.8244,-10.9803,1.8108,-0.364434,-0.045892,0.211163,-0.677865,0.337424,0.090265,0.077806,0.097396,0.662405,-0.525403,-1.289836,0.410502,-1.287387,-1.107278,1.62153,-0.480747,-1.243055,-0.913202,-0.393549,2.299734
18.88,-0.27278,-0.137795,0.06479,-0.679821,0.191016,0.183913,0.759957,0.061749,0.606207,-0.320032,21.9783,-40.2731,-12.9931,-18.5255,-2.8396,8.5864,60.0,-9.0419,-9.5806,10.232,-0.378591,-0.027685,0.216544,-0.655505,0.289878,0.084577,0.096523,0.098513,0.646154,-0.548075,-0.247018,0.691664,-0.638256,1.71922,-1.126112,0.255401,1.393945,1.569311,0.414668,-1.121549
18.9,0.074609,-0.48963,0.176686,-0.53237,0.190361,0.098373,0.112202,0.066334,0.693541,-0.148187,50.4081,-60.0,16.1674,17.552,-0.9516,-13.0217,-60.0,-9.1884,-5.6103,17.0,-0.371645,-0.023729,0.147191,-0.646159,0.2652,0.092952,0.136239,0.122028,0.65863,-0.555931,0.668635,0.030098,-3.866023,-0.055885,-2.062549,0.559612,2.245988,1.058512,1.253395,-1.264696
18.92,-0.012281,-0.407119,0.190721,-0.527783,0.219315,0.0695,-0.108069,0.089119,0.764212,-0.036742,-10.8136,9.7949,5.6893,-3.3013,-0.0267,-1.4945,-31.8848,2.4931,7.5253,17.0,-0.329036,-0.069838,0.121456,-0.61208,0.275967,0.091046,0.134415,0.100998,0.671855,-0.539471,2.35931,-2.927611,0.361868,1.842594,-2.26197,-0.070274,-0.629555,-1.076633,0.731247,0.58431
18.94,-0.211733,-0.195422,-0.036329,-0.976215,0.161807,0.121231,-0.027962,0.149716,0.916495,-0.187034,-8.2325,11.6077,-16.6078,-60.7389,-5.6802,7.0694,-5.6485,8.1321,26.3036,11.1514,-0.296089,-0.115542,0.139492,-0.587754,0.293185,0.09204,0.11534,0.085739,0.690587,-0.51698,0.844832,-1.04535,-0.284966,0.285385,0.429428,-0.10884,-0.872093,-0.507276,0.876191,2.067074
18.96,-0.266139,0.087792,0.08841,-1.015627,0.324957,0.262081,-0.979764,0.162634,0.90094,-0.245131,3.481,60.0,12.5581,-14.3353,-2.2223,21.1054,-60.0,2.5087,-0.019,7.886,-0.296712,-0.135211,0.081063,-0.662752,0.306417,0.097508,0.103709,0.101982,0.738145,-0.476105,0.044697,-0.906521,-3.458166,-4.459899,2.99391,0.144835,-0.509964,1.040191,2.823936,1.366589
18.98,-0.614157,-0.178163,0.039898,-1.220941,0.263061,0.431251,-0.810543,0.282659,1.128132,-0.31995,-43.2513,-14.8151,-9.1615,-28.105,-4.1492,37.0323,-60.0,20.3753,27.8597,6.5368,-0.301436,-0.134246,0.085121,-0.763114,0.351813,0.106482,0.073275,0.100344,0.79378,-0.453423,-0.147921,0.228587,1.356892,-4.687883,0.605159,0.472573,-2.468844,-0.627042,2.576046,-1.210051
19.0,-0.683505,-0.062479,0.245229,-0.807894,0.436792,0.202525,-0.567174,0.219018,0.770451,-0.723498,-4.5055,58.4656,12.5996,67.2939,0.3164,-31.9541,20.6483,-0.7857,-55.9063,-16.003,-0.338713,-0.162562,0.095869,-0.894829,0.403595,0.14099,-0.014426,0.133187,0.883992,-0.415553,-1.909769,-1.457122,0.683347,-6.269198,1.021683,1.665898,-4.972069,2.740227,4.492162,3.722481
19.02,-0.919074,-0.06919,0.259775,-0.460302,0.406911,-0.027997,0.829797,0.128752,0.40381,-0.813396,-45.898,0.2247,-1.9884,59.4779,-2.1058,-42.0859,60.0,-11.9431,-55.1119,-2.2783,-0.366051,-0.15663,0.164089,-0.913051,0.459708,0.152883,-0.093169,0.183718,0.876845,-0.569164,-1.498884,0.654234,3.380244,0.97462,-0.006189,0.604881,-3.738835,1.885477,-1.83077,-7.56667
19.04,-0.72935,-0.102996,0.167286,-0.473268,0.238049,0.142291,1.918267,0.123675,0.463212,-0.40228,-12.4081,-50.5309,-9.0893,75.1971,-10.0738,6.3903,60.0,-9.3698,14.7506,17.0,-0.399475,-0.127032,0.216135,-0.921186,0.477588,0.14848,-0.108797,0.204402,0.753206,-0.709633,-1.499605,2.097172,1.229716,-0.925512,0.497279,-0.296039,1.733173,0.379363,-6.730946,-5.212471
19.06,-0.373009,-0.348256,0.158832,-0.610947,0.131095,0.101127,0.512383,0.131776,0.57073,-0.35407,17.223,-60.0,1.1098,11.3843,-6.6777,-22.8982,60.0,-15.2351,-20.3924,6.6703,-0.412292,-0.099205,0.20302,-0.887001,0.442231,0.159545,-0.065144,0.243778,0.718699,-0.519352,-0.458315,0.82368,-1.617036,3.46935,-5.826028,0.571779,1.814057,1.180133,-0.208322,-0.059643
19.08,-0.182895,0.11496,0.32937,-0.571712,0.260625,0.061038,-0.166333,0.123238,0.695009,-0.021275,21.4391,52.6074,27.159,2.0652,1.714,-12.392,-60.0,-13.9738,8.084,15.6184,-0.404092,-0.099674,0.1469,-0.813037,0.379499,0.158862,-0.030989,0.255916,0.703271,-0.50652,0.474901,-0.36687,-2.606619,3.944242,-6.534258,-0.092288,1.936847,0.206522,-1.077338,3.829689
19.1,-0.544934,0.159977,0.088281,-0.885774,0.26158,0.118463,-0.330317,0.158417,0.735835,-0.207236,-52.0505,28.5297,-27.4245,-50.5792,-1.4356,7.1065,-60.0,10.0063,10.3258,10.3854,-0.382891,-0.087674,0.206619,-0.737846,0.33011,0.149603,-0.021514,0.190281,0.690231,-0.493451,1.122244,0.795865,4.560042,3.280573,-1.318796,-0.476398,-0.018303,-3.858635,-0.402733,1.073945
19.12,-0.829406,-0.014271,0.213609,-0.394466,0.439393,-0.126069,1.096733,0.039752,0.380695,-0.601179,-40.1951,-7.2612,6.3679,73.489,6.5185,-38.1826,60.0,-5.2133,-50.3021,-8.8316,-0.39781,-0.076408,0.207526,-0.761732,0.306891,0.150012,-0.036066,0.140538,0.695453,-0.470938,-0.992812,0.746149,-1.684588,-2.126081,-1.23073,-0.130637,-1.015901,-1.42298,0.356863,3.658566
19.14,-0.475635,-0.027585,0.147906,-0.687774,0.165807,0.14894,1.447785,0.06839,0.397797,-0.435075,14.7448,-13.3599,-5.0474,-16.8832,0.2293,11.3731,60.0,-15.7523,-29.0108,2.7043,-0.419082,-0.053157,0.194256,-0.706592,0.308119,0.135627,-0.021883,0.147456,0.645375,-0.481911,-0.939555,0.70013,0.120635,2.2771,-5.981574,-0.37926,0.683545,2.294726,-0.938974,-0.839193
19.16,-0.017755,-0.410725,0.19879,-0.601758,0.154059,0.090951,0.276499,0.071229,0.604588,-0.176202,67.9022,-60.0,7.4867,9.6165,-0.0851,-1.2816,20.6039,-14.7323,3.1687,12.1227,-0.428857,-0.039092,0.172419,-0.687784,0.225313,0.129507,-0.001488,0.179422,0.628013,-0.483933,-0.252282,0.727598,-1.418412,0.379881,-2.793039,-0.1821,1.326162,1.144464,-0.772174,0.188411
19.18,-0.093918,-0.365206,0.292637,-0.541937,0.257582,0.051642,-0.176841,0.093926,0.677383,0.047685,-7.5549,-13.5524,14.8559,3.9426,3.096,-1.5701,-50.0322,-0.7461,5.6012,17.0,-0.394829,-0.061918,0.153267,-0.655999,0.211302,0.119614,0.010405,0.158666,0.625255,-0.472722,2.131365,-1.785161,-0.268758,1.521453,-1.257389,-0.348913,0.476864,-1.675314,0.256303,0.323805
19.2,-0.564492,0.033014,0.116229,-0.976556,0.237118,0.084056,-0.35677,0.138417,0.760419,-0.069933,-74.2434,60.0,-20.0121,-65.7433,-0.8942,-0.1141,-46.954,6.7001,15.5267,14.6127,-0.35725,-0.11164,0.20297,-0.624281,0.231936,0.115477,-0.001885,0.120767,0.631684,-0.455749,1.745701,-2.53143,3.316184,1.490873,1.112632,-0.186029,-0.910415,-1.44342,0.437201,0.828185
19.22,-0.821789,-0.018885,0.182161,-0.611388,0.454347,-0.125044,0.466612,0.056025,0.556616,-0.624238,-37.4593,29.3731,-0.9526,54.3297,4.3206,-39.8163,60.0,-4.374,-23.5976,-5.9428,-0.373135,-0.134291,0.213921,-0.703862,0.279794,0.122949,-0.019392,0.10949,0.651718,-0.451212,-1.206974,-0.238442,-0.650277,-4.675128,2.688422,0.105875,-0.897785,-0.284474,1.078392,-0.988105
19.24,-0.695517,-0.015262,0.190689,-0.431771,0.396167,0.025434,1.197471,0.049148,0.518773,-0.412381,-3.3037,-13.0128,3.2514,31.6902,-2.673,1.983,60.0,-13.1951,-14.0818,1.9908,-0.401032,-0.109505,0.197178,-0.710422,0.367677,0.111375,0.012485,0.120387,0.636411,-0.511949,-1.653146,1.207468,-1.14077,1.167946,3.851103,-0.601658,2.170926,1.775723,-0.411806,2.012053
19.26,-0.276736,-0.172163,0.114181,-0.562643,0.194825,0.158798,0.862947,0.077294,0.565751,-0.135826,33.7495,-44.398,-7.9359,1.5709,-0.1136,6.1421,60.0,-14.6476,-18.5085,15.9903,-0.415661,-0.091158,0.197506,-0.679208,0.278637,0.111205,0.042126,0.163832,0.65297,-0.520848,-0.522239,1.068592,-0.115992,1.838904,-3.271545,0.040321,1.468818,1.753077,0.626947,-0.595395
19.28,0.100576,-0.505517,0.185297,-0.453412,0.195022,0.101066,0.166493,0.072978,0.667937,0.030556,59.4923,-60.0,13.4342,13.3284,1.2301,-2.3962,-32.595,-12.2091,-6.2201,17.0,-0.405539,-0.084712,0.153078,-0.637941,0.235337,0.109742,0.074824,0.179471,0.666542,-0.532555,0.664388,0.339817,-2.986932,1.658308,-2.871384,0.044281,1.930072,0.456217,0.742938,-0.542671
19.3,0.011293,-0.348112,0.137411,-0.657342,0.186154,0.039572,0.007961,0.102847,0.77435,0.031566,-3.1569,-0.3777,6.9057,-31.885,-4.6151,2.0526,-8.3469,3.5423,9.7697,17.0,-0.367491,-0.106638,0.101287,-0.593076,0.218657,0.099712,0.082819,0.141228,0.675001,-0.507659,2.425959,-1.815937,-0.963243,2.570507,3.348401,-0.447923,-0.251054,-2.158627,0.593092,2.205191
19.32,-0.189951,-0.293536,-0.011249,-0.909867,0.148489,0.173232,-0.232042,0.154229,0.98281,0.037009,-29.126,9.7779,-14.2464,-40.3105,-6.9795,19.0082,-46.8542,5.8917,30.1196,17.0,-0.328028,-0.139896,0.102173,-0.595668,0.22447,0.093678,0.073588,0.116792,0.698668,-0.459587,2.01592,-1.535075,0.849434,-0.787985,3.98002,-0.286186,-0.540863,-0.628265,1.444608,2.451764
19.34,-0.292895,0.055753,0.117973,-1.134669,0.309367,0.355067,-0.95277,0.206657,0.927202,-0.197584,-9.7447,60.0,10.5442,-39.1142,1.0395,21.9472,-60.0,9.0251,-3.2735,5.2494,-0.314687,-0.177718,0.074952,-0.664143,0.261269,0.106931,0.051918,0.113464,0.760951,-0.400694,0.526388,-1.735421,-1.825745,-3.635846,0.893404,0.617801,-1.152541,0.086045,3.259895,2.904071
19.36,-0.500179,-0.127533,0.206987,-1.03691,0.32747,0.28495,-0.528297,0.21836,0.847409,-0.514608,-19.6098,2.2934,3.1636,15.3767,-1.3623,1.6065,-33.568,10.3007,-18.6357,-4.4261,-0.321727,-0.183031,0.103017,-0.785603,0.330078,0.125799,0.012009,0.116853,0.818612,-0.356542,-0.289546,0.333729,2.11567,-6.13274,1.270629,0.900665,-2.823106,-0.043866,2.652562,-1.91573
19.38,-0.668446,-0.064796,0.297552,-0.671623,0.510227,-0.01148,-0.072629,0.159133,0.646922,-0.688351,-26.1314,27.0949,3.5596,60.343,2.0747,-46.2483,60.0,-5.0885,-30.5895,-6.3469,-0.338284,-0.185116,0.161322,-0.875501,0.395658,0.144362,-0.055203,0.144331,0.836438,-0.442081,-0.946242,-0.11487,2.943355,-3.439018,2.533339,0.92517,-3.324124,1.921211,0.249841,-3.53933
19.4,-0.608676,-0.06762,0.249625,-0.361976,0.370487,0.025739,1.832232,0.116405,0.447587,-0.373462,-8.3918,-13.7065,-10.2603,72.1429,6.0693,-9.537,60.0,-9.7913,-26.1744,13.7521,-0.354964,-0.161742,0.226983,-0.856285,0.442252,0.142598,-0.078831,0.181473,0.789301,-0.579532,-1.199939,1.232839,3.663188,0.231506,-9.030197,-0.323266,-0.481388,0.960685,-2.898406,-5.564977
19.42,-0.347964,-0.234145,0.172689,-0.292362,0.278654,0.024281,1.152698,0.133272,0.501768,-0.513563,4.6572,-60.0,-5.2587,78.733,-5.8766,-13.7288,60.0,-5.7031,11.2592,-6.6473,-0.367358,-0.118227,0.244076,-0.875453,0.446492,0.133215,-0.020948,0.188103,0.695377,-0.475357,-0.07071,2.684772,-0.549877,1.008875,-0.845355,-0.105629,5.061008,0.064324,-4.656872,5.170779
19.44,-0.176977,-0.28898,0.278362,-0.660034,0.207633,-0.001412,0.068273,0.127506,0.530691,-0.315718,-9.7619,-60.0,21.3236,-26.0225,-0.9182,-20.9607,-60.0,-23.5064,-22.435,1.6292,-0.343905,-0.077037,0.195468,-0.805014,0.395795,0.132516,0.090954,0.242541,0.673069,-0.434037,1.407695,0.844978,-3.812288,5.519941,-6.675047,0.035257,4.77635,3.510679,0.124599,3.134951
19.46,-0.364911,0.115513,0.206207,-0.862475,0.279275,0.147398,-0.587751,0.156317,0.869738,-0.105642,-26.3632,60.0,-2.3753,-33.9642,1.269,23.9606,-60.0,4.3436,51.0146,11.3345,-0.324263,-0.094946,0.178818,-0.754031,0.354521,0.120201,0.107236,0.20784,0.637617,-0.40861,0.819757,-1.278748,1.495816,2.045013,-4.322101,-0.804182,-0.226681,-2.777391,-1.871556,0.792131
19.48,-0.702289,-0.047921,0.154775,-0.779686,0.397998,0.18067,-0.408919,0.114312,0.716886,-0.673697,-46.1108,5.3383,-11.6644,9.9994,2.0155,1.2853,-54.0099,3.0724,-15.2345,-14.0513,-0.330474,-0.09684,0.216467,-0.770496,0.352644,0.127115,0.089284,0.157015,0.670282,-0.403405,-0.390805,0.16847,1.607259,-1.314758,-0.203328,0.272953,-1.729287,-2.147598,2.568182,3.272316
19.5,-0.870893,-0.080515,0.288232,-0.262343,0.3589,-0.037576,1.784115,0.009499,0.343257,-0.690126,-28.6791,4.079,10.5118,80.2969,-1.5004,-36.2294,60.0,-7.9346,-56.015,0.5375,-0.363261,-0.101552,0.212662,-0.784333,0.372599,0.136634,0.032542,0.122961,0.691655,-0.548044,-1.91998,0.004865,-0.864215,-0.230924,0.96201,0.408461,-3.030151,-0.997828,0.433945,-6.283609
19.52,-0.410758,-0.048988,0.137698,-0.731425,0.083156,0.185372,1.632098,0.060792,0.307149,-0.615266,19.0072,-24.7654,-13.3333,-22.9056,-5.9639,7.1292,60.0,-9.2654,-26.7897,-9.4628,-0.389501,-0.079052,0.236085,-0.753001,0.343747,0.134478,0.023964,0.117615,0.634255,-0.505358,-0.897811,1.166417,1.022095,3.020811,-4.504814,0.020423,0.812808,1.047984,-2.574079,5.117669
19.54,-0.01395,-0.361182,0.172674,-0.709619,0.106677,0.13648,0.41351,0.058727,0.510095,-0.421015,65.0104,-60.0,8.0255,-7.3113,-6.03,0.505,21.3547,-14.3548,-4.6527,0.5272,-0.399421,-0.056404,0.192924,-0.72142,0.298119,0.132764,0.058856,0.152737,0.595842,-0.437367,-0.29082,0.937887,-2.939588,1.049385,-1.644159,0.002116,1.87881,1.448891,-0.948622,0.128157
19.56,-0.061014,0.084004,0.28318,-0.53447,0.259888,0.052411,-0.205172,0.074364,0.648762,-0.113934,2.8423,54.5039,19.5644,19.8474,-0.8531,-5.9418,-60.0,-0.4527,19.1722,12.1817,-0.371844,-0.064885,0.144044,-0.702116,0.291933,0.125166,0.089097,0.135879,0.57668,-0.427913,1.770983,-0.937056,-1.652748,0.61237,-0.43303,-0.201095,1.649576,-1.666807,-0.966005,0.381263
19.58,-0.535454,0.027991,0.129118,-0.958357,0.239483,0.013736,-0.197604,0.119419,0.697298,-0.159301,-71.1064,18.258,-19.7786,-66.0746,-4.5475,-8.823,-44.9119,9.2675,11.9526,10.9703,-0.334813,-0.067514,0.198486,-0.660832,0.305272,0.1204,0.092752,0.091717,0.581525,-0.417918,1.658854,0.03195,3.756033,2.478146,1.935254,-0.290292,-0.498705,-1.900342,0.625541,-0.63192
19.6,-0.628594,-0.009441,0.211134,-0.651518,0.484205,-0.152286,0.843573,0.045582,0.438818,-0.324588,-10.0365,13.432,4.0887,41.3415,1.3224,-33.8713,60.0,-5.3721,-30.9874,6.099,-0.351197,-0.070235,0.204002,-0.717106,0.350512,0.12025,0.073773,0.086157,0.598421,-0.429914,-1.277122,-0.048253,-0.987285,-3.640311,4.066036,-0.283518,-1.046487,0.384481,0.8143,-1.905007
19.62,-0.434893,-0.19627,0.1838,-0.977092,0.25994,0.116467,1.112593,0.064062,0.615363,-0.412447,12.1847,-59.7248,-3.496,-32.6323,-2.4193,28.2985,60.0,-7.8617,19.0774,5.5578,-0.368978,-0.048078,0.205486,-0.730449,0.377567,0.098973,0.095458,0.09945,0.566854,-0.446107,-0.892805,1.140202,0.388225,-0.504303,-2.308928,-1.038524,1.958256,1.264368,-1.363656,-4.254013
19.64,-0.187915,-0.407179,0.286263,-0.54689,0.2694,-0.012753,0.24743,0.094516,0.657539,-0.237023,37.7795,-60.0,15.1915,61.6061,-7.0541,-19.5371,-32.6754,-8.3445,-5.4648,7.3267,-0.380613,-0.047767,0.184451,-0.781886,0.377391,0.10105,0.121266,0.132924,0.601135,-0.471348,-0.358988,0.230482,-1.465453,-3.045619,2.762085,0.099772,2.194569,1.317271,1.609119,2.066992
19.66,-0.391775,-0.227655,0.210744,-0.523267,0.254012,-0.016011,0.220641,0.115753,0.650867,-0.392407,-18.7445,-34.5255,6.1425,41.0084,-6.9423,-0.0125,5.0706,0.5471,-2.9419,3.8148,-0.361155,-0.069662,0.17762,-0.755221,0.381641,0.089662,0.128496,0.126673,0.622366,-0.484307,0.572426,0.110921,-0.827722,-0.718205,1.855673,-0.640663,0.506249,-0.479414,0.833949,-0.140198
19.68,-0.166986,-0.412924,0.257942,-0.586821,0.172758,-0.00507,0.081142,0.118408,0.782663,-0.23357,18.7205,-60.0,9.4828,20.1027,-8.463,-7.7882,-17.4597,-0.2606,20.7438,9.156,-0.352597,-0.067138,0.169107,-0.751215,0.384136,0.082842,0.135341,0.122599,0.632134,-0.477308,0.368945,0.139805,-0.175288,0.526508,0.007931,-0.218376,0.25088,-0.046347,0.21209,0.599535
19.7,-0.132079,-0.257576,0.059167,-0.901994,0.154985,0.067345,-0.03097,0.150259,0.921039,-0.187385,2.6418,-10.5558,-10.6992,-30.1665,-8.8524,1.9835,-12.5392,2.4643,28.1685,8.288,-0.334362,-0.081886,0.166179,-0.736687,0.379506,0.078921,0.124603,0.121489,0.655267,-0.441064,1.120485,-0.931611,-0.00057,0.620584,-0.129694,-0.150468,-0.703958,0.120717,1.351652,1.877956
19.72,-0.267731,0.100675,0.113276,-1.093488,0.326801,0.284035,-1.073404,0.187825,1.091971,-0.30501,-10.5372,60.0,5.6052,-37.1783,-2.5591,29.3906,-60.0,3.8648,30.5202,2.2575,-0.319583,-0.108294,0.130848,-0.757631,0.381001,0.081466,0.107266,0.130529,0.712366,-0.399382,0.740837,-1.305848,-2.153402,-1.525329,0.395042,0.040236,-0.825553,0.545402,3.052979,1.53274
19.74,-0.479243,-0.146601,0.187783,-1.121719,0.323888,0.368916,-0.860294,0.23112,0.889827,-0.48817,-21.1978,-6.5597,0.9898,-2.0772,-4.7833,22.3928,-60.0,12.0512,-35.5761,-2.9585,-0.322163,-0.113198,0.137777,-0.842586,0.408659,0.097711,0.064754,0.128283,0.81693,-0.380741,-0.09563,-0.004583,1.173066,-4.59819,1.406567,0.739747,-3.284893,-0.516977,5.374468,-1.352227
19.76,-0.74692,-0.075708,0.272335,-0.746374,0.486507,0.016333,-0.117896,0.1619,0.692732,-0.803457,-31.1322,40.5519,1.0194,61.8644,-3.0971,-46.6121,60.0,-2.916,-32.3874,-12.4227,-0.343651,-0.134664,0.177318,-0.93168,0.448843,0.120293,-0.040521,0.1407,0.858418,-0.434277,-1.187529,-1.089962,2.480934,-3.93673,4.650229,1.254673,-5.623067,1.47296,0.870652,-2.368211
19.78,-0.722161,-0.04936,0.266158,-0.333081,0.388131,-0.03878,1.85981,0.111536,0.426019,-0.406455,-19.4889,-15.8927,-2.5266,87.407,5.5422,-25.8919,60.0,-12.8824,-37.0271,17.0,-0.365482,-0.117193,0.224654,-0.923203,0.473778,0.125523,-0.090825,0.184934,0.820953,-0.63583,-1.375815,1.116433,1.95292,0.128405,-9.058695,0.050418,-1.160124,1.621114,-2.566808,-8.531076
19.8,-0.543153,-0.189254,0.149565,-0.472715,0.267132,0.060441,1.262204,0.126787,0.530217,-0.49846,-18.7481,-60.0,-5.386,59.0499,-7.5925,-7.0505,60.0,-6.7703,20.6921,-4.7903,-0.376532,-0.075143,0.230962,-0.935801,0.480925,0.118843,-0.050321,0.194962,0.712777,-0.525196,-0.252615,2.710382,-0.805413,1.203272,-0.968879,-0.069159,4.193921,-0.013818,-5.555361,5.918903
19.82,-0.302565,-0.277399,0.322109,-0.634592,0.263857,0.025351,-0.000894,0.120052,0.653699,-0.152751,5.4663,-51.9759,24.0609,-2.7455,-0.8799,-18.5748,-60.0,-15.1708,-4.0416,12.3385,-0.370303,-0.060418,0.181374,-0.870688,0.427004,0.126114,-0.000418,0.222109,0.718515,-0.505344,0.189887,0.325152,-2.921142,4.409531,-5.703039,0.13997,2.536337,1.452214,-0.656441,1.783024
19.84,-0.527797,0.092262,0.171932,-0.682551,0.35563,0.117331,-0.436606,0.159103,0.768478,-0.221052,-35.1368,60.0,-7.9647,-9.6789,3.4363,8.5345,-60.0,3.852,21.4005,8.7619,-0.362787,-0.077272,0.178529,-0.802181,0.372822,0.119928,0.00469,0.192298,0.693628,-0.47866,0.420089,-1.169341,2.136609,3.191966,-4.165629,-0.360974,-0.328789,-2.097547,-1.175524,1.557981
19.86,-0.79066,-0.022298,0.233703,-0.551084,0.414206,-0.05186,0.917771,0.05807,0.442628,-0.50216,-38.7339,8.1386,-1.9002,23.752,5.1601,-27.9085,60.0,-3.6044,-45.7104,-5.1328,-0.377399,-0.081595,0.203912,-0.768734,0.352173,0.123267,-0.019059,0.150304,0.700671,-0.452002,-0.94067,0.141007,1.427128,1.027895,-2.705823,0.066315,-1.785352,-1.643441,0.809326,3.157997
19.88,-0.847218,-0.031212,0.214248,-0.481077,0.296789,0.112986,1.535651,0.019934,0.386966,-0.609875,-28.9048,-35.4642,-0.6247,28.5904,1.9148,13.371,60.0,-10.0068,-7.3712,-4.2418,-0.404454,-0.056959,0.219372,-0.74055,0.310582,0.11308,0.001132,0.135195,0.644094,-0.475103,-1.517262,1.53915,0.032819,1.193718,-2.491442,-0.541427,2.961,-0.444371,-3.605038,-1.160628
19.9,-0.321145,-0.010668,0.10069,-0.727246,0.077513,0.188127,0.996108,0.063947,0.381347,-0.286095,54.9662,-7.6974,-9.9868,-32.293,-6.7887,-1.8946,60.0,-16.5502,-32.1285,7.5464,-0.435058,-0.046737,0.210881,-0.684181,0.269608,0.12444,0.033269,0.170915,0.632587,-0.472667,-1.532207,0.565098,-0.301935,2.985112,-0.904107,0.46306,1.342152,1.71203,-0.642192,-0.084419
19.92,0.096428,0.088832,0.183261,-0.596332,0.164145,0.1618,0.133617,0.048196,0.606092,-0.012342,68.4445,4.2755,10.895,14.0419,3.9591,10.4176,-47.0609,-15.1708,3.7123,17.0,-0.435829,-0.033082,0.166307,-0.670474,0.172763,0.119713,0.070754,0.188879,0.617596,-0.468401,0.460893,0.762014,-2.690753,-0.337505,-4.347228,-0.166024,2.259952,0.322432,-0.628364,0.273773
19.94,-0.041702,0.111584,0.245048,-0.514802,0.242525,0.087118,-0.255161,0.080059,0.663954,0.126696,-12.1749,20.0884,5.4423,9.5611,3.1473,-0.1776,-60.0,6.71,5.9497,17.0,-0.391008,-0.026203,0.162538,-0.648056,0.160352,0.112886,0.09721,0.131612,0.614237,-0.45143,2.611873,0.283058,0.821484,1.204889,0.141026,-0.149162,0.958084,-3.470429,0.17424,1.013454
19.96,-0.541977,0.132328,0.148819,-0.907308,0.251483,0.045271,-0.458146,0.125411,0.753786,-0.129519,-77.0391,38.5246,-14.4351,-58.349,0.172,-8.4158,-60.0,10.8769,17.2829,10.7932,-0.347471,-0.028334,0.207258,-0.615162,0.201553,0.112101,0.094533,0.079689,0.619159,-0.414882,1.93606,-0.242247,2.512768,1.678662,1.843674,-0.065074,-0.692593,-1.844035,0.336402,0.627616
19.98,-0.817747,-0.039188,0.195419,-0.582549,0.417465,-0.10316,0.501144,0.051904,0.464189,-0.557985,-47.2817,-2.1092,-0.8357,53.3987,6.6691,-31.4187,60.0,-2.3868,-38.7954,-10.4337,-0.357215,-0.031842,0.215841,-0.686084,0.233359,0.11714,0.057391,0.070337,0.642925,-0.393488,-0.881725,0.024258,-0.352892,-4.375835,0.702241,-0.065787,-2.568428,0.158976,1.384907,3.892718
20.0,-0.706745,-0.029662,0.179144,-0.58664,0.355599,0.060905,1.176002,0.04123,0.534653,-0.423749,-2.2443,-32.1119,2.3123,3.7866,-2.882,9.6448,60.0,-7.8819,12.3611,6.1008,-0.385641,-0.014739,0.198379,-0.689053,0.322811,0.105771,0.057201,0.08901,0.605527,-0.474321,-1.857504,1.10385,-1.238897,1.337565,4.235908,-0.662355,1.679857,0.907862,-2.656828,-4.119094
20.02,-0.408746,-0.124607,0.138345,-0.627831,0.312745,0.105747,0.885047,0.060557,0.589321,-0.023061,47.0529,-60.0,1.6375,2.5672,6.7325,5.3337,-2.1163,-3.9543,8.7183,15.8353,-0.42279,0.010128,0.175083,-0.666695,0.281748,0.101713,0.134801,0.096145,0.579029,-0.456176,-1.818069,1.398021,-1.553469,0.376984,-5.548133,-0.19127,5.766688,0.115663,-0.829055,1.504342
20.04,-0.242493,-0.240709,0.132128,-0.653328,0.200551,0.117607,0.672897,0.072501,0.640094,-0.162241,42.8006,-60.0,8.6199,10.1018,-4.2057,7.9114,-23.1742,1.3425,7.2341,10.8111,-0.443598,0.028229,0.131168,-0.680299,0.274777,0.095586,0.228239,0.081038,0.57855,-0.452281,-0.511077,0.666041,-2.49308,-0.699802,1.249152,-0.1864,4.248528,-0.64237,0.230814,0.798487
20.06,0.03927,-0.450288,0.196016,-0.469573,0.168936,0.051214,0.310421,0.079048,0.672543,-0.139854,58.4856,-60.0,17.8562,36.6312,-5.3667,-4.7671,-59.7034,1.1888,4.0913,8.0509,-0.438838,0.023432,0.084491,-0.687241,0.279791,0.09224,0.285284,0.070546,0.594514,-0.4101,0.535181,-0.240785,-1.960723,-0.460023,0.941915,-0.056098,2.453135,-0.099039,0.879711,2.786835
20.08,-0.022769,-0.291177,0.095196,-0.743552,0.147289,0.00631,0.246248,0.100779,0.854942,-0.223926,0.5979,-22.9263,5.9891,-19.951,-5.2188,-1.4858,3.59,3.3911,25.9695,2.3018,-0.402885,0.00261,0.064135,-0.673312,0.281594,0.082374,0.291115,0.063278,0.615751,-0.34316,2.282153,-1.35791,-0.843238,1.08793,-0.154982,-0.401419,-0.476122,0.105012,1.145037,2.492433
20.1,-0.116845,-0.165447,0.054891,-0.939452,0.354548,0.082363,-0.544679,0.105631,0.903262,-0.341824,-10.5136,13.1178,-0.8444,-34.1899,4.0197,12.1099,-60.0,-0.1396,5.1728,-5.1956,-0.363588,-0.027053,0.058244,-0.677235,0.289801,0.075595,0.280885,0.078118,0.676487,-0.27786,1.922378,-1.546085,0.148911,-0.594253,-1.444224,-0.448783,-0.517625,0.845537,3.332967,2.663678
20.12,-0.347286,-0.230063,0.092712,-1.093922,0.261157,0.367351,-1.135359,0.213047,1.149683,-0.248403,-25.6492,19.7092,-0.3927,-23.6811,-5.6186,52.354,-60.0,16.4236,33.8632,3.8266,-0.341669,-0.068956,0.068971,-0.739033,0.349486,0.070475,0.21761,0.069273,0.745149,-0.305811,1.003423,-1.968041,0.809249,-3.414861,2.106477,-0.316424,-4.60291,-0.598485,3.098778,-1.545752
20.14,-0.549304,-0.18717,0.291543,-0.907235,0.343481,0.187201,-0.68982,0.20216,0.884261,-0.556561,-15.0593,57.3792,11.6044,29.9769,-8.9253,-16.5694,50.5354,5.9511,-43.3552,-12.6493,-0.351599,-0.120224,0.101131,-0.834335,0.425672,0.094525,0.08667,0.088626,0.85534,-0.279715,-0.590424,-2.681938,2.175121,-4.727505,5.694667,1.232537,-7.800555,1.580086,5.511138,1.591336
20.16,-0.659281,-0.090287,0.176879,-0.664608,0.445548,-0.094521,0.172486,0.15797,0.744396,-0.515004,-18.5685,26.4044,-12.6122,58.6892,-3.4605,-38.5504,60.0,-5.6721,-23.7048,2.5699,-0.372302,-0.138548,0.178299,-0.902248,0.46562,0.101981,-0.021245,0.135398,0.892223,-0.453722,-0.99015,-0.634868,3.64732,-2.66273,2.684405,0.367087,-4.987821,2.319204,0.176881,-5.071919
20.18,-0.621625,-0.133054,0.167345,-0.496711,0.370416,-0.024556,1.311345,0.117251,0.599458,-0.378383,-29.0102,-36.4272,-2.9504,73.2444,-4.6844,-9.123,60.0,-13.4032,-19.6437,5.6506,-0.380119,-0.123463,0.202649,-0.932175,0.476061,0.094341,-0.049614,0.185958,0.85573,-0.493548,-0.291874,1.3078,-0.169645,-0.915742,0.463278,-0.352386,0.638561,1.910655,-2.172055,-1.05455
20.2,-0.421617,-0.388729,0.257004,-0.513998,0.23725,0.001804,0.357225,0.134435,0.748553,-0.278045,-2.266,-60.0,16.7506,49.4513,-8.6939,-7.7617,-42.2348,-6.8095,14.3511,8.314,-0.382143,-0.087551,0.172692,-0.919965,0.46308,0.089644,0.006524,0.199281,0.799369,-0.49042,-0.147853,1.974356,-2.433277,1.322374,-0.342765,-0.219005,4.258727,0.095019,-2.539102,0.182777
20.22,-0.331895,-0.330391,0.260613,-0.678753,0.173645,0.01447,0.148343,0.173684,0.725273,-0.246904,-0.4659,-59.428,20.0465,12.0825,-9.1819,-10.3559,-12.7043,0.5666,-0.5165,12.7006,-0.379738,-0.076345,0.128062,-0.878846,0.427438,0.08752,0.044045,0.184183,0.776288,-0.530895,0.309129,0.326629,-1.98638,2.07204,-0.979597,-0.024332,1.271984,-0.472807,-0.824565,-1.354481
20.24,-0.291516,-0.19212,0.122302,-0.95315,0.226227,0.049841,-0.2421,0.183758,1.005277,-0.166641,4.7107,-15.5148,2.4637,-29.5067,-6.2807,-2.9176,-58.2554,-1.1977,46.5984,14.026,-0.373408,-0.082106,0.11077,-0.840873,0.403226,0.085341,0.049615,0.183107,0.753126,-0.526546,0.306332,-0.245877,-0.383309,1.463496,-0.807309,-0.097379,-0.003319,0.369344,-1.014079,0.373893
20.26,-0.484209,0.054842,0.112367,-1.16402,0.354558,0.233563,-0.833041,0.233355,0.978907,-0.380593,-22.1427,58.0288,-1.488,-40.4057,-1.8599,18.6909,-60.0,6.0632,5.1054,4.7368,-0.37076,-0.102404,0.112211,-0.849064,0.396716,0.08987,0.022322,0.177578,0.790216,-0.50027,0.207319,-1.007297,0.439761,-0.790112,0.175337,0.115809,-1.580683,-0.141997,2.680637,0.050844
20.28,-0.690298,-0.06558,0.237324,-0.862376,0.441354,0.12762,-0.388309,0.176121,0.733715,-0.745243,-21.1025,12.5519,5.2637,46.8974,2.3012,-7.5793,46.2954,2.1287,-38.9593,-11.5036,-0.38942,-0.109321,0.138258,-0.926509,0.40509,0.10073,-0.040559,0.170013,0.846648,-0.484719,-0.971971,-0.144156,1.357988,-4.307547,-0.859228,0.469738,-4.390247,-0.443989,2.544399,1.093629
20.3,-0.79197,-0.041589,0.270166,-0.521205,0.403122,-0.084555,1.522202,0.085781,0.447257,-0.569004,-24.2023,-3.7835,2.8062,62.2874,-6.9128,-37.0219,60.0,-11.2561,-43.211,8.1301,-0.413032,-0.09882,0.179556,-0.936677,0.441108,0.106417,-0.101383,0.180725,0.833237,-0.61847,-1.320213,0.577161,1.829441,0.003852,5.447845,0.338807,-2.555367,0.515271,-1.697014,-6.213583
20.32,-0.654671,-0.066486,0.167551,-0.581618,0.231135,0.086438,1.721557,0.10436,0.427437,-0.561438,-17.0016,-37.805,-3.6255,49.402,-7.439,-8.2808,60.0,-14.7205,-18.7253,-14.4037,-0.435,-0.070733,0.20424,-0.934968,0.427763,0.098222,-0.094912,0.183893,0.736248,-0.573698,-0.645133,1.464905,-0.012672,0.416042,-0.430373,0.263453,2.102176,1.979286,-3.188857,15.044545
20.34,-0.275068,-0.330751,0.186493,-0.505783,0.125027,0.057681,0.610494,0.114508,0.526676,-0.432595,32.2563,-60.0,3.5893,25.2951,-8.2917,-9.2214,60.0,-14.1365,-22.6416,4.6975,-0.437948,-0.060498,0.187857,-0.879099,0.37379,0.103829,-0.07386,0.210102,0.735755,-0.565411,-0.316492,0.493429,-1.089675,3.547772,-1.675633,0.092999,1.234327,1.338719,-1.00766,0.621347
20.36,-0.192791,0.108627,0.316559,-0.650891,0.249162,0.043196,-0.147417,0.110144,0.761642,-0.194642,6.8117,43.561,24.4536,-20.3412,-1.5247,-2.3059,-60.0,-13.9264,19.2685,10.7709,-0.420064,-0.067351,0.146383,-0.783552,0.299872,0.096845,-0.045551,0.226425,0.710035,-0.544868,1.103438,-0.317032,-2.174883,4.649924,-0.50881,-0.232241,1.84459,0.672225,-1.332025,3.270885
20.38,-0.53694,0.161915,0.114802,-0.8866,0.238731,0.165025,-0.372163,0.168528,0.858129,-0.068947,-50.7431,27.0938,-23.4674,-38.1926,-0.4015,14.9885,-60.0,10.5268,19.8467,17.0,-0.397254,-0.058767,0.204926,-0.731345,0.275923,0.094055,-0.037383,0.174697,0.707012,-0.519197,1.205008,0.645869,4.227854,1.722248,-1.097188,-0.175676,0.018077,-3.259338,0.325959,0.259902
20.4,-0.777148,0.009232,0.194644,-0.419153,0.417069,-0.137129,0.638062,0.076018,0.410384,-0.573365,-37.8357,-1.2889,1.4557,72.1964,7.2623,-51.0273,60.0,-1.8552,-63.8076,-4.2233,-0.408028,-0.051915,0.214081,-0.76558,0.257185,0.107576,-0.053908,0.133059,0.736719,-0.486911,-0.709179,0.512307,-0.99428,-2.337915,-0.875704,0.57931,-1.072865,-1.125758,1.716813,0.772881
20.42,-0.512701,0.036677,0.182298,-0.460586,0.218547,0.023261,1.625553,0.077185,0.268375,-0.539315,14.3527,-16.7077,3.5148,-4.8955,-8.2495,-1.8473,60.0,-18.3074,-37.0721,-11.4689,-0.423561,-0.026595,0.192562,-0.702006,0.329031,0.095005,-0.028666,0.140392,0.671811,-0.507738,-1.121412,1.112754,-1.328219,4.750248,3.868815,-0.360576,2.355721,3.505897,-2.708959,10.308887
20.44,-0.027913,0.129249,0.083964,-0.655606,0.14293,0.065295,0.483733,0.085564,0.485261,-0.355058,65.4942,6.3279,-8.2035,-32.2913,-2.5295,16.3673,60.0,-16.3761,-8.4349,5.4061,-0.428882,-0.012875,0.180686,-0.630194,0.252764,0.08199,-0.014397,0.186776,0.648176,-0.508636,-0.216363,0.83741,-0.429561,3.29091,-1.88267,-0.763348,0.78056,1.829442,-1.849121,0.744433
20.46,-0.104022,0.106792,0.257417,-0.704788,0.252632,0.054441,-0.13492,0.086457,0.664808,-0.080099,-2.2112,-17.0754,19.7108,-13.6653,4.4256,14.6775,-60.0,-11.6752,5.7215,16.9087,-0.401887,0.014132,0.141098,-0.61035,0.199505,0.064645,0.020186,0.201719,0.634456,-0.503524,1.896733,1.349425,-2.362927,-0.057827,-2.323781,-0.655615,2.077541,0.043593,-0.135051,0.028538
20.48,-0.473417,-0.049255,0.015408,-0.940128,0.224863,0.169123,-0.452061,0.158434,0.92671,0.128199,-53.0974,-14.459,-25.7187,-34.7469,-1.2592,20.5414,-60.0,11.0163,40.6893,17.0,-0.370789,0.019569,0.17235,-0.633449,0.224263,0.059456,0.024587,0.146778,0.639038,-0.483074,1.525086,0.026308,2.931998,-1.30055,1.296209,-0.165494,-0.322344,-2.881161,0.284438,0.596143
20.5,-0.699576,0.021362,0.188428,-0.760439,0.409357,-0.013981,0.004048,0.127718,0.645148,-0.615599,-40.6962,42.3825,13.2003,31.8039,7.4509,-39.3677,60.0,1.2767,-34.9798,-7.4109,-0.375079,-0.00806,0.141664,-0.717173,0.229,0.081042,-0.012438,0.122024,0.694631,-0.444099,-0.322718,-1.383189,-2.493083,-4.424983,-0.239019,1.015871,-2.19703,-0.206888,3.184359,0.556422
20.52,-0.865673,-0.047366,0.207746,-0.409697,0.403304,-0.035758,1.107124,0.07546,0.364107,-0.684639,-40.5439,-21.5942,3.3671,58.3756,-0.6412,-16.4081,60.0,-7.6858,-41.1843,-2.0032,-0.39113,-0.001868,0.146354,-0.755153,0.316992,0.084025,-0.021967,0.136238,0.694119,-0.532662,-1.239281,0.473516,0.810762,-0.757697,4.134986,-0.063076,-0.147547,0.470317,-0.961122,-4.117054
20.54,-0.518989,-0.069338,0.131111,-0.536875,0.220636,0.130633,1.652183,0.07203,0.416507,-0.414043,20.4454,-21.5697,-4.8731,-0.7358,3.5005,-3.2213,60.0,-27.0989,-17.964,-6.9538,-0.421234,0.007444,0.15882,-0.68541,0.340769,0.086316,0.003017,0.176516,0.634111,-0.492687,-1.420137,0.235463,0.614842,2.659592,-8.389723,0.399193,1.395789,4.869948,-1.695938,10.201591
20.56,-0.011578,-0.42468,0.111093,-0.558338,0.151633,0.126781,0.460999,0.070815,0.605277,-0.222807,67.9557,-60.0,-0.4925,-3.497,-1.2322,3.3456,60.0,-18.326,-4.8239,11.7031,-0.429087,0.00204,0.148868,-0.642914,0.242849,0.089308,0.007651,0.211528,0.640298,-0.507972,-0.215575,-0.110921,-0.960809,1.870046,-2.440886,0.092036,0.498928,1.244457,-0.049606,-0.299503
20.58,0.002727,0.077849,0.313501,-0.681098,0.292289,0.080355,-0.215258,0.071234,0.678401,-0.068611,9.8399,60.0,27.2612,-24.406,6.1405,2.5336,-60.0,-5.0824,2.909,14.1052,-0.399023,-0.025951,0.102101,-0.602748,0.17467,0.084225,0.021712,0.189213,0.646588,-0.505812,2.039584,-1.786873,-1.79035,1.462158,-1.450258,-0.125965,1.373466,-1.964173,0.215258,3.416964
20.6,-0.476411,-0.08634,0.137306,-1.197518,0.238669,0.096911,-0.279898,0.153254,0.92744,-0.060927,-49.4459,-18.3496,-15.3379,-82.8474,-1.1864,21.4232,-44.9813,14.5595,33.9287,17.0,-0.371652,-0.027731,0.153071,-0.608339,0.18388,0.07318,0.021176,0.120821,0.659917,-0.508188,1.364455,0.251175,4.024968,-0.638934,3.412081,-0.722578,-0.577314,-3.309791,0.716399,0.648157
20.62,-0.533461,-0.026502,0.186608,-0.588469,0.523857,-0.116786,-0.022413,0.104632,0.590464,-0.512976,-2.9158,27.4213,1.6596,90.475,8.0368,-36.3592,32.5563,-1.6437,-44.1613,-2.6484,-0.388661,-0.04291,0.170303,-0.742794,0.252756,0.079917,-0.004823,0.106545,0.713955,-0.481703,-0.760622,-0.914837,-0.008496,-7.779786,2.835594,0.277235,-1.367119,0.424797,2.962533,1.411558
20.64,-0.580336,-0.087894,0.237283,-0.749753,0.399091,0.058754,1.599741,0.054698,0.507038,-0.496024,-25.0455,-12.6178,0.2718,7.0948,6.5447,17.7191,60.0,-6.1311,-11.8186,0.6579,-0.388039,-0.042858,0.185345,-0.761289,0.329983,0.065091,-0.011729,0.114441,0.696736,-0.49428,-0.153673,0.136834,1.439585,-0.619876,-3.818594,-0.755182,-0.033922,0.045854,-1.922369,-0.735017
20.66,-0.219698,-0.210375,0.176442,-0.358019,0.268522,0.06884,1.313415,0.080785,0.51268,-0.631249,37.0871,-37.2998,-0.2739,70.282,-0.3095,0.337,60.0,-14.279,-42.1731,-1.5957,-0.400375,-0.033737,0.191452,-0.780635,0.292814,0.06292,0.018839,0.137115,0.684115,-0.517684,-0.403912,0.07474,-0.358904,-0.796116,-0.668922,0.022288,0.994874,2.52882,1.901756,-2.97667
20.68,0.024919,-0.338645,0.202949,-0.526275,0.183812,0.038363,0.425684,0.095701,0.617919,-0.517691,20.4301,-60.0,12.2882,8.0964,-2.269,-2.7362,-12.2477,-14.3894,-10.3324,-1.8522,-0.376516,-0.020102,0.163431,-0.747313,0.270494,0.056737,0.067502,0.177307,0.692277,-0.520197,1.609296,0.708475,-2.438257,2.8957,-1.210342,-0.000802,3.178998,1.821822,-0.094913,1.972187
20.7,-0.120871,0.085459,0.162492,-1.060315,0.342147,0.102223,-0.664456,0.093856,0.757647,-0.387519,-17.7706,38.565,11.4032,-76.919,2.7978,12.0179,-60.0,-2.6605,20.0663,4.9139,-0.337969,-0.025156,0.113107,-0.695859,0.251852,0.0527,0.105795,0.167221,0.678732,-0.508184,2.036052,-0.623109,-1.890804,2.571124,0.822161,-0.185641,1.626591,-1.367671,-0.950892,-0.088128
20.72,-0.478501,-0.231337,0.069059,-1.020484,0.281666,0.247421,-0.771709,0.215118,1.310089,-0.152771,-43.8504,-30.1152,-12.7751,6.4928,-2.9175,31.0424,-60.0,20.1719,82.8736,15.5887,-0.322674,-0.03173,0.130951,-0.76991,0.303191,0.054228,0.09201,0.114139,0.692283,-0.476889,0.828265,-0.371629,1.926254,-5.093486,2.077222,-0.083466,-2.201405,-2.946472,1.132111,-2.650478
20.74,-0.575209,-0.094913,0.217895,-0.733652,0.448359,0.156088,-0.765684,0.195957,0.779838,-0.638007,-16.8902,56.9703,9.8045,46.0507,2.303,-21.4732,-29.4598,4.617,-78.9503,-10.4352,-0.33443,-0.074501,0.127671,-0.851363,0.352662,0.084678,0.01024,0.110633,0.835165,-0.436632,-0.77771,-2.313746,-0.228717,-3.281044,1.540266,1.301868,-4.76465,1.145169,8.163999,2.404238
20.76,-0.624963,-0.155154,0.247336,-0.357283,0.342722,-0.017337,1.438285,0.120068,0.367286,-0.518607,10.2991,7.6007,-1.5872,108.3154,-4.2804,-20.5761,60.0,-6.8581,-64.2026,5.3659,-0.357536,-0.094,0.176982,-0.866592,0.388406,0.090869,-0.086906,0.140234,0.858371,-0.530922,-2.039201,-0.75156,2.521964,-3.688362,2.477844,0.175765,-4.533069,1.416045,-1.093143,-4.922558
20.78,-0.346477,-0.326297,0.195521,-0.288949,0.240917,0.002644,0.990468,0.117757,0.548726,-0.718149,9.3205,-60.0,1.6728,71.7534,-4.437,-9.3657,60.0,-8.5419,30.438,-8.1209,-0.368668,-0.081935,0.191145,-0.867979,0.385737,0.080997,-0.107356,0.166934,0.7381,-0.527424,-0.242371,1.437228,-0.361263,1.744994,-1.369476,-0.096564,1.34676,1.060019,-6.79963,0.496872
20.8,-0.281648,-0.229702,0.1582,-0.937528,0.268176,0.029678,-0.150498,0.12823,0.765016,-0.491596,-24.0179,-60.0,10.1626,-67.2979,2.6526,-18.1604,-60.0,-17.708,16.0767,-0.3665,-0.349279,-0.051995,0.154551,-0.790066,0.333591,0.084736,-0.041576,0.201026,0.684585,-0.54156,1.381869,0.947,-2.865674,5.220557,-5.322383,0.400522,3.84046,3.050143,-0.463605,2.388932
20.82,-0.553952,0.092494,0.115312,-0.955793,0.35257,0.178235,-0.720623,0.176019,0.979618,-0.275,-39.2973,60.0,-1.6357,-4.9558,2.0172,19.8916,-60.0,6.3577,34.4461,8.6852,-0.342294,-0.072396,0.127985,-0.802497,0.324611,0.086417,-0.03421,0.178309,0.694273,-0.514766,0.305341,-1.282182,0.107743,-2.084423,-0.907925,-0.247503,-0.630932,-1.926499,0.965509,0.914546
20.84,-0.882003,-0.056079,0.148266,-0.566994,0.419642,0.010417,0.296875,0.082629,0.621901,-0.849655,-50.6501,6.0322,-3.0247,62.5011,2.8367,-28.6785,60.0,-2.0364,-52.0773,-17.0,-0.360951,-0.079636,0.146759,-0.853507,0.334426,0.10042,-0.074501,0.146184,0.76133,-0.432024,-1.112681,-0.050052,0.928745,-2.256091,0.577758,0.613949,-3.269069,-1.263254,3.600981,4.240982
20.86,-0.956277,-0.110404,0.250275,-0.231804,0.349797,0.064873,2.150781,0.006406,0.309014,-0.830586,-28.4242,-41.9144,13.1276,52.2699,-2.7462,-5.3298,60.0,-14.459,-47.5449,2.6304,-0.396319,-0.060745,0.146069,-0.803466,0.369559,0.101765,-0.085566,0.143664,0.746971,-0.651585,-2.247779,1.21206,-0.791741,3.868658,1.975476,-0.008255,1.200644,0.214466,-2.097138,-9.889333
20.88,-0.414669,0.020073,0.055349,-0.716415,0.038193,0.209221,1.612782,0.077782,0.219114,-0.629358,25.9564,-8.0038,-10.5402,-25.7022,-5.3074,-9.2471,60.0,-15.483,-59.352,-5.6052,-0.42452,-0.039837,0.150045,-0.748868,0.278853,0.118915,-0.053059,0.175167,0.692202,-0.525092,-0.990162,0.757406,0.313109,3.532506,-4.362574,0.921977,1.25241,1.680153,-1.341707,1.449117
20.9,0.091057,0.120305,0.080889,-0.78309,0.078281,0.187319,0.355435,0.047737,0.575147,-0.319462,84.5209,4.9006,5.0955,-20.8066,-2.9724,15.3733,35.6927,-17.6499,11.5102,5.8822,-0.430592,-0.023484,0.113357,-0.713135,0.203999,0.117859,-0.027296,0.196507,0.648291,-0.503533,-0.253766,0.904129,-2.439999,1.191748,-2.077036,-0.200404,1.548243,0.811031,-2.597858,1.495565
20.92,0.069312,0.076411,0.231846,-0.420037,0.258667,0.110648,-0.156931,0.059675,0.661627,-0.044998,11.9705,-17.8479,17.678,47.3836,6.7384,3.8919,-60.0,-0.18,6.3486,16.8642,-0.395828,0.002109,0.08512,-0.70837,0.163343,0.111284,0.011406,0.159036,0.630324,-0.480909,2.338019,1.239564,-0.87903,-0.477654,-2.955012,-0.161287,1.991908,-2.853462,-0.191015,0.578012
20.94,-0.486233,0.124254,0.149725,-0.668057,0.289319,0.035678,-0.405599,0.101239,0.636629,-0.061033,-86.0297,29.3832,-10.8855,-38.2094,0.9997,-13.9028,-60.0,10.0926,0.2173,7.6706,-0.341494,0.003931,0.13385,-0.64168,0.215224,0.11084,0.01791,0.091915,0.631834,-0.436053,2.601684,-0.201569,3.648146,3.958035,1.98395,0.106318,-0.305169,-2.679225,0.057991,7.404279
20.96,-0.844779,-0.028122,0.224246,-0.345977,0.395853,-0.080888,1.28,-0.007572,0.465331,-0.597206,-63.0146,0.6275,1.728,50.6302,4.1543,-30.0404,60.0,-6.0634,-19.8398,-13.0822,-0.339939,-0.003763,0.172561,-0.640939,0.258155,0.116725,-0.006416,0.067484,0.626421,-0.407763,-0.514177,-0.208409,1.006318,-0.737911,1.367347,0.016119,-1.753071,-0.421823,-0.499613,5.560087
20.98,-0.540799,-0.025502,0.105855,-0.509458,0.289253,0.158768,1.294672,0.011269,0.495467,-0.509913,24.2895,-34.3442,-9.1015,-22.6175,-4.4795,16.8302,60.0,-4.6588,8.1508,4.4772,-0.369571,0.010789,0.18725,-0.583696,0.324027,0.112506,0.008336,0.063676,0.583667,-0.500161,-2.021427,1.026487,0.281399,3.900304,3.119713,-0.400085,2.481709,-0.1702,-2.470634,-4.916437
21.0,-0.063809,-0.119375,-0.002605,-0.666356,0.144354,0.179964,0.777886,0.046929,0.563711,-0.121599,64.2383,-18.9187,-5.9106,-27.0352,-4.1632,-17.7257,60.0,-18.8881,-21.9889,16.9114,-0.39586,0.022814,0.146667,-0.547821,0.285822,0.117995,0.080499,0.094206,0.574479,-0.473311,-0.58372,-0.360756,-2.63719,1.069436,-1.510596,1.092997,2.284494,4.141661,2.354262,-2.871604
21.02,0.249076,-0.479075,0.15463,-0.42706,0.27915,0.116877,0.168345,0.043787,0.655499,0.052652,49.1758,-60.0,19.653,32.6421,5.7531,-3.8865,-53.1982,-9.0596,-0.4197,16.1886,-0.370877,0.01505,0.074244,-0.561278,0.214078,0.120728,0.123241,0.123345,0.598419,-0.480273,1.772392,-0.239598,-3.397006,-1.445512,-3.182001,0.133845,2.357941,0.322845,1.037852,5.18018
21.04,-0.043193,-0.369268,0.131427,-0.59119,0.226401,0.043427,-0.001223,0.081665,0.72621,0.068647,-45.199,16.8211,0.3132,-26.0014,-2.2996,-7.4347,-15.3863,3.7497,4.8926,17.0,-0.305722,-0.037603,0.073306,-0.532227,0.2402,0.115408,0.123578,0.092772,0.622947,-0.488546,3.421175,-3.151334,1.608361,1.982548,1.765379,-0.136012,-0.362828,-1.421592,1.224495,-0.098105
21.06,-0.227817,-0.278766,0.164938,-0.796898,0.244858,0.045986,-0.214596,0.111683,0.778544,0.049098,-34.983,29.6838,1.0282,-31.0665,-0.7461,-9.2574,-48.3077,3.6108,10.8177,17.0,-0.265488,-0.092689,0.107621,-0.54068,0.274052,0.116856,0.112915,0.081684,0.646087,-0.493528,1.64362,-2.535312,1.375681,-0.851189,-0.425838,-0.055543,-0.651625,-0.178668,1.045866,-0.35372
21.08,-0.612683,-0.088885,0.147236,-1.043382,0.305619,0.033951,-0.158656,0.119629,0.837167,-0.264276,-54.9867,60.0,-4.8675,-42.2416,-7.2535,-10.0645,-14.3206,3.3662,14.3585,9.3931,-0.257417,-0.135199,0.143213,-0.599693,0.350386,0.118156,0.090399,0.081472,0.669604,-0.497048,0.068634,-1.940967,1.541331,-2.809315,5.518008,-0.1038,-1.344993,0.131465,1.245199,-0.083023
21.1,-0.725859,-0.095505,0.203591,-0.811563,0.469093,-0.124941,0.068449,0.105408,0.674819,-0.466324,-14.3896,18.12,2.1029,32.9345,-2.0734,-32.968,24.9305,0.0063,-18.681,3.4997,-0.292145,-0.147632,0.165302,-0.711717,0.419771,0.120488,0.071176,0.091424,0.702276,-0.509325,-2.04949,-0.29161,0.504837,-5.536326,4.087176,-0.155588,-0.96547,0.407179,1.682743,-1.797594
21.12,-0.67097,-0.171693,0.111854,-0.69223,0.356352,0.003544,1.135354,0.075889,0.574822,-0.357514,-2.6547,-23.1799,-15.974,50.251,-6.4359,15.5428,60.0,-4.0564,-17.2545,10.0349,-0.331213,-0.139375,0.198572,-0.788403,0.465366,0.100023,0.064551,0.104523,0.704829,-0.552324,-1.954083,0.633509,2.135771,-4.139718,2.096291,-1.214092,-0.17536,0.348912,-0.259598,-2.265165
21.14,-0.117417,-0.548252,0.268054,-0.581622,0.159181,0.044534,0.215957,0.098257,0.732095,-0.165817,55.6997,-60.0,13.0504,39.0966,-13.4638,-8.9598,-6.9713,-8.3929,-7.4722,17.0,-0.356696,-0.125351,0.196551,-0.827859,0.47819,0.091075,0.089093,0.125588,0.705523,-0.586612,-0.801225,0.22168,-1.725686,-0.249716,0.710574,0.080035,1.225755,1.655377,1.324025,-1.252501
21.16,-0.132774,-0.376671,0.211411,-0.745738,0.139448,0.037841,0.090788,0.130315,0.840438,-0.078004,-4.6375,-12.192,7.5257,-8.7895,-14.0226,2.0891,7.2828,0.7909,10.8461,17.0,-0.338726,-0.141467,0.16876,-0.809517,0.46215,0.081365,0.091872,0.127811,0.721397,-0.563074,1.437195,-1.320683,-0.9537,2.121145,1.125811,-0.348582,-0.284221,-0.158098,0.810032,2.211735
21.18,-0.09635,-0.264077,-0.025378,-0.882708,0.147522,0.162441,-0.134727,0.161939,1.118734,-0.031734,3.0476,2.2675,-18.5536,-19.1376,-11.7465,12.8603,-29.6878,1.3228,41.6285,16.1444,-0.314953,-0.159899,0.158667,-0.791997,0.444824,0.080363,0.083935,0.132778,0.749599,-0.508668,1.203095,-0.875543,0.043616,0.639115,-0.147027,-0.02219,-0.53226,0.465997,1.587911,2.962551
21.2,-0.292927,0.066358,0.05728,-1.111251,0.315255,0.379353,-1.1358,0.193893,1.063636,-0.172762,-24.1447,60.0,5.4891,-38.0905,-5.0768,25.9115,-60.0,5.293,-3.377,7.4018,-0.296623,-0.187805,0.105463,-0.80203,0.446895,0.094998,0.067163,0.136975,0.829454,-0.429952,0.999072,-1.39856,-3.014744,-0.958245,-0.190752,0.677202,-0.76711,0.116625,4.449311,2.914918
21.22,-0.549714,-0.217959,0.193984,-1.144076,0.247331,0.376698,-0.640407,0.281499,1.105877,-0.393818,-27.2198,-6.4776,5.4791,-2.0285,-11.7293,11.4314,-60.0,19.5387,-3.0417,-0.7972,-0.302874,-0.192549,0.102714,-0.87883,0.454553,0.118823,0.033725,0.124848,0.910098,-0.361005,-0.39666,0.052886,1.066978,-4.363111,3.475136,1.102252,-2.446971,-1.132961,3.744918,-0.52058
21.24,-0.610736,-0.014666,0.233814,-0.93436,0.438538,0.202703,-0.659373,0.243799,0.865806,-0.634008,-4.3124,60.0,-2.7965,34.4547,2.2862,-24.3914,-18.7078,-0.2312,-37.9917,-9.6257,-0.331752,-0.209539,0.155447,-0.961965,0.45065,0.146904,-0.042437,0.153971,0.971006,-0.377388,-1.518291,-0.806047,3.110057,-3.502883,-2.798721,1.325185,-3.967079,2.694934,2.566642,-0.645595
21.26,-0.864963,-0.062303,0.317709,-0.659028,0.49284,-0.031922,0.343626,0.162581,0.653261,-0.87275,-48.2381,3.0465,1.291,51.9358,-0.3815,-42.7154,60.0,-8.5988,-30.5061,-8.4204,-0.354199,-0.199662,0.222188,-0.989233,0.493482,0.158218,-0.11858,0.19503,0.95563,-0.513238,-1.147826,0.92565,2.416234,-0.277919,0.359434,0.574158,-3.813359,1.56593,-1.715886,-6.020293
21.28,-0.700605,-0.0574,0.224155,-0.372503,0.32944,0.066728,2.020243,0.140987,0.435567,-0.409374,-5.4502,-39.3027,-11.4618,111.3749,-7.6859,-3.0004,60.0,-12.0466,-27.7078,17.0,-0.384771,-0.162278,0.267402,-0.970583,0.520808,0.155768,-0.141631,0.225463,0.873742,-0.716386,-1.695852,2.284392,2.087513,-2.503224,0.031466,-0.418884,0.998774,1.052638,-4.393161,-7.995525
21.3,-0.477956,-0.222517,0.150584,-0.53228,0.244902,0.052769,1.123646,0.148356,0.457419,-0.538472,-6.5125,-60.0,-5.1856,50.1687,-9.5979,-23.0895,60.0,-18.1368,-10.3516,-16.9954,-0.396807,-0.109987,0.263612,-0.962491,0.493533,0.152151,-0.070535,0.23295,0.754519,-0.546158,-0.228934,2.610104,-1.789166,1.659698,-0.350887,0.33097,5.150084,2.830482,-3.953484,17.477617
21.32,-0.165639,-0.387319,0.262893,-0.61916,0.117592,0.03954,0.240916,0.135136,0.603078,-0.276124,23.0931,-60.0,19.9897,-1.5979,-11.8514,-11.7468,-22.9073,-18.6854,-15.0075,9.4207,-0.386664,-0.093264,0.194383,-0.889837,0.441161,0.151889,-0.000859,0.273624,0.744076,-0.507569,0.406952,0.228553,-3.84287,4.876285,-1.102362,-0.206524,2.70066,1.414643,-0.709758,-0.164524
21.34,-0.219325,-0.223443,0.205441,-0.775625,0.161118,0.065038,-0.041658,0.166258,0.854217,-0.135555,-3.0331,0.3907,3.2638,-29.0653,-10.684,5.0847,-33.3495,0.6949,34.4463,13.3904,-0.366977,-0.111873,0.168582,-0.799469,0.366459,0.138585,0.019002,0.238599,0.712077,-0.486592,1.018561,-0.860444,0.123459,3.771884,2.495331,-0.651923,0.804092,-2.319111,-1.516673,0.657717
21.36,-0.344462,0.121086,0.099119,-0.914505,0.274927,0.255191,-0.804026,0.187739,0.90663,0.066225,-17.8365,60.0,-10.6223,-23.9913,-0.4818,19.6551,-60.0,5.0063,17.5242,17.0,-0.352942,-0.131623,0.181592,-0.774554,0.320723,0.136614,0.023648,0.195264,0.722784,-0.463225,0.772931,-0.85993,0.694656,0.34651,-1.363659,-0.075583,0.106292,-1.68435,1.16162,-0.222104
21.38,-0.538102,-2e-05,0.096206,-0.964373,0.291159,0.275792,-0.501513,0.213557,0.885421,-0.434084,-24.1928,16.2822,-7.314,-7.8115,-1.422,5.1862,-60.0,11.9117,-2.9623,0.7852,-0.35413,-0.131173,0.182798,-0.807226,0.306153,0.148745,0.016187,0.157648,0.766096,-0.441483,-0.137653,0.377017,-0.393449,-1.821199,0.830517,0.561074,-0.804832,-1.848721,2.410565,-0.494197
21.4,-0.781242,-0.111022,0.196642,-0.571733,0.441379,-0.000191,0.226739,0.120643,0.60114,-0.795567,-34.4229,-0.9963,5.5133,61.3538,3.9329,-40.7641,60.0,-4.6889,-43.2448,-14.3996,-0.373772,-0.131662,0.167439,-0.855417,0.328669,0.163377,-0.030883,0.148912,0.80234,-0.442679,-1.079914,0.194199,-0.758412,-2.172544,0.581337,0.656459,-2.830329,0.544612,1.509687,0.286999
21.42,-0.862833,-0.061157,0.259362,-0.212012,0.32257,0.036773,1.903831,0.068885,0.313154,-0.660874,-28.9689,-19.0717,10.5408,55.9422,-4.8622,-8.9149,60.0,-12.515,-41.4605,7.0054,-0.398388,-0.110248,0.162947,-0.804864,0.379447,0.158666,-0.041032,0.169898,0.76099,-0.62909,-1.646221,1.09485,-0.263015,3.811598,2.613285,-0.378976,0.75031,0.705968,-2.971436,-8.360398
21.44,-0.474799,-0.087335,0.091743,-0.648599,0.098139,0.148677,1.646953,0.099125,0.306114,-0.530847,7.1594,-32.2086,-11.8265,-19.2141,-8.4145,-8.3191,60.0,-18.9994,-49.7806,-1.7439,-0.418335,-0.077634,0.184424,-0.763942,0.313294,0.158637,-0.006958,0.220402,0.707405,-0.491252,-0.632196,1.147094,0.748301,4.219501,-0.193624,0.276073,1.299554,2.00988,-1.203262,0.161672
21.46,-0.065048,0.099282,0.186001,-0.612615,0.146402,0.124608,0.27834,0.080612,0.561332,-0.2214,58.7665,18.6253,13.0765,-0.1137,0.8512,2.0549,16.1813,-20.8799,2.0713,9.1459,-0.42416,-0.065552,0.145423,-0.713207,0.235609,0.154197,0.017655,0.250596,0.669671,-0.476518,-0.198187,0.54351,-2.637819,1.756702,-4.464082,-0.262648,1.362626,1.135288,-2.117196,1.069527
21.48,-0.108965,0.094221,0.265551,-0.442998,0.266706,0.069884,-0.222537,0.097358,0.656108,0.061779,1.0335,-5.078,9.3741,19.2204,2.7004,-1.9001,-60.0,1.0315,10.8165,17.0,-0.396127,-0.042176,0.144624,-0.67301,0.201107,0.144718,0.046113,0.208757,0.642602,-0.461105,1.700547,1.226265,0.795132,1.765821,-0.077279,-0.377194,1.380451,-3.559934,-1.015782,0.403623
21.5,-0.586686,0.114174,0.155024,-0.613079,0.311148,0.018642,-0.265971,0.091241,0.566117,-0.285746,-72.9238,30.312,-15.0824,-26.5972,1.6198,-12.0187,-41.7947,5.8066,-6.4549,-1.5357,-0.361592,-0.037814,0.197664,-0.612884,0.232839,0.138691,0.043474,0.134597,0.631706,-0.428729,1.584005,0.003247,3.164197,3.070022,1.527812,-0.242237,-0.761521,-2.96642,-0.390961,7.328252
21.52,-0.810182,-0.037611,0.247541,-0.309207,0.368396,-0.063923,1.771237,-0.023637,0.419909,-0.499939,-40.3954,-11.602,5.3886,47.2736,2.1444,-20.0534,60.0,-8.2043,-18.9909,-1.4127,-0.372296,-0.0344,0.209945,-0.608276,0.276435,0.135711,0.020666,0.096822,0.610535,-0.429698,-1.022873,0.41535,-0.476441,-0.278847,1.549537,-0.400117,-1.268917,-1.123621,-1.109651,-1.411003
21.54,-0.235468,-0.110979,0.031593,-0.759295,0.12517,0.18644,1.16337,0.045716,0.550586,-0.269343,53.2206,-23.4811,-18.624,-46.652,-0.775,-1.3087,60.0,-11.112,2.9927,8.0044,-0.398347,-0.017822,0.220041,-0.569614,0.224567,0.129259,0.035835,0.085419,0.567111,-0.448088,-1.1645,0.183789,-0.064572,2.103044,-3.23321,0.399883,0.722619,2.088822,-0.632257,-0.863292
21.56,0.077892,-0.471843,0.144685,-0.563921,0.212262,0.111698,0.276533,0.041547,0.657519,-0.084944,55.0988,-60.0,15.1407,20.5188,-1.4137,-7.1405,2.4198,-10.5295,3.2296,15.7813,-0.395547,-0.018141,0.145785,-0.591875,0.195484,0.131925,0.059392,0.114198,0.575471,-0.455674,0.64384,0.027901,-4.46055,-1.886491,2.105865,0.166106,1.554119,0.954793,1.04895,-0.961691
21.58,-0.022387,-0.438784,0.209463,-0.509723,0.243771,0.049414,-0.029156,0.074719,0.710198,0.028975,-14.3879,-19.035,12.2982,4.9403,-4.8929,-8.9468,-26.0853,1.2056,4.3924,17.0,-0.349479,-0.053449,0.105225,-0.585325,0.255717,0.127646,0.068776,0.098428,0.599555,-0.459855,2.566607,-2.199263,-0.548263,0.739545,4.45965,-0.112775,0.246293,-1.046039,1.410229,-0.181019
21.6,-0.228331,-0.229379,0.054844,-0.960534,0.152195,0.044381,0.108008,0.141572,0.730953,-0.147175,-8.9049,-9.0084,-2.6504,-59.2387,-5.787,-1.5242,16.1777,7.3558,7.3615,10.4683,-0.3154,-0.093823,0.112586,-0.569224,0.261386,0.124048,0.062608,0.084162,0.623976,-0.449592,0.888487,-0.68605,-0.913686,0.062661,1.433731,-0.421719,-0.268983,-0.472308,1.003594,1.644881
21.62,-0.171939,-0.287085,0.210226,-0.894276,0.273623,0.089194,-0.516749,0.136716,0.829167,-0.104219,18.4188,-13.8536,16.8566,3.5984,-0.3262,10.6624,-60.0,-1.8141,12.055,11.9455,-0.313627,-0.108887,0.085321,-0.648626,0.277865,0.115154,0.060751,0.10641,0.653088,-0.425144,0.114648,-0.825633,-1.277009,-4.673664,0.15817,-0.588807,-0.033097,1.416987,1.658991,0.900488
21.64,-0.544583,-0.146275,0.147051,-1.264152,0.240267,0.329184,-0.66122,0.213841,1.032501,-0.305177,-47.4865,52.2967,-8.9537,-56.0712,-4.66,43.875,-60.0,12.9073,26.8123,2.5996,-0.305697,-0.146394,0.125818,-0.721198,0.314922,0.106291,0.020169,0.102168,0.70254,-0.389722,0.471387,-1.981011,3.239851,-2.931813,1.690744,-0.422342,-2.710441,-0.508938,2.620954,0.790129
21.66,-0.636825,-0.134678,0.242051,-0.972502,0.413173,0.092553,-0.304668,0.18239,0.758358,-0.591831,-0.6285,30.4552,2.2978,44.0506,-3.0027,-29.7806,51.3734,0.6453,-44.5457,-11.8688,-0.339164,-0.170971,0.169286,-0.855613,0.363734,0.126633,-0.049708,0.120619,0.793545,-0.35111,-1.780629,-0.879097,1.456177,-7.116233,5.030557,0.997839,-3.879387,1.617967,4.537513,2.262567
21.68,-0.76765,-0.045002,0.173468,-0.653596,0.470326,-0.110517,0.54643,0.140806,0.674831,-0.526476,-28.1725,14.8104,-8.773,61.8795,-4.0368,-34.387,60.0,-7.593,-14.1948,3.5599,-0.3645,-0.165583,0.206529,-0.919118,0.421033,0.126695,-0.09625,0.162436,0.806194,-0.471387,-1.306527,0.35267,1.598976,-2.548072,6.069221,-0.048333,-1.888355,1.588172,-0.636658,-5.821673
21.7,-0.7001,-0.156544,0.159149,-0.541172,0.376798,0.009133,1.449539,0.115497,0.583823,-0.318936,-6.1188,-60.0,-8.3854,79.8334,-3.1544,0.768,60.0,-11.4596,-11.5977,8.4407,-0.387907,-0.134126,0.210063,-0.900919,0.460224,0.115738,-0.076021,0.192483,0.770325,-0.510822,-1.646719,2.313671,0.9634,-2.989507,-0.184481,-0.67789,3.293981,1.10004,-1.892487,-0.772973
21.72,-0.23495,-0.46825,0.265423,-0.498871,0.16893,0.043131,0.436256,0.134876,0.705158,-0.21589,35.3031,-60.0,17.3036,63.7718,-12.942,-19.9793,-43.8389,-17.6393,-5.7352,4.6943,-0.404407,-0.093422,0.186059,-0.926187,0.471058,0.10957,0.016618,0.202894,0.73495,-0.541166,-0.399827,1.376778,-2.739759,0.037626,0.86548,0.405039,4.842021,3.169768,0.146342,8.400729
21.74,-0.193027,-0.361177,0.272016,-0.732903,0.156328,0.022252,0.082221,0.155502,0.750744,-0.089676,-9.1604,-47.8084,18.892,-6.3762,-5.4443,-9.2175,-25.8889,-4.1484,-0.9205,17.0,-0.380618,-0.095177,0.140631,-0.884192,0.438565,0.108136,0.049815,0.211553,0.752465,-0.54574,1.508737,-0.204327,-1.682808,3.359084,-5.904191,-0.148253,1.226741,-0.426033,0.076527,0.010084
21.76,-0.264899,0.138893,0.114529,-0.975359,0.283331,0.201514,-0.825036,0.181439,1.018442,-0.090229,-12.162,60.0,-7.3617,-38.776,-1.3727,21.133,-60.0,0.7803,40.1227,14.103,-0.357906,-0.110424,0.139542,-0.841804,0.414033,0.103516,0.046544,0.193794,0.751233,-0.504,1.056266,-1.02228,1.421585,2.165802,-3.894293,-0.260226,-0.552779,-0.589596,-0.00477,2.472538
21.78,-0.465083,-0.165963,0.118898,-1.138769,0.286309,0.3579,-0.699722,0.298148,1.012971,-0.44532,-23.4128,-18.0361,-8.2452,-25.8816,-2.0322,25.2985,-60.0,20.3518,0.5501,-0.5707,-0.353364,-0.11075,0.165667,-0.861844,0.398179,0.115112,0.018365,0.161593,0.805772,-0.451697,0.269194,0.265041,1.043664,-1.80924,-2.467309,0.449792,-2.144025,-1.958548,3.527813,0.834124
21.8,-0.551479,-0.074443,0.288886,-0.811004,0.411214,0.133637,-0.42801,0.208493,0.752298,-0.639102,-2.3364,42.4421,10.953,51.7248,-2.9727,-27.4413,38.3344,-4.4513,-41.8752,-7.8151,-0.372176,-0.132683,0.169934,-0.934306,0.411734,0.136713,-0.05913,0.177634,0.870005,-0.445941,-0.993408,-1.167017,0.275589,-3.839786,2.981685,1.091335,-4.2487,2.204511,2.798604,0.089526
21.82,-0.654302,-0.075686,0.212147,-0.491094,0.453361,-0.107606,0.583502,0.145315,0.698945,-0.530532,-27.1841,-5.1352,-8.901,61.349,-4.4429,-42.9888,60.0,-9.6991,-7.6925,5.111,-0.382206,-0.125816,0.216678,-0.931861,0.445786,0.141534,-0.118814,0.210945,0.854327,-0.545282,-0.551341,0.574577,2.470855,0.550717,4.793774,0.227236,-2.63057,0.91728,-1.80434,-4.566665
21.84,-0.562105,-0.092116,0.189521,-0.422983,0.358496,0.000907,1.729044,0.119624,0.458665,-0.4535,-21.8541,-50.5313,-3.6837,71.0976,-3.4008,-3.0368,60.0,-11.0416,-33.2267,3.149,-0.388645,-0.098164,0.235095,-0.910943,0.439931,0.131492,-0.11175,0.222275,0.806399,-0.547331,-0.16847,1.960847,-0.255526,0.242247,0.144863,-0.669484,2.742517,0.227094,-2.187814,0.610302
21.86,-0.319531,-0.363743,0.233283,-0.446431,0.237068,-0.027406,0.580883,0.133003,0.577539,-0.381694,7.5499,-60.0,13.9164,28.4178,-7.1415,-19.2636,-33.1928,-7.0018,12.0225,17.0,-0.387978,-0.057569,0.196814,-0.869058,0.412451,0.123014,-0.01606,0.213811,0.718075,-0.520991,0.10991,1.590195,-3.003678,4.04161,0.127453,-0.13346,5.782443,-0.315575,-3.825137,-12.362026
21.88,-0.376221,-0.201537,0.315644,-0.789317,0.293934,0.000919,-0.189179,0.139693,0.805034,-0.145625,-27.5515,-13.6572,24.3324,-40.239,1.6288,-9.127,-60.0,-11.9143,25.7645,15.2869,-0.367942,-0.061862,0.135974,-0.789078,0.348976,0.120431,0.035166,0.243596,0.708824,-0.499716,1.064224,-0.54109,-1.861789,4.645627,-3.869142,-0.35595,2.134677,0.445768,-1.309566,-1.134607
21.9,-0.72762,0.052687,0.148178,-0.705668,0.404668,0.056189,-0.262068,0.122553,0.730027,-0.508796,-57.7538,60.0,-18.5107,11.4239,4.5086,-5.908,-30.5805,0.6374,1.2008,-1.5807,-0.364324,-0.08843,0.189059,-0.771352,0.317195,0.119558,0.026569,0.199401,0.70524,-0.473182,0.13184,-1.350448,4.21839,-0.181568,-1.019892,-0.145517,-1.028801,-2.434124,0.290885,0.157647
21.92,-0.916403,-0.072325,0.292265,-0.204484,0.410145,-0.030043,1.828626,-0.011396,0.381231,-0.695073,-35.4615,-5.5966,8.0425,78.4015,0.1395,-20.8433,60.0,-10.0955,-50.0143,-7.259,-0.39098,-0.092317,0.217858,-0.765873,0.35638,0.121854,0.003083,0.153432,0.708422,-0.492516,-1.753578,0.363622,-0.176018,0.670994,2.031389,-0.078522,-1.372892,-1.868205,0.108121,-0.851746
21.94,-0.271733,0.072297,0.022181,-0.618653,0.085463,0.203917,1.279493,0.055635,0.373116,-0.463693,51.1991,21.8942,-26.9771,-38.493,-3.8847,6.96,60.0,-15.8279,-42.2834,1.7251,-0.42045,-0.07897,0.240055,-0.666973,0.27434,0.122185,0.00753,0.148935,0.671592,-0.48809,-1.168655,0.316791,1.51793,5.285532,-3.707478,0.21438,0.765975,1.900529,-0.287493,-0.75679
21.96,0.237938,0.09212,0.065644,-0.696232,0.127466,0.189294,0.223271,0.021811,0.643917,-0.206043,84.6752,-7.3934,5.7993,-18.3631,2.0967,19.0811,-22.5178,-17.2638,0.2191,11.3954,-0.418441,-0.05776,0.173889,-0.623038,0.174969,0.114518,0.041649,0.172673,0.663488,-0.492057,0.557467,1.416206,-4.862179,0.853239,-4.03722,-0.318124,2.229968,0.636919,-0.364552,0.045625
21.98,0.086682,0.08489,0.125066,-0.507822,0.253578,0.145631,-0.1419,0.04032,0.703166,-0.031556,-7.5942,2.5443,8.1362,23.707,4.8471,13.7957,-60.0,4.355,-1.4376,17.0,-0.367875,-0.039092,0.111238,-0.625627,0.149383,0.104391,0.072101,0.119428,0.670647,-0.484006,3.065196,0.843297,-1.975255,-0.697514,-0.686141,-0.307812,1.274886,-3.587517,0.729767,0.346849
22.0,-0.368047,-0.115308,-0.046513,-1.068308,0.162648,0.178542,-0.334138,0.147315,0.90531,0.110863,-69.6802,-16.3281,-19.1404,-83.4358,-3.9122,7.2706,-60.0,17.5277,27.7637,17.0,-0.313475,-0.036504,0.112836,-0.603789,0.199401,0.105677,0.072839,0.053789,0.684142,-0.464452,2.487437,0.021501,0.937566,1.589792,2.466798,0.148013,-0.439249,-2.391082,0.625307,1.209151
22.02,-0.627636,-0.046897,0.229114,-0.704428,0.481477,0.036775,-0.438741,0.107086,0.541738,-0.741142,-36.6508,37.1279,25.3522,50.1558,7.2903,-31.9338,-50.7574,0.2574,-47.3979,-13.2281,-0.314845,-0.061593,0.068337,-0.704198,0.256652,0.125476,0.041324,0.058615,0.726459,-0.424105,-0.415328,-1.295664,-2.712615,-5.799674,1.719894,0.753529,-1.715072,1.34244,2.275225,0.552165
22.04,-0.816195,-0.080224,0.259105,-0.479224,0.366299,-0.024134,1.531635,0.064348,0.357249,-0.622785,-39.492,-0.013,1.0165,39.976,-5.1856,-18.8796,60.0,-3.643,-24.9934,6.204,-0.333266,-0.070063,0.119526,-0.738776,0.370271,0.124267,-0.013527,0.074749,0.689301,-0.590363,-1.33271,-0.076519,3.785159,-0.120561,5.077476,-0.136746,-3.041978,0.761308,-2.867391,-7.57668
22.06,-0.449221,-0.18912,0.133894,-0.674882,0.210872,0.159916,1.644164,0.067395,0.51897,-0.505528,28.5639,-50.3289,-13.4408,13.4733,-4.649,13.7537,60.0,-18.225,6.3358,-5.8557,-0.368641,-0.057179,0.190799,-0.729363,0.322935,0.121354,-0.027898,0.122656,0.620594,-0.514541,-1.644322,0.907294,2.266835,-0.612557,0.168107,-0.322364,0.676215,3.714206,-2.493587,6.279053
22.08,-0.063427,-0.372874,0.278851,-0.468539,0.284359,0.049502,0.354262,0.089094,0.620857,-0.184516,57.0282,-60.0,17.3026,31.363,1.3368,-14.9184,-7.1531,-12.632,2.9474,7.8422,-0.383689,-0.047944,0.177221,-0.722688,0.310872,0.121533,0.010588,0.165106,0.606344,-0.444614,-0.363598,0.244437,-2.088213,0.78106,-2.421499,0.166401,2.875952,1.471438,-0.089016,2.587603
22.1,-0.294546,-0.214875,0.194511,-0.407922,0.268073,0.032734,0.42354,0.111684,0.643157,-0.373061,-30.5069,-29.9578,10.0928,25.0784,-0.8153,-1.2204,53.2472,-1.222,2.224,2.8615,-0.36,-0.049595,0.144322,-0.686865,0.29351,0.111639,0.038005,0.156681,0.611756,-0.437178,1.631138,-0.117416,-1.484007,1.937038,-0.20427,-0.429386,0.904229,-0.958673,0.287291,-0.299816
22.12,-0.136436,-0.258424,0.307655,-0.524159,0.384497,-0.018641,-0.026503,0.117926,0.675004,-0.324893,11.5224,-43.1696,22.5375,-4.4928,8.1455,-17.2315,-60.0,-1.6816,6.3091,2.4567,-0.339584,-0.047592,0.121821,-0.636996,0.258689,0.11016,0.074109,0.14829,0.618898,-0.426868,0.766515,0.038022,-1.156524,2.474979,-3.144609,-0.084487,2.001678,-0.396256,0.243461,1.638705
22.14,-0.445829,-0.129172,0.12556,-1.320392,0.315378,0.071979,0.038842,0.161736,0.878379,-0.399985,-36.9728,1.0244,-3.7547,-107.8627,2.7328,17.1218,14.5394,5.5996,33.3425,-1.3954,-0.32418,-0.056733,0.127651,-0.62208,0.25066,0.096104,0.070147,0.127405,0.626448,-0.401842,0.757442,-0.587873,1.037037,0.360049,-0.145592,-0.838951,-0.788282,-0.633658,0.513871,1.484564
22.16,-0.498987,-0.123896,0.181863,-0.842974,0.492056,-0.083598,-0.165458,0.143814,0.77852,-0.235541,-2.3265,0.3307,5.1452,74.4332,6.7353,-18.9226,-39.3598,-1.9066,-17.5119,6.6038,-0.345007,-0.064839,0.13231,-0.782561,0.296524,0.092661,0.063159,0.138096,0.689655,-0.400386,-0.840161,-0.460154,-0.055528,-9.648156,1.096915,-0.304031,-0.241164,0.724893,3.563857,-0.010047
22.18,-0.645499,-0.018563,0.166746,-0.607206,0.566923,-0.090875,0.085324,0.099642,0.697562,-0.61007,-34.1033,29.0029,-3.0482,43.176,2.628,-12.0189,42.8704,-4.0597,-8.4686,-7.0059,-0.35016,-0.079373,0.15243,-0.845433,0.391105,0.080504,0.040106,0.139717,0.715732,-0.399888,-0.412485,-0.638229,1.310259,-0.859934,4.449256,-0.553675,-1.281952,0.015281,0.663624,-1.415567
22.2,-0.570792,-0.063272,0.212666,-0.686416,0.413028,0.132201,1.52334,0.040045,0.58644,-0.603901,0.2226,-12.8409,-1.3444,21.6091,9.3338,25.6427,60.0,-7.0886,-15.2479,1.1872,-0.368881,-0.071184,0.175303,-0.817057,0.407243,0.06956,0.04015,0.134954,0.713588,-0.514829,-1.234089,0.546613,1.486002,-0.232589,-9.194361,-0.657174,0.391304,-0.702634,-0.441918,-4.797998
22.22,-0.245285,-0.249196,0.265806,-0.34415,0.284899,0.064259,0.655144,0.089448,0.635743,-0.464713,43.2135,-60.0,14.0374,82.8185,-4.4556,-10.982,-36.3004,-0.786,6.0795,5.665,-0.393216,-0.037397,0.174144,-0.843889,0.384324,0.070534,0.108911,0.119904,0.687126,-0.566389,-0.850413,2.082942,-1.424745,-0.907973,0.48346,0.406141,5.515863,-0.660889,-1.593126,-1.614149
22.24,-0.195373,-0.241202,0.251659,-0.272488,0.263745,0.055355,0.386234,0.112702,0.632935,-0.557225,-11.636,-60.0,16.0023,58.4367,-2.7872,-7.909,-23.4997,-6.3814,-11.3229,-3.4693,-0.371858,-0.017639,0.14521,-0.814523,0.368233,0.072424,0.170406,0.145537,0.701726,-0.523044,1.541492,0.707867,-1.56695,2.642547,-1.406339,0.216352,2.52644,0.906119,0.116043,2.123264
22.26,-0.135678,-0.158898,0.176759,-0.708198,0.226851,0.02351,0.20003,0.11741,0.806363,-0.434333,-8.8891,-29.9302,8.7264,-27.6732,-2.0181,-13.0482,-25.2894,-1.4382,26.4499,4.4935,-0.339301,-0.014063,0.120849,-0.747171,0.331349,0.075813,0.196936,0.142281,0.686901,-0.523543,1.595036,0.036505,-0.917041,3.873255,-2.183662,0.210453,0.981849,-0.306812,-0.98574,-0.934482
22.28,-0.264015,0.11912,0.117418,-0.927938,0.32877,0.14684,-0.86929,0.119546,0.920159,-0.357502,-17.7177,48.8026,-3.9885,-37.5336,1.141,16.2032,-60.0,0.1142,18.0095,2.84,-0.316922,-0.026541,0.126258,-0.71764,0.31516,0.07579,0.198096,0.131533,0.706895,-0.481719,1.037692,-0.745458,0.907997,0.692047,-0.602647,-0.224323,-0.09439,-0.383981,1.615466,2.150183
22.3,-0.507209,-0.161237,0.036795,-1.116096,0.236315,0.366856,-0.89943,0.213684,1.284377,-0.167731,-30.0562,-18.8141,-13.7841,-27.8886,-4.2651,39.8795,-60.0,17.5328,52.1836,17.0,-0.315192,-0.034427,0.145963,-0.763958,0.338788,0.081067,0.159183,0.101762,0.761158,-0.472623,0.05071,-0.248149,0.838661,-2.880997,0.167898,0.120899,-3.120449,-1.85453,3.038969,-5.199466
22.32,-0.683269,-0.120283,0.169641,-0.945891,0.390853,0.200538,-0.58835,0.19041,0.861668,-0.619835,-15.0808,45.8612,6.922,25.3091,-1.3109,-17.7237,15.4014,7.5113,-71.9016,-3.3325,-0.344112,-0.072152,0.126026,-0.853556,0.396878,0.110713,0.060318,0.099165,0.897458,-0.442056,-1.447805,-2.102832,-0.748936,-4.525009,1.080726,1.26193,-5.500253,0.471811,7.688151,-3.816798
22.34,-0.80425,-0.108426,0.187867,-0.772451,0.464923,0.01599,-0.147025,0.157228,0.723569,-0.781612,-16.819,9.9283,-1.5592,29.2372,-1.542,-26.1819,60.0,-4.4865,-24.2394,-5.9782,-0.378089,-0.088471,0.151043,-0.898235,0.449488,0.119348,-0.030765,0.13627,0.923927,-0.53531,-1.905391,-0.527504,1.533062,-1.198234,2.181176,0.431933,-4.255428,1.925206,-0.671864,-3.912967
22.36,-0.780148,-0.039296,0.181498,-0.571355,0.359644,-0.029538,1.637062,0.112908,0.45251,-0.488247,-10.0681,-3.7574,-3.452,68.9583,-4.5024,-15.2985,60.0,-8.8518,-37.6181,12.8125,-0.416954,-0.08252,0.182641,-0.932496,0.463172,0.115291,-0.066184,0.17279,0.872423,-0.672832,-1.796415,0.470017,0.976197,-1.708706,0.364969,-0.259922,-0.865838,0.837543,-2.931468,-5.483894
22.38,-0.583577,-0.229101,0.151383,-0.599979,0.273685,0.013228,0.934068,0.116123,0.560365,-0.477965,4.1068,-60.0,1.6965,40.2541,-5.742,-4.02,60.0,-7.5223,10.3021,8.2436,-0.440001,-0.049404,0.178556,-0.929424,0.443938,0.105555,-0.024572,0.182867,0.765324,-0.620285,-1.037263,2.051281,-1.290978,1.058783,-1.078914,-0.397583,3.834848,0.248001,-4.743001,-2.576562
22.4,-0.266142,-0.415903,0.28248,-0.56896,0.166808,-0.007177,0.126843,0.13134,0.614776,-0.230722,22.4909,-60.0,20.0098,10.2634,-5.3494,-17.7386,-14.2299,-12.8155,-19.0683,14.9629,-0.435915,-0.051314,0.140756,-0.869417,0.399536,0.113574,0.007641,0.211211,0.771163,-0.608471,0.120336,-0.387454,-1.707343,4.021856,-3.999716,-0.015137,1.442768,1.412208,-0.507245,0.148583
22.42,-0.243731,-0.158281,0.108576,-0.773979,0.23738,0.027492,-0.245486,0.154117,0.83688,-0.163409,6.9184,12.653,-1.6611,-28.9578,-3.3429,6.7822,-42.4979,-1.8271,28.6413,15.2722,-0.420919,-0.075232,0.125599,-0.790313,0.333524,0.100002,0.007288,0.20348,0.740302,-0.584353,0.795234,-1.10899,-0.012048,3.629287,-0.507879,-0.714291,-0.305332,-0.909415,-1.635606,1.581381
22.44,-0.510152,0.109524,0.035011,-1.097824,0.29591,0.185384,-0.53615,0.19487,0.88479,-0.15293,-37.7301,60.0,-9.3808,-51.6131,1.439,19.743,-60.0,6.9877,13.4593,14.0028,-0.406021,-0.09873,0.126963,-0.767853,0.295595,0.094257,-0.012186,0.172392,0.74475,-0.538551,0.894364,-0.991304,0.054294,0.244685,-1.440839,-0.245694,-1.087117,-1.38634,0.87205,1.436355
22.46,-0.829858,-0.045684,0.125552,-0.803051,0.429785,0.077829,0.078356,0.107911,0.626385,-0.793537,-41.0599,1.4172,2.5652,44.9564,4.0933,-11.5035,60.0,-1.708,-39.5376,-17.0,-0.419757,-0.100816,0.121492,-0.845745,0.313296,0.102489,-0.048383,0.150047,0.781399,-0.499392,-0.827416,0.364164,-0.631537,-4.454852,0.571993,0.315692,-2.306414,-0.732861,1.881848,5.606772
22.48,-0.986294,-0.082407,0.276749,-0.324187,0.353488,-0.022135,2.038994,0.024284,0.294303,-0.733901,-35.9331,-24.8846,18.2201,76.4439,-3.1852,-24.5737,60.0,-12.3128,-49.2767,3.6934,-0.448604,-0.079747,0.111912,-0.862118,0.367612,0.1067,-0.05611,0.15133,0.755713,-0.643388,-1.808931,0.9229,-0.507879,0.490613,2.646684,0.212305,0.295033,-0.114579,-2.303537,-7.387806
22.5,-0.541661,0.036179,0.087867,-0.631112,0.05712,0.153068,1.66382,0.090887,0.251595,-0.540939,20.71,19.9324,-17.7058,-27.3596,-5.3204,0.6798,60.0,-18.1597,-62.5842,0.7003,-0.477845,-0.066263,0.154402,-0.762244,0.275132,0.110906,-0.04632,0.194672,0.695455,-0.543101,-1.224913,0.021073,3.232617,5.434418,-3.434416,0.228322,-0.536181,2.275854,-0.461613,-0.619987
22.52,-0.073732,0.14181,0.112462,-0.709373,0.074195,0.152488,0.555267,0.066212,0.512444,-0.29856,70.9231,16.312,1.0104,-15.4162,-1.358,17.3247,60.0,-20.3923,-5.7634,8.5786,-0.488224,-0.05345,0.154578,-0.713156,0.178948,0.10239,-0.044561,0.227494,0.664455,-0.536055,-0.35391,0.861784,-1.527319,1.846958,-2.860742,-0.396813,0.52436,1.247155,-1.968816,0.930483
22.54,-0.049358,0.157015,0.189496,-0.575801,0.147489,0.08687,0.159394,0.07588,0.651725,-0.096101,14.6915,-14.1282,10.9593,9.7473,-2.127,2.0109,-26.1466,-11.3351,-1.1144,17.0,-0.459558,-0.017839,0.128181,-0.68965,0.150831,0.093757,-0.008847,0.217944,0.650531,-0.528012,1.894609,1.860722,-1.412063,0.847009,2.013463,-0.123127,2.266067,-0.839798,0.149467,-0.395403
22.56,-0.081728,0.181927,0.180245,-0.560687,0.156347,0.118897,-0.045331,0.11509,0.740793,0.125925,-6.6805,7.9859,-0.9067,0.7691,0.2461,5.6562,-37.1028,4.9976,9.5279,17.0,-0.413747,0.005902,0.140917,-0.657304,0.153562,0.091712,0.016175,0.165436,0.656927,-0.514478,2.284742,1.031531,1.415473,1.585812,-0.136028,-0.06385,0.939914,-2.934222,0.352683,0.734699
22.58,-0.333053,0.152335,0.003107,-0.905985,0.195914,0.235456,-0.38937,0.15203,0.845052,0.260075,-39.234,10.7812,-20.4818,-53.8677,0.3153,13.8025,-60.0,7.1184,18.4687,17.0,-0.374323,0.019154,0.167957,-0.627901,0.163842,0.096977,0.024167,0.124547,0.671391,-0.498065,1.83741,0.600863,1.16899,1.404574,0.977391,0.281907,0.145893,-1.278179,0.875944,0.854736
22.6,-0.572838,0.048234,0.169325,-1.015337,0.33509,0.173215,-0.313937,0.154958,0.641277,-0.508077,-31.234,11.0362,12.9045,-18.0088,0.6282,-10.991,-23.2159,5.6843,-28.3341,-3.0419,-0.36998,0.015817,0.128182,-0.686515,0.226405,0.115482,0.001458,0.108871,0.710339,-0.461415,0.032571,-0.172537,-2.570974,-3.618484,3.756749,0.79488,-1.51071,-0.314579,2.077032,1.187315
22.62,-0.825893,-0.017121,0.183813,-0.635508,0.443029,-0.091388,0.6782,0.094003,0.558789,-0.579371,-42.0057,-12.2943,1.8846,61.9851,4.0968,-42.5634,60.0,-5.7554,-12.1487,-2.7592,-0.386306,0.017621,0.131209,-0.783903,0.289908,0.125283,-0.038259,0.120132,0.701818,-0.483239,-0.968058,0.2026,0.987361,-4.59047,2.048512,0.407031,-2.081524,0.919133,-1.075321,-1.097028
22.64,-0.770461,-0.038955,0.192404,-0.508212,0.408361,-0.001035,1.587061,0.072008,0.537297,-0.375577,-16.4155,-38.9821,4.419,23.9527,-1.583,-8.602,60.0,-10.0518,0.3751,8.6652,-0.408848,0.033017,0.142686,-0.777242,0.364077,0.121829,-0.032966,0.141763,0.659193,-0.537164,-1.53007,0.931811,0.161688,1.895289,3.388216,-0.39752,1.94844,0.899765,-2.156164,-2.223978
22.66,-0.406962,-0.175071,0.128691,-0.687128,0.224396,0.142969,1.15658,0.09621,0.587174,-0.163803,20.1128,-54.1966,-3.4364,5.6714,-2.3333,-0.626,60.0,-14.0096,-10.2116,15.2192,-0.428806,0.04078,0.157723,-0.769649,0.324639,0.126494,-0.020365,0.187478,0.664584,-0.527489,-0.681023,0.417877,0.155973,0.774989,-1.693309,0.125279,0.648327,1.428138,-0.161758,-0.678544
22.68,-0.092038,-0.491224,0.254167,-0.447252,0.193303,0.076693,0.333704,0.092246,0.667841,-0.024121,46.8456,-60.0,19.2175,35.3764,-2.411,-9.4539,38.7673,-8.8158,1.2682,17.0,-0.428981,0.036654,0.126804,-0.747184,0.306494,0.127948,-0.005467,0.194259,0.662931,-0.519831,0.149503,-0.323403,-1.895662,1.110878,-2.138006,0.071417,1.101554,-0.405239,-0.061439,-1.009253
22.7,-0.065946,-0.406075,0.158151,-0.604987,0.138165,0.030229,0.204881,0.12005,0.724103,-0.066691,4.4171,-60.0,9.9236,-10.5804,-4.7045,-8.338,19.2773,-1.1206,4.9709,16.5307,-0.398477,0.035659,0.098665,-0.693258,0.278624,0.121885,0.01089,0.172006,0.668207,-0.513445,1.838957,0.147694,-1.162621,2.752613,-0.923074,-0.218853,0.739788,-1.191874,0.394443,1.352979
22.72,-0.07086,-0.249773,0.064131,-0.838639,0.170769,0.023781,0.118617,0.126795,0.903488,-0.075556,-0.1844,-8.6376,1.4523,-36.4169,-0.1598,-8.2547,23.2577,-3.1224,26.036,13.875,-0.360983,0.010646,0.084379,-0.657454,0.264916,0.117315,0.011799,0.160294,0.681418,-0.474223,1.76777,-1.646502,-1.017017,1.067601,-3.642457,-0.233616,-0.071779,-0.066502,0.840573,2.092552
22.74,-0.25427,0.123713,0.025252,-0.940031,0.259285,0.210727,-0.592293,0.148066,1.002428,-0.073328,-30.0453,60.0,-1.3752,-18.6434,-4.4933,15.4735,-60.0,-1.0827,19.8372,12.9184,-0.328498,-0.016895,0.06547,-0.68998,0.285183,0.116503,0.014127,0.159376,0.725706,-0.434608,1.665699,-1.234044,-0.774069,-2.179838,3.492309,-0.054194,0.137844,-0.014112,2.504177,1.548343
22.76,-0.39068,0.086337,0.032376,-1.237823,0.279402,0.439074,-0.835496,0.21888,1.055898,-0.268516,-18.1683,31.0407,-4.3009,-43.7545,-2.0852,34.6725,-60.0,15.4367,6.6834,-0.3701,-0.317872,-0.027458,0.067185,-0.758319,0.306385,0.128754,-0.006554,0.129834,0.799391,-0.391192,0.293147,-0.313853,0.239817,-3.255286,1.01609,0.480359,-2.070345,-1.910514,3.673734,5.330454
22.78,-0.678154,-0.082428,0.201192,-0.883846,0.394378,0.235089,-0.375069,0.196506,0.737133,-0.764829,-32.2113,-3.0912,11.6028,55.2456,2.6581,-20.4718,59.6885,6.1042,-52.8966,-17.0,-0.335229,-0.035627,0.072893,-0.882791,0.34,0.154554,-0.078827,0.121364,0.880027,-0.358956,-0.777745,-0.237575,0.358896,-6.402109,-0.487846,1.316723,-4.507407,0.412397,3.6356,0.94669
22.8,-0.91635,-0.096396,0.250856,-0.566588,0.376405,-0.01382,0.982479,0.102591,0.453333,-0.817117,-50.1246,-17.2317,6.3082,60.0548,-4.0628,-46.8194,60.0,-13.761,-42.152,-0.3056,-0.357582,-0.03123,0.113423,-0.921633,0.393325,0.170307,-0.137279,0.165372,0.863409,-0.570227,-1.362776,0.159113,2.174663,-0.785545,3.420241,0.776653,-2.379211,2.18863,-2.237059,-9.666681
22.82,-0.708178,-0.111741,0.158473,-0.448045,0.199556,0.130075,1.957123,0.120971,0.423336,-0.511286,8.6706,-57.1924,-3.6631,88.292,-9.0733,1.5679,60.0,-7.6044,2.4212,13.3276,-0.392204,-0.015937,0.156301,-0.886702,0.421607,0.170192,-0.141596,0.186099,0.751521,-0.718076,-2.267885,1.441305,1.134928,-2.599197,0.193233,-0.306831,1.942487,0.319267,-5.968228,-5.107116
22.84,-0.379345,-0.314924,0.114666,-0.521991,0.11939,0.091749,0.878196,0.128119,0.471908,-0.42671,12.3477,-60.0,2.3163,38.4091,-10.8895,-28.1371,60.0,-20.5081,-38.0477,2.2777,-0.404886,0.000175,0.145897,-0.877945,0.402025,0.177465,-0.094565,0.255275,0.709603,-0.469599,-0.344497,0.387917,-1.590952,1.731469,-0.420104,0.618068,2.024677,2.279182,0.276565,-0.567807
22.86,-0.166446,-0.452298,0.241658,-0.56429,0.105662,0.05877,0.189453,0.113799,0.62204,-0.163079,17.7257,-60.0,24.5639,5.2839,-4.9641,-12.2816,13.8181,-18.1208,1.8702,11.4811,-0.393149,-0.006033,0.093241,-0.813617,0.352603,0.173929,-0.064725,0.273067,0.689519,-0.463209,0.658508,-0.597665,-2.843593,3.71102,-4.963227,-0.201936,1.402871,0.641725,-1.385729,0.529432
22.88,-0.161691,-0.217347,0.118582,-0.701534,0.179353,0.058656,0.156459,0.154657,0.722817,-0.194659,3.8789,-4.0731,5.9515,-18.9112,1.7803,-7.2756,38.1326,-1.2812,15.212,7.9867,-0.370001,-0.030233,0.080223,-0.739793,0.301085,0.166672,-0.057669,0.238543,0.66752,-0.420356,1.107017,-1.26387,-0.618776,2.848397,-6.716753,-0.361084,0.177854,-2.0788,-0.799323,1.051678
22.9,-0.269774,0.142926,0.050973,-0.866339,0.248527,0.177617,-0.443975,0.162734,0.904691,-0.007341,-17.944,53.6683,-3.8153,-26.9842,-3.5759,9.9077,-60.0,-1.4239,29.1756,15.4321,-0.346854,-0.045259,0.080576,-0.716081,0.277405,0.16029,-0.044198,0.211121,0.674406,-0.397203,1.193515,-0.607542,0.250061,0.513704,2.445244,-0.295639,0.765311,-0.998772,0.620188,0.164068
22.92,-0.403509,-0.180303,0.011853,-1.072637,0.227289,0.313927,-0.497934,0.251089,1.100425,-0.145625,-20.304,-29.2861,-9.199,-31.4772,-4.2754,14.2415,-57.2722,17.3725,33.5619,9.3593,-0.337145,-0.048108,0.090509,-0.750208,0.276008,0.16804,-0.054333,0.16276,0.718019,-0.368026,0.418632,0.107895,0.390011,-1.951363,2.350157,0.309097,-1.191802,-2.497679,2.750066,-0.46793
22.94,-0.589622,-0.051043,0.188151,-0.888681,0.414412,0.176166,-0.384789,0.217848,0.709908,-0.633887,-23.1351,36.8588,16.4944,25.6524,3.4964,-21.2352,9.6264,0.6749,-59.8456,-16.7262,-0.347114,-0.072008,0.067174,-0.829436,0.306081,0.186979,-0.100901,0.164662,0.815647,-0.321362,-0.535604,-1.237948,-1.285972,-3.991127,0.845338,0.793355,-2.516539,1.358217,5.082598,4.26787
22.96,-0.93065,-0.125386,0.346098,-0.500445,0.409752,-0.011087,1.046883,0.091142,0.377841,-0.95953,-55.9596,-16.6693,15.2147,61.8203,-0.3632,-30.092,60.0,-14.3781,-51.3374,-11.7506,-0.365275,-0.072238,0.106483,-0.865133,0.363083,0.187633,-0.142909,0.193975,0.814793,-0.475092,-1.166838,0.228893,2.55828,-0.822405,2.252465,0.011487,-2.016041,1.197662,-1.641468,-7.70391
22.98,-0.737368,-0.054414,0.191596,-0.292993,0.219824,0.088346,2.201982,0.108195,0.302108,-0.639148,-9.0831,-11.3755,-5.8728,93.7674,-6.3751,-21.4663,60.0,-20.065,-47.4586,-10.0395,-0.400528,-0.059961,0.179943,-0.82424,0.337964,0.1846,-0.151562,0.211701,0.727859,-0.62332,-1.676352,0.473145,2.058541,-1.627038,1.666144,0.28429,0.437602,2.8413,-1.895553,9.50139
23.0,-0.293197,0.13263,0.103355,-0.554509,0.106202,0.101247,1.082059,0.119067,0.393101,-0.508408,24.2877,9.735,-5.5208,-1.8231,-4.668,-15.8106,60.0,-24.8829,-16.4103,-8.877,-0.410254,-0.039104,0.185928,-0.79551,0.310137,0.181743,-0.116228,0.271616,0.670435,-0.45208,-0.272194,0.932729,-0.800394,4.387945,-3.524673,0.151126,2.215336,2.816013,-2.91078,6.690746
23.02,-0.06571,0.119673,0.189216,-0.65072,0.183561,0.068862,0.13476,0.09005,0.563239,-0.235857,23.4131,-16.5659,10.8021,-19.6902,1.744,-12.9838,-15.5574,-20.4523,-4.2271,6.4013,-0.393099,-0.010713,0.150732,-0.719068,0.236119,0.180245,-0.070641,0.293672,0.644565,-0.410755,1.039369,1.61606,-2.033827,3.459954,-3.885144,-0.150627,2.146422,0.02635,-0.921174,0.600595
23.04,-0.275825,0.151345,0.114616,-0.713574,0.237941,0.15777,-0.431986,0.137608,0.823187,0.078981,-31.8673,3.0509,-5.9977,-12.363,2.1377,13.4075,-60.0,1.3502,35.1839,17.0,-0.359748,0.010885,0.148883,-0.685004,0.205939,0.168632,-0.046474,0.237802,0.627347,-0.391204,1.798225,0.949,0.751988,0.933377,-0.866267,-0.608232,1.064559,-3.325432,-0.671116,0.687076
23.06,-0.591248,0.079399,0.072511,-0.816533,0.324075,0.116492,-0.233007,0.146011,0.811732,-0.337969,-53.524,17.1449,-8.0105,-13.6492,3.5029,-18.025,-1.8737,9.6794,7.2424,1.6736,-0.343878,0.010824,0.150593,-0.692176,0.220205,0.176016,-0.057907,0.161112,0.654606,-0.36816,0.664125,-0.129981,0.059161,-0.57827,0.658492,0.367946,-1.256158,-3.272748,1.88657,-0.470709
23.08,-0.89187,-0.075253,0.237988,-0.266364,0.436818,-0.12678,1.20228,0.027332,0.38292,-0.742025,-56.3085,-26.5482,15.7333,86.5733,4.3191,-47.5751,60.0,-10.3947,-63.474,-16.0905,-0.356449,0.014668,0.129182,-0.731509,0.274604,0.182616,-0.078389,0.139308,0.695178,-0.356077,-0.970986,0.32455,-1.419346,-1.94147,2.191348,0.047154,-1.023055,-0.234844,1.922283,0.659231
23.1,-0.56308,0.035467,0.199223,-0.403977,0.19332,0.100984,2.024613,0.05642,0.244466,-0.641394,7.9981,5.1968,0.5773,-0.4963,-0.7534,-13.5404,60.0,-18.4117,-36.8281,-15.6118,-0.383453,0.02279,0.144107,-0.64876,0.309511,0.171981,-0.071133,0.145395,0.638395,-0.453491,-1.4134,-0.100862,1.443213,4.300171,-3.933531,0.116934,0.683687,2.782737,-2.572368,8.17746
23.12,-0.01562,0.089966,0.062781,-0.626924,0.112412,0.116647,1.101264,0.072058,0.333401,-0.482549,72.3372,4.609,-13.9419,-36.396,-2.8352,4.1707,60.0,-16.6585,-27.6116,-4.0999,-0.397251,0.026637,0.16869,-0.577255,0.22399,0.165613,-0.056264,0.18758,0.60504,-0.397348,-0.610491,0.305335,0.980127,3.344773,-1.64435,-0.465804,0.66587,1.493494,-1.517719,0.698906
23.14,0.121392,0.0778,0.115678,-0.848009,0.192943,0.109953,0.166652,0.046875,0.564079,-0.182292,33.0336,-16.7701,6.8389,-39.904,3.2461,20.7575,-9.9993,-16.1544,1.5423,8.0936,-0.374752,0.041195,0.134336,-0.561861,0.17096,0.142513,-0.028292,0.201899,0.58527,-0.389663,1.674137,0.912987,-2.545971,-0.348766,-2.390718,-1.037191,1.856523,0.190709,-0.545521,0.203292
23.16,-0.156981,0.151468,0.054869,-0.847048,0.194243,0.136555,-0.194772,0.111676,0.867313,0.089409,-32.0797,14.1722,-4.7433,-0.7982,-0.1152,18.4133,-60.0,6.817,36.9369,17.0,-0.332716,0.048726,0.113166,-0.62514,0.183957,0.126308,-0.004533,0.152317,0.590156,-0.383419,2.36389,0.241644,-0.317758,-3.754116,0.531948,-0.682641,1.022424,-3.182546,0.535766,-0.009212
23.18,-0.414927,-0.125278,0.045655,-1.040341,0.302463,0.146135,-0.535791,0.175334,0.901611,-0.056546,-49.5162,-30.5516,-4.011,-23.3995,4.5515,-13.9246,-60.0,12.5831,14.4666,13.1784,-0.30413,0.045018,0.101731,-0.699003,0.187503,0.136594,-0.003283,0.103823,0.641432,-0.368783,1.330666,-0.132931,-0.466977,-3.212528,0.047355,0.621138,-0.19876,-1.5888,2.838019,-0.695898
23.2,-0.5703,-0.045003,0.233626,-0.779483,0.479588,-0.018541,-0.189014,0.14214,0.643908,-0.65792,-34.7542,39.5742,16.0635,46.0789,6.9299,-37.4502,42.6532,2.0888,-35.6227,-16.8793,-0.303225,0.009516,0.085408,-0.801624,0.247334,0.15135,-0.045226,0.0991,0.705287,-0.341053,-0.214664,-1.912989,-0.363176,-4.940795,2.384081,0.484046,-2.706285,0.647904,3.052451,4.247132
23.22,-0.850346,-0.097184,0.267023,-0.252914,0.434756,-0.051059,1.550433,0.067152,0.420522,-0.758245,-56.4954,-14.5589,2.6244,84.6448,-2.4243,-16.9861,60.0,-9.8885,-32.4189,-2.5327,-0.313962,0.001905,0.137528,-0.826331,0.366835,0.144259,-0.072935,0.127039,0.702493,-0.501566,-0.969265,-0.199299,3.019915,0.15806,5.193059,-0.498006,-1.13978,1.140635,-1.14128,-7.812584
23.24,-0.506435,-0.130502,0.148978,-0.541421,0.205813,0.173432,1.833836,0.079685,0.452262,-0.517698,9.4811,-60.0,-9.4606,36.3351,-4.5515,-0.2081,60.0,-24.2513,-17.7701,-7.0226,-0.342397,0.006095,0.184942,-0.746435,0.321525,0.145655,-0.063524,0.174464,0.653408,-0.497342,-1.378805,1.244322,1.715182,-0.645141,-0.077778,0.176958,1.669605,4.320969,-1.433074,6.271066
23.26,-0.02381,-0.446548,0.14137,-0.438356,0.126952,0.12584,0.620665,0.077721,0.593224,-0.492337,57.1372,-60.0,4.5228,23.2975,-4.0003,-17.6314,60.0,-21.6993,-6.8003,-2.2809,-0.353759,0.019732,0.17027,-0.725897,0.304964,0.151177,-0.020874,0.228809,0.630189,-0.417936,-0.309231,-0.039967,-2.168141,2.291866,-3.151718,0.559457,1.898017,1.92762,0.14508,-0.702154
23.28,0.068804,-0.280886,0.065517,-0.704615,0.215534,0.066349,0.319325,0.069199,0.764807,-0.39963,16.4511,-60.0,6.0316,-32.3862,-2.2492,-7.9803,-25.9229,-10.6841,17.6181,1.2362,-0.324852,0.024194,0.114825,-0.662081,0.269633,0.147172,0.032278,0.22461,0.636614,-0.421932,1.72305,0.406425,-3.206293,3.005078,0.08612,-0.16759,3.158082,-1.420575,0.186146,-0.347547
23.3,-0.09346,0.097638,0.080788,-0.870847,0.332807,0.154098,-0.709229,0.084344,0.781842,-0.217165,-20.7148,56.3399,6.606,-28.7235,-0.6588,14.5034,-60.0,2.5809,1.9143,7.2929,-0.286832,0.001256,0.065305,-0.653704,0.286353,0.138876,0.068392,0.162302,0.665654,-0.41359,2.011186,-1.404615,-1.479288,-0.444634,2.542362,-0.494296,1.647038,-3.035025,1.792692,0.56975
23.32,-0.361702,-0.24495,0.032591,-0.980406,0.237032,0.331201,-0.885708,0.214247,1.225482,-0.108908,-36.2223,-30.9922,-9.1353,-16.4599,-5.4749,28.5031,-60.0,21.8107,68.3911,9.6538,-0.266205,-0.013953,0.07999,-0.706477,0.336826,0.139181,0.065398,0.097062,0.695614,-0.397241,0.885763,-0.576312,1.285597,-2.846021,1.498094,0.012133,-1.400806,-2.951781,1.281384,1.898438
23.34,-0.514383,-0.205191,0.174487,-0.768504,0.370664,0.132,-0.474286,0.216379,0.833885,-0.606462,-3.4218,28.2576,7.4912,38.2988,-3.7459,-29.8114,16.1334,9.1686,-56.8977,-15.0906,-0.281649,-0.05735,0.078284,-0.779106,0.39883,0.16643,0.001469,0.095094,0.817609,-0.376128,-1.273697,-2.191449,0.62272,-4.241795,2.645751,0.996963,-4.217398,0.865714,6.856842,5.936602
23.36,-0.46675,-0.150911,0.154325,-0.376871,0.382765,-0.144093,1.155014,0.150363,0.425405,-0.486052,0.1086,11.9408,0.3921,93.0535,-3.4234,-41.5361,60.0,-7.2958,-64.0402,5.6029,-0.299245,-0.082512,0.107015,-0.838611,0.429338,0.162779,-0.061925,0.141023,0.852796,-0.494595,-1.020718,-0.970954,1.269068,-2.749301,1.576193,-0.181809,-2.904281,2.407063,-0.007903,-5.314336
23.38,-0.237174,-0.330761,0.181735,-0.333341,0.334117,-0.086994,0.530699,0.133823,0.66941,-0.530029,-0.9999,-60.0,8.2082,63.0731,-2.694,-5.9787,48.52,-11.2579,39.639,-1.8454,-0.293797,-0.067226,0.114567,-0.8372,0.426843,0.135828,-0.053136,0.185678,0.75032,-0.494617,0.384005,1.599484,-0.4362,1.445067,-1.025258,-1.110132,2.586382,1.77609,-5.982858,0.433264
23.4,-0.312131,-0.215331,0.080171,-1.119694,0.333967,0.008775,-0.051874,0.176028,0.990338,-0.342637,-33.4505,-60.0,2.1269,-75.023,-0.9455,0.99,-60.0,1.1143,54.1765,7.7338,-0.273417,-0.033578,0.095104,-0.785041,0.391152,0.120046,0.01441,0.189038,0.701757,-0.516229,1.118168,1.531055,-1.058839,2.868632,-1.355425,-0.715183,3.445009,-0.706447,-1.258309,-0.798145
23.42,-0.308749,0.041775,0.194387,-0.93613,0.407092,0.130659,-1.043171,0.237079,1.161425,-0.176243,6.0809,55.8339,12.8219,23.9744,-3.9749,16.7175,-60.0,8.6846,26.5463,6.0718,-0.279977,-0.05389,0.074883,-0.84876,0.402199,0.114528,0.024568,0.167726,0.757719,-0.431323,-0.420541,-1.39087,-0.254908,-4.284705,4.212753,-0.578345,-0.225768,-0.511658,3.929928,4.173163
23.44,-0.561044,-0.025661,0.152295,-0.910929,0.343531,0.25888,-0.786174,0.285573,1.050588,-0.548052,-36.2196,23.0113,-10.1233,5.2089,-6.2249,15.3993,-60.0,12.1339,-12.97,-10.2998,-0.285054,-0.06686,0.131504,-0.887344,0.431449,0.117124,-0.012249,0.165109,0.857261,-0.399798,-0.209486,-0.559806,3.569,-1.01071,2.735538,0.237199,-3.384029,-0.02558,4.849656,4.413783
23.46,-0.797169,-0.107312,0.216616,-0.519286,0.426994,-0.036828,0.20088,0.162756,0.776682,-0.842981,-35.6252,9.2569,-2.4644,68.3753,-7.255,-44.9261,60.0,-8.7527,-43.3893,-11.3214,-0.311717,-0.082191,0.181053,-0.911703,0.492383,0.132043,-0.098805,0.186849,0.925056,-0.484571,-1.504434,-0.541219,1.760945,-1.099233,4.686303,0.792628,-4.523277,1.855343,2.442008,-3.045431
23.48,-0.670802,-0.068235,0.218889,-0.32459,0.295922,0.019423,2.025923,0.119262,0.40594,-0.553908,-18.1642,-44.6547,2.2396,90.2973,-7.1447,-9.0021,60.0,-13.561,-55.0469,13.094,-0.341426,-0.061315,0.201757,-0.932907,0.486951,0.125884,-0.120325,0.218909,0.900105,-0.678988,-1.263742,1.63985,-0.153989,0.1098,-0.501533,-0.281815,1.006136,1.051845,-2.204515,-8.172538
23.5,-0.482337,-0.265851,0.174108,-0.736548,0.277226,0.007189,0.810468,0.130038,0.605459,-0.417477,-4.3023,-60.0,5.4725,-7.5565,-4.4512,-16.8139,33.8313,-7.2664,34.1032,4.757,-0.355658,-0.013333,0.179794,-0.885632,0.442246,0.119387,-0.05375,0.217904,0.773681,-0.621103,-0.594598,3.008152,-1.76691,3.457261,-2.171251,-0.00064,5.268211,-0.444652,-6.856548,3.422238
23.52,-0.511858,0.076382,0.186824,-0.514552,0.37432,-0.061085,0.005714,0.142935,0.784426,-0.141557,-27.5057,40.0007,9.2696,31.583,4.1299,-33.1121,-54.1704,-14.8971,8.5646,16.81,-0.354772,-0.008169,0.137767,-0.834812,0.383804,0.131727,0.00725,0.244304,0.754502,-0.553421,0.159487,-0.875072,-1.276372,1.901557,-4.554791,0.169495,2.041277,1.392288,-0.47099,-0.338856
23.54,-0.713441,-0.022997,0.175136,-0.254863,0.502796,-0.023463,0.350966,0.077787,0.620065,-0.678256,-47.074,-5.0051,-3.5877,39.4374,5.3272,-18.8296,55.8728,-4.3573,-11.9969,-6.4551,-0.355349,-0.011311,0.15682,-0.757746,0.380245,0.131182,0.022303,0.208567,0.739098,-0.530735,-0.26858,0.101102,1.585066,4.159368,-0.429432,-0.176652,0.373665,-2.550658,-0.676921,0.559895
23.56,-0.492036,0.029227,0.098505,-0.491974,0.280572,0.130764,1.120958,0.05949,0.319176,-0.535929,2.1088,1.325,-4.8069,-19.5144,-3.781,-1.1981,60.0,-13.6776,-56.6054,-1.3933,-0.369768,-0.003898,0.158138,-0.660597,0.336593,0.130574,0.049399,0.193191,0.724169,-0.534541,-0.827158,0.200851,-0.338223,5.177709,1.555665,0.049617,1.348519,0.089941,-0.478802,1.351233
23.58,0.074607,0.127884,0.038454,-0.729772,0.137254,0.147256,0.166838,0.065417,0.506976,-0.198922,79.4926,7.5071,-4.207,-39.6366,-5.6892,10.2321,-37.9192,-17.3688,-16.5874,11.7265,-0.380566,0.006682,0.13147,-0.601261,0.296583,0.125956,0.086963,0.210923,0.699173,-0.516168,-0.453711,0.634144,-1.490073,2.352667,-0.690894,-0.284653,2.042454,0.824288,-1.414611,0.973013
23.6,0.070684,0.044565,0.134739,-0.577607,0.316189,0.156548,-0.275892,0.048593,0.530531,-0.013598,20.5941,-3.0801,9.1206,17.3452,7.4392,28.7947,-60.0,1.6592,-8.8039,17.0,-0.35584,0.012922,0.09652,-0.608878,0.21959,0.106888,0.110153,0.160843,0.668637,-0.490657,1.754891,0.356568,-1.549793,-1.462265,-3.611291,-0.863423,0.97226,-3.768387,-1.376487,0.874309
23.62,-0.4774,-0.056675,-0.033711,-0.855462,0.219886,0.141345,-0.306458,0.135695,0.946413,0.11267,-74.5658,8.8329,-19.4679,-42.001,-4.2125,10.7577,-49.1016,16.7513,58.0232,17.0,-0.315625,0.000742,0.108635,-0.607088,0.262773,0.098833,0.096975,0.078861,0.637715,-0.449551,2.0346,-0.769934,1.530671,0.548281,2.522235,-0.177207,-1.19699,-3.237196,-1.354124,0.427178
23.64,-0.606458,-0.019314,0.077246,-0.522384,0.477646,-0.062417,-0.069979,0.109068,0.679739,-0.465185,-32.6631,30.246,8.0061,54.4964,10.5981,-53.2522,24.3798,0.12,-26.9508,-2.9665,-0.319488,-0.02433,0.076518,-0.670994,0.246378,0.121832,0.061697,0.073425,0.685621,-0.404082,-0.419969,-1.108222,-2.320368,-3.72139,-1.361004,1.036108,-1.92197,1.007418,3.012298,0.527701
23.66,-0.7953,-0.0979,0.231371,-0.431947,0.410011,0.091747,0.647462,0.047375,0.403633,-0.888992,-45.9645,-18.9335,16.0906,18.6992,-3.3173,7.8511,60.0,-8.3464,-39.6736,-16.6651,-0.329312,-0.024856,0.068557,-0.662043,0.357722,0.118242,0.039059,0.098455,0.691392,-0.43442,-0.96811,0.163896,0.05584,1.827506,5.463488,-0.478334,-1.024004,0.947173,-0.403324,-1.533117
23.68,-0.479864,-0.035336,0.079096,-0.550247,0.223097,0.132008,1.885337,0.054111,0.355197,-0.517737,30.374,-0.2619,-12.3722,-20.5186,-7.544,-23.656,60.0,-22.598,-34.0286,-2.9171,-0.369497,-0.013831,0.113153,-0.602227,0.391698,0.120704,0.052773,0.124561,0.636691,-0.611646,-1.898267,-0.153071,2.622553,3.27197,0.808095,1.025467,0.855095,4.548998,-0.947025,6.740899
