time_s,target_dof_right_hip_pitch_04,target_dof_right_hip_roll_03,target_dof_right_hip_yaw_03,target_dof_right_knee_04,target_dof_right_ankle_02,target_dof_left_hip_pitch_04,target_dof_left_hip_roll_03,target_dof_left_hip_yaw_03,target_dof_left_knee_04,target_dof_left_ankle_02,pos_dof_right_hip_pitch_04,pos_dof_right_hip_roll_03,pos_dof_right_hip_yaw_03,pos_dof_right_knee_04,pos_dof_right_ankle_02,pos_dof_left_hip_pitch_04,pos_dof_left_hip_roll_03,pos_dof_left_hip_yaw_03,pos_dof_left_knee_04,pos_dof_left_ankle_02,vel_dof_right_hip_pitch_04,vel_dof_right_hip_roll_03,vel_dof_right_hip_yaw_03,vel_dof_right_knee_04,vel_dof_right_ankle_02,vel_dof_left_hip_pitch_04,vel_dof_left_hip_roll_03,vel_dof_left_hip_yaw_03,vel_dof_left_knee_04,vel_dof_left_ankle_02,policy_target_dof_right_hip_pitch_04,policy_target_dof_right_hip_roll_03,policy_target_dof_right_hip_yaw_03,policy_target_dof_right_knee_04,policy_target_dof_right_ankle_02,policy_target_dof_left_hip_pitch_04,policy_target_dof_left_hip_roll_03,policy_target_dof_left_hip_yaw_03,policy_target_dof_left_knee_04,policy_target_dof_left_ankle_02,acc_x,acc_y,acc_z,gyro_x,gyro_y,gyro_z,pg_x,pg_y,pg_z
0.0,-0.2742033898830414,-0.0803980901837349,0.05913452059030533,-0.9272303581237793,0.45807093381881714,0.2645473778247833,-0.04178799316287041,-0.0356459841132164,0.9383233785629272,-0.5675545930862427,-0.2742033898830414,-0.0803980901837349,0.05913452059030533,-0.9272303581237793,0.45807093381881714,0.2645473778247833,-0.04178799316287041,-0.0356459841132164,0.9383233785629272,-0.5675545930862427,0.0,0.0,0.0,0.0,0.0,0.0,0.0,0.0,0.0,0.0,-0.3548787236213684,-0.04414699599146843,0.0773167535662651,-0.9380785226821899,0.3678443133831024,-0.000253528356552124,0.13851991295814514,-0.04673067480325699,0.6521519422531128,0.24661773443222046,-1.795670884663543e-15,-1.5047172378036182e-16,-2.146240933812712e-16,0.0,0.0,-0.0,9.8100004196167,-2.2824278858024627e-05,2.6844125500247173e-07
0.02,-0.27684056758880615,-0.07168048620223999,0.05707079544663429,-0.9252131581306458,0.43289273977279663,0.2529674470424652,-0.0283388439565897,-0.027309874072670937,0.8838670253753662,-0.30670174956321716,-0.27684056758880615,-0.07168048620223999,0.05707079544663429,-0.9252131581306458,0.43289273977279663,0.2529674470424652,-0.0283388439565897,-0.027309874072670937,0.8838670253753662,-0.30670174956321716,-0.17792686820030212,0.48304077982902527,0.15795555710792542,-0.22705680131912231,-2.948317050933838,-1.226616621017456,0.9636414051055908,0.228559210896492,-4.401182174682617,24.483062744140625,-0.24405035376548767,-0.31876087188720703,0.09438086301088333,-1.0141277313232422,0.38885173201560974,0.12088188529014587,0.07495684921741486,-0.08597655594348907,0.7921249866485596,-0.06133466958999634,0.45875084400177,0.14741989970207214,0.02402457222342491,0.4893880784511566,0.24084168672561646,-0.19837071001529694,9.8099365234375,0.005446461029350758,0.034981440752744675
0.04,-0.28012338280677795,-0.08319810777902603,0.05743887647986412,-0.9392214417457581,0.40291234850883484,0.22996889054775238,-0.027332795783877373,-0.02591574192047119,0.8548526167869568,-0.2360764890909195,-0.28012338280677795,-0.08319810777902603,0.05743887647986412,-0.9392214417457581,0.40291234850883484,0.22996889054775238,-0.027332795783877373,-0.02591574192047119,0.8548526167869568,-0.2360764890909195,-0.04092201963067055,-1.264958381652832,0.050602272152900696,-1.06144118309021,-0.5437679886817932,-0.9459654688835144,-0.39433977007865906,0.1137981116771698,-0.2300662398338318,-4.165825366973877,-0.37698841094970703,-0.07292909920215607,0.06248950958251953,-1.2701478004455566,0.4897506833076477,-0.03974345326423645,0.19357499480247498,-0.03598162531852722,0.5651906728744507,0.013620734214782715,-4.5847344398498535,-0.1221650093793869,0.15087604522705078,0.23441311717033386,-0.3452860116958618,-0.19158940017223358,9.809876441955566,0.04608030244708061,0.01735876314342022
0.06,-0.28626540303230286,-0.09310775995254517,0.06715738773345947,-0.9990716576576233,0.43680691719055176,0.20107853412628174,-0.022593151777982712,-0.010571329854428768,0.8318308591842651,-0.3282890021800995,-0.28626540303230286,-0.09310775995254517,0.06715738773345947,-0.9990716576576233,0.43680691719055176,0.20107853412628174,-0.022593151777982712,-0.010571329854428768,0.8318308591842651,-0.3282890021800995,-0.6339148283004761,0.1581472009420395,0.4088701009750366,-4.538656711578369,2.6022846698760986,-1.9349968433380127,0.6866857409477234,1.0776629447937012,-2.1438536643981934,-5.371413707733154,-0.39790624380111694,0.018832731992006302,-0.009148620069026947,-1.302980661392212,0.6316812038421631,-0.14385876059532166,0.196832075715065,-0.1053350642323494,0.5929421186447144,0.26222676038742065,-6.720612049102783,-2.3723649978637695,-0.22809968888759613,0.5510001182556152,0.24058891832828522,-0.12878409028053284,9.809654235839844,0.08218474686145782,0.004996891599148512
0.08,-0.2980686128139496,-0.0829959511756897,0.05727780982851982,-1.087131381034851,0.5236191749572754,0.16153956949710846,-0.007023594807833433,-0.012429286725819111,0.7810247540473938,-0.44496655464172363,-0.2980686128139496,-0.0829959511756897,0.05727780982851982,-1.087131381034851,0.5236191749572754,0.16153956949710846,-0.007023594807833433,-0.012429286725819111,0.7810247540473938,-0.44496655464172363,-0.5382676124572754,0.7795543670654297,-1.328681468963623,-4.104794502258301,5.072262287139893,-1.9392098188400269,0.865534245967865,-1.1856653690338135,-2.6984708309173584,-6.1670756340026855,-0.5152939558029175,0.01936515048146248,-0.080879345536232,-1.395500898361206,0.8455164432525635,-0.11115655303001404,0.27576780319213867,-0.07835768163204193,0.5559036731719971,0.08649706840515137,-4.7082109451293945,-0.767474889755249,0.1791958212852478,0.31299594044685364,0.6954814195632935,0.05019489675760269,9.809165000915527,0.08375190198421478,0.0968163013458252
0.1,-0.3154498338699341,-0.06656503677368164,0.013549517840147018,-1.1711437702178955,0.6725509762763977,0.12891413271427155,0.015566442161798477,-0.03337939828634262,0.7262939214706421,-0.5741851925849915,-0.3154498338699341,-0.06656503677368164,0.013549517840147018,-1.1711437702178955,0.6725509762763977,0.12891413271427155,0.015566442161798477,-0.03337939828634262,0.7262939214706421,-0.5741851925849915,-1.10784912109375,0.8101284503936768,-2.8196067810058594,-4.2338762283325195,8.30454158782959,-1.4360986948013306,1.3484238386154175,-0.7067729234695435,-2.813948154449463,-6.709959506988525,-0.5004531741142273,0.005135197192430496,-0.03329327702522278,-1.428984522819519,0.845111072063446,-0.1857682466506958,0.3038857579231262,-0.11279202252626419,0.5111254453659058,0.12305176258087158,-4.009233474731445,-0.40255385637283325,-0.34565356373786926,0.24666441977024078,0.9492919445037842,0.41605648398399353,9.806450843811035,0.03662355616688728,0.2612879276275635
0.12,-0.32056188583374023,-0.06217319518327713,-0.017005261033773422,-1.2446902990341187,0.7772300243377686,0.11674085259437561,0.02330620586872101,-0.02240750379860401,0.7369443774223328,-0.6132057309150696,-0.32056188583374023,-0.06217319518327713,-0.017005261033773422,-1.2446902990341187,0.7772300243377686,0.11674085259437561,0.02330620586872101,-0.02240750379860401,0.7369443774223328,-0.6132057309150696,-0.086652971804142,0.5876795649528503,-0.45059433579444885,-3.552198886871338,3.1833784580230713,-1.3326683044433594,0.330666184425354,1.3973541259765625,0.06711683422327042,-0.28322693705558777,-0.5012176036834717,0.036505598574876785,-0.1309252679347992,-1.3434572219848633,1.0626544952392578,-0.19875627756118774,0.318968266248703,-0.033823881298303604,0.6186585426330566,0.09482944011688232,-15.73592472076416,-3.761220932006836,-3.972365617752075,1.313698649406433,-0.16695113480091095,-0.7184728980064392,9.80533218383789,0.07748495042324066,0.29250001907348633
0.14,-0.32747983932495117,-0.0465548001229763,-0.042182501405477524,-1.2926243543624878,0.8993856906890869,0.08772571384906769,0.034974075853824615,0.007939261384308338,0.7290345430374146,-0.6198628544807434,-0.32747983932495117,-0.0465548001229763,-0.042182501405477524,-1.2926243543624878,0.8993856906890869,0.08772571384906769,0.034974075853824615,0.007939261384308338,0.7290345430374146,-0.6198628544807434,-0.46938851475715637,0.868245005607605,-2.200075626373291,-1.3380825519561768,7.571783065795898,-1.4014798402786255,0.7913573980331421,1.5331590175628662,-0.4189349412918091,-0.40956762433052063,-0.5293945670127869,0.011930543929338455,-0.07481487095355988,-1.1097259521484375,0.9398292303085327,-0.15202152729034424,0.27028119564056396,-0.10108109563589096,0.5860841870307922,0.1359260082244873,-10.06350326538086,-1.7713141441345215,-1.0555307865142822,1.5501703023910522,0.15150320529937744,-0.4933422803878784,9.803803443908691,0.20178081095218658,0.28428348898887634
0.16,-0.33878293633461,-0.031031036749482155,-0.07995742559432983,-1.2763103246688843,0.950035572052002,0.06237131357192993,0.0487150177359581,0.028859397396445274,0.7189285159111023,-0.6262233853340149,-0.33878293633461,-0.031031036749482155,-0.07995742559432983,-1.2763103246688843,0.950035572052002,0.06237131357192993,0.0487150177359581,0.028859397396445274,0.7189285159111023,-0.6262233853340149,-0.6629526019096375,0.659079372882843,-1.2279176712036133,2.5452523231506348,-0.3790012001991272,-1.103253960609436,0.5544955134391785,0.7633576393127441,-0.5492574572563171,-0.1744411736726761,-0.2896818518638611,-0.09437631070613861,0.08506208658218384,-0.981778621673584,0.8039690256118774,-0.024087488651275635,0.08262930810451508,-0.09471549093723297,0.7066980004310608,-0.047902911901474,-10.754104614257812,-2.144927740097046,-2.6206400394439697,1.3891187906265259,0.11839302629232407,-0.21035805344581604,9.801012992858887,0.2828311324119568,0.3102402985095978
0.18,-0.3451024293899536,-0.026498157531023026,-0.06912299990653992,-1.204463243484497,0.8914074301719666,0.043934423476457596,0.04918360337615013,0.007737498264759779,0.7137514352798462,-0.6276558041572571,-0.3451024293899536,-0.026498157531023026,-0.06912299990653992,-1.204463243484497,0.8914074301719666,0.043934423476457596,0.04918360337615013,0.007737498264759779,0.7137514352798462,-0.6276558041572571,0.059014588594436646,-0.11723710596561432,2.357320547103882,4.223728179931641,-4.109326362609863,-0.7120720744132996,-0.4035479724407196,-2.350597381591797,0.1915075033903122,-0.07004934549331665,-0.34254664182662964,-0.06319661438465118,0.0786743238568306,-0.953465461730957,0.6845388412475586,0.003491908311843872,0.10203765332698822,-0.12044456601142883,0.6994032263755798,-0.040309756994247437,-4.29702615737915,-0.2549879848957062,-1.1448966264724731,0.8923757672309875,-0.35037270188331604,-0.2871919572353363,9.80022144317627,0.3338882327079773,0.28332647681236267
0.2,-0.34464341402053833,-0.02909649722278118,-0.009888487868010998,-1.126878023147583,0.7915754318237305,0.03339038044214249,0.04224470257759094,-0.03823693096637726,0.7217137813568115,-0.6390318870544434,-0.34464341402053833,-0.02909649722278118,-0.009888487868010998,-1.126878023147583,0.7915754318237305,0.03339038044214249,0.04224470257759094,-0.03823693096637726,0.7217137813568115,-0.6390318870544434,-0.04779338464140892,-0.12155046314001083,2.917482852935791,3.5168280601501465,-5.164937973022461,-0.4302378296852112,-0.23394808173179626,-2.141695976257324,0.4373638331890106,-1.0466728210449219,-0.3190664052963257,-0.059694256633520126,0.11018181592226028,-0.8127210140228271,0.5168184638023376,-0.02629414200782776,0.048265423625707626,-0.08749692887067795,0.6857190728187561,-0.06081196665763855,-4.294271945953369,-1.2600983381271362,-0.5878376364707947,0.6689949035644531,-0.289681613445282,-0.1108703687787056,9.800447463989258,0.37903934717178345,0.20894794166088104
0.22,-0.34310150146484375,-0.0335884615778923,0.043414656072854996,-1.0473769903182983,0.6591891050338745,0.02352692186832428,0.039010751992464066,-0.06555930525064468,0.7285788059234619,-0.6683142185211182,-0.34310150146484375,-0.0335884615778923,0.043414656072854996,-1.0473769903182983,0.6591891050338745,0.02352692186832428,0.039010751992464066,-0.06555930525064468,0.7285788059234619,-0.6683142185211182,0.20526298880577087,-0.46766096353530884,2.5180070400238037,4.423943519592285,-6.998474597930908,-0.3165060877799988,-0.25914692878723145,0.004368687514215708,0.8907402753829956,-1.3317135572433472,-0.2496785819530487,-0.021157156676054,0.1526818871498108,-0.8729445338249207,0.48100852966308594,0.05248180031776428,0.07236462086439133,-0.13451118767261505,0.784652829170227,-0.06635063886642456,-21.373329162597656,-1.533791184425354,-8.361793518066406,0.5934763550758362,-0.32777050137519836,-0.011926566250622272,9.800943374633789,0.394066721200943,0.14936935901641846
0.24,-0.3367774784564972,-0.03807559236884117,0.09386914223432541,-0.9791685938835144,0.5588245391845703,0.020385276526212692,0.0355512909591198,-0.06504908204078674,0.7541205286979675,-0.6929445862770081,-0.3367774784564972,-0.03807559236884117,0.09386914223432541,-0.9791685938835144,0.5588245391845703,0.020385276526212692,0.0355512909591198,-0.06504908204078674,0.7541205286979675,-0.6929445862770081,0.3778994381427765,0.0022991544101387262,2.4054439067840576,2.46217679977417,-3.7000319957733154,-0.08471836894750595,-0.14257659018039703,-0.8511340022087097,1.4328356981277466,-1.5897040367126465,-0.23061516880989075,-0.12768442928791046,0.10603891313076019,-0.7642612457275391,0.32599982619285583,0.11718758940696716,0.009170372039079666,-0.07264240086078644,0.8990086317062378,0.2906176447868347,-4.339200496673584,-1.0683823823928833,-0.7064613699913025,0.37697646021842957,-0.4051375091075897,-0.10558243840932846,9.80116081237793,0.4130563735961914,0.05227118730545044
0.26,-0.3247584402561188,-0.04268130287528038,0.11597394943237305,-0.9562302827835083,0.5998402237892151,0.026839829981327057,0.033854130655527115,-0.0710410550236702,0.794644296169281,-0.719683051109314,-0.3247584402561188,-0.04268130287528038,0.11597394943237305,-0.9562302827835083,0.5998402237892151,0.026839829981327057,0.033854130655527115,-0.0710410550236702,0.794644296169281,-0.719683051109314,-0.19546371698379517,0.1934104561805725,-0.1849568635225296,-1.3879175186157227,1.9981951713562012,0.6028150320053101,0.25875258445739746,-0.09913796186447144,2.204155921936035,-0.8550109267234802,-0.26915815472602844,-0.2411288022994995,0.14850056171417236,-0.8846651315689087,0.2257743775844574,0.06452125310897827,-0.0870245099067688,-0.04398362711071968,0.9234353303909302,0.010608792304992676,-49.35188293457031,6.419698715209961,16.2122802734375,-0.023759130388498306,-0.44562453031539917,0.09640737622976303,9.800987243652344,0.41921567916870117,-0.031729817390441895
0.28,-0.3205518424510956,-0.04792425408959389,0.10819017142057419,-0.9835843443870544,0.6212884187698364,0.031935494393110275,0.02959347516298294,-0.07690391689538956,0.8353033065795898,-0.7104372978210449,-0.3205518424510956,-0.04792425408959389,0.10819017142057419,-0.9835843443870544,0.6212884187698364,0.031935494393110275,0.02959347516298294,-0.07690391689538956,0.8353033065795898,-0.7104372978210449,0.42816540598869324,-0.7212562561035156,-0.21667088568210602,-1.1578699350357056,1.1406937837600708,0.1984041929244995,-0.6568804383277893,0.0029000500217080116,1.948507308959961,1.2795666456222534,-0.2361372709274292,-0.17621394991874695,0.11857593804597855,-0.7053924202919006,-0.556380033493042,0.45794934034347534,-0.02674693986773491,-0.11265242099761963,1.1300222873687744,0.032557129859924316,-13.76236343383789,-0.8520988821983337,-0.012120152823626995,-0.24870404601097107,-0.7338248491287231,-0.3278515040874481,9.798727035522461,0.45918092131614685,-0.10098286718130112
0.3,-0.31321224570274353,-0.060546137392520905,0.09847840666770935,-0.9924322962760925,0.6363096833229065,0.05964263156056404,0.01944655179977417,-0.08042237907648087,0.9005839824676514,-0.6655314564704895,-0.31321224570274353,-0.060546137392520905,0.09847840666770935,-0.9924322962760925,0.6363096833229065,0.05964263156056404,0.01944655179977417,-0.08042237907648087,0.9005839824676514,-0.6655314564704895,0.5138404369354248,-0.46096327900886536,-0.9015890955924988,0.34724634885787964,0.3101917803287506,2.2874834537506104,-0.3029891550540924,-0.6628006100654602,4.288731098175049,3.186997175216675,-0.12822169065475464,-0.19783130288124084,0.12306519597768784,-0.6689538955688477,-0.9410985708236694,0.5598977208137512,-0.043754395097494125,-0.003864247351884842,1.2312129735946655,-0.0908135175704956,-17.563777923583984,-1.5195822715759277,4.141941547393799,-0.9378476738929749,-0.39925986528396606,0.22436709702014923,9.79617691040039,0.46873441338539124,-0.22652488946914673
0.32,-0.2964186668395996,-0.06938601285219193,0.07811206579208374,-0.9718798398971558,0.6350966691970825,0.11067972332239151,0.016618043184280396,-0.07951775938272476,0.9922478199005127,-0.5723727941513062,-0.2964186668395996,-0.06938601285219193,0.07811206579208374,-0.9718798398971558,0.6350966691970825,0.11067972332239151,0.016618043184280396,-0.07951775938272476,0.9922478199005127,-0.5723727941513062,1.0943368673324585,-0.5035726428031921,-0.9947024583816528,1.4919570684432983,-0.32192543148994446,2.707951068878174,-0.049058619886636734,0.8185352683067322,4.704411029815674,5.174422740936279,-0.12173858284950256,-0.19662772119045258,0.10316016525030136,-0.6725010871887207,-0.7570215463638306,0.36273521184921265,-0.019428234547376633,-0.03764514997601509,1.0556344985961914,-0.14039123058319092,-15.540506362915039,-1.0207499265670776,1.608324646949768,-1.04942786693573,-0.3115650713443756,0.16635626554489136,9.796605110168457,0.43207210302352905,-0.2755703628063202
0.34,-0.2688751220703125,-0.08047245442867279,0.06566738337278366,-0.9347226619720459,0.6242632269859314,0.1485826075077057,0.012831946834921837,-0.06225421652197838,1.055809736251831,-0.45714712142944336,-0.2688751220703125,-0.08047245442867279,0.06566738337278366,-0.9347226619720459,0.6242632269859314,0.1485826075077057,0.012831946834921837,-0.06225421652197838,1.055809736251831,-0.45714712142944336,1.3821226358413696,-0.553297221660614,-0.2891015112400055,2.068021535873413,-0.7086758613586426,1.2752944231033325,-0.2912408709526062,0.8036155104637146,1.8415130376815796,5.669583320617676,-0.041957199573516846,-0.147744819521904,0.06377366930246353,-0.6164258718490601,-0.7654693126678467,0.43329712748527527,-0.020648490637540817,0.011151682585477829,1.1233429908752441,-0.3076692521572113,-11.668107986450195,-3.3903017044067383,0.8600167632102966,-0.3813129663467407,-0.5214327573776245,-0.03002953715622425,9.793971061706543,0.4342552423477173,-0.35446831583976746
0.36,-0.24346674978733063,-0.08799727261066437,0.05982659012079239,-0.8879052996635437,0.6062330603599548,0.17523159086704254,0.010601358488202095,-0.04133563116192818,1.0810589790344238,-0.36615845561027527,-0.24346674978733063,-0.08799727261066437,0.05982659012079239,-0.8879052996635437,0.6062330603599548,0.17523159086704254,0.010601358488202095,-0.04133563116192818,1.0810589790344238,-0.36615845561027527,1.269086241722107,-0.22630752623081207,-0.42422083020210266,2.550899028778076,-1.0364075899124146,1.4505573511123657,0.0033067683689296246,1.2147518396377563,0.922386109828949,3.082773447036743,-0.019498050212860107,-0.16691817343235016,0.07585827261209488,-0.6213564872741699,-0.7555840015411377,0.4802619218826294,-0.02155623957514763,0.04720349982380867,1.1778210401535034,-0.3401750326156616,-8.898813247680664,-1.0826960802078247,3.387462854385376,-0.3033580780029297,-0.2569695711135864,0.26611265540122986,9.792032241821289,0.40442490577697754,-0.434326171875
0.38,-0.21917609870433807,-0.09146329015493393,0.05045430362224579,-0.8367846012115479,0.5852149724960327,0.20656058192253113,0.009373149834573269,-0.013295800425112247,1.1028506755828857,-0.3412618637084961,-0.21917609870433807,-0.09146329015493393,0.05045430362224579,-0.8367846012115479,0.5852149724960327,0.20656058192253113,0.009373149834573269,-0.013295800425112247,1.1028506755828857,-0.3412618637084961,1.1799876689910889,-0.15402910113334656,-0.4670925736427307,2.498823881149292,-1.0212295055389404,1.6112720966339111,-0.1269058734178543,1.5989059209823608,1.2776713371276855,0.25325828790664673,-0.06713861227035522,-0.15257208049297333,0.07360464334487915,-0.5998378992080688,-0.43860238790512085,0.4538465738296509,-0.042376335710287094,0.05808736011385918,1.2073283195495605,-0.3168523609638214,-7.162356376647949,-0.1983916312456131,2.3229949474334717,-0.34736526012420654,-0.14364269375801086,0.3413386046886444,9.792864799499512,0.3441999554634094,-0.46627938747406006
0.4,-0.1977166086435318,-0.09369337558746338,0.04334231838583946,-0.7902276515960693,0.5663613080978394,0.2372671365737915,0.004821572918444872,0.01709846593439579,1.1285654306411743,-0.33249831199645996,-0.1977166086435318,-0.09369337558746338,0.04334231838583946,-0.7902276515960693,0.5663613080978394,0.2372671365737915,0.004821572918444872,0.01709846593439579,1.1285654306411743,-0.33249831199645996,0.9659415483474731,-0.06606078892946243,-0.23762701451778412,2.1698524951934814,-0.8711340427398682,1.438974142074585,-0.2997159957885742,1.403472661972046,1.292382836341858,0.5871828198432922,0.017150402069091797,-0.18303591012954712,0.01213526725769043,-0.5680027604103088,-0.5790420770645142,0.6200708746910095,-0.04777241498231888,0.1390688568353653,1.2387102842330933,-0.40355515480041504,-6.622150421142578,-0.3810885548591614,2.183262586593628,-0.1566341072320938,-0.09356580674648285,0.3525642454624176,9.793876647949219,0.2796160578727722,-0.4877426028251648
0.42,-0.1796954870223999,-0.09494958072900772,0.034435804933309555,-0.7478737831115723,0.5498694777488708,0.2701559364795685,-0.0006934474222362041,0.051700659096241,1.1580380201339722,-0.35563063621520996,-0.1796954870223999,-0.09494958072900772,0.034435804933309555,-0.7478737831115723,0.5498694777488708,0.2701559364795685,-0.0006934474222362041,0.051700659096241,1.1580380201339722,-0.35563063621520996,0.941659152507782,-0.080340176820755,-0.7001947164535522,2.1451046466827393,-0.8086550235748291,1.8575140237808228,-0.27854955196380615,2.1376004219055176,1.5407145023345947,-2.0646767616271973,0.06195110082626343,-0.16278746724128723,-0.007883880287408829,-0.5614787340164185,-0.7347726821899414,0.6047137975692749,-0.21412557363510132,0.16394397616386414,1.2761948108673096,-0.540596067905426,-8.141682624816895,-0.23738005757331848,2.495027542114258,-0.4327870309352875,0.00922467466443777,0.45366185903549194,9.795479774475098,0.20145924389362335,-0.49404680728912354
0.44,-0.1578332930803299,-0.099611297249794,0.01719994656741619,-0.7072508335113525,0.5365300178527832,0.3056759238243103,-0.017088014632463455,0.09000164270401001,1.1885024309158325,-0.4372941851615906,-0.1578332930803299,-0.099611297249794,0.01719994656741619,-0.7072508335113525,0.5365300178527832,0.3056759238243103,-0.017088014632463455,0.09000164270401001,1.1885024309158325,-0.4372941851615906,1.1964221000671387,-0.3026544153690338,-0.9526812434196472,1.920143961906433,-0.5542452335357666,1.6966902017593384,-1.2457325458526611,1.7677644491195679,1.5277165174484253,-4.918912410736084,-0.23675861954689026,-0.10374203324317932,-0.12232595682144165,-0.6152409315109253,-1.0185234546661377,0.3820878267288208,-0.06857330352067947,0.25073033571243286,0.8550510406494141,-0.5906306505203247,-6.882211685180664,0.010629532858729362,2.6935653686523438,-0.8150506019592285,-0.1052575632929802,0.27019184827804565,9.796201705932617,0.13669930398464203,-0.5018366575241089
0.46,-0.14592939615249634,-0.1022500991821289,-0.018757430836558342,-0.6852152943611145,0.5216230750083923,0.3277520537376404,-0.03178751841187477,0.14604148268699646,1.150951862335205,-0.5139520168304443,-0.14592939615249634,-0.1022500991821289,-0.018757430836558342,-0.6852152943611145,0.5216230750083923,0.3277520537376404,-0.03178751841187477,0.14604148268699646,1.150951862335205,-0.5139520168304443,-0.013209328055381775,0.005969041958451271,-2.672804594039917,0.4066409766674042,-0.846996545791626,0.6245282292366028,-0.25872117280960083,3.567049026489258,-4.842353343963623,-3.367311954498291,-0.18464793264865875,0.025041956454515457,-0.11250568926334381,-0.6922600269317627,-0.7171617746353149,0.07524868845939636,-0.06870601326227188,-0.011169466190040112,0.5280818343162537,-0.48980262875556946,-5.15720272064209,-1.3243379592895508,2.0808074474334717,-0.08834995329380035,0.2202019840478897,0.5082632303237915,9.797444343566895,0.0747738927602768,-0.4905000627040863
0.48,-0.14361979067325592,-0.09380935877561569,-0.061886802315711975,-0.6836836338043213,0.5052526593208313,0.32022252678871155,-0.038863394409418106,0.15837691724300385,1.0050690174102783,-0.5199224352836609,-0.14361979067325592,-0.09380935877561569,-0.061886802315711975,-0.6836836338043213,0.5052526593208313,0.32022252678871155,-0.038863394409418106,0.15837691724300385,1.0050690174102783,-0.5199224352836609,0.11701864749193192,0.8733577132225037,-1.5822062492370605,-0.33711376786231995,-0.8807660937309265,-1.1009207963943481,-0.3346676528453827,-2.5880744457244873,-8.883549690246582,1.305019736289978,-0.3794603645801544,0.07975161075592041,-0.06037163361907005,-0.8974525928497314,-0.27043259143829346,-0.06503668427467346,-0.0377279594540596,-0.11491771042346954,0.5654234290122986,-0.14543434977531433,-3.9859871864318848,0.26305776834487915,2.8804361820220947,0.25339144468307495,0.7741854786872864,0.10872475057840347,9.80186653137207,0.008183104917407036,-0.3993096947669983
0.5,-0.15576276183128357,-0.07007665187120438,-0.07555829733610153,-0.7188763618469238,0.48865023255348206,0.29402706027030945,-0.04051833972334862,0.06771448254585266,0.8519757390022278,-0.375020295381546,-0.15576276183128357,-0.07007665187120438,-0.07555829733610153,-0.7188763618469238,0.48865023255348206,0.29402706027030945,-0.04051833972334862,0.06771448254585266,0.8519757390022278,-0.375020295381546,-1.113580346107483,1.3551725149154663,0.033285293728113174,-2.9882659912109375,-0.8057501912117004,-1.6673846244812012,0.10177245736122131,-5.589460372924805,-6.293850898742676,10.502917289733887,-0.3731227517127991,-0.004620026797056198,-0.04406485706567764,-1.6183830499649048,0.13698866963386536,-0.26217275857925415,0.11390911042690277,-0.0877264216542244,0.4405088722705841,0.013593196868896484,-3.175583839416504,1.592064380645752,1.2601455450057983,0.8969525098800659,1.1460721492767334,-0.02129722200334072,9.807943344116211,-0.013003302738070488,-0.20044273138046265
0.52,-0.1901567429304123,-0.053088217973709106,-0.07027779519557953,-0.8729486465454102,0.43174606561660767,0.2335495501756668,-0.03425337001681328,-0.0176733136177063,0.7747687697410583,-0.4437210261821747,-0.1901567429304123,-0.053088217973709106,-0.07027779519557953,-0.8729486465454102,0.43174606561660767,0.2335495501756668,-0.03425337001681328,-0.0176733136177063,0.7747687697410583,-0.4437210261821747,-2.0134828090667725,0.5255805253982544,0.3874565660953522,-11.814126014709473,-8.70231819152832,-3.8404548168182373,0.627966582775116,-2.7645018100738525,-4.246992111206055,-5.031528472900391,-0.6229065656661987,0.09760035574436188,-0.1979258954524994,-1.7163008451461792,0.36626940965652466,-0.32489103078842163,0.25275516510009766,-0.12586641311645508,0.4657135307788849,0.1296771764755249,-3.694640636444092,0.3871456980705261,-1.9685797691345215,1.7233744859695435,0.7613824605941772,-0.575890064239502,9.80988597869873,0.04278501495718956,-0.020115092396736145
0.54,-0.23320487141609192,-0.04185923561453819,-0.08703644573688507,-1.1107268333435059,0.3792613446712494,0.17128202319145203,-0.01539239939302206,-0.04635174572467804,0.7128429412841797,-0.5327452421188354,-0.23320487141609192,-0.04185923561453819,-0.08703644573688507,-1.1107268333435059,0.3792613446712494,0.17128202319145203,-0.01539239939302206,-0.04635174572467804,0.7128429412841797,-0.5327452421188354,-1.7472038269042969,0.00265599531121552,-1.9668952226638794,-11.287517547607422,-1.1929566860198975,-1.342100977897644,0.5948601365089417,0.7645025253295898,0.21587146818637848,-0.3693275451660156,-0.5525543689727783,0.0026519186794757843,0.09502186626195908,-1.71689772605896,0.3698159158229828,-0.2832437753677368,0.25516971945762634,-0.15839353203773499,0.47695013880729675,0.28374844789505005,-46.41863250732422,4.4317498207092285,-16.076128005981445,1.194955825805664,0.4142013490200043,-0.3409397006034851,9.808030128479004,0.1342819631099701,0.1435750275850296
0.56,-0.260666161775589,-0.027970097959041595,-0.07846859842538834,-1.30476713180542,0.3673487901687622,0.1253306120634079,-0.0009865912143141031,-0.023853931576013565,0.6920109391212463,-0.5323489904403687,-0.260666161775589,-0.027970097959041595,-0.07846859842538834,-1.30476713180542,0.3673487901687622,0.1253306120634079,-0.0009865912143141031,-0.023853931576013565,0.6920109391212463,-0.5323489904403687,-1.4065499305725098,0.8256856799125671,2.676320791244507,-8.31837272644043,-0.27495214343070984,-2.520340919494629,0.5331722497940063,0.8196056485176086,-1.643626093864441,0.2579972445964813,-0.5717614889144897,-0.0730540007352829,0.07217112928628922,-1.666896104812622,0.46255382895469666,-0.1818501353263855,0.2082251012325287,-0.17100690305233002,0.4860263764858246,0.3635404109954834,-10.785250663757324,-2.639631509780884,-2.1277809143066406,1.6335819959640503,0.1975756138563156,-0.8257207870483398,9.803316116333008,0.3042435348033905,0.19628526270389557
0.58,-0.2923251986503601,-0.019177569076418877,-0.023569751530885696,-1.4332326650619507,0.39886486530303955,0.08072338253259659,0.004598839208483696,-0.04324811324477196,0.6553646922111511,-0.5311827659606934,-0.2923251986503601,-0.019177569076418877,-0.023569751530885696,-1.4332326650619507,0.39886486530303955,0.08072338253259659,0.004598839208483696,-0.04324811324477196,0.6553646922111511,-0.5311827659606934,-1.6548950672149658,0.11296064406633377,2.397491931915283,-4.901712894439697,2.5910286903381348,-1.933788776397705,0.21383632719516754,-1.9036372900009155,-1.8403440713882446,-0.11456786841154099,-0.513921856880188,-0.08089222013950348,-0.01924433559179306,-1.726707100868225,0.6616020202636719,-0.32363343238830566,0.23905079066753387,-0.04755008965730667,0.4445756673812866,0.3665677309036255,-5.939362525939941,-2.3682808876037598,0.4147075116634369,1.2106127738952637,0.17573371529579163,-0.26145949959754944,9.79885196685791,0.4132266342639923,0.21872082352638245
0.6,-0.3164045512676239,-0.023222532123327255,0.0028552119620144367,-1.51751708984375,0.5137282609939575,0.04055161774158478,0.014333554543554783,-0.038461100310087204,0.6192574501037598,-0.5278341174125671,-0.3164045512676239,-0.023222532123327255,0.0028552119620144367,-1.51751708984375,0.5137282609939575,0.04055161774158478,0.014333554543554783,-0.038461100310087204,0.6192574501037598,-0.5278341174125671,-0.9645586013793945,-0.3363608419895172,0.33174842596054077,-3.8910887241363525,7.034952163696289,-2.1895041465759277,0.6492424011230469,0.9201632142066956,-1.9554754495620728,0.2503671646118164,-0.627290666103363,-0.07807625830173492,-0.008306488394737244,-1.7689355611801147,0.8741589188575745,-0.35904431343078613,0.2921433448791504,0.021627366542816162,0.46377432346343994,0.2881404161453247,-9.305153846740723,-1.597737431526184,-1.5414655208587646,0.871147632598877,0.2529817521572113,-0.4750078618526459,9.794821739196777,0.4836449921131134,0.25231367349624634
0.62,-0.34070709347724915,-0.027751488611102104,0.001572239794768393,-1.5903998613357544,0.6866585612297058,-0.0005353792221285403,0.030457621440291405,-0.015364685095846653,0.5827764272689819,-0.5248812437057495,-0.34070709347724915,-0.027751488611102104,0.001572239794768393,-1.5903998613357544,0.6866585612297058,-0.0005353792221285403,0.030457621440291405,-0.015364685095846653,0.5827764272689819,-0.5248812437057495,-1.424196481704712,-0.1449650675058365,-0.22387470304965973,-3.396151542663574,9.040206909179688,-1.9906076192855835,0.8981038928031921,1.3401548862457275,-1.7104796171188354,0.07045580446720123,-0.5846943855285645,-0.09343485534191132,-0.022756405174732208,-1.7617853879928589,0.9326735734939575,-0.3077961802482605,0.22332985699176788,-0.030644647777080536,0.49069666862487793,0.21423816680908203,-7.757545471191406,-1.0731362104415894,-1.208162546157837,1.0875099897384644,0.429279088973999,-0.32204705476760864,9.788759231567383,0.5651239156723022,0.3113356828689575
0.64,-0.3678745925426483,-0.033698517829179764,-0.007915751077234745,-1.6451427936553955,0.824996829032898,-0.037172988057136536,0.046376317739486694,0.003077385714277625,0.5564100742340088,-0.5277219414710999,-0.3678745925426483,-0.033698517829179764,-0.007915751077234745,-1.6451427936553955,0.824996829032898,-0.037172988057136536,0.046376317739486694,0.003077385714277625,0.5564100742340088,-0.5277219414710999,-1.254099726676941,-0.3779008984565735,-0.6133518218994141,-2.225828170776367,5.346783638000488,-1.6854732036590576,0.7554104328155518,0.4264901578426361,-1.0302633047103882,-0.371978223323822,-0.6042227745056152,-0.10140414535999298,0.011295080184936523,-1.7264169454574585,1.1485652923583984,-0.2902395725250244,0.23841461539268494,-0.1754121333360672,0.4611462652683258,0.13887953758239746,-4.369520664215088,-0.756074070930481,-0.5543069243431091,0.8679924607276917,0.4140447676181793,-0.3262183964252472,9.781837463378906,0.6358632445335388,0.3839602470397949
0.66,-0.39069005846977234,-0.04143814370036125,-0.014155622571706772,-1.6763142347335815,0.9746606945991516,-0.067467100918293,0.05933864787220955,-0.013373129069805145,0.5414422154426575,-0.5295896530151367,-0.39069005846977234,-0.04143814370036125,-0.014155622571706772,-1.6763142347335815,0.9746606945991516,-0.067467100918293,0.05933864787220955,-0.013373129069805145,0.5414422154426575,-0.5295896530151367,-1.1321308612823486,-0.3073577880859375,0.03207462653517723,-1.0078519582748413,8.36602783203125,-1.4671019315719604,0.6499592065811157,-2.711709499359131,-0.7499123811721802,-1.4456485509872437,-0.629601001739502,-0.06760077178478241,0.013745464384555817,-1.6725494861602783,1.2686760425567627,-0.30790281295776367,0.22667931020259857,-0.15753906965255737,0.49374884366989136,0.11255073547363281,-5.364250183105469,-1.9150720834732056,-1.2627346515655518,0.5090252161026001,0.4078323543071747,-0.2587416172027588,9.7744140625,0.7011685967445374,0.45308342576026917
0.68,-0.41251900792121887,-0.04661695659160614,-0.00761108985170722,-1.6833573579788208,1.1283509731292725,-0.09366316348314285,0.07201553136110306,-0.051731862127780914,0.5321155786514282,-0.5499316453933716,-0.41251900792121887,-0.04661695659160614,-0.00761108985170722,-1.6833573579788208,1.1283509731292725,-0.09366316348314285,0.07201553136110306,-0.051731862127780914,0.5321155786514282,-0.5499316453933716,-1.1159262657165527,-0.11547703295946121,0.5061163306236267,0.11723531782627106,6.878133773803711,-1.2505319118499756,0.7195600867271423,-1.959452509880066,-0.537822961807251,-0.7862213253974915,-0.5907731652259827,-0.0039767734706401825,-0.015498705208301544,-1.5402854681015015,1.2425358295440674,-0.2882728576660156,0.26308944821357727,-0.10884802788496017,0.5309840440750122,0.17013466358184814,-3.991215467453003,-1.06744384765625,-1.0770010948181152,0.3407551646232605,0.39040523767471313,-0.19808709621429443,9.767526626586914,0.7473905086517334,0.5224306583404541
0.7,-0.43106552958488464,-0.04535829275846481,-0.0012743179686367512,-1.6591242551803589,1.2041354179382324,-0.11662989109754562,0.0886455625295639,-0.0682842805981636,0.5316572189331055,-0.567190945148468,-0.43106552958488464,-0.04535829275846481,-0.0012743179686367512,-1.6591242551803589,1.2041354179382324,-0.11662989109754562,0.0886455625295639,-0.0682842805981636,0.5316572189331055,-0.567190945148468,-0.7585675120353699,0.19259855151176453,0.07698756456375122,2.0885090827941895,1.9036567211151123,-1.0172613859176636,0.9242864847183228,0.20451930165290833,0.3390173614025116,-1.2434509992599487,-0.6044397950172424,0.036653388291597366,-0.1166916936635971,-1.2394415140151978,1.3729770183563232,-0.06703951954841614,0.2864348292350769,-0.12822109460830688,0.6646066904067993,0.030902504920959473,-7.265969276428223,-1.6232216358184814,-2.368894338607788,0.19974982738494873,0.46139660477638245,-0.24006645381450653,9.759403228759766,0.7916449904441833,0.6028708815574646
0.72,-0.44751352071762085,-0.03896898776292801,-0.0197735708206892,-1.5764676332473755,1.2566370614359172,-0.12183055281639099,0.11023065447807312,-0.07832712680101395,0.555924654006958,-0.5976001620292664,-0.44751352071762085,-0.03896898776292801,-0.0197735708206892,-1.5764676332473755,1.2712085247039795,-0.12183055281639099,0.11023065447807312,-0.07832712680101395,0.555924654006958,-0.5976001620292664,-0.8464013934135437,0.4222719073295593,-1.9046179056167603,5.8871941566467285,3.0864596366882324,0.2969813942909241,1.2065256834030151,-1.2223026752471924,1.8550894260406494,-1.8928734064102173,-0.7141584157943726,0.02858533337712288,-0.13027094304561615,-1.1279330253601074,1.1833348274230957,-0.07728448510169983,0.2864152193069458,-0.0708560049533844,0.6550842523574829,0.09309661388397217,-4.166384220123291,-0.9945504665374756,-1.2889039516448975,-0.20812886953353882,0.6702895164489746,0.20179195702075958,9.751784324645996,0.7974520325660706,0.7091330289840698
0.74,-0.46829700469970703,-0.031040748581290245,-0.06162117421627045,-1.4532220363616943,1.2463340759277344,-0.1153562143445015,0.13172954320907593,-0.08599884808063507,0.5939619541168213,-0.637612521648407,-0.46829700469970703,-0.031040748581290245,-0.06162117421627045,-1.4532220363616943,1.2463340759277344,-0.1153562143445015,0.13172954320907593,-0.08599884808063507,0.5939619541168213,-0.637612521648407,-1.215937614440918,0.38173145055770874,-2.020592212677002,6.196727752685547,-3.026028633117676,0.264085054397583,0.9099870324134827,0.3228047788143158,1.8592759370803833,-1.9362521171569824,-0.6087062358856201,0.08841507136821747,-0.05875556170940399,-0.8913947343826294,0.8825933933258057,-0.21361684799194336,0.25877514481544495,-0.08610614389181137,0.7479069232940674,0.08075201511383057,-6.358019828796387,-2.1100080013275146,-3.3976187705993652,0.17514295876026154,0.4312012493610382,0.3390246033668518,9.747282028198242,0.7419105172157288,0.8222911357879639
0.76,-0.484963595867157,-0.017220627516508102,-0.08280559629201889,-1.3116137981414795,1.0887893438339233,-0.11831378191709518,0.1479853391647339,-0.07977819442749023,0.6295057535171509,-0.6776459217071533,-0.484963595867157,-0.017220627516508102,-0.08280559629201889,-1.3116137981414795,1.0887893438339233,-0.11831378191709518,0.1479853391647339,-0.07977819442749023,0.6295057535171509,-0.6776459217071533,-0.5588838458061218,0.8598020672798157,-0.11608648300170898,7.783246994018555,-10.122016906738281,-0.3965316712856293,0.6801794767379761,0.12196477502584457,1.8182859420776367,-2.15844988822937,-0.2721908390522003,0.10538776218891144,0.19020600616931915,-0.3387627601623535,0.45745497941970825,0.041055828332901,0.0657772421836853,-0.00939025729894638,0.8651432991027832,-0.02228415012359619,-3.0370607376098633,-0.3059348464012146,-2.1219141483306885,0.5827209949493408,0.2902086675167084,-0.014432301744818687,9.743663787841797,0.7167546153068542,0.8850836753845215
0.78,-0.4805431067943573,-0.0005626262864097953,-0.03163136914372444,-1.0906213521957397,0.7947578430175781,-0.11851007491350174,0.15313506126403809,-0.06949108839035034,0.6871034502983093,-0.710764467716217,-0.4805431067943573,-0.0005626262864097953,-0.03163136914372444,-1.0906213521957397,0.7947578430175781,-0.11851007491350174,0.15313506126403809,-0.06949108839035034,0.6871034502983093,-0.710764467716217,0.9303571581840515,0.6753584742546082,5.3218302726745605,13.711499214172363,-16.793935775756836,0.4088858664035797,-0.164840430021286,1.0061975717544556,3.8637962341308594,-2.3401858806610107,-0.00335007905960083,-0.039670344442129135,0.21758730709552765,-0.35757744312286377,0.009465575218200684,0.5505181550979614,-0.11742940545082092,-0.14675483107566833,0.7743889093399048,-0.10052433609962463,-4.069124698638916,-1.6038169860839844,-3.9628469944000244,0.4556427597999573,-0.3555729389190674,-0.10968317836523056,9.742202758789062,0.742250382900238,0.880139946937561
0.8,-0.4588164687156677,-0.007040044758468866,0.08400501310825348,-0.8456578254699707,0.4164544939994812,-0.09429211914539337,0.13255055248737335,-0.08647526800632477,0.7683266401290894,-0.7421586513519287,-0.4588164687156677,-0.007040044758468866,0.08400501310825348,-0.8456578254699707,0.4164544939994812,-0.09429211914539337,0.13255055248737335,-0.08647526800632477,0.7683266401290894,-0.7421586513519287,1.3783648014068604,-0.9231940507888794,5.6247053146362305,10.601971626281738,-19.48798942565918,1.7515870332717896,-1.4565457105636597,-2.466111421585083,4.34061336517334,-2.192427635192871,0.0019679665565490723,-0.14534048736095428,-0.0024250969290733337,-0.4982271194458008,-0.40691155195236206,0.6024308204650879,-0.25265786051750183,0.015610408037900925,0.8403909802436829,-0.10563921928405762,-6.199594497680664,-5.522237777709961,-3.2887556552886963,-0.5494069457054138,-1.2481571435928345,0.4294297695159912,9.758502006530762,0.7132806777954102,0.7063806653022766
0.82,-0.46017539501190186,-0.0168490931391716,0.10232920199632645,-0.8051068186759949,0.2838302552700043,-0.05309819057583809,0.1198078989982605,-0.1040613129734993,0.8407405614852905,-0.7413084506988525,-0.46017539501190186,-0.0168490931391716,0.10232920199632645,-0.8051068186759949,0.2838302552700043,-0.05309819057583809,0.1198078989982605,-0.1040613129734993,0.8407405614852905,-0.7413084506988525,0.3521636724472046,-0.4639328718185425,-1.4527498483657837,-0.5495923161506653,2.8713018894195557,1.9393190145492554,-0.05075116083025932,0.43521326780319214,3.2047882080078125,0.7796546816825867,-0.11751174926757812,-0.3232347369194031,0.06489338725805283,-0.6463280916213989,-0.9178307056427002,0.6187248826026917,-0.19127945601940155,0.06763449311256409,0.900061845779419,0.12457382678985596,-34.501220703125,2.4318742752075195,5.34431266784668,-0.929869532585144,-0.0010342191671952605,0.44127050042152405,9.776310920715332,0.5696830749511719,0.5790518522262573
0.84,-0.441667377948761,-0.04235750436782837,0.07286233454942703,-0.7829606533050537,0.29956725239753723,-0.00296003301627934,0.1027151420712471,-0.07871616631746292,0.8955865502357483,-0.6660380363464355,-0.441667377948761,-0.04235750436782837,0.07286233454942703,-0.7829606533050537,0.29956725239753723,-0.00296003301627934,0.1027151420712471,-0.07871616631746292,0.8955865502357483,-0.6660380363464355,1.0111172199249268,-1.8218923807144165,-1.1921908855438232,1.6164482831954956,0.020188676193356514,2.714676856994629,-1.3312218189239502,1.9730846881866455,2.755190849304199,3.0257809162139893,-0.15730217099189758,-0.27152031660079956,0.131175696849823,-0.7171609997749329,-0.9263619184494019,0.5020179152488708,-0.12887977063655853,-0.0237601138651371,1.0810935497283936,0.05199778079986572,-17.957683563232422,-1.1801303625106812,-4.837843418121338,-1.7297450304031372,-0.8806620836257935,0.5881160497665405,9.785223960876465,0.46504274010658264,0.5188648700714111
0.86,-0.4208741784095764,-0.07687220722436905,0.07277612388134003,-0.7505180835723877,0.29571908712387085,0.049266550689935684,0.0773528441786766,-0.05262415483593941,0.9540611505508423,-0.5396525859832764,-0.4208741784095764,-0.07687220722436905,0.07277612388134003,-0.7505180835723877,0.29571908712387085,0.049266550689935684,0.0773528441786766,-0.05262415483593941,0.9540611505508423,-0.5396525859832764,1.0698280334472656,-1.5811835527420044,1.1902658939361572,1.4375742673873901,-0.1996692419052124,2.4926564693450928,-1.2103800773620605,0.3786112368106842,3.1875979900360107,6.184234619140625,-0.15294620394706726,-0.3478964567184448,0.0610329732298851,-0.6769044399261475,-1.1068675518035889,0.42513254284858704,-0.04993225261569023,-0.018921393901109695,1.0408713817596436,-0.05107131600379944,-7.773238658905029,1.689016342163086,-1.1831741333007812,-1.4906336069107056,-1.1765912771224976,0.3859080374240875,9.798506736755371,0.35032492876052856,0.32037749886512756
0.88,-0.3964400887489319,-0.11068017780780792,0.08331441134214401,-0.725129246711731,0.2915964126586914,0.09136678278446198,0.054215479642152786,-0.0402226522564888,1.005785584449768,-0.40521538257598877,-0.3964400887489319,-0.11068017780780792,0.08331441134214401,-0.725129246711731,0.2915964126586914,0.09136678278446198,0.054215479642152786,-0.0402226522564888,1.005785584449768,-0.40521538257598877,1.2729252576828003,-1.7434618473052979,-0.33769017457962036,1.143751859664917,-0.27724766731262207,1.8203370571136475,-0.9907055497169495,0.8970802426338196,2.08004093170166,6.827258586883545,-0.1470293402671814,-0.2481229305267334,0.03202658146619797,-0.6350906491279602,-1.0199651718139648,0.3326641917228699,-0.031364601105451584,-0.06924179196357727,1.097967267036438,-0.10503795742988586,-7.710500717163086,0.02841978706419468,0.6941028833389282,-1.3543527126312256,-1.1836446523666382,0.06804000586271286,9.804758071899414,0.30806487798690796,0.08901359140872955
0.9,-0.3698035180568695,-0.1382882446050644,0.07247339189052582,-0.7032744288444519,0.283830463886261,0.12196430563926697,0.03960443660616875,-0.031547073274850845,1.0401707887649536,-0.27442535758018494,-0.3698035180568695,-0.1382882446050644,0.07247339189052582,-0.7032744288444519,0.283830463886261,0.12196430563926697,0.03960443660616875,-0.031547073274850845,1.0401707887649536,-0.27442535758018494,1.3518810272216797,-1.0324329137802124,-0.698947548866272,1.041960597038269,-0.45602846145629883,1.3205991983413696,-0.5616205334663391,-0.13553699851036072,1.5166869163513184,5.870643138885498,-0.11428740620613098,-0.3193337917327881,0.03449151664972305,-0.6079152822494507,-0.9666053056716919,0.3068837821483612,0.00029336288571357727,-0.012033271603286266,1.170349359512329,-0.304334431886673,-5.4959797859191895,0.5095273852348328,2.8914408683776855,-1.1721155643463135,-0.6677407622337341,-0.07014893740415573,9.80473518371582,0.30889055132865906,-0.08859193325042725
0.92,-0.3422132432460785,-0.1558932214975357,0.0533427931368351,-0.6831554174423218,0.27954182028770447,0.1451721340417862,0.03185461461544037,-0.031508710235357285,1.0733426809310913,-0.25290295481681824,-0.3422132432460785,-0.1558932214975357,0.0533427931368351,-0.6831554174423218,0.27954182028770447,0.1451721340417862,0.03185461461544037,-0.031508710235357285,1.0733426809310913,-0.25290295481681824,1.4037501811981201,-0.8381887078285217,-1.0643060207366943,0.9810863137245178,0.0948236808180809,1.0695533752441406,-0.28343406319618225,0.3726114332675934,1.743990182876587,-2.1150288581848145,-0.12424537539482117,-0.24793648719787598,0.062499724328517914,-0.5974677801132202,-0.7439582347869873,0.35882848501205444,0.07546649128198624,-0.002862054156139493,1.1637870073318481,-0.36375492811203003,-4.721059322357178,0.7633432745933533,1.560071587562561,-1.0322206020355225,-0.4376245141029358,-0.13096804916858673,9.802770614624023,0.33137309551239014,-0.1788385510444641
0.94,-0.3170420229434967,-0.16635829210281372,0.04457338526844978,-0.6646403074264526,0.2861554026603699,0.16783227026462555,0.03293696045875549,-0.018991701304912567,1.1027475595474243,-0.3056448996067047,-0.3170420229434967,-0.16635829210281372,0.04457338526844978,-0.6646403074264526,0.2861554026603699,0.16783227026462555,0.03293696045875549,-0.018991701304912567,1.1027475595474243,-0.3056448996067047,1.1557310819625854,-0.29766780138015747,0.03089124523103237,0.8980928063392639,0.5410844087600708,1.1926705837249756,0.27619388699531555,0.671338677406311,1.1900320053100586,-2.6941590309143066,-0.141106516122818,-0.22110143303871155,0.07976532727479935,-0.5960667133331299,-0.5209062099456787,0.3994021415710449,-0.026239361613988876,0.07894338667392731,1.1329982280731201,-0.2888668179512024,-4.810006618499756,0.6167857050895691,1.8702481985092163,-0.8897857666015625,-0.1623079478740692,0.0060095228254795074,9.801072120666504,0.34821653366088867,-0.23200112581253052
0.96,-0.2972680330276489,-0.17307265102863312,0.05270154029130936,-0.6491904258728027,0.3054564297199249,0.19240586459636688,0.03351975604891777,0.0019367054337635636,1.116429090499878,-0.3122541010379791,-0.2972680330276489,-0.17307265102863312,0.05270154029130936,-0.6491904258728027,0.3054564297199249,0.19240586459636688,0.03351975604891777,0.0019367054337635636,1.116429090499878,-0.3122541010379791,0.87565678358078,-0.367428183555603,0.7192579507827759,0.7016133069992065,1.3175508975982666,1.2445454597473145,-0.19639448821544647,1.5776958465576172,0.32884740829467773,0.9727332592010498,-0.09463495016098022,-0.229559987783432,0.023215554654598236,-0.5494917631149292,-0.7482579946517944,0.5208079218864441,0.001351386308670044,0.09306176006793976,1.2351665496826172,-0.3177037835121155,-4.814210414886475,0.6362147927284241,2.1968252658843994,-0.7028350830078125,-0.26247918605804443,0.12083691358566284,9.800530433654785,0.33913469314575195,-0.2658751308917999
0.98,-0.2820350229740143,-0.17818529903888702,0.05154695361852646,-0.6375239491462708,0.33027613162994385,0.22295212745666504,0.032012827694416046,0.03592150658369064,1.136892557144165,-0.3095090091228485,-0.2820350229740143,-0.17818529903888702,0.05154695361852646,-0.6375239491462708,0.33027613162994385,0.22295212745666504,0.032012827694416046,0.03592150658369064,1.136892557144165,-0.3095090091228485,0.5051888823509216,-0.0004586300638038665,-0.9835101366043091,-0.005821558181196451,0.2544153034687042,1.6267733573913574,0.12594807147979736,1.5436110496520996,1.5425405502319336,-0.29086175560951233,-0.12983596324920654,-0.2408641278743744,-0.06354161351919174,-0.5455539226531982,-0.8300758600234985,0.5927000045776367,-0.14949163794517517,0.07760071754455566,1.1421093940734863,-0.4445566236972809,-15.013212203979492,2.6595091819763184,6.932422637939453,-0.7974287867546082,0.23522235453128815,0.19654586911201477,9.80111026763916,0.30717647075653076,-0.282794326543808
1.0,-0.26774826645851135,-0.18252716958522797,0.023931900039315224,-0.6312910318374634,0.33491113781929016,0.2577871084213257,0.020189957693219185,0.05154382437467575,1.1535673141479492,-0.3598865270614624,-0.26774826645851135,-0.18252716958522797,0.023931900039315224,-0.6312910318374634,0.33491113781929016,0.2577871084213257,0.020189957693219185,0.05154382437467575,1.1535673141479492,-0.3598865270614624,0.7392498254776001,-0.28705325722694397,-1.593644380569458,0.4773436486721039,0.1949446201324463,1.9094834327697754,-1.0474516153335571,0.3322538137435913,0.058402806520462036,-3.7517294883728027,-0.6446536779403687,-0.14480945467948914,-0.1543775498867035,-0.6689814925193787,-1.1238393783569336,0.1537984311580658,0.019178472459316254,0.024459486827254295,0.5458199977874756,-0.46615755558013916,-8.721001625061035,0.0684838742017746,4.170014381408691,-1.3288540840148926,0.21940571069717407,0.23430030047893524,9.803108215332031,0.2859436571598053,-0.23109185695648193
1.02,-0.2732541859149933,-0.18179109692573547,-0.02467978559434414,-0.6458451747894287,0.32834431529045105,0.275381475687027,0.009037748910486698,0.06089946627616882,1.0578840970993042,-0.4112604856491089,-0.2732541859149933,-0.18179109692573547,-0.02467978559434414,-0.6458451747894287,0.32834431529045105,0.275381475687027,0.009037748910486698,0.06089946627616882,1.0578840970993042,-0.4112604856491089,-1.3074814081192017,0.3051724433898926,-3.2818219661712646,-1.8166167736053467,-0.7690497636795044,-0.0539548322558403,-0.05440071225166321,0.22944417595863342,-8.866676330566406,-2.2100021839141846,-0.5733779072761536,0.0034963898360729218,-0.10144676268100739,-0.6747070550918579,-0.8366117477416992,0.05629506707191467,0.15357327461242676,-0.1611613780260086,0.2321927547454834,-0.35707610845565796,-5.445947170257568,-1.472130298614502,2.9786360263824463,0.026469780132174492,0.6392549872398376,0.5546466112136841,9.806532859802246,0.21835389733314514,-0.14262449741363525
1.04,-0.2990947961807251,-0.16234880685806274,-0.06918329000473022,-0.6765316724777222,0.3097420632839203,0.2604890763759613,0.018276412039995193,0.019845830276608467,0.8538878560066223,-0.43500983715057373,-0.2990947961807251,-0.16234880685806274,-0.06918329000473022,-0.6765316724777222,0.3097420632839203,0.2604890763759613,0.018276412039995193,0.019845830276608467,0.8538878560066223,-0.43500983715057373,-1.215834617614746,1.307491421699524,-1.2501810789108276,-1.1874200105667114,-1.186135172843933,-1.5975903272628784,0.5430312156677246,-4.494818210601807,-7.228482723236084,-15.603927612304688,-0.5924084186553955,0.0534110851585865,-0.09859178960323334,-1.6698319911956787,-0.035207152366638184,-0.25906866788864136,0.18863952159881592,-0.08662569522857666,0.42009955644607544,-0.026598602533340454,-29.78278350830078,-6.87680721282959,-6.734015941619873,0.6601400971412659,1.4252790212631226,0.6220460534095764,9.809305191040039,0.10081131011247635,0.058853939175605774
1.06,-0.3413402736186981,-0.13714507222175598,-0.08499041944742203,-0.8036409020423889,0.3045041561126709,0.2164086103439331,0.0371587872505188,-0.0462820902466774,0.727317214012146,-0.5130751132965088,-0.3413402736186981,-0.13714507222175598,-0.08499041944742203,-0.8036409020423889,0.3045041561126709,0.2164086103439331,0.0371587872505188,-0.0462820902466774,0.727317214012146,-0.5130751132965088,-2.476830244064331,0.2867144048213959,-0.5583012700080872,-11.982454299926758,1.0458221435546875,-1.6685595512390137,0.4950971305370331,-0.14357776939868927,-1.30441415309906,-1.9956018924713135,-0.5933684706687927,-0.021480392664670944,0.10787471383810043,-1.8596632480621338,0.26816147565841675,-0.2817520499229431,0.2620346248149872,-0.09979409724473953,0.5264625549316406,0.0468367338180542,-89.98014068603516,14.209931373596191,-39.513118743896484,1.5930464267730713,1.1834007501602173,0.04530593752861023,9.805192947387695,0.011474154889583588,0.3068663477897644
1.08,-0.36998695135116577,-0.11999763548374176,-0.04715639725327492,-1.085330605506897,0.24553577601909637,0.16727891564369202,0.04928203672170639,-0.02215985581278801,0.6984264850616455,-0.5102129578590393,-0.36998695135116577,-0.11999763548374176,-0.04715639725327492,-1.085330605506897,0.24553577601909637,0.16727891564369202,0.04928203672170639,-0.02215985581278801,0.6984264850616455,-0.5102129578590393,-1.1341218948364258,1.131650447845459,3.4750120639801025,-14.536308288574219,0.28038036823272705,-2.750701427459717,0.5502241253852844,1.1514641046524048,-1.7075220346450806,0.21351571381092072,-0.5535339117050171,-0.08756835758686066,0.09600133448839188,-1.6944479942321777,0.46779751777648926,-0.18667036294937134,0.2148844599723816,-0.1510542333126068,0.510022759437561,0.29646867513656616,-7.608426094055176,-1.5341204404830933,-1.902703046798706,1.4100391864776611,0.2688840627670288,-1.09888756275177,9.801283836364746,0.1866457611322403,0.3689235746860504
1.1,-0.3863169848918915,-0.10451732575893402,0.01188947819173336,-1.310790777206421,0.3250236213207245,0.12047966569662094,0.054958540946245193,-0.02888641133904457,0.6646509766578674,-0.5056149363517761,-0.3863169848918915,-0.10451732575893402,0.01188947819173336,-1.310790777206421,0.3250236213207245,0.12047966569662094,0.054958540946245193,-0.02888641133904457,0.6646509766578674,-0.5056149363517761,-0.6793009042739868,0.506014347076416,2.4007835388183594,-8.351995468139648,5.980120658874512,-1.989726185798645,0.15418335795402527,-1.6838715076446533,-1.761327862739563,0.10549496859312057,-0.516390860080719,-0.023535262793302536,0.06286536902189255,-1.6523263454437256,0.8088259696960449,-0.21576720476150513,0.2511935532093048,-0.05781902000308037,0.5396744608879089,0.4295821189880371,-5.57997989654541,-2.632209539413452,0.4264058768749237,0.8058437705039978,0.22509655356407166,-0.62473464012146,9.79460620880127,0.3683297038078308,0.4075820744037628
1.12,-0.39510485529899597,-0.093748077750206,0.04643629491329193,-1.4342015981674194,0.5375795960426331,0.08619608730077744,0.064552903175354,-0.028414061293005943,0.6376999616622925,-0.5028684139251709,-0.39510485529899597,-0.093748077750206,0.04643629491329193,-1.4342015981674194,0.5375795960426331,0.08619608730077744,0.064552903175354,-0.028414061293005943,0.6376999616622925,-0.5028684139251709,-0.33042603731155396,0.6015778183937073,1.1286215782165527,-4.645701885223389,12.750717163085938,-1.5982948541641235,0.6606014370918274,0.5712496042251587,-1.1706204414367676,0.05376796796917915,-0.7232464551925659,-0.09218375384807587,0.09883654862642288,-1.7630376815795898,0.9258503913879395,-0.2030741572380066,0.21791398525238037,-0.05503905564546585,0.5006585121154785,0.18574750423431396,-8.292985916137695,-1.0614053010940552,-1.461654543876648,0.5639590620994568,0.4415518343448639,-0.455874502658844,9.787440299987793,0.471368670463562,0.4689566493034363
1.14,-0.4142777919769287,-0.08794762194156647,0.06481563299894333,-1.5241355895996094,0.7498181462287903,0.05926123261451721,0.07352636009454727,-0.014589446596801281,0.6143263578414917,-0.5011334419250488,-0.4142777919769287,-0.08794762194156647,0.06481563299894333,-1.5241355895996094,0.7498181462287903,0.05926123261451721,0.07352636009454727,-0.014589446596801281,0.6143263578414917,-0.5011334419250488,-1.4213179349899292,0.07453639805316925,0.9486556649208069,-4.514969825744629,8.689590454101562,-1.2538352012634277,0.27463066577911377,0.8357459902763367,-1.2528342008590698,0.1461317539215088,-0.5148671865463257,-0.11733095347881317,0.06410142034292221,-1.777509093284607,0.918255090713501,-0.12602117657661438,0.16523237526416779,-0.06926089525222778,0.4996170103549957,0.0913081169128418,-8.849843978881836,-0.9877960085868835,-2.396015167236328,0.8135423064231873,0.14358575642108917,-0.08680243790149689,9.781826972961426,0.5279008746147156,0.522760808467865
1.16,-0.4340845048427582,-0.09019698202610016,0.07389698922634125,-1.6001020669937134,0.8563193678855896,0.0334625244140625,0.07763180881738663,-0.007945721037685871,0.5922210216522217,-0.4994683861732483,-0.4340845048427582,-0.09019698202610016,0.07389698922634125,-1.6001020669937134,0.8563193678855896,0.0334625244140625,0.07763180881738663,-0.007945721037685871,0.5922210216522217,-0.4994683861732483,-0.5634047985076904,-0.2547590136528015,-0.0037583874072879553,-3.269731044769287,3.1897075176239014,-1.1899040937423706,0.17960025370121002,0.029859844595193863,-0.826438844203949,-0.004748175386339426,-0.565148115158081,-0.08996351063251495,0.09885560721158981,-1.6784559488296509,1.1959590911865234,-0.16254359483718872,0.24332666397094727,-0.093489870429039,0.5337749719619751,0.07070934772491455,-8.509210586547852,-1.1265275478363037,-2.1333975791931152,0.325357586145401,0.10396844148635864,-0.283485472202301,9.778508186340332,0.5724668502807617,0.537728488445282
1.18,-0.44231659173965454,-0.09073520451784134,0.07585271447896957,-1.6417176723480225,1.000340461730957,0.013728895224630833,0.0841657891869545,-0.010271996259689331,0.5809537768363953,-0.5037137866020203,-0.44231659173965454,-0.09073520451784134,0.07585271447896957,-1.6417176723480225,1.000340461730957,0.013728895224630833,0.0841657891869545,-0.010271996259689331,0.5809537768363953,-0.5037137866020203,-0.3746536374092102,0.10263087600469589,0.27250343561172485,-1.005116581916809,9.233781814575195,-0.82831871509552,0.4107150733470917,-0.10059787333011627,-0.3242020308971405,-0.30157649517059326,-0.49299541115760803,-0.09616725146770477,0.15524405241012573,-1.6930959224700928,1.0453746318817139,-0.15126246213912964,0.2150753140449524,-0.058610763400793076,0.559600830078125,0.0039168596267700195,-9.37922477722168,-1.0582987070083618,-2.3977222442626953,0.06442681699991226,0.24907584488391876,-0.18292021751403809,9.773728370666504,0.6197918057441711,0.5711275339126587
1.2,-0.44759777188301086,-0.08901521563529968,0.09102322161197662,-1.6549125909805298,1.0646110773086548,-0.0031664506532251835,0.09168445318937302,-0.011380022391676903,0.5777406692504883,-0.5121508240699768,-0.44759777188301086,-0.08901521563529968,0.09102322161197662,-1.6549125909805298,1.0646110773086548,-0.0031664506532251835,0.09168445318937302,-0.011380022391676903,0.5777406692504883,-0.5121508240699768,-0.14333751797676086,0.04954878240823746,1.2530251741409302,-0.5760578513145447,-0.45390820503234863,-0.8468798995018005,0.3193346858024597,-0.05188179388642311,0.008857271634042263,-0.5487650036811829,-0.5641433000564575,-0.012216906994581223,0.11625700443983078,-1.6342918872833252,1.1053454875946045,-0.15657782554626465,0.21538357436656952,-0.09819387644529343,0.5490171909332275,0.1346975564956665,-7.108818054199219,-0.7173545360565186,-2.1332154273986816,-0.04089854285120964,0.14303748309612274,-0.3115428686141968,9.768224716186523,0.6672030091285706,0.6105175614356995
1.22,-0.45168423652648926,-0.08405786007642746,0.11446891725063324,-1.6572818756103516,1.0747864246368408,-0.01776040345430374,0.09897685050964355,-0.013851738534867764,0.5813173055648804,-0.5251070857048035,-0.45168423652648926,-0.08405786007642746,0.11446891725063324,-1.6572818756103516,1.0747864246368408,-0.01776040345430374,0.09897685050964355,-0.013851738534867764,0.5813173055648804,-0.5251070857048035,-0.30008742213249207,0.41205349564552307,0.8358153700828552,0.3102909028530121,1.204447865486145,-0.6634974479675293,0.39826643466949463,-0.1656217724084854,0.23066473007202148,-0.6764866709709167,-0.44861817359924316,-0.0775579959154129,-0.00528743676841259,-1.4215153455734253,1.4958305358886719,0.16236677765846252,0.21174107491970062,-0.07780908048152924,0.6766166687011719,0.19566655158996582,-8.89730167388916,-1.6394438743591309,-2.9320991039276123,-0.03306712210178375,0.16580626368522644,-0.22636641561985016,9.762517929077148,0.7212380766868591,0.6396571397781372
1.24,-0.4561865031719208,-0.0818544551730156,0.09988991916179657,-1.6183710098266602,1.23744797706604,-0.014834129251539707,0.10809174180030823,-0.029911907389760017,0.6034948229789734,-0.5430561900138855,-0.4561865031719208,-0.0818544551730156,0.09988991916179657,-1.6183710098266602,1.23744797706604,-0.014834129251539707,0.10809174180030823,-0.029911907389760017,0.6034948229789734,-0.5430561900138855,-0.0732964277267456,-0.08180756121873856,-2.0967464447021484,3.3974509239196777,12.185091972351074,0.7799069881439209,0.5535504817962646,-1.3194154500961304,1.7907867431640625,-1.2287060022354126,-0.6058951020240784,-0.023485373705625534,-0.048161283135414124,-1.2769482135772705,1.1945652961730957,-0.020994335412979126,0.26620402932167053,-0.1181708574295044,0.6830862164497375,0.6369177103042603,-5.08048152923584,-1.2507085800170898,-1.0867645740509033,-0.7939513921737671,0.2556132376194,0.19402389228343964,9.759780883789062,0.7211799025535583,0.6801999807357788
1.26,-0.459340900182724,-0.07838493585586548,0.04994867369532585,-1.534294843673706,1.2566370614359172,-0.003059585113078356,0.12068869173526764,-0.05164637789130211,0.6354265809059143,-0.572878360748291,-0.459340900182724,-0.07838493585586548,0.04994867369532585,-1.534294843673706,1.2698321342468262,-0.003059585113078356,0.12068869173526764,-0.05164637789130211,0.6354265809059143,-0.572878360748291,-0.2681640088558197,0.32718586921691895,-2.642383337020874,4.716784477233887,-3.348705768585205,0.4106791615486145,0.5973830819129944,-0.49269431829452515,1.5993666648864746,-1.3413238525390625,-0.5295006632804871,0.07310642302036285,-0.06487233936786652,-1.0921398401260376,0.8967100977897644,-0.09287083148956299,0.2813563346862793,-0.05359654128551483,0.6973812580108643,0.11896562576293945,-8.79143238067627,-1.1740827560424805,-3.799241542816162,-0.4424694776535034,0.26561635732650757,0.14463216066360474,9.758255004882812,0.670667290687561,0.7501775622367859
1.28,-0.4618695378303528,-0.06307580322027206,0.0030230532865971327,-1.4238343238830566,1.1060984134674072,-0.003937365487217903,0.13450269401073456,-0.05286459997296333,0.6626260280609131,-0.6000668406486511,-0.4618695378303528,-0.06307580322027206,0.0030230532865971327,-1.4238343238830566,1.1060984134674072,-0.003937365487217903,0.13450269401073456,-0.05286459997296333,0.6626260280609131,-0.6000668406486511,-0.045473113656044006,1.0319212675094604,-2.0993854999542236,6.133584499359131,-10.293191909790039,-0.3173936903476715,0.7094071507453918,0.22967958450317383,1.2500663995742798,-1.3992385864257812,-0.37661153078079224,0.14180047810077667,0.03417886793613434,-0.688766360282898,0.810151994228363,-0.07181799411773682,0.26451680064201355,-0.07463391870260239,0.6947400569915771,0.1909329891204834,-6.706222057342529,-1.2673453092575073,-3.183638572692871,0.16861099004745483,0.27999523282051086,-0.14814110100269318,9.753754615783691,0.6736931204795837,0.8040585517883301
1.3,-0.4541627764701843,-0.03660811856389046,-0.014770721085369587,-1.256459355354309,0.937617301940918,-0.013431004248559475,0.1479286402463913,-0.047444287687540054,0.6866474747657776,-0.6286532282829285,-0.4541627764701843,-0.03660811856389046,-0.014770721085369587,-1.256459355354309,0.937617301940918,-0.013431004248559475,0.1479286402463913,-0.047444287687540054,0.6866474747657776,-0.6286532282829285,0.6621407270431519,1.4408615827560425,0.3502900004386902,10.233088493347168,-6.747295379638672,-0.4556380808353424,0.5646024346351624,0.24530985951423645,1.2024905681610107,-1.453317642211914,-0.2479311227798462,0.10638873279094696,0.1428377479314804,-0.6733783483505249,0.41736677289009094,-0.024761557579040527,0.10286208242177963,-0.006360199302434921,0.7081243991851807,0.6622995138168335,-6.304200172424316,-2.12213397026062,-3.4450035095214844,0.30243006348609924,0.16398616135120392,-0.20182238519191742,9.747041702270508,0.7198792695999146,0.8444291949272156
1.32,-0.4397796094417572,-0.014960273168981075,0.023233983665704727,-1.0705794095993042,0.7088531851768494,-0.02344398759305477,0.1498005986213684,-0.0409974567592144,0.7100739479064941,-0.657584011554718,-0.4397796094417572,-0.014960273168981075,0.023233983665704727,-1.0705794095993042,0.7088531851768494,-0.02344398759305477,0.1498005986213684,-0.0409974567592144,0.7100739479064941,-0.657584011554718,0.8183037042617798,0.7924199104309082,3.2037081718444824,8.170635223388672,-13.949520111083984,-0.5336883664131165,-0.3015647530555725,0.36640483140945435,1.1856878995895386,-1.465898871421814,-0.12366378307342529,-0.03324307128787041,0.030416764318943024,-0.49090659618377686,0.17272067070007324,0.4090086817741394,-0.08609631657600403,-0.0955638736486435,0.9187254309654236,0.4234899878501892,-5.316155433654785,-1.48820161819458,-3.583888292312622,0.3264452815055847,-0.524620771408081,-0.21476119756698608,9.747239112854004,0.762009859085083,0.8042229413986206
1.34,-0.42178666591644287,-0.017731428146362305,0.061533477157354355,-0.9074431657791138,0.4324764609336853,-0.00786641612648964,0.1320570409297943,-0.05792897939682007,0.7648907899856567,-0.6823099255561829,-0.42178666591644287,-0.017731428146362305,0.061533477157354355,-0.9074431657791138,0.4324764609336853,-0.00786641612648964,0.1320570409297943,-0.05792897939682007,0.7648907899856567,-0.6823099255561829,1.1638736724853516,-0.6850554347038269,0.5521697402000427,8.281500816345215,-12.762287139892578,1.7213011980056763,-1.2385488748550415,-1.725612998008728,3.9409425258636475,-1.0614702701568604,0.055952221155166626,-0.11390537023544312,0.160183846950531,-0.5689606666564941,-0.2609267830848694,0.5835893750190735,-0.23285049200057983,-0.1604800969362259,0.8534886837005615,0.08418554067611694,-4.510699272155762,-1.3825193643569946,-2.433870315551758,-0.6822504997253418,-1.1420509815216064,0.2934797704219818,9.760809898376465,0.7489415407180786,0.6338515281677246
1.36,-0.3904403746128082,-0.03616843372583389,0.09124167263507843,-0.8033811450004578,0.3533637225627899,0.02911856211721897,0.09905966371297836,-0.10705355554819107,0.8403369784355164,-0.6936470866203308,-0.3904403746128082,-0.03616843372583389,0.09124167263507843,-0.8033811450004578,0.3533637225627899,0.02911856211721897,0.09905966371297836,-0.10705355554819107,0.8403369784355164,-0.6936470866203308,2.126248598098755,-1.2239327430725098,2.8930015563964844,2.388150691986084,11.479021072387695,1.9945894479751587,-1.8283259868621826,-3.023433208465576,3.598393678665161,-0.9744914174079895,-0.18407723307609558,-0.20036062598228455,0.07378634065389633,-0.553485095500946,-0.46144676208496094,0.4130675494670868,-0.13785144686698914,0.0020143650472164154,0.985321581363678,0.16453063488006592,-11.544157028198242,-4.908105373382568,-0.13436274230480194,-1.245241641998291,-1.3679983615875244,0.47093644738197327,9.779240608215332,0.6718586683273315,0.3887905776500702
1.38,-0.38963615894317627,-0.04857374727725983,0.07962801307439804,-0.8201459050178528,0.3738116919994354,0.06112709641456604,0.08645059913396835,-0.12950879335403442,0.8986255526542664,-0.6470672488212585,-0.38963615894317627,-0.04857374727725983,0.07962801307439804,-0.8201459050178528,0.3738116919994354,0.06112709641456604,0.08645059913396835,-0.12950879335403442,0.8986255526542664,-0.6470672488212585,0.8968834280967712,-0.9405040740966797,-0.8298018574714661,0.6866178512573242,0.10759249329566956,1.606458306312561,-0.536669135093689,0.6798422932624817,2.8999757766723633,3.90498685836792,-0.14853718876838684,-0.2802356481552124,0.12114063650369644,-0.6490861773490906,-0.7106612920761108,0.5460799336433411,-0.17601989209651947,-0.049836184829473495,1.1881377696990967,0.0384974479675293,-19.469980239868164,-0.9089417457580566,0.693025529384613,-1.0497148036956787,-0.507044792175293,0.03714212402701378,9.786042213439941,0.6162568926811218,0.2995183765888214
1.4,-0.3714585602283478,-0.07455527782440186,0.06790298223495483,-0.7960777282714844,0.37037521600723267,0.10543039441108704,0.06592446565628052,-0.11241728812456131,0.9706199169158936,-0.5360438227653503,-0.3714585602283478,-0.07455527782440186,0.06790298223495483,-0.7960777282714844,0.37037521600723267,0.10543039441108704,0.06592446565628052,-0.11241728812456131,0.9706199169158936,-0.5360438227653503,0.9720736742019653,-1.487390160560608,-0.3396521508693695,1.3894470930099487,-0.30052855610847473,2.5862653255462646,-1.349973201751709,0.7280600070953369,4.082016944885254,6.184004783630371,-0.21451124548912048,-0.2678501307964325,0.04526529461145401,-0.6542162895202637,-0.9057753086090088,0.4355015158653259,-0.10845416784286499,-0.05619140341877937,1.0855673551559448,-0.12981027364730835,-11.652864456176758,1.916424036026001,0.5599855780601501,-0.9859166145324707,-1.0197196006774902,0.20296508073806763,9.791900634765625,0.5753415822982788,0.15417921543121338
1.42,-0.3500504493713379,-0.10253958404064178,0.06463722884654999,-0.767051100730896,0.3622186779975891,0.14817114174365997,0.041576556861400604,-0.09411515295505524,1.033355474472046,-0.398078978061676,-0.3500504493713379,-0.10253958404064178,0.06463722884654999,-0.767051100730896,0.3622186779975891,0.14817114174365997,0.041576556861400604,-0.09411515295505524,1.033355474472046,-0.398078978061676,0.9701820015907288,-1.3123825788497925,-0.2614677846431732,1.3828566074371338,-0.49452605843544006,1.7428464889526367,-1.0741925239562988,1.045193076133728,2.254894256591797,6.265496253967285,-0.1948060244321823,-0.2132229208946228,0.01970972865819931,-0.6308735609054565,-1.0679031610488892,0.30911967158317566,0.01963946595788002,-0.04484899714589119,1.0967442989349365,-0.06978312134742737,-7.404019832611084,-0.8728997111320496,0.9493964910507202,-0.43230608105659485,-1.014171838760376,0.027096563950181007,9.793726921081543,0.5631917715072632,-0.04272013530135155
1.44,-0.32985779643058777,-0.12157200276851654,0.055571287870407104,-0.7387077808380127,0.34999173879623413,0.17391227185726166,0.030090488493442535,-0.06669588387012482,1.0655242204666138,-0.2834895849227905,-0.32985779643058777,-0.12157200276851654,0.055571287870407104,-0.7387077808380127,0.34999173879623413,0.17391227185726166,0.030090488493442535,-0.06669588387012482,1.0655242204666138,-0.2834895849227905,1.010094165802002,-0.6735041737556458,-0.7340307235717773,1.3889999389648438,-0.7138485908508301,0.9694251418113708,-0.202290877699852,1.4902384281158447,1.2199891805648804,5.207062721252441,-0.18223437666893005,-0.2519111633300781,0.02372007817029953,-0.6120795011520386,-0.7723994255065918,0.3084058165550232,-0.014765571802854538,0.006925654597580433,1.110983967781067,-0.22171446681022644,-6.7208051681518555,-0.10235322266817093,1.9321151971817017,-0.0217945147305727,-0.5407075881958008,-0.07521896064281464,9.791747093200684,0.5655919909477234,-0.19466586410999298
1.46,-0.31181684136390686,-0.1341102570295334,0.038215089589357376,-0.7125194668769836,0.34069162607192993,0.19037175178527832,0.025756746530532837,-0.03948524594306946,1.0831385850906372,-0.22490251064300537,-0.31181684136390686,-0.1341102570295334,0.038215089589357376,-0.7125194668769836,0.34069162607192993,0.19037175178527832,0.025756746530532837,-0.03948524594306946,1.0831385850906372,-0.22490251064300537,0.8284693956375122,-0.618299663066864,-0.8352040648460388,1.272919774055481,-0.1533137559890747,0.7603766322135925,-0.26392775774002075,1.406623125076294,0.5944949984550476,0.6184614896774292,-0.11228734254837036,-0.21306100487709045,0.018741615116596222,-0.5992324352264404,-0.5599164962768555,0.2982393205165863,-0.05010304972529411,0.0029621392022818327,1.126058578491211,-0.3077673614025116,-4.931338310241699,0.30878737568855286,1.6782914400100708,0.18753455579280853,-0.4608248472213745,0.003205343149602413,9.789083480834961,0.572215735912323,-0.2872386872768402
1.48,-0.2952606678009033,-0.14236034452915192,0.032294947654008865,-0.6908364295959473,0.33758440613746643,0.20274464786052704,0.01992504857480526,-0.01922616735100746,1.0936217308044434,-0.254410058259964,-0.2952606678009033,-0.14236034452915192,0.032294947654008865,-0.6908364295959473,0.33758440613746643,0.20274464786052704,0.01992504857480526,-0.01922616735100746,1.0936217308044434,-0.254410058259964,0.8959780335426331,-0.2673812508583069,-0.02830704115331173,0.9436712265014648,-0.26502856612205505,0.5066318511962891,-0.3624103367328644,0.605774998664856,0.517145574092865,-2.4323747158050537,-0.16540682315826416,-0.18807128071784973,0.006503023207187653,-0.5739731788635254,0.21643680334091187,0.36179736256599426,-0.03492152318358421,0.050949689000844955,1.1185908317565918,-0.18077492713928223,-7.745347023010254,1.1430511474609375,3.2352499961853027,0.09010510891675949,-0.224511981010437,-0.16488121449947357,9.786216735839844,0.5809999704360962,-0.3584709167480469
1.5,-0.2801128029823303,-0.14574047923088074,0.029565392062067986,-0.6746442317962646,0.33424630761146545,0.21701520681381226,0.014356737956404686,-0.0020840356592088938,1.1012983322143555,-0.2380979210138321,-0.2801128029823303,-0.14574047923088074,0.029565392062067986,-0.6746442317962646,0.33424630761146545,0.21701520681381226,0.014356737956404686,-0.0020840356592088938,1.1012983322143555,-0.2380979210138321,0.6372300386428833,-0.09071534872055054,-0.21739277243614197,0.6746385097503662,-0.09603395313024521,0.8497592210769653,-0.20488975942134857,1.1710201501846313,0.27384114265441895,2.584928035736084,-0.1477816104888916,-0.17411310970783234,-0.013381682336330414,-0.5782438516616821,0.20224332809448242,0.3945809006690979,-0.12528714537620544,0.0903778225183487,1.1476880311965942,-0.20042338967323303,-7.1813130378723145,0.29176777601242065,2.980750322341919,-0.07621537894010544,-0.007137831766158342,-0.0398632287979126,9.784077644348145,0.6033567786216736,-0.3793322443962097
1.52,-0.2679951786994934,-0.14806735515594482,0.022937076166272163,-0.6645623445510864,0.3343617916107178,0.23484817147254944,0.005243344232439995,0.02284828945994377,1.1099731922149658,-0.21127864718437195,-0.2679951786994934,-0.14806735515594482,0.022937076166272163,-0.6645623445510864,0.3343617916107178,0.23484817147254944,0.005243344232439995,0.02284828945994377,1.1099731922149658,-0.21127864718437195,0.6154899597167969,-0.11967557668685913,-0.42160123586654663,0.39882683753967285,0.07568822801113129,0.913079559803009,-0.6710641384124756,1.3681772947311401,0.5771857500076294,0.4968380630016327,-0.16492509841918945,-0.20916058123111725,-0.05557684600353241,-0.5448148846626282,0.2160452902317047,0.45735734701156616,-0.09175340831279755,0.12067736685276031,1.1390659809112549,-0.34288662672042847,-7.77179479598999,0.4244910478591919,3.499007225036621,-0.2975296676158905,0.07623418420553207,-0.07453910261392593,9.783761978149414,0.614939272403717,-0.36871442198753357
1.54,-0.25633686780929565,-0.1491219848394394,0.00873746257275343,-0.6566696166992188,0.3360065519809723,0.25590845942497253,-0.007187302224338055,0.055060431361198425,1.1202605962753296,-0.258769690990448,-0.25633686780929565,-0.1491219848394394,0.00873746257275343,-0.6566696166992188,0.3360065519809723,0.25590845942497253,-0.007187302224338055,0.055060431361198425,1.1202605962753296,-0.258769690990448,0.5683358907699585,-0.006278743501752615,-0.9594523906707764,0.4301382303237915,0.06273499131202698,1.1831783056259155,-0.5645568370819092,1.7700810432434082,0.3512122929096222,-3.8417415618896484,-0.39348673820495605,-0.15424039959907532,-0.1413809210062027,-0.5726734399795532,-0.7720650434494019,0.06399339437484741,-0.0037560611963272095,0.04138994961977005,0.7385640740394592,-0.3350728750228882,-8.487025260925293,-0.27950283885002136,3.283632278442383,-0.6286730766296387,0.32286950945854187,0.04509352147579193,9.784838676452637,0.6239957213401794,-0.3219676613807678
1.56,-0.24826283752918243,-0.1467716544866562,-0.029871443286538124,-0.6547638773918152,0.3326491713523865,0.25991111993789673,-0.014448435977101326,0.0788813903927803,1.060937523841858,-0.30187472701072693,-0.24826283752918243,-0.1467716544866562,-0.029871443286538124,-0.6547638773918152,0.3326491713523865,0.25991111993789673,-0.014448435977101326,0.0788813903927803,1.060937523841858,-0.30187472701072693,0.052552781999111176,0.23634755611419678,-2.965496063232422,-0.24031944572925568,-0.3079189658164978,-0.5662530660629272,-0.11836770921945572,0.4019281566143036,-5.675363063812256,-1.3862360715866089,-0.5120446681976318,-0.03983714058995247,-0.13125267624855042,-0.5904998779296875,-0.5310423374176025,0.001503586769104004,0.0978831946849823,-0.019947651773691177,0.45117154717445374,-0.2645372450351715,-5.861957550048828,-1.6676570177078247,2.518052577972412,0.01034500077366829,0.6065284609794617,0.0012854128144681454,9.787117004394531,0.6303314566612244,-0.2260856032371521
1.58,-0.2573608160018921,-0.13390375673770905,-0.07766211032867432,-0.6616904139518738,0.3226540982723236,0.23901131749153137,-0.009500139392912388,0.0652921125292778,0.9354368448257446,-0.3425094485282898,-0.2573608160018921,-0.13390375673770905,-0.07766211032867432,-0.6616904139518738,0.3226540982723236,0.23901131749153137,-0.009500139392912388,0.0652921125292778,0.9354368448257446,-0.3425094485282898,-0.9070813059806824,0.8391347527503967,-1.7310987710952759,-0.3265656530857086,-0.9083695411682129,-1.7894937992095947,0.29633384943008423,-1.6124159097671509,-4.297804832458496,-7.294699192047119,-0.44977593421936035,-0.03722134605050087,-0.06446900963783264,-1.413972020149231,-0.15152859687805176,-0.15438508987426758,0.1225801408290863,-0.12302321940660477,0.378000944852829,-0.15199261903762817,-17.783180236816406,-6.789432048797607,-1.2882176637649536,0.9713181853294373,0.9480469226837158,0.475209504365921,9.792472839355469,0.5820504426956177,-0.06925193965435028
1.6,-0.29483547806739807,-0.11773219704627991,-0.09324412047863007,-0.7536987066268921,0.3120095133781433,0.18826453387737274,-0.004750601947307587,0.015084018930792809,0.828032374382019,-0.42903196811676025,-0.29483547806739807,-0.11773219704627991,-0.09324412047863007,-0.7536987066268921,0.3120095133781433,0.18826453387737274,-0.004750601947307587,0.015084018930792809,0.828032374382019,-0.42903196811676025,-2.3711142539978027,0.8217452764511108,-0.017265684902668,-8.786528587341309,-0.06548204272985458,-3.1044483184814453,0.37657779455184937,-3.278315544128418,-6.4360504150390625,0.017737330868840218,-0.586196780204773,0.003475148230791092,0.005520984530448914,-1.693554401397705,0.1266871988773346,-0.25868892669677734,0.20733171701431274,-0.13393694162368774,0.4539843201637268,0.12351751327514648,0.3890182375907898,2.26101016998291,0.23464037477970123,1.5064048767089844,0.9151735901832581,0.4645899832248688,9.798845291137695,0.45924273133277893,0.08843378722667694
1.62,-0.34156274795532227,-0.09920188784599304,-0.0744977742433548,-0.9738157391548157,0.28639402985572815,0.12818031013011932,0.00978075247257948,-0.04525967687368393,0.7224867343902588,-0.5300270915031433,-0.34156274795532227,-0.09920188784599304,-0.0744977742433548,-0.9738157391548157,0.28639402985572815,0.12818031013011932,0.00978075247257948,-0.04525967687368393,0.7224867343902588,-0.5300270915031433,-2.1627557277679443,1.0040879249572754,1.6091769933700562,-12.23276424407959,-1.8640868663787842,-2.8629283905029297,1.0077035427093506,-2.566716194152832,-4.537274360656738,-4.9823689460754395,-0.6822755932807922,0.021835554391145706,0.011647038161754608,-1.8528432846069336,0.5175653696060181,-0.4216175675392151,0.2660965323448181,-0.09083372354507446,0.45194000005722046,0.4197345972061157,-3.8704960346221924,0.8245027661323547,-1.5076262950897217,0.9719004034996033,1.1742116212844849,0.12046502530574799,9.797146797180176,0.41126957535743713,0.28786763548851013
1.64,-0.36511602997779846,-0.08713929355144501,-0.032419998198747635,-1.2207266092300415,0.34171849489212036,0.08738455176353455,0.022123802453279495,-0.04106658324599266,0.6854139566421509,-0.5454025268554688,-0.36511602997779846,-0.08713929355144501,-0.032419998198747635,-1.2207266092300415,0.34171849489212036,0.08738455176353455,0.022123802453279495,-0.04106658324599266,0.6854139566421509,-0.5454025268554688,-0.9005908966064453,0.8679867386817932,2.2325429916381836,-12.224403381347656,7.544925212860107,-2.4606738090515137,0.6608401536941528,1.447167158126831,-1.934890627861023,0.5561825037002563,-0.6348891854286194,0.027480650693178177,0.053910620510578156,-1.7001327276229858,0.5824578404426575,-0.25055205821990967,0.19355455040931702,-0.1626964509487152,0.4696172773838043,0.3908137083053589,-12.251394271850586,-2.944643259048462,-3.2130472660064697,1.4334173202514648,0.3777904510498047,-0.8797764182090759,9.788944244384766,0.5037893652915955,0.3985872268676758
1.66,-0.3864087462425232,-0.06865787506103516,0.002929574577137828,-1.4044291973114014,0.4653664827346802,0.04345463588833809,0.03251509368419647,-0.039972562342882156,0.6437998414039612,-0.5330058336257935,-0.3864087462425232,-0.06865787506103516,0.002929574577137828,-1.4044291973114014,0.4653664827346802,0.04345463588833809,0.03251509368419647,-0.039972562342882156,0.6437998414039612,-0.5330058336257935,-1.1835886240005493,0.9635536670684814,1.5331064462661743,-6.565450668334961,5.1521406173706055,-1.9184504747390747,0.38485008478164673,-1.8684626817703247,-2.1441900730133057,0.3926747739315033,-0.5690038800239563,-0.03820101544260979,0.010520212352275848,-1.7314887046813965,0.6965977549552917,-0.2686185836791992,0.1833961457014084,-0.16298557817935944,0.43723264336586,0.35876214504241943,-5.928513050079346,-2.770303726196289,-0.21398386359214783,1.342326045036316,0.47357630729675293,-0.32991528511047363,9.778182983398438,0.6397973895072937,0.46249791979789734
1.68,-0.4057750701904297,-0.05768555775284767,0.01747342012822628,-1.5081241130828857,0.5787510275840759,0.007320614531636238,0.04002813994884491,-0.06704580783843994,0.6023615002632141,-0.5181850790977478,-0.4057750701904297,-0.05768555775284767,0.01747342012822628,-1.5081241130828857,0.5787510275840759,0.007320614531636238,0.04002813994884491,-0.06704580783843994,0.6023615002632141,-0.5181850790977478,-0.8415480256080627,0.2874467968940735,0.09544161707162857,-4.398300647735596,5.584753036499023,-1.8250104188919067,0.40622013807296753,-1.5892736911773682,-2.182655096054077,-0.4989182651042938,-0.605122447013855,-0.049642037600278854,0.03381006419658661,-1.7654931545257568,0.8196225166320801,-0.29621320962905884,0.21630437672138214,-0.16138257086277008,0.4196062386035919,0.34934282302856445,-5.2883100509643555,-1.8740378618240356,-0.6827659606933594,0.9134469628334045,0.4002896845340729,-0.2232915759086609,9.770590782165527,0.6980381608009338,0.5332889556884766
1.7,-0.4210846722126007,-0.054398778825998306,0.01818148046731949,-1.5848101377487183,0.6979039907455444,-0.024396102875471115,0.0488605760037899,-0.07286174595355988,0.5638686418533325,-0.5107428431510925,-0.4210846722126007,-0.054398778825998306,0.01818148046731949,-1.5848101377487183,0.6979039907455444,-0.024396102875471115,0.0488605760037899,-0.07286174595355988,0.5638686418533325,-0.5107428431510925,-0.7924709320068359,0.1734289973974228,0.11356061697006226,-3.471423864364624,5.82328987121582,-1.5487529039382935,0.49218571186065674,-0.32549265027046204,-2.005699872970581,0.5546724796295166,-0.6667906641960144,-0.08244796097278595,0.10509170591831207,-1.8127541542053223,0.9223538637161255,-0.30538880825042725,0.21091173589229584,-0.14175915718078613,0.424479216337204,0.203399658203125,-4.906268119812012,-1.5308268070220947,-0.7825993895530701,0.6467830538749695,0.3136398494243622,-0.15874360501766205,9.764081954956055,0.741686224937439,0.5905163884162903
1.72,-0.44008615612983704,-0.05296282097697258,0.031455159187316895,-1.6498029232025146,0.8119360208511353,-0.05251011252403259,0.05703862011432648,-0.07633768767118454,0.5269255042076111,-0.49986082315444946,-0.44008615612983704,-0.05296282097697258,0.031455159187316895,-1.6498029232025146,0.8119360208511353,-0.05251011252403259,0.05703862011432648,-0.07633768767118454,0.5269255042076111,-0.49986082315444946,-1.0581892728805542,0.00868969690054655,1.2706650495529175,-3.0851638317108154,5.317405700683594,-1.3376785516738892,0.35573288798332214,-0.15277236700057983,-1.7687551975250244,0.4671322703361511,-0.6365041732788086,-0.10290785133838654,0.06711017340421677,-1.7181097269058228,0.9743493795394897,-0.2252940535545349,0.22233213484287262,-0.15025047957897186,0.4491828978061676,0.20499110221862793,-4.491171360015869,-0.9077053666114807,-0.8526602983474731,0.5887351036071777,0.17937226593494415,-0.058533377945423126,9.759384155273438,0.766952395439148,0.6342810392379761
1.74,-0.45913246273994446,-0.05587151274085045,0.05167941376566887,-1.6872014999389648,0.8982523083686829,-0.07364071160554886,0.06500614434480667,-0.08377020061016083,0.500999391078949,-0.494397908449173,-0.45913246273994446,-0.05587151274085045,0.05167941376566887,-1.6872014999389648,0.8982523083686829,-0.07364071160554886,0.06500614434480667,-0.08377020061016083,0.500999391078949,-0.494397908449173,-0.8503819108009338,-0.2389332503080368,0.5938149094581604,-0.8293920159339905,3.604764223098755,-0.8327129483222961,0.48509618639945984,-0.6412078142166138,-0.9512647986412048,0.02293531782925129,-0.6561641693115234,-0.10256500542163849,0.0695057064294815,-1.7021703720092773,1.0490832328796387,-0.22717952728271484,0.21413415670394897,-0.1380799263715744,0.45468273758888245,0.1892911195755005,-4.962376117706299,-1.0304657220840454,-0.6867201924324036,0.19956272840499878,0.24751076102256775,0.012676049955189228,9.756210327148438,0.7772166132926941,0.6696234941482544
1.76,-0.4749363958835602,-0.06200177222490311,0.060024090111255646,-1.6946927309036255,0.9727862477302551,-0.08765538036823273,0.07458062469959259,-0.08515258133411407,0.4877888560295105,-0.49566569924354553,-0.4749363958835602,-0.06200177222490311,0.060024090111255646,-1.6946927309036255,0.9727862477302551,-0.08765538036823273,0.07458062469959259,-0.08515258133411407,0.4877888560295105,-0.49566569924354553,-0.7801943421363831,-0.317065954208374,0.3479405343532562,-0.11967783421278,3.6186487674713135,-0.654792308807373,0.4530991017818451,0.07162754237651825,-0.5007202625274658,-0.1415742188692093,-0.7131285667419434,-0.06518365442752838,0.09827148169279099,-1.653631329536438,1.1281687021255493,-0.19984954595565796,0.23073549568653107,-0.10874444246292114,0.4714435040950775,0.2278609275817871,-8.011312484741211,-1.2533671855926514,-2.4418578147888184,0.07406080514192581,0.20760007202625275,-0.011923572979867458,9.752883911132812,0.7779365181922913,0.7156623005867004
1.78,-0.4931611716747284,-0.06448209285736084,0.07097134739160538,-1.6893099546432495,1.0488163232803345,-0.098237544298172,0.0839107409119606,-0.08194412291049957,0.4825398623943329,-0.501732349395752,-0.4931611716747284,-0.06448209285736084,0.07097134739160538,-1.6893099546432495,1.0488163232803345,-0.098237544298172,0.0839107409119606,-0.08194412291049957,0.4825398623943329,-0.501732349395752,-1.0164848566055298,0.01630130410194397,0.7384194731712341,0.6087211966514587,3.7430644035339355,-0.4479821026325226,0.4633289575576782,0.245376855134964,-0.09103559702634811,-0.42327558994293213,-0.6310200095176697,-0.046863358467817307,0.02015155553817749,-1.5308029651641846,1.1017632484436035,-0.17695856094360352,0.2587185502052307,-0.10944516956806183,0.49167290329933167,0.2397913932800293,-7.906512260437012,-1.4434345960617065,-2.3961381912231445,0.2000732719898224,0.19466881453990936,0.06821732968091965,9.750313758850098,0.775549590587616,0.7523300647735596
1.8,-0.5080571174621582,-0.0634765774011612,0.07180659472942352,-1.6583884954452515,1.086320400238037,-0.1071709617972374,0.09533393383026123,-0.07869953662157059,0.48522278666496277,-0.5133369565010071,-0.5080571174621582,-0.0634765774011612,0.07180659472942352,-1.6583884954452515,1.086320400238037,-0.1071709617972374,0.09533393383026123,-0.07869953662157059,0.48522278666496277,-0.5133369565010071,-0.5281004905700684,0.06554485112428665,-0.7275063395500183,2.294010639190674,0.7006914019584656,-0.40071991086006165,0.6696643829345703,0.05918106436729431,0.3510458767414093,-0.7214747667312622,-0.6547611951828003,0.02274187281727791,-0.10037858784198761,-1.4871582984924316,1.1581060886383057,-0.2301185131072998,0.29670286178588867,-0.09777163714170456,0.4936386048793793,0.25343406200408936,-8.096280097961426,-1.7280102968215942,-2.2754149436950684,0.016725625842809677,0.3111468255519867,-0.05077101290225983,9.746634483337402,0.7775225639343262,0.7966606020927429
1.82,-0.5171318054199219,-0.05792813375592232,0.035617463290691376,-1.610173225402832,1.1155074834823608,-0.11682455241680145,0.11151763796806335,-0.07577945291996002,0.4933481514453888,-0.5296475887298584,-0.5171318054199219,-0.05792813375592232,0.035617463290691376,-1.610173225402832,1.1155074834823608,-0.11682455241680145,0.11151763796806335,-0.07577945291996002,0.4933481514453888,-0.5296475887298584,-0.4610918462276459,0.45944246649742126,-2.8425896167755127,2.419167995452881,1.8614903688430786,-0.5615370273590088,0.9089959859848022,0.2441999912261963,0.41266027092933655,-0.8656473159790039,-0.7298294305801392,0.1039794534444809,-0.12139980494976044,-1.3680620193481445,1.0344407558441162,-0.1970219612121582,0.30881863832473755,-0.08188469707965851,0.5196307301521301,0.27878403663635254,-8.244952201843262,-2.1422953605651855,-2.9644775390625,0.1360170841217041,0.459913045167923,-0.11753225326538086,9.738907814025879,0.7956743836402893,0.8698750734329224
1.84,-0.5310587882995605,-0.04163189232349396,-0.02488727867603302,-1.5518563985824585,1.092408537864685,-0.12551084160804749,0.1306801438331604,-0.06745714694261551,0.5044263601303101,-0.5491101741790771,-0.5310587882995605,-0.04163189232349396,-0.02488727867603302,-1.5518563985824585,1.092408537864685,-0.12551084160804749,0.1306801438331604,-0.06745714694261551,0.5044263601303101,-0.5491101741790771,-0.8751904368400574,1.0610958337783813,-2.970391035079956,3.370436429977417,-2.7519495487213135,-0.34569892287254333,0.948455810546875,0.545566976070404,0.6492253541946411,-1.0489829778671265,-0.5428743362426758,0.17920495569705963,-0.07005853950977325,-1.1460509300231934,0.9936181902885437,-0.14369729161262512,0.31191766262054443,-0.10256446152925491,0.5835338830947876,0.21267592906951904,-7.273252010345459,-2.0625100135803223,-3.162522077560425,0.4384508728981018,0.49380603432655334,0.0852382555603981,9.729713439941406,0.8052552938461304,0.959341287612915
1.86,-0.5398404002189636,-0.013984670862555504,-0.06718969345092773,-1.458166241645813,1.0399668216705322,-0.13232047855854034,0.15035130083560944,-0.06636641919612885,0.5228879451751709,-0.5735252499580383,-0.5398404002189636,-0.013984670862555504,-0.06718969345092773,-1.458166241645813,1.0399668216705322,-0.13232047855854034,0.15035130083560944,-0.06636641919612885,0.5228879451751709,-0.5735252499580383,-0.0845429077744484,1.56523597240448,-1.224789023399353,5.729218006134033,-2.3129916191101074,-0.2649020850658417,0.9758830070495605,-0.675254225730896,1.1767555475234985,-1.4724211692810059,-0.3825078010559082,0.20125031471252441,0.06080068647861481,-0.8070222735404968,0.6469901204109192,-0.09841758012771606,0.19290481507778168,-0.0738070011138916,0.6692574620246887,0.15021920204162598,-4.243991851806641,-1.00264310836792,-1.9189611673355103,0.3347233533859253,0.5114943385124207,-0.03543535992503166,9.720136642456055,0.8100293874740601,1.0482819080352783
1.88,-0.5313137173652649,0.01611289195716381,-0.055488865822553635,-1.305482029914856,0.8770085573196411,-0.13482381403446198,0.16357600688934326,-0.07189550995826721,0.5573148131370544,-0.6033615469932556,-0.5313137173652649,0.01611289195716381,-0.055488865822553635,-1.305482029914856,0.8770085573196411,-0.13482381403446198,0.16357600688934326,-0.07189550995826721,0.5573148131370544,-0.6033615469932556,0.8103346824645996,1.412768006324768,2.282208204269409,9.112479209899902,-11.17475700378418,-0.0024820470716804266,0.3237864077091217,-0.12803992629051208,2.1265058517456055,-1.4995415210723877,-0.10126155614852905,0.17248575389385223,0.16983036696910858,-0.5181376934051514,0.24624505639076233,0.3498217761516571,0.018508121371269226,-0.06782487034797668,0.8475719094276428,-0.05972757935523987,-4.063266277313232,-0.9631311297416687,-2.9101319313049316,0.26306822896003723,0.046360038220882416,-0.16136804223060608,9.712066650390625,0.8352752327919006,1.1018929481506348
1.9,-0.5068766474723816,0.03504543378949165,0.0181699451059103,-1.0978140830993652,0.5794670581817627,-0.1134381890296936,0.16048119962215424,-0.07688262313604355,0.6311635971069336,-0.6328485608100891,-0.5068766474723816,0.03504543378949165,0.0181699451059103,-1.0978140830993652,0.5794670581817627,-0.1134381890296936,0.16048119962215424,-0.07688262313604355,0.6311635971069336,-0.6328485608100891,1.7573357820510864,0.6133259534835815,4.854413032531738,11.216114044189453,-16.260717391967773,1.896748423576355,-0.5292131304740906,-0.29754722118377686,4.952969074249268,-1.291677713394165,-0.027111738920211792,-0.043663572520017624,0.08280502259731293,-0.499632328748703,0.02719283103942871,0.5657196640968323,-0.16109441220760345,-0.11143472790718079,0.7831848859786987,-0.06566861271858215,-4.6496100425720215,-1.7108608484268188,-3.4038851261138916,-0.40380609035491943,-0.6443364024162292,0.12663237750530243,9.718749046325684,0.8351192474365234,1.041439175605774
1.92,-0.47030723094940186,0.025124147534370422,0.08675487339496613,-0.9024606943130493,0.28954169154167175,-0.06851930171251297,0.13457399606704712,-0.09610258787870407,0.725977897644043,-0.6532528400421143,-0.47030723094940186,0.025124147534370422,0.08675487339496613,-0.9024606943130493,0.28954169154167175,-0.06851930171251297,0.13457399606704712,-0.09610258787870407,0.725977897644043,-0.6532528400421143,1.8556410074234009,-1.197142243385315,1.8646975755691528,8.481402397155762,-12.689634323120117,2.3761816024780273,-1.698387622833252,-1.381603479385376,4.414246559143066,-1.3832976818084717,-0.02528369426727295,-0.19444704055786133,0.09501411020755768,-0.5426207780838013,-0.41349107027053833,0.6672616600990295,-0.18688878417015076,0.03370320424437523,0.8222916126251221,0.28934842348098755,-4.981147289276123,-4.58760404586792,-3.567014217376709,-1.0022647380828857,-1.5262452363967896,0.5135382413864136,9.744702339172363,0.7626822590827942,0.8337863087654114
1.94,-0.43570828437805176,-0.008259866386651993,0.11151013523340225,-0.7978951930999756,0.22728019952774048,-0.015859397128224373,0.1027827188372612,-0.08920245617628098,0.8054830431938171,-0.668735921382904,-0.43570828437805176,-0.008259866386651993,0.11151013523340225,-0.7978951930999756,0.22728019952774048,-0.015859397128224373,0.1027827188372612,-0.08920245617628098,0.8054830431938171,-0.668735921382904,1.9183567762374878,-2.174483299255371,1.2862528562545776,2.5213820934295654,13.720948219299316,2.8599095344543457,-1.3145625591278076,1.8479467630386353,3.56378436088562,-0.23012356460094452,-0.18179714679718018,-0.32190755009651184,0.07465673238039017,-0.5872771739959717,-0.8261767625808716,0.5553362369537354,-0.19818015396595,0.07524709403514862,1.0392889976501465,0.09451627731323242,-11.490889549255371,-4.621967792510986,-0.42948117852211,-1.3536134958267212,-1.644925832748413,1.1477954387664795,9.778911590576172,0.5810516476631165,0.5209327936172485
1.96,-0.4370599687099457,-0.03833664208650589,0.11343573778867722,-0.7870251536369324,0.32922643423080444,0.04059503227472305,0.08728277683258057,-0.04629124328494072,0.8733410835266113,-0.6342852711677551,-0.4370599687099457,-0.03833664208650589,0.11343573778867722,-0.7870251536369324,0.32922643423080444,0.04059503227472305,0.08728277683258057,-0.04629124328494072,0.8733410835266113,-0.6342852711677551,-0.15735802054405212,-1.3683677911758423,-0.895138144493103,-0.4090796709060669,0.20295481383800507,2.2515437602996826,-0.6995905041694641,1.6280146837234497,3.6666312217712402,3.0480575561523438,-0.15573672950267792,-0.3466533124446869,0.1259123980998993,-0.6585924625396729,-1.1104291677474976,0.619086742401123,-0.17965756356716156,-0.03703925386071205,1.1440017223358154,0.005683958530426025,-26.034374237060547,5.0015974044799805,2.836193561553955,-1.1028151512145996,-0.7692970633506775,0.5953184366226196,9.800163269042969,0.3267216384410858,0.2935083508491516
1.98,-0.42388513684272766,-0.07507749646902084,0.09412499517202377,-0.7732565999031067,0.32991307973861694,0.09297260642051697,0.06256026029586792,-0.038982924073934555,0.9521604776382446,-0.5127397775650024,-0.42388513684272766,-0.07507749646902084,0.09412499517202377,-0.7732565999031067,0.32991307973861694,0.09297260642051697,0.06256026029586792,-0.038982924073934555,0.9521604776382446,-0.5127397775650024,1.0180202722549438,-1.9824016094207764,-0.878989577293396,1.1543047428131104,-0.0953671857714653,2.8783140182495117,-1.4175031185150146,-0.5940164923667908,4.042675495147705,6.191770076751709,-0.18987053632736206,-0.28021109104156494,0.04872826486825943,-0.659561038017273,-1.1549103260040283,0.43116235733032227,-0.08530719578266144,-0.04941254481673241,1.1092787981033325,-0.1356716752052307,-12.326398849487305,1.963598370552063,0.1484968662261963,-1.7094128131866455,-1.1645798683166504,0.19637511670589447,9.806066513061523,0.26020583510398865,0.09722014516592026
2.0,-0.3977642059326172,-0.10861088335514069,0.08182186633348465,-0.7475544810295105,0.3242075443267822,0.13922132551670074,0.03851601108908653,-0.044105906039476395,1.0168956518173218,-0.3804498016834259,-0.3977642059326172,-0.10861088335514069,0.08182186633348465,-0.7475544810295105,0.3242075443267822,0.13922132551670074,0.03851601108908653,-0.044105906039476395,1.0168956518173218,-0.3804498016834259,1.348008632659912,-1.3815882205963135,-0.6357577443122864,1.2202179431915283,-0.41233623027801514,1.8441457748413086,-0.9465395212173462,-0.027100052684545517,2.534660577774048,6.438422679901123,-0.1833326667547226,-0.24279528856277466,0.009775660932064056,-0.6173688769340515,-1.1715197563171387,0.32463499903678894,-0.01724919304251671,-0.03630902245640755,1.1378153562545776,-0.09863114356994629,-6.370163440704346,0.05244043841958046,1.5940886735916138,-1.226380467414856,-0.8950015902519226,-0.1796610802412033,9.805781364440918,0.26741066575050354,-0.10599822551012039
2.02,-0.3702419400215149,-0.1299608051776886,0.06225096434354782,-0.7234814167022705,0.31562045216560364,0.1681862473487854,0.026934104040265083,-0.039614468812942505,1.057499885559082,-0.2613637149333954,-0.3702419400215149,-0.1299608051776886,0.06225096434354782,-0.7234814167022705,0.31562045216560364,0.1681862473487854,0.026934104040265083,-0.039614468812942505,1.057499885559082,-0.2613637149333954,1.3696972131729126,-0.835015058517456,-1.3117527961730957,1.1835885047912598,-0.41733184456825256,1.1733094453811646,-0.3171723186969757,0.34040188789367676,1.7166167497634888,5.343494415283203,-0.1297072172164917,-0.27728980779647827,0.020369671285152435,-0.5968769788742065,-0.7826828956604004,0.27872389554977417,-0.007753308862447739,0.0006193637382239103,1.0941475629806519,-0.20538446307182312,-5.6817145347595215,0.19781455397605896,2.1364641189575195,-0.7925050854682922,-0.4735107421875,-0.2885901927947998,9.802125930786133,0.31683793663978577,-0.2324501872062683
2.04,-0.3423594832420349,-0.14414170384407043,0.03740301728248596,-0.6993096470832825,0.312994122505188,0.18493279814720154,0.021979549899697304,-0.029033595696091652,1.07746160030365,-0.20752057433128357,-0.3423594832420349,-0.14414170384407043,0.03740301728248596,-0.6993096470832825,0.312994122505188,0.18493279814720154,0.021979549899697304,-0.029033595696091652,1.07746160030365,-0.20752057433128357,1.3882840871810913,-0.6467949748039246,-1.065781593322754,1.2292275428771973,0.16913501918315887,0.6521800756454468,-0.22561699151992798,0.7830272912979126,0.41174033284187317,0.5480619072914124,-0.13681232929229736,-0.2535579204559326,0.02711775153875351,-0.5731732845306396,-0.6875760555267334,0.2473648637533188,-0.05268002673983574,0.009432104416191578,1.0962653160095215,-0.2994776666164398,-4.951022148132324,0.3048781752586365,1.530316948890686,-0.46789270639419556,-0.37388530373573303,-0.3259245753288269,9.79783821105957,0.381110280752182,-0.30533477663993835
2.06,-0.31854623556137085,-0.15416818857192993,0.025773975998163223,-0.6800228953361511,0.31639012694358826,0.19535177946090698,0.016075586900115013,-0.014604832977056503,1.0817433595657349,-0.2409871220588684,-0.31854623556137085,-0.15416818857192993,0.025773975998163223,-0.6800228953361511,0.31639012694358826,0.19535177946090698,0.016075586900115013,-0.014604832977056503,1.0817433595657349,-0.2409871220588684,1.047654390335083,-0.36644241213798523,-0.28558841347694397,0.6961761713027954,-0.07338018715381622,0.37298962473869324,-0.37256887555122375,0.5913355946540833,0.10659376531839371,-2.718458890914917,-0.1621820032596588,-0.1884388029575348,0.020765356719493866,-0.5758441686630249,0.17404258251190186,0.31665489077568054,-0.06031985208392143,0.04916001483798027,1.1527838706970215,-0.2795412242412567,-8.697816848754883,1.0338057279586792,3.4260571002960205,-0.24467283487319946,-0.24701425433158875,-0.33762791752815247,9.793107986450195,0.4427826404571533,-0.3675309419631958
2.08,-0.3006713092327118,-0.1587417721748352,0.02075420320034027,-0.6678339242935181,0.31584346294403076,0.20651613175868988,0.009398248977959156,0.0014953154604882002,1.092626929283142,-0.2694609761238098,-0.3006713092327118,-0.1587417721748352,0.02075420320034027,-0.6678339242935181,0.31584346294403076,0.20651613175868988,0.009398248977959156,0.0014953154604882002,1.092626929283142,-0.2694609761238098,0.7761208415031433,-0.10806242376565933,-0.23308920860290527,0.5016884207725525,0.013051250949501991,0.6739465594291687,-0.3018294870853424,1.032921552658081,0.9019243717193604,-0.5376984477043152,-0.1708100438117981,-0.1824077069759369,0.002982206642627716,-0.5757268667221069,0.20118141174316406,0.37239474058151245,-0.10663473606109619,0.1191955953836441,1.1715567111968994,-0.2260872721672058,-7.315457820892334,0.6325474977493286,3.3240246772766113,-0.18673232197761536,-0.03112032823264599,-0.22965990006923676,9.789361953735352,0.5001078844070435,-0.3929275572299957
2.1,-0.2876942455768585,-0.16016480326652527,0.015739813446998596,-0.6608561873435974,0.3172430396080017,0.2219662219285965,0.001163599663414061,0.03100227192044258,1.1122950315475464,-0.25566336512565613,-0.2876942455768585,-0.16016480326652527,0.015739813446998596,-0.6608561873435974,0.3172430396080017,0.2219662219285965,0.001163599663414061,0.03100227192044258,1.1122950315475464,-0.25566336512565613,0.5812554359436035,-0.04709737002849579,-0.2748468220233917,0.2506871819496155,0.1084771454334259,0.8378214240074158,-0.5148830413818359,1.931480884552002,1.0126943588256836,1.3001797199249268,-0.19801369309425354,-0.2231825590133667,-0.09427645057439804,-0.5392717123031616,0.25758299231529236,0.44807323813438416,-0.04278681427240372,0.10572787374258041,1.1420722007751465,-0.3243829011917114,-8.038268089294434,0.4514538049697876,3.529024839401245,-0.1957971602678299,0.08719509840011597,-0.178583025932312,9.787558555603027,0.5414032340049744,-0.3829905092716217
2.12,-0.27678021788597107,-0.16070964932441711,-0.00040465619531460106,-0.6546099185943604,0.31691059470176697,0.24271924793720245,-0.007283370941877365,0.06683231145143509,1.1268905401229858,-0.27356311678886414,-0.27678021788597107,-0.16070964932441711,-0.00040465619531460106,-0.6546099185943604,0.31691059470176697,0.24271924793720245,-0.007283370941877365,0.06683231145143509,1.1268905401229858,-0.27356311678886414,0.5179396867752075,0.043747030198574066,-1.2582287788391113,0.27418121695518494,0.3375527262687683,1.2304011583328247,-0.2611169219017029,1.4854964017868042,0.3851536810398102,-2.1481568813323975,-0.47408363223075867,-0.16323858499526978,-0.16516126692295074,-0.6340698599815369,-0.8082083463668823,0.045403897762298584,-0.020950723439455032,0.048686400055885315,0.6948841214179993,-0.37097954750061035,-10.23179817199707,-0.256258100271225,4.186105251312256,-0.6195943355560303,0.4055350720882416,0.0108232032507658,9.788097381591797,0.5643800497055054,-0.332761287689209
2.14,-0.2737206816673279,-0.159097820520401,-0.045265477150678635,-0.6621530055999756,0.31042370200157166,0.2467832863330841,-0.01249219011515379,0.0833849310874939,1.060060977935791,-0.3156568706035614,-0.2737206816673279,-0.159097820520401,-0.045265477150678635,-0.6621530055999756,0.31042370200157166,0.2467832863330841,-0.01249219011515379,0.0833849310874939,1.060060977935791,-0.3156568706035614,-0.35363972187042236,0.15944796800613403,-3.1980676651000977,-1.033362865447998,0.1193523034453392,-0.6237955689430237,-0.1673964262008667,0.17738236486911774,-6.383884906768799,-2.326253652572632,-0.6076065301895142,-0.03421268239617348,-0.14548943936824799,-0.5611306428909302,-0.5308983325958252,-0.029125571250915527,0.10193855315446854,0.017545443028211594,0.4125668406486511,-0.3078320622444153,-5.532804012298584,-1.368628740310669,2.508392810821533,0.09458450973033905,0.5806388854980469,0.006177078932523727,9.790603637695312,0.5723334550857544,-0.2293718010187149
2.16,-0.2886844575405121,-0.1454157829284668,-0.0928945243358612,-0.6760936975479126,0.30161425471305847,0.22503091394901276,-0.006354842334985733,0.07439286261796951,0.9179847240447998,-0.36515873670578003,-0.2886844575405121,-0.1454157829284668,-0.0928945243358612,-0.6760936975479126,0.30161425471305847,0.22503091394901276,-0.006354842334985733,0.07439286261796951,0.9179847240447998,-0.36515873670578003,-1.1491813659667969,1.0593006610870361,-1.5716391801834106,-0.3210538923740387,-0.9897087216377258,-1.5616205930709839,0.5772524476051331,-0.9648787975311279,-6.928866863250732,-2.378448724746704,-0.5114223957061768,-0.07502827048301697,-0.06327539682388306,-1.4199084043502808,-0.1956503987312317,-0.2281363606452942,0.147809237241745,-0.10744444280862808,0.3175591826438904,-0.09524005651473999,-7.184925556182861,-4.385153770446777,2.517491102218628,1.1266076564788818,0.9724869728088379,0.5175372958183289,9.795767784118652,0.5231557488441467,-0.0731072947382927
2.18,-0.32870444655418396,-0.12942510843276978,-0.1049576923251152,-0.7650750875473022,0.29869145154953003,0.170989990234375,-0.001068518846295774,0.031758926808834076,0.7995824813842773,-0.4706932306289673,-0.32870444655418396,-0.12942510843276978,-0.1049576923251152,-0.7650750875473022,0.29869145154953003,0.170989990234375,-0.001068518846295774,0.031758926808834076,0.7995824813842773,-0.4706932306289673,-2.5909924507141113,0.6468495726585388,0.16196782886981964,-8.307132720947266,5.304393291473389,-3.4179794788360596,0.30336496233940125,-3.07175350189209,-6.610597133636475,-4.840177536010742,-0.5247334241867065,-0.013706248253583908,-0.03746838867664337,-1.762037754058838,0.08446583151817322,-0.32927125692367554,0.2410973459482193,-0.08137433975934982,0.4133288264274597,0.11615961790084839,-7.175544261932373,3.1431405544281006,0.9993844032287598,1.7217106819152832,0.8962404727935791,0.4463178813457489,9.801630020141602,0.39555370807647705,0.08761908113956451
2.2,-0.3708752691745758,-0.11497590690851212,-0.09051381051540375,-0.991447925567627,0.2382679134607315,0.1069461777806282,0.014492894522845745,-0.013951516710221767,0.6929551362991333,-0.5551337003707886,-0.3708752691745758,-0.11497590690851212,-0.09051381051540375,-0.991447925567627,0.2382679134607315,0.1069461777806282,0.014492894522845745,-0.013951516710221767,0.6929551362991333,-0.5551337003707886,-1.2443193197250366,-0.13161900639533997,1.0248295068740845,-13.005199432373047,-6.2157392501831055,-1.4597148895263672,0.33726638555526733,-0.28221946954727173,-1.1530903577804565,-0.5678313374519348,-0.5310359001159668,-0.07684813439846039,0.13558819890022278,-1.922945261001587,0.3758607804775238,-0.3360976576805115,0.24400606751441956,-0.14668622612953186,0.5113984942436218,0.1697646975517273,-112.43043518066406,6.887176990509033,-47.96250534057617,0.9157045483589172,1.2814035415649414,-0.1431448608636856,9.798340797424316,0.37451592087745667,0.2972323000431061
2.22,-0.3794344961643219,-0.10521537065505981,-0.032516028732061386,-1.2557528018951416,0.25396728515625,0.06535285711288452,0.023586485534906387,-0.0074550686404109,0.6666802167892456,-0.5421435236930847,-0.3794344961643219,-0.10521537065505981,-0.032516028732061386,-1.2557528018951416,0.25396728515625,0.06535285711288452,0.023586485534906387,-0.0074550686404109,0.6666802167892456,-0.5421435236930847,-0.39314863085746765,0.7085923552513123,4.0057148933410645,-12.91374397277832,5.005721569061279,-2.3170509338378906,0.3565552830696106,-0.9160053133964539,-1.7205052375793457,0.4387717843055725,-0.615631103515625,-0.1167667955160141,0.07756832987070084,-1.6732492446899414,0.5447707772254944,-0.14122441411018372,0.16997796297073364,-0.1620456725358963,0.4945424497127533,0.4153396487236023,-5.095858573913574,-2.504511833190918,-0.03806343674659729,1.0242971181869507,0.37431418895721436,-0.9347912073135376,9.787891387939453,0.5478729009628296,0.36484697461128235
2.24,-0.39224934577941895,-0.098662368953228,0.029282109811902046,-1.4381535053253174,0.3815222978591919,0.033173199743032455,0.028991039842367172,-0.041727639734745026,0.6366820335388184,-0.5365725159645081,-0.39224934577941895,-0.098662368953228,0.029282109811902046,-1.4381535053253174,0.3815222978591919,0.033173199743032455,0.028991039842367172,-0.041727639734745026,0.6366820335388184,-0.5365725159645081,-0.8270049691200256,-0.06411712616682053,2.1290805339813232,-5.749093055725098,7.054365158081055,-0.9602310657501221,0.20655882358551025,-1.192502737045288,-1.0589679479599,0.21167169511318207,-0.4302680194377899,-0.0523158423602581,0.11484750360250473,-1.7494583129882812,0.9017999172210693,-0.3153083920478821,0.25314807891845703,-0.052324771881103516,0.5353872776031494,0.30545759201049805,-19.1690616607666,-3.225754976272583,-5.475550651550293,0.6637725234031677,0.44168010354042053,-0.02517836168408394,9.778718948364258,0.6502350568771362,0.4358229339122772
2.26,-0.39770227670669556,-0.09372750669717789,0.06649643927812576,-1.5306522846221924,0.6163055300712585,0.005924208555370569,0.04215750843286514,-0.047375187277793884,0.6088099479675293,-0.5298817157745361,-0.39770227670669556,-0.09372750669717789,0.06649643927812576,-1.5306522846221924,0.6163055300712585,0.005924208555370569,0.04215750843286514,-0.047375187277793884,0.6088099479675293,-0.5298817157745361,0.17803296446800232,0.39386796951293945,1.7727261781692505,-4.145354270935059,13.733957290649414,-1.5756354331970215,0.8444377779960632,0.6972190141677856,-1.1785212755203247,0.08626426756381989,-0.7365094423294067,-0.10895825922489166,0.11675180494785309,-1.689353108406067,1.0145217180252075,-0.147035151720047,0.2098945677280426,-0.06188775599002838,0.4925783574581146,0.3497864603996277,-7.525857448577881,-0.3623676896095276,-1.7688924074172974,0.6408765316009521,0.5734143257141113,-0.4918438494205475,9.771120071411133,0.6942970156669617,0.528457522392273
2.28,-0.4128602147102356,-0.09150324761867523,0.09411578625440598,-1.5940358638763428,0.8340917825698853,-0.01321422215551138,0.05555136501789093,-0.03199248015880585,0.5895168781280518,-0.5277715921401978,-0.4128602147102356,-0.09150324761867523,0.09411578625440598,-1.5940358638763428,0.8340917825698853,-0.01321422215551138,0.05555136501789093,-0.03199248015880585,0.5895168781280518,-0.5277715921401978,-1.4675530195236206,-0.09694435447454453,1.0920941829681396,-2.199334144592285,8.785271644592285,-0.5520125031471252,0.518402099609375,0.8501346707344055,-0.9138453006744385,0.145637646317482,-0.5420999526977539,-0.11148349940776825,0.09884213656187057,-1.7922887802124023,0.985630452632904,-0.13695988059043884,0.15882958471775055,-0.05660654231905937,0.5306133031845093,0.07182538509368896,-8.958805084228516,-1.8972054719924927,-2.760427236557007,0.8803924918174744,0.35188019275665283,0.24542269110679626,9.763486862182617,0.7325242757797241,0.6114252805709839
2.3,-0.43498361110687256,-0.09504253417253494,0.10608258098363876,-1.6385400295257568,0.9360677599906921,-0.027527734637260437,0.0646672248840332,-0.022506941109895706,0.5743141770362854,-0.5272689461708069,-0.43498361110687256,-0.09504253417253494,0.10608258098363876,-1.6385400295257568,0.9360677599906921,-0.027527734637260437,0.0646672248840332,-0.022506941109895706,0.5743141770362854,-0.5272689461708069,-0.7058467268943787,-0.24055272340774536,0.20847930014133453,-2.526010036468506,2.6994428634643555,-0.7522290349006653,0.42779654264450073,0.38450950384140015,-0.45688048005104065,-0.150429368019104,-0.6031082272529602,-0.1176290363073349,0.08264981210231781,-1.7175159454345703,1.2512743473052979,-0.09426960349082947,0.2707751989364624,-0.1232525110244751,0.5439999103546143,0.11404478549957275,-7.459908962249756,-0.5589885711669922,-2.559911012649536,0.6200069785118103,0.27403220534324646,-0.07402043789625168,9.761125564575195,0.722021222114563,0.659706711769104
2.32,-0.4472382068634033,-0.09801718592643738,0.10248205065727234,-1.6743240356445312,1.0685055255889893,-0.03637639433145523,0.07542502135038376,-0.020308950915932655,0.5734761357307434,-0.5348973274230957,-0.4472382068634033,-0.09801718592643738,0.10248205065727234,-1.6743240356445312,1.0685055255889893,-0.03637639433145523,0.07542502135038376,-0.020308950915932655,0.5734761357307434,-0.5348973274230957,-0.5785365700721741,-0.09741853922605515,-0.4994678497314453,-0.9906972646713257,8.641901016235352,-0.19822753965854645,0.6431935429573059,0.0022154701873660088,0.25967246294021606,-0.4648333489894867,-0.6014823913574219,-0.042344849556684494,0.22994300723075867,-1.6689116954803467,1.1199265718460083,-0.15037503838539124,0.22866950929164886,-0.03284945711493492,0.5399688482284546,-0.05486205220222473,-9.247014045715332,-1.8237007856369019,-2.1487011909484863,0.21117664873600006,0.38812410831451416,0.05390715226531029,9.756379127502441,0.7325862646102905,0.7158775329589844
2.34,-0.45886483788490295,-0.09278411418199539,0.11798849701881409,-1.680860161781311,1.1313297748565674,-0.044292937964200974,0.08795955032110214,-0.01447913609445095,0.5756790637969971,-0.5445252060890198,-0.45886483788490295,-0.09278411418199539,0.11798849701881409,-1.680860161781311,1.1313297748565674,-0.044292937964200974,0.08795955032110214,-0.01447913609445095,0.5756790637969971,-0.5445252060890198,-0.6195600032806396,0.48824819922447205,2.1530840396881104,0.11598334461450577,-0.1777864545583725,-0.5591543316841125,0.5123748183250427,0.5588356256484985,-0.011031662113964558,-0.4726046919822693,-0.6223779916763306,-0.02122194692492485,0.08234846591949463,-1.6463021039962769,1.2070000171661377,-0.16571509838104248,0.23802588880062103,-0.07805608212947845,0.5571413040161133,0.16169607639312744,-7.562562465667725,-1.4005547761917114,-2.7016875743865967,0.5302896499633789,0.27801793813705444,-0.030964035540819168,9.751042366027832,0.7350687980651855,0.7829086184501648
2.36,-0.47043943405151367,-0.08532734960317612,0.14351743459701538,-1.6734837293624878,1.1572885513305664,-0.05450396239757538,0.09787540137767792,-0.0065587228164076805,0.5783905386924744,-0.5556740760803223,-0.47043943405151367,-0.08532734960317612,0.14351743459701538,-1.6734837293624878,1.1572885513305664,-0.05450396239757538,0.09787540137767792,-0.0065587228164076805,0.5783905386924744,-0.5556740760803223,-0.5456650257110596,0.3129849433898926,-0.0624052919447422,0.5307269096374512,2.181697368621826,-0.4677589535713196,0.5520971417427063,0.23191162943840027,0.27316322922706604,-0.6384491920471191,-0.4499097168445587,0.008752364665269852,0.013457151129841805,-1.2784481048583984,1.3979376554489136,0.1443459689617157,0.26486334204673767,-0.14019635319709778,0.6992074847221375,-0.02150934934616089,-8.65129280090332,-1.5874090194702148,-2.584998846054077,0.37348079681396484,0.25756460428237915,-0.055919673293828964,9.746789932250977,0.7505738139152527,0.8202558159828186
2.38,-0.4748598039150238,-0.07692574709653854,0.11470545828342438,-1.6090656518936157,1.2566370614359172,-0.04846978560090065,0.1133027970790863,-0.03239575773477554,0.6038051843643188,-0.5738617777824402,-0.4748598039150238,-0.07692574709653854,0.11470545828342438,-1.6090656518936157,1.2591015100479126,-0.04846978560090065,0.1133027970790863,-0.03239575773477554,0.6038051843643188,-0.5738617777824402,0.08858440816402435,0.5316293835639954,-2.385261297225952,5.608109951019287,6.512527942657471,0.9298591613769531,0.9261466860771179,-2.7986671924591064,2.021653652191162,-1.2545608282089233,-0.6630125641822815,0.008961427956819534,-0.03688867390155792,-1.2640889883041382,1.2051498889923096,-0.2072925567626953,0.2868146598339081,-0.13422179222106934,0.655032753944397,0.639687180519104,-4.990332126617432,-1.2675976753234863,-1.0019972324371338,-0.39969712495803833,0.6076104640960693,0.23960375785827637,9.74073600769043,0.7370898127555847,0.9004729390144348
2.4,-0.4767279028892517,-0.06538122147321701,0.06169966980814934,-1.5038673877716064,1.2566370614359172,-0.042781490832567215,0.12980163097381592,-0.07078954577445984,0.630329966545105,-0.5952880382537842,-0.4767279028892517,-0.06538122147321701,0.06169966980814934,-1.5038673877716064,1.2595709562301636,-0.042781490832567215,0.12980163097381592,-0.07078954577445984,0.630329966545105,-0.5952880382537842,-0.34609416127204895,0.5939141511917114,-2.7756075859069824,4.652695178985596,-2.550811529159546,-0.25678232312202454,0.7421222925186157,-0.39868658781051636,0.8480423092842102,3.3852932453155518,-0.527426540851593,0.042195070534944534,0.123576320707798,-1.0307458639144897,0.6588431000709534,0.058555275201797485,0.2378118336200714,-0.09156978130340576,0.7017682194709778,0.459541916847229,1.4348608255386353,-0.4320061206817627,-0.22145338356494904,0.29187288880348206,0.34952136874198914,-0.023808341473340988,9.7324800491333,0.7034035921096802,1.0100234746932983
2.42,-0.48517388105392456,-0.05029967799782753,0.03815193846821785,-1.3898850679397583,1.0326939821243286,-0.04328807815909386,0.14091917872428894,-0.07061778008937836,0.658197283744812,-0.6302374005317688,-0.48517388105392456,-0.05029967799782753,0.03815193846821785,-1.3898850679397583,1.0326939821243286,-0.04328807815909386,0.14091917872428894,-0.07061778008937836,0.658197283744812,-0.6302374005317688,-0.36576342582702637,0.8711663484573364,0.5937700271606445,6.670385360717773,-17.579334259033203,0.2607020437717438,0.4043979048728943,-0.06941960006952286,1.6239182949066162,-1.5612328052520752,-0.24873891472816467,0.13029561936855316,0.07403583824634552,-0.6198598742485046,0.6063492298126221,0.10019326210021973,0.1772894263267517,-0.006912406533956528,0.7502665519714355,0.07902407646179199,-4.333731651306152,-1.6681649684906006,-2.2347471714019775,0.4556426703929901,0.12723301351070404,0.15416699647903442,9.727737426757812,0.7065539360046387,1.0526151657104492
2.44,-0.4744536578655243,-0.03163870424032211,0.060192450881004333,-1.2103139162063599,0.7761408090591431,-0.038640107959508896,0.15008816123008728,-0.06300840526819229,0.6945904493331909,-0.6626830101013184,-0.4744536578655243,-0.03163870424032211,0.060192450881004333,-1.2103139162063599,0.7761408090591431,-0.038640107959508896,0.15008816123008728,-0.06300840526819229,0.6945904493331909,-0.6626830101013184,1.1709094047546387,0.9331437945365906,1.0963693857192993,10.818568229675293,-8.986251831054688,0.32018664479255676,0.47657379508018494,0.9933610558509827,2.0516247749328613,-1.6831167936325073,0.02914661169052124,0.08365671336650848,0.082113116979599,-0.7133586406707764,0.2500643730163574,0.44968393445014954,-0.02511141449213028,-0.11033110320568085,0.634738028049469,0.4960709810256958,-4.4321489334106445,-2.1439943313598633,-2.854264259338379,0.11168310791254044,0.05639781057834625,0.022397490218281746,9.726978302001953,0.6972067356109619,1.0657856464385986
2.46,-0.44729548692703247,-0.023260165005922318,0.07895106077194214,-1.0279541015625,0.5366410613059998,-0.02412853017449379,0.14637480676174164,-0.06975990533828735,0.7354444265365601,-0.6946860551834106,-0.44729548692703247,-0.023260165005922318,0.07895106077194214,-1.0279541015625,0.5366410613059998,-0.02412853017449379,0.14637480676174164,-0.06975990533828735,0.7354444265365601,-0.6946860551834106,1.684328317642212,0.1106400266289711,0.9368093013763428,7.309243202209473,-13.394909858703613,1.0341886281967163,-0.6381112337112427,-1.4478434324264526,2.101997137069702,-2.1298038959503174,-0.05536434054374695,-0.016651537269353867,-0.012125469744205475,-0.5163397192955017,0.18607205152511597,0.48831987380981445,-0.037002816796302795,-0.037699874490499496,1.0340771675109863,-0.05274096131324768,-6.393486499786377,-4.390005588531494,-4.001142501831055,-0.6803924441337585,-0.6572543978691101,0.3180886507034302,9.735734939575195,0.656096875667572,1.0104999542236328
2.48,-0.41094955801963806,-0.027596203610301018,0.07330576330423355,-0.8867899179458618,0.334731787443161,0.016788868233561516,0.13144904375076294,-0.08138479292392731,0.8033676147460938,-0.7222749590873718,-0.41094955801963806,-0.027596203610301018,0.07330576330423355,-0.8867899179458618,0.334731787443161,0.016788868233561516,0.13144904375076294,-0.08138479292392731,0.8033676147460938,-0.7222749590873718,1.9480161666870117,-0.39206382632255554,-1.4073238372802734,7.1480793952941895,-7.4758172035217285,2.6613264083862305,-0.8076385855674744,0.1992715448141098,4.461451053619385,-1.1625397205352783,0.07258796691894531,-0.18969453871250153,0.11596095561981201,-0.6215105652809143,-0.40299785137176514,0.554876446723938,-0.38369518518447876,-0.06539943814277649,0.8755632638931274,-0.13386747241020203,-3.1290507316589355,-0.2987323999404907,-2.7147140502929688,-1.4052809476852417,-1.0408340692520142,0.74261474609375,9.75948715209961,0.5155107378959656,0.8501569032669067
2.5,-0.3824734091758728,-0.04950202256441116,0.07104133814573288,-0.8228979706764221,0.4210522770881653,0.06307411193847656,0.10182694345712662,-0.08866865187883377,0.8726669549942017,-0.7293949723243713,-0.3824734091758728,-0.04950202256441116,0.07104133814573288,-0.8228979706764221,0.4210522770881653,0.06307411193847656,0.10182694345712662,-0.08866865187883377,0.8726669549942017,-0.7293949723243713,-1.2998985052108765,-0.8037859797477722,0.03461287170648575,-2.5563340187072754,1.0496149063110352,1.852597713470459,-1.326674461364746,-0.8491309285163879,1.845616340637207,4.121445655822754,-0.21609711647033691,-0.3285931944847107,0.07318588346242905,-0.6687970757484436,0.3126161992549896,0.7092062830924988,-0.19860319793224335,0.09215372800827026,0.9196200966835022,-0.1035071313381195,-59.02299118041992,15.56118106842041,23.57225227355957,-0.7324603199958801,-1.0047460794448853,0.8620473146438599,9.784937858581543,0.3592321276664734,0.6017033457756042
2.52,-0.38268882036209106,-0.07662610709667206,0.05458137020468712,-0.8366944193840027,0.43094879388809204,0.10259021818637848,0.07516338676214218,-0.07796701788902283,0.919793963432312,-0.6781792044639587,-0.38268882036209106,-0.07662610709667206,0.05458137020468712,-0.8366944193840027,0.43094879388809204,0.10259021818637848,0.07516338676214218,-0.07796701788902283,0.919793963432312,-0.6781792044639587,0.1592894196510315,-1.7502506971359253,-1.04361093044281,0.18820811808109283,0.3537902235984802,2.5933167934417725,-1.359031081199646,2.485948085784912,2.086239814758301,6.605173587799072,-0.15637964010238647,-0.23748405277729034,0.06806879490613937,-0.6432303190231323,-0.9573163986206055,0.4794549345970154,-0.02614523097872734,-0.04870884492993355,1.1266688108444214,-0.08181148767471313,-13.448836326599121,-1.088945984840393,3.0989556312561035,-1.5849512815475464,-1.0157992839813232,0.509028971195221,9.795538902282715,0.2853085696697235,0.4495781362056732
2.54,-0.3664160370826721,-0.10506856441497803,0.040472038090229034,-0.8150489330291748,0.4308062493801117,0.148029163479805,0.05918782576918602,-0.04515181854367256,0.9758402705192566,-0.5898740887641907,-0.3664160370826721,-0.10506856441497803,0.040472038090229034,-0.8150489330291748,0.4308062493801117,0.148029163479805,0.05918782576918602,-0.04515181854367256,0.9758402705192566,-0.5898740887641907,1.353361964225769,-1.027757167816162,0.03627287968993187,1.7830486297607422,-0.0820004940032959,2.1065807342529297,-0.5755534172058105,0.5396134853363037,3.0379788875579834,4.945321083068848,-0.11898079514503479,-0.31733688712120056,0.003034554421901703,-0.6172480583190918,-1.3350356817245483,0.4764494001865387,-0.020783208310604095,-0.04230445995926857,1.0880985260009766,-0.21228620409965515,-9.274921417236328,0.1541893184185028,0.7444496154785156,-1.5603411197662354,-0.664199948310852,0.18177728354930878,9.803959846496582,0.1957366168498993,0.2831338047981262
2.56,-0.33872485160827637,-0.12725798785686493,0.026106011122465134,-0.7791667580604553,0.4239892363548279,0.18609771132469177,0.04618342965841293,-0.040769271552562714,1.027083396911621,-0.4861677885055542,-0.33872485160827637,-0.12725798785686493,0.026106011122465134,-0.7791667580604553,0.4239892363548279,0.18609771132469177,0.04618342965841293,-0.040769271552562714,1.027083396911621,-0.4861677885055542,1.3931059837341309,-1.1515082120895386,-1.218080759048462,1.8345608711242676,-0.47117817401885986,1.7247923612594604,-0.6492360830307007,0.15999402105808258,2.102226972579956,5.177889347076416,-0.14238396286964417,-0.2803491950035095,0.053537242114543915,-0.617587149143219,-0.9368801116943359,0.3080243170261383,0.008594680577516556,-0.0372065044939518,1.063552737236023,-0.17250457406044006,-8.950650215148926,-0.5010246634483337,1.3481062650680542,-1.3490591049194336,-0.6167407631874084,0.1235521212220192,9.807293891906738,0.16252265870571136,0.16333414614200592
2.58,-0.3112126588821411,-0.14466546475887299,0.017800362780690193,-0.7435688376426697,0.4132155478000641,0.21000060439109802,0.03574718162417412,-0.033680811524391174,1.0545179843902588,-0.39286479353904724,-0.3112126588821411,-0.14466546475887299,0.017800362780690193,-0.7435688376426697,0.4132155478000641,0.21000060439109802,0.03574718162417412,-0.033680811524391174,1.0545179843902588,-0.39286479353904724,1.2849706411361694,-0.6649146676063538,0.37477099895477295,1.6487529277801514,-0.5359538793563843,0.7891838550567627,-0.45625728368759155,0.48992443084716797,0.831644594669342,4.15774393081665,-0.06222090125083923,-0.3619387745857239,0.0779070258140564,-0.6021630764007568,-0.9652955532073975,0.32715272903442383,-0.0595957450568676,-0.01608819141983986,1.0984876155853271,-0.11945006251335144,-6.842135906219482,-0.21865518391132355,0.8349773287773132,-0.8412941098213196,-0.5217922329902649,0.0008961825515143573,9.808728218078613,0.14696773886680603,0.05794168636202812
2.6,-0.2850617468357086,-0.16141612827777863,0.02889247052371502,-0.7108401656150818,0.4096372723579407,0.2240772545337677,0.022183366119861603,-0.025801843032240868,1.068838119506836,-0.3124857246875763,-0.2850617468357086,-0.16141612827777863,0.02889247052371502,-0.7108401656150818,0.4096372723579407,0.2240772545337677,0.022183366119861603,-0.025801843032240868,1.068838119506836,-0.3124857246875763,1.367558240890503,-0.9939350485801697,0.7070910930633545,1.6448312997817993,0.16064700484275818,0.6894835233688354,-0.8385312557220459,0.43410423398017883,0.734116792678833,4.007909774780273,-0.10330069065093994,-0.2697342038154602,0.02752986177802086,-0.6158677339553833,-0.9278086423873901,0.4687322974205017,0.009420759975910187,0.011792105622589588,1.1644928455352783,-0.20549705624580383,-5.892465114593506,0.5380866527557373,0.6495731472969055,-0.7560508251190186,-0.7629558444023132,-0.039820823818445206,9.808684349060059,0.14788886904716492,-0.06274571269750595
2.62,-0.26621711254119873,-0.1769205629825592,0.026162631809711456,-0.6878573894500732,0.4083680510520935,0.24421902000904083,0.015367922373116016,-0.010869411751627922,1.0911184549331665,-0.24868111312389374,-0.26621711254119873,-0.1769205629825592,0.026162631809711456,-0.6878573894500732,0.4083680510520935,0.24421902000904083,0.015367922373116016,-0.010869411751627922,1.0911184549331665,-0.24868111312389374,0.7452748417854309,-0.5630581974983215,-0.6094585657119751,0.9267862439155579,-0.1160239577293396,1.2377880811691284,0.008538316003978252,0.7885615229606628,1.3586997985839844,2.175863027572632,-0.18389374017715454,-0.2490491271018982,0.059564001858234406,-0.5918651819229126,-0.5725405216217041,0.4646926820278168,-0.09265153110027313,0.08786569535732269,1.1309131383895874,-0.23980712890625,-6.793952465057373,0.9344347715377808,3.3885884284973145,-0.674160897731781,-0.32611003518104553,0.17472152411937714,9.80754280090332,0.1357869654893875,-0.17253632843494415
2.64,-0.2557491064071655,-0.1876475065946579,0.019109133630990982,-0.6742458343505859,0.4079784154891968,0.2680346965789795,0.011082623153924942,0.01071651466190815,1.1086785793304443,-0.23305834829807281,-0.2557491064071655,-0.1876475065946579,0.019109133630990982,-0.6742458343505859,0.4079784154891968,0.2680346965789795,0.011082623153924942,0.01071651466190815,1.1086785793304443,-0.23305834829807281,0.31864479184150696,-0.5163689851760864,-0.12387985736131668,0.4994812607765198,0.014427026733756065,1.1252044439315796,-0.4294125437736511,1.5496383905410767,0.4488454759120941,-0.05458301678299904,-0.06995314359664917,-0.2735994756221771,-0.03989296406507492,-0.5745811462402344,-0.5079429149627686,0.507014274597168,-0.03725390136241913,0.10106132924556732,1.2080769538879395,-0.3220887780189514,-8.116632461547852,0.42578125,3.7972216606140137,-0.3733738660812378,-0.30489033460617065,0.24609650671482086,9.80685043334961,0.09926491230726242,-0.22788481414318085
2.66,-0.2442748099565506,-0.19511227309703827,0.009618534706532955,-0.6609460711479187,0.40765830874443054,0.29051533341407776,0.004808552097529173,0.044133033603429794,1.1272417306900024,-0.26842111349105835,-0.2442748099565506,-0.19511227309703827,0.009618534706532955,-0.6609460711479187,0.40765830874443054,0.29051533341407776,0.004808552097529173,0.044133033603429794,1.1272417306900024,-0.26842111349105835,0.8281055688858032,-0.2713184952735901,-0.8996938467025757,0.7867399454116821,-0.06020458787679672,1.171688437461853,-0.2153085172176361,1.6135753393173218,1.35672128200531,-2.4980509281158447,-0.21826480329036713,-0.22921139001846313,-0.06618565320968628,-0.6692571640014648,-0.8874647617340088,0.42197269201278687,-0.07924988865852356,0.022007208317518234,0.9900392293930054,-0.5167073607444763,-8.200220108032227,0.6572607159614563,3.839043140411377,-0.650077760219574,0.06260137259960175,0.0701209232211113,9.806528091430664,0.06879334896802902,-0.2517344355583191
2.68,-0.23439203202724457,-0.2003570944070816,-0.014948590658605099,-0.6562932133674622,0.4081023931503296,0.30931994318962097,-0.004274061415344477,0.057733044028282166,1.1195523738861084,-0.3725169003009796,-0.23439203202724457,-0.2003570944070816,-0.014948590658605099,-0.6562932133674622,0.4081023931503296,0.30931994318962097,-0.004274061415344477,0.057733044028282166,1.1195523738861084,-0.3725169003009796,0.14436925947666168,-0.20148462057113647,-1.473585605621338,-0.26678499579429626,0.15948012471199036,0.7361863851547241,-0.5675278306007385,-0.2393665313720703,-1.9886151552200317,-6.6533732414245605,-0.6924967765808105,-0.09873422980308533,-0.2005942463874817,-0.7271515130996704,-1.1302437782287598,0.113339364528656,0.0971955731511116,0.022615384310483932,0.31458181142807007,-0.5173009037971497,-4.697640895843506,0.24361687898635864,2.5056092739105225,-0.5412787199020386,0.18210512399673462,0.17661309242248535,9.80724811553955,0.052008938044309616,-0.22645710408687592
2.7,-0.2527996003627777,-0.19710299372673035,-0.06087401509284973,-0.6839390397071838,0.40360715985298157,0.30763334035873413,-0.0006823468138463795,0.05430114269256592,0.977840006351471,-0.45160505175590515,-0.2527996003627777,-0.19710299372673035,-0.06087401509284973,-0.6839390397071838,0.40360715985298157,0.30763334035873413,-0.0006823468138463795,0.05430114269256592,0.977840006351471,-0.45160505175590515,-1.8957301378250122,0.46305420994758606,-3.1869864463806152,-2.221179962158203,-0.6600946187973022,-0.7606142163276672,0.8248981237411499,-0.22766254842281342,-11.487588882446289,-2.6709556579589844,-0.3987477719783783,-0.07681632786989212,-0.06656838953495026,-1.4164036512374878,-0.5012377500534058,-0.12433132529258728,0.22687937319278717,-0.3359714150428772,0.16172122955322266,-0.30048003792762756,-5.066065311431885,-2.030984878540039,3.626959800720215,0.7669335603713989,0.7614871263504028,0.6725766658782959,9.809030532836914,-0.021384786814451218,-0.1362314671278
2.72,-0.2890354096889496,-0.18111662566661835,-0.0967923030257225,-0.7982842326164246,0.3913172483444214,0.2674865126609802,0.017855072394013405,-0.025790225714445114,0.7652554512023926,-0.513348400592804,-0.2890354096889496,-0.18111662566661835,-0.0967923030257225,-0.7982842326164246,0.3913172483444214,0.2674865126609802,0.017855072394013405,-0.025790225714445114,0.7652554512023926,-0.513348400592804,-1.6867821216583252,0.9388031363487244,-0.29109176993370056,-8.814020156860352,-1.4445422887802124,-3.33853816986084,1.0707067251205444,-7.5902018547058105,-8.2323637008667,-9.15985107421875,-0.5260716676712036,-0.06392963230609894,0.02628779411315918,-1.7456309795379639,-0.03028702735900879,-0.3011739253997803,0.23067688941955566,-0.09457886964082718,0.4203110933303833,-0.01933687925338745,0.055509671568870544,0.4131898283958435,0.07961666584014893,1.1113461256027222,1.1102761030197144,-0.29500409960746765,9.80942153930664,-0.08351996541023254,0.06607680767774582
2.74,-0.31398093700408936,-0.1738821268081665,-0.06393610686063766,-1.0149832963943481,0.2804460823535919,0.21951591968536377,0.02615710161626339,-0.03803129494190216,0.7189062833786011,-0.48626282811164856,-0.31398093700408936,-0.1738821268081665,-0.06393610686063766,-1.0149832963943481,0.2804460823535919,0.21951591968536377,0.02615710161626339,-0.03803129494190216,0.7189062833786011,-0.48626282811164856,-1.1820151805877686,0.7962806820869446,2.907672643661499,-12.593783378601074,-11.602740287780762,-3.263671875,0.5611109733581543,1.0660357475280762,-2.1783254146575928,0.14241692423820496,-0.6545437574386597,-0.028996091336011887,0.045372940599918365,-1.819306492805481,0.3230245113372803,-0.3132981061935425,0.24019306898117065,-0.11737250536680222,0.48391786217689514,0.46363961696624756,-10.002379417419434,-1.4570331573486328,-2.7681195735931396,1.1229273080825806,0.2177630513906479,-1.4156910181045532,9.808370590209961,0.08943666517734528,0.15483663976192474
2.76,-0.3414672017097473,-0.1528349220752716,-0.014426845125854015,-1.257582187652588,0.2187519520521164,0.15886074304580688,0.038011334836483,-0.02543667145073414,0.6684679985046387,-0.4740733504295349,-0.3414672017097473,-0.1528349220752716,-0.014426845125854015,-1.257582187652588,0.2187519520521164,0.15886074304580688,0.038011334836483,-0.02543667145073414,0.6684679985046387,-0.4740733504295349,-1.5129475593566895,1.1974068880081177,2.049884796142578,-11.187471389770508,3.724828004837036,-2.798140048980713,0.5792195200920105,-0.3532082438468933,-2.6564817428588867,0.5904089212417603,-0.5096826553344727,-0.008121471852064133,0.017550520598888397,-1.6893696784973145,0.5179957747459412,-0.27159059047698975,0.2149023860692978,-0.12392189353704453,0.4649623930454254,0.4781092405319214,-4.535723686218262,-1.769316554069519,0.2642510235309601,0.9842126965522766,0.3706721365451813,-0.9663147330284119,9.8023099899292,0.32802268862724304,0.2079097479581833
2.78,-0.36152681708335876,-0.13085700571537018,0.008593343198299408,-1.4220960140228271,0.3492889702320099,0.10797102749347687,0.05032894387841225,-0.03383996710181236,0.6213761568069458,-0.46010923385620117,-0.36152681708335876,-0.13085700571537018,0.008593343198299408,-1.4220960140228271,0.3492889702320099,0.10797102749347687,0.05032894387841225,-0.03383996710181236,0.6213761568069458,-0.46010923385620117,-0.6653614640235901,1.036132574081421,0.5029733180999756,-5.846221923828125,7.619141578674316,-2.3325035572052,0.6390146613121033,-0.8169979453086853,-2.192779779434204,0.67594313621521,-0.5190262198448181,-0.032018404453992844,-0.002025298774242401,-1.6184738874435425,0.6058841943740845,-0.30783265829086304,0.242560014128685,-0.08910730481147766,0.44199642539024353,0.48678696155548096,-5.290735244750977,-1.4607415199279785,-0.2992512285709381,0.45068883895874023,0.4769335389137268,-0.830456018447876,9.792703628540039,0.5059566497802734,0.28820478916168213
2.8,-0.37330564856529236,-0.11342770606279373,0.009214858524501324,-1.50138521194458,0.48288199305534363,0.06399662792682648,0.06374786794185638,-0.040814802050590515,0.5790296196937561,-0.44799017906188965,-0.37330564856529236,-0.11342770606279373,0.009214858524501324,-1.50138521194458,0.48288199305534363,0.06399662792682648,0.06374786794185638,-0.040814802050590515,0.5790296196937561,-0.44799017906188965,-0.5639339089393616,0.7247328758239746,-0.27109307050704956,-2.6314733028411865,5.789011001586914,-2.094846487045288,0.6808240413665771,0.22504305839538574,-2.021991014480591,0.6262398362159729,-0.5456756353378296,-0.0815839022397995,0.07488379627466202,-1.705953598022461,0.7392758727073669,-0.27562475204467773,0.21997404098510742,-0.12289345264434814,0.42335444688796997,0.38462817668914795,-7.644392013549805,-0.9329237341880798,-1.7340562343597412,0.27501246333122253,0.4484366774559021,-0.6833916902542114,9.780946731567383,0.6522538065910339,0.3791418969631195
2.82,-0.3880806565284729,-0.10320857167243958,0.012838884256780148,-1.5534192323684692,0.6104618906974792,0.02571701817214489,0.07365736365318298,-0.04230862483382225,0.5411978960037231,-0.4364347457885742,-0.3880806565284729,-0.10320857167243958,0.012838884256780148,-1.5534192323684692,0.6104618906974792,0.02571701817214489,0.07365736365318298,-0.04230862483382225,0.5411978960037231,-0.4364347457885742,-0.8109275698661804,0.3366664946079254,0.7747565507888794,-2.7170886993408203,6.301411151885986,-1.767028570175171,0.3483857810497284,-0.11762113869190216,-1.7186435461044312,0.5588099956512451,-0.5423396825790405,-0.10649530589580536,0.04078448563814163,-1.7716648578643799,0.7703818678855896,-0.2630123496055603,0.21333613991737366,-0.08032427728176117,0.4216639995574951,0.395771861076355,-8.192524909973145,-0.6375250816345215,-2.3979368209838867,0.15116123855113983,0.20680399239063263,-0.544658362865448,9.76965045928955,0.7715021371841431,0.4413769841194153
2.84,-0.4036061465740204,-0.10007446259260178,0.02726387418806553,-1.6093692779541016,0.7027167081832886,-0.007190437521785498,0.07991661131381989,-0.04494192823767662,0.5108419060707092,-0.42860668897628784,-0.4036061465740204,-0.10007446259260178,0.02726387418806553,-1.6093692779541016,0.7027167081832886,-0.007190437521785498,0.07991661131381989,-0.04494192823767662,0.5108419060707092,-0.42860668897628784,-0.7202889323234558,0.02475164085626602,0.48587173223495483,-2.868411064147949,3.384734630584717,-1.5433673858642578,0.29374071955680847,-0.04068067669868469,-1.296190619468689,0.2950972318649292,-0.650520920753479,-0.13001485168933868,0.07221197336912155,-1.7572036981582642,0.8850705623626709,-0.22739464044570923,0.2057117074728012,-0.08052538335323334,0.4606878459453583,0.36208879947662354,-7.863097190856934,-0.8975968956947327,-1.9919328689575195,-0.09775602072477341,0.10341519117355347,-0.5485309362411499,9.759366989135742,0.8773419857025146,0.47024405002593994
2.86,-0.42248350381851196,-0.10103201866149902,0.03829600661993027,-1.6582578420639038,0.787326455116272,-0.031295016407966614,0.08487404882907867,-0.04633094370365143,0.49256742000579834,-0.42639344930648804,-0.42248350381851196,-0.10103201866149902,0.03829600661993027,-1.6582578420639038,0.787326455116272,-0.031295016407966614,0.08487404882907867,-0.04633094370365143,0.49256742000579834,-0.42639344930648804,-1.109289526939392,-0.10213495790958405,0.7156097888946533,-1.9863454103469849,4.577205181121826,-0.9915744066238403,0.2014642357826233,-0.05571042746305466,-0.6313928961753845,-0.03897392749786377,-0.5732704997062683,-0.13446108996868134,0.05639524757862091,-1.7060904502868652,0.9653410315513611,-0.13467273116111755,0.2009032517671585,-0.09620840847492218,0.46859514713287354,0.4016594886779785,-7.6757121086120605,-0.7425230145454407,-2.0500595569610596,-0.10738623887300491,0.014068474061787128,-0.33219748735427856,9.750730514526367,0.9613831639289856,0.48487588763237
2.88,-0.4409260153770447,-0.10433449596166611,0.04858091473579407,-1.681268334388733,0.8775209784507751,-0.04746551811695099,0.08927154541015625,-0.05079018697142601,0.48722466826438904,-0.4309236705303192,-0.4409260153770447,-0.10433449596166611,0.04858091473579407,-1.681268334388733,0.8775209784507751,-0.04746551811695099,0.08927154541015625,-0.05079018697142601,0.48722466826438904,-0.4309236705303192,-0.7384587526321411,-0.2119201272726059,0.2872216999530792,-0.49929457902908325,4.235458850860596,-0.633150041103363,0.24399176239967346,-0.3878638744354248,0.025565432384610176,-0.3759100139141083,-0.583131730556488,-0.15006540715694427,0.05526796728372574,-1.6410794258117676,1.0259184837341309,-0.09021240472793579,0.18768039345741272,-0.04923153668642044,0.46383920311927795,0.4695754647254944,-8.274883270263672,-1.3956916332244873,-2.241870403289795,-0.3770119249820709,0.012400940991938114,-0.3316487967967987,9.743863105773926,1.0261176824569702,0.49021396040916443
2.9,-0.4552326798439026,-0.10963128507137299,0.05238575488328934,-1.6783597469329834,0.9541203379631042,-0.0572495311498642,0.09331481903791428,-0.057716548442840576,0.49043208360671997,-0.4396906793117523,-0.4552326798439026,-0.10963128507137299,0.05238575488328934,-1.6783597469329834,0.9541203379631042,-0.0572495311498642,0.09331481903791428,-0.057716548442840576,0.49043208360671997,-0.4396906793117523,-0.7253349423408508,-0.2952709197998047,0.14891856908798218,0.6544833183288574,3.445204019546509,-0.4024553596973419,0.15182854235172272,-0.2720099687576294,0.2107965499162674,-0.4665415585041046,-0.515102207660675,-0.11885865032672882,0.014674127101898193,-1.391721487045288,1.1244639158248901,-0.02048507332801819,0.1775481253862381,-0.008702553808689117,0.5165425539016724,0.4212353825569153,-8.511889457702637,-2.012749195098877,-2.633413791656494,-0.38117164373397827,-0.09993605315685272,-0.19978709518909454,9.738527297973633,1.0752315521240234,0.4909776449203491
2.92,-0.4649479389190674,-0.11320994794368744,0.04879523813724518,-1.6284940242767334,1.0341154336929321,-0.06135644391179085,0.0979631245136261,-0.05802637338638306,0.5004668831825256,-0.4518437087535858,-0.4649479389190674,-0.11320994794368744,0.04879523813724518,-1.6284940242767334,1.0341154336929321,-0.06135644391179085,0.0979631245136261,-0.05802637338638306,0.5004668831825256,-0.4518437087535858,-0.3153158128261566,-0.10194532573223114,-0.4999193847179413,4.075701713562012,4.2121171951293945,-0.014967207796871662,0.2701006531715393,-0.014296024106442928,0.7700936794281006,-0.7413467764854431,-0.5772061944007874,-0.04448552057147026,0.017121123149991035,-1.3029861450195312,1.0075316429138184,-0.049840450286865234,0.2786117494106293,-0.024823389947414398,0.5274770259857178,0.5631659030914307,-7.985400676727295,-1.8327873945236206,-2.618482828140259,-0.3945569097995758,-0.049411460757255554,-0.061122696846723557,9.736346244812012,1.0983102321624756,0.4830945134162903
2.94,-0.47233298420906067,-0.10721693933010101,0.03941435366868973,-1.5388230085372925,1.0444639921188354,-0.06106235086917877,0.10593974590301514,-0.05571236461400986,0.5173675417900085,-0.4694700837135315,-0.47233298420906067,-0.10721693933010101,0.03941435366868973,-1.5388230085372925,1.0444639921188354,-0.06106235086917877,0.10593974590301514,-0.05571236461400986,0.5173675417900085,-0.4694700837135315,-0.4399273097515106,0.5734102725982666,-0.4642786383628845,4.59814977645874,-1.581209659576416,0.013941612094640732,0.490121066570282,0.18942813575267792,0.8841171860694885,-0.925696611404419,-0.4942360520362854,0.026625920087099075,0.012603538110852242,-1.160398244857788,0.8072080612182617,0.015594482421875,0.23175230622291565,-0.012402869760990143,0.5786060690879822,0.5088191032409668,-8.505789756774902,-2.113304853439331,-2.709066152572632,-0.0005479157553054392,0.07153987139463425,0.04057854786515236,9.736350059509277,1.096803069114685,0.4864282011985779
2.96,-0.47835448384284973,-0.09203407913446426,0.03065364621579647,-1.4384307861328125,0.9440295696258545,-0.05926966294646263,0.11665616184473038,-0.05122155696153641,0.5392993092536926,-0.4906372129917145,-0.47835448384284973,-0.09203407913446426,0.03065364621579647,-1.4384307861328125,0.9440295696258545,-0.05926966294646263,0.11665616184473038,-0.05122155696153641,0.5392993092536926,-0.4906372129917145,-0.15520671010017395,0.8708217740058899,-0.3823561668395996,5.353402614593506,-6.5765604972839355,0.18169203400611877,0.5284242033958435,0.2068638950586319,1.3070884943008423,-1.200316071510315,-0.36683911085128784,0.14604796469211578,0.07295416295528412,-0.8659230470657349,0.5062223076820374,0.0635843276977539,0.275075763463974,-0.037292055785655975,0.63443523645401,0.5176067352294922,-6.769499778747559,-1.6327849626541138,-2.680375099182129,0.11190499365329742,0.09616179764270782,0.07489963620901108,9.736703872680664,1.0865862369537354,0.5020310282707214
2.98,-0.4727666974067688,-0.06526891142129898,0.035810962319374084,-1.30125093460083,0.7397926449775696,-0.053829845041036606,0.13051412999629974,-0.04796663671731949,0.571438729763031,-0.518740177154541,-0.4727666974067688,-0.06526891142129898,0.035810962319374084,-1.30125093460083,0.7397926449775696,-0.053829845041036606,0.13051412999629974,-0.04796663671731949,0.571438729763031,-0.518740177154541,0.5958074331283569,1.609958291053772,0.8566656112670898,8.065402030944824,-11.534551620483398,0.4138341248035431,0.7687191963195801,0.06327919661998749,1.8724415302276611,-1.5648452043533325,-0.18497905135154724,0.1427844911813736,0.16505306959152222,-0.5646127462387085,0.11096489429473877,0.17998307943344116,0.09279759973287582,-0.08587221801280975,0.7508774995803833,0.5087811946868896,-6.4705328941345215,-1.9031087160110474,-2.800123929977417,0.07270780205726624,0.2472212165594101,0.08083021640777588,9.736403465270996,1.0752148628234863,0.5314780473709106
3.0,-0.45196181535720825,-0.03861624374985695,0.07211213558912277,-1.1131953001022339,0.44024577736854553,-0.039279740303754807,0.1379677653312683,-0.0593106746673584,0.6197713613510132,-0.5486963391304016,-0.45196181535720825,-0.03861624374985695,0.07211213558912277,-1.1131953001022339,0.44024577736854553,-0.039279740303754807,0.1379677653312683,-0.0593106746673584,0.6197713613510132,-0.5486963391304016,1.4122358560562134,1.1096230745315552,2.806173801422119,10.329543113708496,-16.209617614746094,0.9786669015884399,-0.0046607982367277145,-1.0549874305725098,2.8542096614837646,-1.47455632686615,-0.15253940224647522,0.04580290988087654,0.13770261406898499,-0.4921267628669739,-0.15389519929885864,0.5393516421318054,-0.010302186012268066,-0.10161557793617249,0.8001312017440796,0.288316547870636,-4.0020551681518555,-1.0705939531326294,-3.167299270629883,-0.18479469418525696,-0.27049750089645386,0.09530789405107498,9.738442420959473,1.0557669401168823,0.5330972075462341
3.02,-0.4287121295928955,-0.02883880026638508,0.11946383118629456,-0.9226257801055908,0.13283750414848328,-0.002853126497939229,0.12874746322631836,-0.08410493284463882,0.6902170777320862,-0.5789037346839905,-0.4287121295928955,-0.02883880026638508,0.11946383118629456,-0.9226257801055908,0.13283750414848328,-0.002853126497939229,0.12874746322631836,-0.08410493284463882,0.6902170777320862,-0.5789037346839905,1.0891358852386475,0.09802403301000595,1.7733393907546997,8.741641998291016,-13.967605590820312,2.3880114555358887,-0.7363177537918091,-1.2566955089569092,3.8979225158691406,-1.5174808502197266,-0.08394953608512878,-0.11093045771121979,0.11191306263208389,-0.4777199327945709,-0.32858753204345703,0.627299427986145,-0.09857827425003052,-0.09576904773712158,0.7983861565589905,0.2413814663887024,-4.721317768096924,-2.410792589187622,-2.87736177444458,-0.7536307573318481,-0.8624075651168823,0.6877050399780273,9.752214431762695,0.9750916361808777,0.42379364371299744
3.04,-0.395565927028656,-0.040918439626693726,0.14659643173217773,-0.8403400778770447,0.23777949810028076,0.0503862127661705,0.11334884911775589,-0.10709711164236069,0.759427547454834,-0.5959964394569397,-0.395565927028656,-0.040918439626693726,0.14659643173217773,-0.8403400778770447,0.23777949810028076,0.0503862127661705,0.11334884911775589,-0.10709711164236069,0.759427547454834,-0.5959964394569397,1.9441965818405151,-1.2623188495635986,0.8643874526023865,4.079441070556641,8.137801170349121,2.909572124481201,-0.8706826567649841,-0.9555376172065735,2.9903202056884766,-0.34578439593315125,-0.11977511644363403,-0.19102104008197784,0.07622352987527847,-0.5780068635940552,-0.5780975818634033,0.5474097728729248,-0.1451806277036667,0.004626762121915817,0.9832625389099121,0.2555404305458069,-11.768468856811523,-3.919642448425293,0.7709978818893433,-1.304945945739746,-0.9295800924301147,1.219714879989624,9.774309158325195,0.7897090911865234,0.2744869887828827
3.06,-0.37003886699676514,-0.06923217326402664,0.1473875194787979,-0.765044093132019,0.36490678787231445,0.10995649546384811,0.09742969274520874,-0.09905247390270233,0.8171863555908203,-0.5978432893753052,-0.37003886699676514,-0.06923217326402664,0.1473875194787979,-0.765044093132019,0.36490678787231445,0.10995649546384811,0.09742969274520874,-0.09905247390270233,0.8171863555908203,-0.5978432893753052,-1.4540046453475952,-0.2780112028121948,-0.262237548828125,-0.39415961503982544,1.6568996906280518,3.0027718544006348,0.08627080917358398,1.716021180152893,2.8434619903564453,0.9702665209770203,-0.21974650025367737,-0.3096592426300049,0.10009204596281052,-0.6843279004096985,-1.0180048942565918,0.7618193030357361,-0.2693352997303009,0.02817276492714882,0.9833652377128601,-0.1831928789615631,-113.65742492675781,28.881349563598633,49.286502838134766,-0.7758659720420837,-1.1635650396347046,1.3767497539520264,9.796575546264648,0.5055474042892456,0.08732940256595612
3.08,-0.3780912160873413,-0.08869625627994537,0.1283653974533081,-0.7662509083747864,0.36454734206199646,0.16230508685112,0.08459368348121643,-0.08026439696550369,0.8781384229660034,-0.5248175859451294,-0.3780912160873413,-0.08869625627994537,0.1283653974533081,-0.7662509083747864,0.36454734206199646,0.16230508685112,0.08459368348121643,-0.08026439696550369,0.8781384229660034,-0.5248175859451294,0.006046140566468239,-1.7445272207260132,-1.0507358312606812,0.389542818069458,0.010795600712299347,2.9525797367095947,-1.5574218034744263,0.8114547729492188,2.860982656478882,8.234210014343262,-0.13022461533546448,-0.1647554188966751,0.051160432398319244,-0.6536948084831238,-1.0672383308410645,0.3758751153945923,0.029739785939455032,-0.02881065383553505,1.1785728931427002,-0.2225779891014099,-11.664566993713379,1.9417110681533813,3.1269421577453613,-1.4718135595321655,-1.0417534112930298,0.589621901512146,9.803542137145996,0.355614572763443,-0.014329344965517521
3.1,-0.35896238684654236,-0.11357986927032471,0.10856476426124573,-0.7472770810127258,0.3615705966949463,0.20390969514846802,0.07025547325611115,-0.05768119916319847,0.9464921951293945,-0.4283325970172882,-0.35896238684654236,-0.11357986927032471,0.10856476426124573,-0.7472770810127258,0.3615705966949463,0.20390969514846802,0.07025547325611115,-0.05768119916319847,0.9464921951293945,-0.4283325970172882,1.5304144620895386,-0.7103039026260376,-1.0531057119369507,1.1692942380905151,-0.2290135771036148,1.4245439767837524,-0.0976916253566742,1.1070888042449951,3.691821575164795,5.901599407196045,-0.25750732421875,-0.2621493637561798,-0.005258537828922272,-0.5901042222976685,-1.3081821203231812,0.495055615901947,0.1468299925327301,0.0007357865106314421,1.0561974048614502,-0.06992822885513306,-4.665802955627441,1.580034613609314,3.0524795055389404,-1.2149970531463623,-0.41201624274253845,-0.380874365568161,9.802722930908203,0.33818528056144714,-0.16838468611240387
3.12,-0.3360125720500946,-0.12644897401332855,0.07215018570423126,-0.7255662083625793,0.3553362190723419,0.2356337457895279,0.07319159805774689,-0.03326306492090225,1.0039604902267456,-0.3383038341999054,-0.3360125720500946,-0.12644897401332855,0.07215018570423126,-0.7255662083625793,0.3553362190723419,0.2356337457895279,0.07319159805774689,-0.03326306492090225,1.0039604902267456,-0.3383038341999054,0.7754815816879272,-0.5737910270690918,-1.8106051683425903,1.0594680309295654,-0.4800402820110321,1.709576964378357,0.36104798316955566,1.4488142728805542,2.196460008621216,4.081408977508545,-0.2675636112689972,-0.2275204360485077,0.044402383267879486,-0.615937352180481,0.2548014521598816,0.2842661142349243,-0.0708356499671936,0.07587699592113495,0.9941827654838562,-0.08508822321891785,-13.234454154968262,-0.5880590081214905,2.752683162689209,-0.8573201894760132,-0.231613427400589,0.015479209832847118,9.799936294555664,0.3892706036567688,-0.21403071284294128
3.14,-0.3215925395488739,-0.14151930809020996,0.05182648077607155,-0.707740306854248,0.3480716645717621,0.25414901971817017,0.07073467969894409,-0.010501839220523834,1.0259126424789429,-0.26756471395492554,-0.3215925395488739,-0.14151930809020996,0.05182648077607155,-0.707740306854248,0.3480716645717621,0.25414901971817017,0.07073467969894409,-0.010501839220523834,1.0259126424789429,-0.26756471395492554,0.5307609438896179,-0.7856455445289612,-0.03242412209510803,0.42859938740730286,0.0986764132976532,0.3060840666294098,-0.49028635025024414,1.0217806100845337,0.27227315306663513,3.0761852264404297,-0.12185975909233093,-0.2730998694896698,0.1840362548828125,-0.538791298866272,-0.38850539922714233,0.29491639137268066,0.23510056734085083,-0.02926575019955635,0.9712017774581909,0.011956572532653809,-8.273320198059082,-0.45527735352516174,0.10655998438596725,-0.21873757243156433,-0.6877797842025757,-0.1206827312707901,9.797563552856445,0.39771661162376404,-0.29270967841148376
3.16,-0.30552417039871216,-0.14858627319335938,0.06574597954750061,-0.6885803937911987,0.3429839313030243,0.25605472922325134,0.07048410177230835,0.014339514076709747,1.0280576944351196,-0.2076556533575058,-0.30552417039871216,-0.14858627319335938,0.06574597954750061,-0.6885803937911987,0.3429839313030243,0.25605472922325134,0.07048410177230835,0.014339514076709747,1.0280576944351196,-0.2076556533575058,1.1198066473007202,-0.0020556137897074223,1.4716578722000122,1.6102547645568848,-0.46139734983444214,0.07183948159217834,0.31318405270576477,1.2414346933364868,0.20610566437244415,2.2466695308685303,-0.2264203131198883,-0.19618912041187286,-0.021714694797992706,-0.6072299480438232,-0.5392241477966309,0.3850916624069214,0.05508730560541153,-0.04798901453614235,1.130805253982544,-0.09197032451629639,-9.042581558227539,-0.8284178376197815,1.2642192840576172,-0.10783326625823975,-0.2556818723678589,-0.21442267298698425,9.792548179626465,0.4324111044406891,-0.39384734630584717
3.18,-0.29216450452804565,-0.1527044177055359,0.05712740495800972,-0.6644684672355652,0.33243292570114136,0.2676035463809967,0.0716618001461029,0.013081775046885014,1.0443116426467896,-0.15252085030078888,-0.29216450452804565,-0.1527044177055359,0.05712740495800972,-0.6644684672355652,0.33243292570114136,0.2676035463809967,0.0716618001461029,0.013081775046885014,1.0443116426467896,-0.15252085030078888,0.41316136717796326,-0.3025604486465454,-1.968209981918335,0.8597379326820374,-0.355790913105011,0.8296012878417969,-0.08038108050823212,-1.1977689266204834,1.3727564811706543,2.7652463912963867,-0.3306647539138794,-0.14573533833026886,0.03966938704252243,-0.5638149380683899,0.22638148069381714,0.2617654800415039,-0.1535881608724594,0.08655831217765808,1.197263479232788,-0.22920262813568115,-4.575890064239502,0.8490171432495117,2.581071138381958,-0.2869001030921936,-0.11068849265575409,0.1481291651725769,9.791007041931152,0.43297675251960754,-0.42990362644195557
3.2,-0.28817033767700195,-0.1570744663476944,0.04770416393876076,-0.6562086343765259,0.32932522892951965,0.27742403745651245,0.06109301373362541,0.0023393298033624887,1.077650785446167,-0.17013773322105408,-0.28817033767700195,-0.1570744663476944,0.04770416393876076,-0.6562086343765259,0.32932522892951965,0.27742403745651245,0.06109301373362541,0.0023393298033624887,1.077650785446167,-0.17013773322105408,0.006586476694792509,-0.23277296125888824,0.23158232867717743,0.07796795666217804,-0.030184080824255943,0.15737007558345795,-0.9851564168930054,0.6062560677528381,1.8795783519744873,-2.800337553024292,-0.03725934028625488,-0.23369932174682617,0.012734399177134037,-0.42976537346839905,0.4954374134540558,0.43674391508102417,-0.18147020041942596,0.1882658302783966,1.3331763744354248,-0.5598980188369751,-7.662774085998535,-0.026931054890155792,3.4353933334350586,0.11804283410310745,-0.2576536238193512,0.03476334735751152,9.790575981140137,0.417047381401062,-0.4547401964664459
3.22,-0.2783549129962921,-0.16178449988365173,0.04427516460418701,-0.6452708840370178,0.32638102769851685,0.2818611264228821,0.03873104229569435,0.0397285558283329,1.1355122327804565,-0.33485883474349976,-0.2783549129962921,-0.16178449988365173,0.04427516460418701,-0.6452708840370178,0.32638102769851685,0.2818611264228821,0.03873104229569435,0.0397285558283329,1.1355122327804565,-0.33485883474349976,1.0205618143081665,-0.2808976173400879,-0.6795402765274048,1.087442398071289,-0.35596221685409546,0.43347716331481934,-1.246442437171936,2.845987558364868,3.5848710536956787,-10.746850967407227,-0.5562739372253418,-0.13377231359481812,-0.26400795578956604,-0.6806329488754272,-0.7316882610321045,0.0540316104888916,-0.13070620596408844,0.08723872900009155,0.9378259778022766,-0.4904671013355255,-11.729898452758789,-0.4571300446987152,5.141451835632324,-0.48668548464775085,-0.013633701018989086,-0.2000434249639511,9.788642883300781,0.43197372555732727,-0.4816371500492096
3.24,-0.27709487080574036,-0.1679433286190033,-0.02126123197376728,-0.649445652961731,0.30706706643104553,0.27981844544410706,0.01451717410236597,0.0884561687707901,1.1344696283340454,-0.4422670900821686,-0.27709487080574036,-0.1679433286190033,-0.02126123197376728,-0.649445652961731,0.30706706643104553,0.27981844544410706,0.01451717410236597,0.0884561687707901,1.1344696283340454,-0.4422670900821686,-0.9071623086929321,-0.24694673717021942,-5.84299373626709,-1.459694266319275,-1.4273855686187744,-0.7366207838058472,-1.0135016441345215,1.4932321310043335,-3.1523056030273438,-2.3475711345672607,-0.8296826481819153,-0.05431890860199928,-0.3243846893310547,-0.633428156375885,-1.160797357559204,-0.05158117413520813,-0.030967392027378082,0.02455364540219307,0.37144583463668823,-0.5115883350372314,-5.566152572631836,-0.7354109287261963,4.06417989730835,0.248761847615242,0.3447677493095398,0.12758630514144897,9.789387702941895,0.4467531740665436,-0.452114075422287
3.26,-0.31051528453826904,-0.16182754933834076,-0.1378411054611206,-0.6808602213859558,0.26657116413116455,0.25480470061302185,0.002869843505322933,0.09238966554403305,0.9856804609298706,-0.47188010811805725,-0.31051528453826904,-0.16182754933834076,-0.1378411054611206,-0.6808602213859558,0.26657116413116455,0.25480470061302185,0.002869843505322933,0.09238966554403305,0.9856804609298706,-0.47188010811805725,-2.279588222503662,0.7548534870147705,-5.510425090789795,-1.5552796125411987,-1.6599617004394531,-1.4848283529281616,-0.22281385958194733,-0.938556432723999,-10.8353910446167,-1.4024039506912231,-0.3887978494167328,0.007389720529317856,-0.0032350681722164154,-1.9350900650024414,-0.2804705500602722,-0.168348491191864,0.22139734029769897,-0.20869657397270203,0.1838212013244629,-0.19761040806770325,-5.2837815284729,-2.8015458583831787,3.624793291091919,1.3490475416183472,1.05362868309021,0.8333901166915894,9.7984037399292,0.35577529668807983,-0.3174934685230255
3.28,-0.3558747172355652,-0.13414116203784943,-0.16666163504123688,-0.8142738938331604,0.25155943632125854,0.20774485170841217,0.011126185767352581,0.023043762892484665,0.7606848478317261,-0.3739640712738037,-0.3558747172355652,-0.13414116203784943,-0.16666163504123688,-0.8142738938331604,0.25155943632125854,0.20774485170841217,0.011126185767352581,0.023043762892484665,0.7606848478317261,-0.3739640712738037,-2.1625418663024902,1.595831274986267,2.0930919647216797,-14.399820327758789,-1.2047815322875977,-3.1528732776641846,0.9889328479766846,-5.861738204956055,-10.881723403930664,8.34768295288086,-0.4437834918498993,-0.19372685253620148,0.023272067308425903,-1.6890594959259033,-0.13913077116012573,-0.2862900495529175,0.2173902690410614,-0.08241476863622665,0.48426195979118347,-0.06724214553833008,4.013402938842773,6.1525044441223145,-0.20553253591060638,1.4965022802352905,1.719446063041687,-0.2532464563846588,9.806640625,0.2521880269050598,-0.04798807203769684
3.3,-0.3835747539997101,-0.12234415113925934,-0.11306869238615036,-1.0875252485275269,0.1300061196088791,0.13731780648231506,0.03275606781244278,-0.06101763993501663,0.6646538376808167,-0.49031832814216614,-0.3835747539997101,-0.12234415113925934,-0.11306869238615036,-1.0875252485275269,0.1300061196088791,0.13731780648231506,0.03275606781244278,-0.06101763993501663,0.6646538376808167,-0.49031832814216614,-0.7308197617530823,-0.1757124662399292,2.8832218647003174,-11.58593463897705,-12.196210861206055,-2.9977619647979736,1.208754539489746,-1.981768012046814,-3.4963197708129883,-4.541056156158447,-0.4191545844078064,-0.05260879918932915,-0.019423045217990875,-1.86393404006958,0.4384706914424896,-0.3150482773780823,0.22594496607780457,-0.08411223441362381,0.4552725851535797,0.3977924585342407,-3.5190670490264893,-0.12130825966596603,-1.991088628768921,0.5742536783218384,1.1566760540008545,-0.7276319265365601,9.799949645996094,0.38142797350883484,0.22716844081878662
3.32,-0.37855255603790283,-0.1295587569475174,-0.04605770483613014,-1.3073158264160156,0.14620408415794373,0.09629947692155838,0.04354602470993996,-0.04805384948849678,0.6537020206451416,-0.4928644895553589,-0.37855255603790283,-0.1295587569475174,-0.04605770483613014,-1.3073158264160156,0.14620408415794373,0.09629947692155838,0.04354602470993996,-0.04805384948849678,0.6537020206451416,-0.4928644895553589,0.3397116959095001,0.27525585889816284,2.8349249362945557,-10.804157257080078,11.969124794006348,-2.440276622772217,0.7433862090110779,0.9426633715629578,-1.1929223537445068,0.15415599942207336,-0.41546881198883057,-0.004196804016828537,-0.037579335272312164,-1.5963969230651855,0.520168662071228,-0.24472886323928833,0.22155508399009705,-0.11625979095697403,0.4757566750049591,0.3612859845161438,-11.667682647705078,-3.480455160140991,-2.9010872840881348,1.005163311958313,0.4401581585407257,-1.3252183198928833,9.785758018493652,0.6190630793571472,0.30297937989234924
3.34,-0.37240466475486755,-0.11883750557899475,-0.014621413312852383,-1.4490554332733154,0.34571731090545654,0.05441233143210411,0.060406703501939774,-0.03426921367645264,0.6267163157463074,-0.48676350712776184,-0.37240466475486755,-0.11883750557899475,-0.014621413312852383,-1.4490554332733154,0.34571731090545654,0.05441233143210411,0.060406703501939774,-0.03426921367645264,0.6267163157463074,-0.48676350712776184,0.24409830570220947,0.6640138030052185,0.6345939040184021,-3.928016424179077,7.994966506958008,-1.7435839176177979,0.8809992074966431,0.42742684483528137,-1.376142144203186,0.4044247269630432,-0.497311532497406,0.009588439017534256,-0.19565580785274506,-1.556146502494812,0.6169577240943909,-0.1234416663646698,0.2677074074745178,-0.10683801025152206,0.4206419885158539,0.4258701801300049,-9.837733268737793,-2.728062152862549,-2.327512264251709,0.7940658926963806,0.6022286415100098,-0.7301058769226074,9.767334938049316,0.8251177072525024,0.39299342036247253
3.36,-0.3749556243419647,-0.1066889539361,-0.0379948653280735,-1.4959560632705688,0.48697271943092346,0.02874349057674408,0.0789661854505539,-0.028658604249358177,0.5988399386405945,-0.4775554835796356,-0.3749556243419647,-0.1066889539361,-0.0379948653280735,-1.4959560632705688,0.48697271943092346,0.02874349057674408,0.0789661854505539,-0.028658604249358177,0.5988399386405945,-0.4775554835796356,-0.3776664137840271,0.5855671763420105,-2.8325767517089844,-1.3633525371551514,6.205336570739746,-0.9591979384422302,0.991678774356842,0.2615050673484802,-1.4320471286773682,0.5749534368515015,-0.5090966820716858,-0.1233459860086441,0.07851628214120865,-1.7022196054458618,0.7655735611915588,-0.1968296766281128,0.21571733057498932,-0.07090683281421661,0.43732282519340515,0.4004710912704468,-10.92837142944336,-2.7664527893066406,-3.1726911067962646,0.4555119574069977,0.6469488143920898,-0.11500682681798935,9.754950523376465,0.9084370136260986,0.5017785429954529
3.38,-0.3867143988609314,-0.09900685399770737,-0.06268341094255447,-1.537521481513977,0.6263229846954346,0.006741817109286785,0.0909561738371849,-0.02304711565375328,0.5640081167221069,-0.4625476598739624,-0.3867143988609314,-0.09900685399770737,-0.06268341094255447,-1.537521481513977,0.6263229846954346,0.006741817109286785,0.0909561738371849,-0.02304711565375328,0.5640081167221069,-0.4625476598739624,-0.7147707343101501,0.2011168897151947,1.0994212627410889,-2.796443462371826,6.898057460784912,-1.2575072050094604,0.23189252614974976,0.13378793001174927,-1.9366943836212158,0.778792679309845,-0.5341823101043701,-0.09840618073940277,0.013965144753456116,-1.8138967752456665,0.9217188954353333,-0.24879878759384155,0.2313823103904724,-0.020545799285173416,0.39876091480255127,0.2775554656982422,-4.118130683898926,-0.3762958347797394,-1.5345749855041504,0.6428809762001038,0.06144050508737564,-0.1061224564909935,9.74950122833252,0.9274494647979736,0.5684792995452881
3.4,-0.39969590306282043,-0.09681523591279984,-0.028067398816347122,-1.6037766933441162,0.7745293974876404,-0.0192735455930233,0.09426277875900269,-0.011570462025702,0.5276505351066589,-0.4479062259197235,-0.39969590306282043,-0.09681523591279984,-0.028067398816347122,-1.6037766933441162,0.7745293974876404,-0.0192735455930233,0.09426277875900269,-0.011570462025702,0.5276505351066589,-0.4479062259197235,-0.6131486892700195,0.08263048529624939,1.586186170578003,-3.6853575706481934,7.240116119384766,-1.340438961982727,0.17583847045898438,0.7331714034080505,-1.762194275856018,0.6912413239479065,-0.6132270097732544,-0.11295421421527863,-0.013178981840610504,-1.6732503175735474,1.0107760429382324,-0.24711787700653076,0.23712080717086792,0.04987269639968872,0.4292941689491272,0.25648367404937744,-8.468417167663574,-1.2282434701919556,-2.0126237869262695,0.6381858587265015,-0.05317547544836998,-0.2102009654045105,9.746785163879395,0.9659264087677002,0.5506921410560608
3.42,-0.41393089294433594,-0.0959499254822731,-0.008690503425896168,-1.6491787433624268,0.8974186182022095,-0.04196246340870857,0.09917965531349182,0.00535096088424325,0.49758434295654297,-0.43681877851486206,-0.41393089294433594,-0.0959499254822731,-0.008690503425896168,-1.6491787433624268,0.8974186182022095,-0.04196246340870857,0.09917965531349182,0.00535096088424325,0.49758434295654297,-0.43681877851486206,-0.8386739492416382,0.0009817432146519423,0.43427208065986633,-0.9170069098472595,5.3539934158325195,-0.9953740835189819,0.2767934203147888,0.9673711657524109,-1.298639178276062,0.4375719428062439,-0.5164327621459961,-0.1196252852678299,0.06816498935222626,-1.6619815826416016,0.9748245477676392,-0.08406266570091248,0.22841401398181915,-0.1435616910457611,0.4433397650718689,0.3534861207008362,-7.760745525360107,-0.9952117204666138,-1.610416293144226,0.7435442209243774,0.011669035069644451,-0.04808531701564789,9.744312286376953,0.9992536306381226,0.5347535610198975
3.44,-0.4289487302303314,-0.09635142236948013,0.002962924772873521,-1.6554145812988281,0.9529619812965393,-0.05476569011807442,0.10396231710910797,-0.008725694380700588,0.4821721613407135,-0.43329352140426636,-0.4289487302303314,-0.09635142236948013,0.002962924772873521,-1.6554145812988281,0.9529619812965393,-0.05476569011807442,0.10396231710910797,-0.008725694380700588,0.4821721613407135,-0.43329352140426636,-0.5397777557373047,-0.05228879302740097,0.9968653321266174,-0.015150012448430061,1.1669188737869263,-0.3146734833717346,0.22712352871894836,-1.8903809785842896,-0.2930385172367096,-0.0022305308375507593,-0.5821288824081421,-0.12645269930362701,0.0464448481798172,-1.6581621170043945,1.1035102605819702,-0.06001836061477661,0.22675573825836182,-0.095812126994133,0.4611591398715973,0.4717358946800232,-4.481948375701904,-0.9273430109024048,-1.0829418897628784,0.3496287763118744,-0.034219544380903244,0.010750656016170979,9.743934631347656,1.0077286958694458,0.5256572961807251
3.46,-0.44063711166381836,-0.09904058277606964,0.02328396961092949,-1.6554924249649048,1.0153703689575195,-0.05673379823565483,0.10892932116985321,-0.0340728797018528,0.48078835010528564,-0.4381597340106964,-0.44063711166381836,-0.09904058277606964,0.02328396961092949,-1.6554924249649048,1.0153703689575195,-0.05673379823565483,0.10892932116985321,-0.0340728797018528,0.48078835010528564,-0.4381597340106964,-0.6151121258735657,-0.21294604241847992,0.8727796077728271,0.030386250466108322,4.125967025756836,0.044653672724962234,0.23404419422149658,-0.16864344477653503,0.141935795545578,-0.2833254933357239,-0.504288911819458,-0.07818163931369781,0.01425018161535263,-1.3357734680175781,1.1197524070739746,0.0009194910526275635,0.20666873455047607,-0.03825007379055023,0.5080934762954712,0.4713226556777954,-11.535018920898438,-1.6327427625656128,-3.9139533042907715,0.10777941346168518,-0.04144400358200073,0.1607537865638733,9.745946884155273,0.991582989692688,0.51902836561203
3.48,-0.44724997878074646,-0.09989006817340851,0.03271131590008736,-1.6076098680496216,1.0726289749145508,-0.0532555989921093,0.11608370393514633,-0.0347994863986969,0.4882879853248596,-0.4456850290298462,-0.44724997878074646,-0.09989006817340851,0.03271131590008736,-1.6076098680496216,1.0726289749145508,-0.0532555989921093,0.11608370393514633,-0.0347994863986969,0.4882879853248596,-0.4456850290298462,-0.15895745158195496,0.05933815613389015,0.10906616598367691,4.489713191986084,2.0920915603637695,0.3150801956653595,0.4051769971847534,-0.023161424323916435,0.5762071013450623,-0.4912075102329254,-0.527607262134552,-0.0030171386897563934,0.020241962745785713,-1.352928876876831,1.0437887907028198,-0.021955430507659912,0.28308045864105225,-0.041008226573467255,0.5198608636856079,0.5572458505630493,-7.687660217285156,-1.4382450580596924,-2.60149884223938,-0.029888397082686424,0.022899003699421883,0.20613795518875122,9.749312400817871,0.9604114294052124,0.5144171118736267
3.5,-0.4513421356678009,-0.09175124019384384,0.03379204124212265,-1.5237277746200562,1.0724639892578125,-0.04752882197499275,0.125824972987175,-0.032082315534353256,0.5021798014640808,-0.4579065442085266,-0.4513421356678009,-0.09175124019384384,0.03379204124212265,-1.5237277746200562,1.0724639892578125,-0.04752882197499275,0.125824972987175,-0.032082315534353256,0.5021798014640808,-0.4579065442085266,-0.24350878596305847,0.6650036573410034,0.002367630833759904,3.601902723312378,-1.19490385055542,0.2290606051683426,0.5575457811355591,0.24609743058681488,0.7671585083007812,-0.6905980706214905,-0.49465224146842957,0.010703224688768387,0.04577012360095978,-1.1667349338531494,0.7739330530166626,0.08739984035491943,0.2722679674625397,0.008674979209899902,0.5664855241775513,0.4533676505088806,-8.188616752624512,-1.3003751039505005,-3.098301887512207,0.23758843541145325,0.07564996182918549,0.1761273890733719,9.752843856811523,0.9215195178985596,0.5185946226119995
3.52,-0.456076443195343,-0.07722414284944534,0.03438933566212654,-1.4374988079071045,0.9496415257453918,-0.03890899941325188,0.13737861812114716,-0.026098212227225304,0.5231566429138184,-0.4745720326900482,-0.456076443195343,-0.07722414284944534,0.03438933566212654,-1.4374988079071045,0.9496415257453918,-0.03890899941325188,0.13737861812114716,-0.026098212227225304,0.5231566429138184,-0.4745720326900482,-0.19839273393154144,0.7270341515541077,0.15621012449264526,5.023879528045654,-8.483954429626465,0.6070106625556946,0.5536836981773376,0.3051910102367401,1.279366135597229,-0.9609243869781494,-0.3254011571407318,0.10753776133060455,0.0731159895658493,-0.8455675840377808,0.49915850162506104,0.05329903960227966,0.2536226809024811,-0.025840338319540024,0.6474536657333374,0.5082576274871826,-7.0944108963012695,-1.4983417987823486,-2.7062013149261475,0.26115289330482483,0.036035727709531784,0.3121696412563324,9.756364822387695,0.8795221447944641,0.525242805480957
3.54,-0.44782185554504395,-0.057018768042325974,0.045404914766550064,-1.3003700971603394,0.7306345105171204,-0.028860455378890038,0.15022160112857819,-0.021715829148888588,0.553206205368042,-0.4974628686904907,-0.44782185554504395,-0.057018768042325974,0.045404914766550064,-1.3003700971603394,0.7306345105171204,-0.028860455378890038,0.15022160112857819,-0.021715829148888588,0.553206205368042,-0.4974628686904907,0.8436405658721924,1.1640875339508057,0.8844590187072754,8.280817985534668,-11.555913925170898,0.5019479990005493,0.6570680141448975,0.12730751931667328,1.7611771821975708,-1.331446886062622,-0.14942170679569244,0.028600502759218216,0.2302321344614029,-0.5533586740493774,0.04925656318664551,0.24266013503074646,0.08999637514352798,-0.09139738976955414,0.7849196195602417,0.3614698052406311,-5.603722095489502,-0.7882384657859802,-2.8663229942321777,0.22070547938346863,0.09689043462276459,0.0863712877035141,9.759048461914062,0.8442612886428833,0.5331976413726807
3.56,-0.42404836416244507,-0.04215395078063011,0.08839710801839828,-1.1086317300796509,0.4138668477535248,-0.009009958244860172,0.15306062996387482,-0.038556139916181564,0.6052658557891846,-0.5231101512908936,-0.42404836416244507,-0.04215395078063011,0.08839710801839828,-1.1086317300796509,0.4138668477535248,-0.009009958244860172,0.15306062996387482,-0.038556139916181564,0.6052658557891846,-0.5231101512908936,1.5310087203979492,0.4101165533065796,3.6159777641296387,10.458125114440918,-17.8410701751709,1.3656457662582397,-0.31681641936302185,-1.6334320306777954,3.2616608142852783,-1.2395546436309814,-0.04118230938911438,-0.011845957487821579,0.13650357723236084,-0.4768916964530945,-0.09616875648498535,0.6082784533500671,-0.012173697352409363,-0.11627393960952759,0.8602227568626404,0.1360175609588623,-3.578094482421875,-0.29345181584358215,-2.961731195449829,-0.08975988626480103,-0.5510871410369873,0.10237883031368256,9.762960433959961,0.825346052646637,0.489391952753067
3.58,-0.3938780725002289,-0.04367251694202423,0.14443226158618927,-0.9156074523925781,0.1312067210674286,0.03444577753543854,0.14015275239944458,-0.0761994868516922,0.6877117156982422,-0.5491623878479004,-0.3938780725002289,-0.04367251694202423,0.14443226158618927,-0.9156074523925781,0.1312067210674286,0.03444577753543854,0.14015275239944458,-0.0761994868516922,0.6877117156982422,-0.5491623878479004,1.6035094261169434,-0.32492685317993164,1.587996244430542,8.879841804504395,-11.164958000183105,2.7323009967803955,-0.8107656240463257,-1.9470643997192383,4.671473503112793,-1.309732437133789,-0.08031472563743591,-0.15393872559070587,0.13467754423618317,-0.5368528366088867,-0.3659246563911438,0.6306874752044678,-0.09912639856338501,-0.062114473432302475,0.7504956722259521,0.2690632939338684,-4.40244197845459,-1.7126370668411255,-2.5499534606933594,-0.7944543361663818,-0.9184893369674683,0.4900282323360443,9.774141311645508,0.7649277448654175,0.3422735333442688
3.6,-0.353257954120636,-0.061337247490882874,0.1680942326784134,-0.8493156433105469,0.3183733820915222,0.09061580896377563,0.12528544664382935,-0.10145660489797592,0.7591728568077087,-0.5558049082756042,-0.353257954120636,-0.061337247490882874,0.1680942326784134,-0.8493156433105469,0.3183733820915222,0.09061580896377563,0.12528544664382935,-0.10145660489797592,0.7591728568077087,-0.5558049082756042,1.715610384941101,-1.3699733018875122,0.4701554477214813,4.186628341674805,7.8260297775268555,2.7199478149414062,-0.8985086679458618,-0.4783673882484436,2.5988078117370605,-0.6625326871871948,-0.1225709319114685,-0.1984197497367859,0.09168556332588196,-0.5729901194572449,-0.5212469100952148,0.5455992221832275,-0.11078791320323944,-0.02748744562268257,0.9858821630477905,0.21819543838500977,-10.328828811645508,-3.7316460609436035,-1.0073989629745483,-0.887556791305542,-1.0119959115982056,1.179203987121582,9.789414405822754,0.6040429472923279,0.19648030400276184
3.62,-0.3328711986541748,-0.08921413123607635,0.16507118940353394,-0.7735159993171692,0.4401099681854248,0.14647942781448364,0.10910502821207047,-0.09430725127458572,0.8093062043190002,-0.5592101812362671,-0.3328711986541748,-0.08921413123607635,0.16507118940353394,-0.7735159993171692,0.4401099681854248,0.14647942781448364,0.10910502821207047,-0.09430725127458572,0.8093062043190002,-0.5592101812362671,-1.649503231048584,-0.026903117075562477,-0.10991586744785309,-0.6808812022209167,0.4227030873298645,2.828307628631592,0.13430148363113403,1.051112174987793,2.5926568508148193,1.0028589963912964,-0.1862679272890091,-0.2903507947921753,0.0884728655219078,-0.6991311311721802,-1.0794845819473267,0.7751694917678833,-0.2604573369026184,0.010521013289690018,0.9897286891937256,-0.22909381985664368,-120.72610473632812,27.491796493530273,55.02628707885742,-0.5030310153961182,-1.1573302745819092,1.2863404750823975,9.804282188415527,0.33457812666893005,-0.014120607636868954
3.64,-0.34047818183898926,-0.1052972823381424,0.14432916045188904,-0.7778520584106445,0.43056720495224,0.1964375078678131,0.09373392164707184,-0.08767691999673843,0.8691495656967163,-0.494853138923645,-0.34047818183898926,-0.1052972823381424,0.14432916045188904,-0.7778520584106445,0.43056720495224,0.1964375078678131,0.09373392164707184,-0.08767691999673843,0.8691495656967163,-0.494853138923645,0.15086479485034943,-1.5373104810714722,-1.3197182416915894,0.36439013481140137,-0.1739465892314911,2.91090726852417,-1.5161257982254028,0.33288100361824036,3.1321940422058105,2.789259433746338,-0.15247316658496857,-0.11598712205886841,0.031223200261592865,-0.6724132299423218,-1.0342222452163696,0.37808603048324585,0.058942411094903946,-0.16631731390953064,1.177323579788208,-0.23801782727241516,-12.689453125,1.1300897598266602,0.06833186000585556,-1.609439730644226,-0.9286215901374817,0.4096617102622986,9.806864738464355,0.22249872982501984,-0.10954518616199493
3.66,-0.32101789116859436,-0.12331482768058777,0.11679355055093765,-0.7624329328536987,0.42541730403900146,0.23858633637428284,0.07818964868783951,-0.091275155544281,0.9365634918212891,-0.40295952558517456,-0.32101789116859436,-0.12331482768058777,0.11679355055093765,-0.7624329328536987,0.42541730403900146,0.23858633637428284,0.07818964868783951,-0.091275155544281,0.9365634918212891,-0.40295952558517456,1.4147406816482544,-0.25676655769348145,-1.621301531791687,0.8556694388389587,-0.39617466926574707,1.3950430154800415,-0.07536739110946655,-1.2940384149551392,3.808713912963867,5.594845771789551,-0.2810761332511902,-0.22396507859230042,-0.0050613656640052795,-0.617631196975708,-1.0471043586730957,0.46734386682510376,0.1586398482322693,0.011916098184883595,1.0532259941101074,-0.09925088286399841,-4.646857738494873,1.0145996809005737,3.3756511211395264,-1.3803932666778564,-0.07896651327610016,-0.46484076976776123,9.804686546325684,0.23425516486167908,-0.22213824093341827
3.68,-0.3019532859325409,-0.12798795104026794,0.07016648352146149,-0.748054563999176,0.41802677512168884,0.26673319935798645,0.0848393514752388,-0.0873088538646698,0.9928914904594421,-0.32804569602012634,-0.3019532859325409,-0.12798795104026794,0.07016648352146149,-0.748054563999176,0.41802677512168884,0.26673319935798645,0.0848393514752388,-0.0873088538646698,0.9928914904594421,-0.32804569602012634,0.6017155051231384,-0.3494638204574585,-2.736447811126709,0.7650026679039001,-0.3161228597164154,1.4290326833724976,0.6379599571228027,1.8416597843170166,1.9959248304367065,2.856611490249634,-0.27876096963882446,-0.18490344285964966,0.049296893179416656,-0.6193400621414185,0.25910818576812744,0.2704387307167053,-0.0644676685333252,0.07363748550415039,0.9666961431503296,-0.05958762764930725,-8.558267593383789,-1.5075823068618774,-0.6098342537879944,-0.7183385491371155,-0.017582707107067108,-0.06791006773710251,9.803181648254395,0.3004327118396759,-0.20848479866981506
3.7,-0.2920548617839813,-0.13841985166072845,0.047765545547008514,-0.7355881333351135,0.41311535239219666,0.2804306149482727,0.08789219707250595,-0.05195365473628044,1.0108941793441772,-0.2751217186450958,-0.2920548617839813,-0.13841985166072845,0.047765545547008514,-0.7355881333351135,0.41311535239219666,0.2804306149482727,0.08789219707250595,-0.05195365473628044,1.0108941793441772,-0.2751217186450958,0.2865503430366516,-0.597578227519989,0.22736667096614838,0.1724853664636612,0.11355216056108475,0.08493988960981369,-0.2641279697418213,1.5765241384506226,0.04546888545155525,2.5416362285614014,-0.1580682098865509,-0.22726494073867798,0.002053581178188324,-0.5466036796569824,0.32931551337242126,0.2905055582523346,0.23192378878593445,-0.04453997686505318,0.9703689217567444,-0.4118273854255676,-11.531399726867676,-0.47177377343177795,0.4657112658023834,0.05692258104681969,-0.6528303623199463,-0.16599510610103607,9.800956726074219,0.31853392720222473,-0.27547428011894226
3.72,-0.280295729637146,-0.14426793158054352,0.04678419604897499,-0.7222959399223328,0.40862932801246643,0.27958187460899353,0.09437412023544312,-0.02834562212228775,1.005258560180664,-0.31164100766181946,-0.280295729637146,-0.14426793158054352,0.04678419604897499,-0.7222959399223328,0.40862932801246643,0.27958187460899353,0.09437412023544312,-0.02834562212228775,1.005258560180664,-0.31164100766181946,0.8344378471374512,-0.017563967034220695,-0.5318571329116821,1.02567720413208,-0.4149453639984131,0.0112655870616436,0.8453001379966736,0.4846510887145996,-0.5325937867164612,-4.492881774902344,-0.23438304662704468,-0.17905694246292114,-0.011474765837192535,-0.5988171696662903,-0.4170985221862793,0.3620193898677826,0.0488545224070549,-0.04370434954762459,1.146358847618103,-0.058040112257003784,-8.420766830444336,-0.8290647864341736,3.614975690841675,-0.16494902968406677,-0.10150974988937378,-0.2116294652223587,9.796663284301758,0.3574759066104889,-0.36564016342163086
3.74,-0.2689477503299713,-0.14641480147838593,0.034342825412750244,-0.705998957157135,0.40108782052993774,0.2894711196422577,0.10140141099691391,-0.03588312119245529,1.0173587799072266,-0.2439689189195633,-0.2689477503299713,-0.14641480147838593,0.034342825412750244,-0.705998957157135,0.40108782052993774,0.2894711196422577,0.10140141099691391,-0.03588312119245529,1.0173587799072266,-0.2439689189195633,0.40762096643447876,-0.14520032703876495,-0.5602327585220337,0.6256963014602661,-0.2941271662712097,0.6963757276535034,-0.08009016513824463,-0.734417736530304,1.7539664506912231,8.278325080871582,-0.3515291213989258,-0.13705947995185852,0.047571323812007904,-0.5433553457260132,0.31056299805641174,0.27190250158309937,-0.17508649826049805,0.03429863974452019,1.263871669769287,-0.09658274054527283,-7.830183982849121,0.44216305017471313,3.4692001342773438,-0.4446703791618347,-0.10574953258037567,0.02752738632261753,9.795674324035645,0.3715258240699768,-0.3779364824295044
3.76,-0.2651709020137787,-0.15132494270801544,0.03159066662192345,-0.6986556649208069,0.39786532521247864,0.29826200008392334,0.08665863424539566,-0.039099447429180145,1.0693930387496948,-0.14845779538154602,-0.2651709020137787,-0.15132494270801544,0.03159066662192345,-0.6986556649208069,0.39786532521247864,0.29826200008392334,0.08665863424539566,-0.039099447429180145,1.0693930387496948,-0.14845779538154602,-0.02552397921681404,-0.3004259765148163,0.29365384578704834,0.19590720534324646,-0.11884776502847672,0.16994066536426544,-1.3056291341781616,0.5709963440895081,3.174511432647705,2.461151123046875,-0.025281965732574463,-0.24522268772125244,0.03415021300315857,-0.37084317207336426,0.5460358262062073,0.45660245418548584,-0.27057668566703796,0.18381118774414062,1.3655447959899902,-0.5187234878540039,-8.80197811126709,-1.1158405542373657,4.078672409057617,0.0770578384399414,-0.31328505277633667,0.04294291138648987,9.794373512268066,0.36837273836135864,-0.41310355067253113
3.78,-0.25523075461387634,-0.1582222878932953,0.030965954065322876,-0.6808398962020874,0.3898889720439911,0.30132460594177246,0.05404955521225929,0.0011963221477344632,1.1462397575378418,-0.2724590301513672,-0.25523075461387634,-0.1582222878932953,0.030965954065322876,-0.6808398962020874,0.3898889720439911,0.30132460594177246,0.05404955521225929,0.0011963221477344632,1.1462397575378418,-0.2724590301513672,1.0577900409698486,-0.4300336241722107,-0.4848441183567047,1.6502538919448853,-0.7494329214096069,0.34184855222702026,-1.916568398475647,3.355651617050171,4.165971755981445,-11.327807426452637,-0.5743124485015869,-0.1461993157863617,-0.279427707195282,-0.6977653503417969,-0.7300674915313721,0.026181519031524658,-0.13579465448856354,0.10573311150074005,1.0122101306915283,-0.49075767397880554,-13.786706924438477,-1.830949068069458,5.898077964782715,-0.41675612330436707,-0.15309731662273407,-0.11163374781608582,9.792228698730469,0.3732494115829468,-0.4572170674800873
3.8,-0.2555876076221466,-0.16629882156848907,-0.03234768658876419,-0.6757284998893738,0.3593832850456238,0.29701367020606995,0.022168004885315895,0.07055898010730743,1.1589208841323853,-0.40832436084747314,-0.2555876076221466,-0.16629882156848907,-0.03234768658876419,-0.6757284998893738,0.3593832850456238,0.29701367020606995,0.022168004885315895,0.07055898010730743,1.1589208841323853,-0.40832436084747314,-1.0854853391647339,-0.32111841440200806,-5.8420305252075195,-1.2075875997543335,-2.071967601776123,-0.9261382222175598,-1.1680443286895752,2.8095765113830566,-2.308748960494995,-4.0546979904174805,-0.7328645586967468,-0.05147451534867287,-0.31932908296585083,-0.6452391147613525,-1.1899712085723877,-0.08000782132148743,-0.01677754521369934,0.045887988060712814,0.4243932366371155,-0.5504651665687561,-5.343141555786133,-0.6656693816184998,3.9627318382263184,0.5049832463264465,0.31733012199401855,0.26035037636756897,9.79327392578125,0.3593002259731293,-0.44585123658180237
3.82,-0.2871357798576355,-0.1606011986732483,-0.14581789076328278,-0.7007319927215576,0.30535149574279785,0.26521605253219604,0.009190280921757221,0.09681908786296844,1.0233824253082275,-0.47365134954452515,-0.2871357798576355,-0.1606011986732483,-0.14581789076328278,-0.7007319927215576,0.30535149574279785,0.26521605253219604,0.009190280921757221,0.09681908786296844,1.0233824253082275,-0.47365134954452515,-1.9645417928695679,0.7543814778327942,-5.174656391143799,-1.213239312171936,-2.373725652694702,-1.8635339736938477,-0.233298197388649,-0.02588944509625435,-10.387619972229004,-3.177678108215332,-0.3738787770271301,0.017150457948446274,0.0014897100627422333,-1.9900810718536377,-0.32984459400177,-0.15602701902389526,0.2119683474302292,-0.23621365427970886,0.20224881172180176,-0.2352496087551117,-5.173751354217529,-2.8813791275024414,3.8755576610565186,1.4308955669403076,1.128625750541687,0.7624875903129578,9.801702499389648,0.2620488107204437,-0.30669328570365906
3.84,-0.3301349878311157,-0.13135462999343872,-0.16941213607788086,-0.8305172920227051,0.26868897676467896,0.21552228927612305,0.01517542451620102,0.03048425167798996,0.7997143864631653,-0.3978237509727478,-0.3301349878311157,-0.13135462999343872,-0.16941213607788086,-0.8305172920227051,0.26868897676467896,0.21552228927612305,0.01517542451620102,0.03048425167798996,0.7997143864631653,-0.3978237509727478,-2.514904737472534,1.6728259325027466,2.227551221847534,-13.854438781738281,7.644871234893799,-3.0548861026763916,0.8530019521713257,-6.385239601135254,-11.138436317443848,7.70616340637207,-0.3830784857273102,-0.21211491525173187,0.025635845959186554,-1.6376715898513794,-0.15362811088562012,-0.2711330056190491,0.1998964101076126,-0.07341062277555466,0.4851466119289398,-0.045190393924713135,-6.254424571990967,10.677836418151855,6.34346866607666,1.4320783615112305,1.78749680519104,-0.10978659987449646,9.808794975280762,0.15295523405075073,-0.015937210991978645
3.86,-0.3528985381126404,-0.11846575886011124,-0.11415853351354599,-1.1030585765838623,0.08309860527515411,0.1475648432970047,0.03503885865211487,-0.06511786580085754,0.6887805461883545,-0.4731633961200714,-0.3528985381126404,-0.11846575886011124,-0.11415853351354599,-1.1030585765838623,0.08309860527515411,0.1475648432970047,0.03503885865211487,-0.06511786580085754,0.6887805461883545,-0.4731633961200714,-0.379700630903244,-0.2869056165218353,2.9291303157806396,-10.917292594909668,-12.245477676391602,-2.9567208290100098,1.1574947834014893,-2.089481830596924,-3.6270570755004883,-4.692791938781738,-0.37107110023498535,0.034768927842378616,-0.08776742964982986,-1.9099607467651367,0.42819342017173767,-0.25669050216674805,0.206340491771698,-0.0906754657626152,0.45833179354667664,0.36597275733947754,-3.718390941619873,-1.008797526359558,-2.483882427215576,0.5851495862007141,1.1773332357406616,-0.6292818188667297,9.802165031433105,0.2667362689971924,0.28725382685661316
3.88,-0.34914278984069824,-0.1250355839729309,-0.05830397456884384,-1.31818425655365,0.11966144293546677,0.10856561362743378,0.05147700011730194,-0.06837597489356995,0.6618742942810059,-0.5111991763114929,-0.34914278984069824,-0.1250355839729309,-0.05830397456884384,-1.31818425655365,0.11966144293546677,0.10856561362743378,0.05147700011730194,-0.06837597489356995,0.6618742942810059,-0.5111991763114929,0.6400178670883179,0.3549771308898926,2.3206586837768555,-11.039615631103516,13.004389762878418,-1.8753955364227295,0.787506103515625,0.8743210434913635,-0.4718863368034363,0.018352778628468513,-0.3629502058029175,-0.0005235187709331512,-0.2539371848106384,-1.5659093856811523,0.6005982160568237,-0.25083762407302856,0.24836209416389465,-0.11836374551057816,0.4924926161766052,0.300681471824646,-14.647815704345703,-3.282294750213623,-4.296539306640625,0.8682076334953308,0.473274827003479,-1.1157150268554688,9.791844367980957,0.4173508286476135,0.4262615442276001
3.9,-0.33565405011177063,-0.1141742691397667,-0.06714507937431335,-1.458949089050293,0.3634800612926483,0.071437306702137,0.07064840942621231,-0.05306251347064972,0.6405019164085388,-0.506987988948822,-0.33565405011177063,-0.1141742691397667,-0.06714507937431335,-1.458949089050293,0.3634800612926483,0.071437306702137,0.07064840942621231,-0.05306251347064972,0.6405019164085388,-0.506987988948822,0.6102622747421265,0.5208433270454407,-2.820852518081665,-3.423582077026367,10.8751220703125,-1.6362007856369019,1.0533063411712646,0.6042625904083252,-1.2964375019073486,0.34065327048301697,-0.5057955384254456,0.033112574368715286,-0.1900581419467926,-1.5443124771118164,0.6471046805381775,-0.06567302346229553,0.2792491316795349,-0.1084553524851799,0.42361703515052795,0.3731342554092407,-10.659309387207031,-2.833812952041626,-2.507039785385132,0.8192023038864136,0.7106831073760986,-0.6556504368782043,9.776662826538086,0.6049668192863464,0.5357121825218201
3.92,-0.3394322693347931,-0.09863121062517166,-0.12607769668102264,-1.4976414442062378,0.5236937999725342,0.049146439880132675,0.09113772958517075,-0.03952047601342201,0.6125849485397339,-0.49717846512794495,-0.3394322693347931,-0.09863121062517166,-0.12607769668102264,-1.4976414442062378,0.5236937999725342,0.049146439880132675,0.09113772958517075,-0.03952047601342201,0.6125849485397339,-0.49717846512794495,-0.728630006313324,0.95265793800354,-2.4774718284606934,-1.0950697660446167,5.9950852394104,-0.7832683324813843,0.9405751824378967,0.7147551774978638,-1.5517058372497559,0.6538282036781311,-0.5460948944091797,-0.14765478670597076,0.06804198771715164,-1.6611918210983276,0.7387007474899292,-0.1753111481666565,0.20334799587726593,-0.10807500779628754,0.41719770431518555,0.33878272771835327,-10.149486541748047,-2.50586199760437,-3.65700101852417,0.92713862657547,0.6109515428543091,0.16082116961479187,9.76574993133545,0.6587595343589783,0.6574620008468628
3.94,-0.3585812747478485,-0.0891232118010521,-0.12822392582893372,-1.5309373140335083,0.6362173557281494,0.028823141008615494,0.09794038534164429,-0.03342515975236893,0.5718990564346313,-0.4789377450942993,-0.3585812747478485,-0.0891232118010521,-0.12822392582893372,-1.5309373140335083,0.6362173557281494,0.028823141008615494,0.09794038534164429,-0.03342515975236893,0.5718990564346313,-0.4789377450942993,-1.091271162033081,0.08632194995880127,2.4452407360076904,-2.2311246395111084,5.0695719718933105,-1.2232409715652466,-0.12336402386426926,-0.0828024297952652,-2.3232760429382324,1.0352174043655396,-0.5567470788955688,-0.037262629717588425,0.021344400942325592,-1.7869901657104492,0.8462778925895691,-0.2804012894630432,0.23710688948631287,-0.07816638052463531,0.379207044839859,0.20570826530456543,-4.10349178314209,-0.3152015507221222,-1.2801700830459595,1.118740439414978,-0.18648986518383026,0.1476239264011383,9.765209197998047,0.6341834664344788,0.6889191269874573
3.96,-0.377008855342865,-0.08380172401666641,-0.06345760822296143,-1.5879597663879395,0.7426218390464783,0.0009336412185803056,0.09760739654302597,-0.022682199254631996,0.5267883539199829,-0.46029889583587646,-0.377008855342865,-0.08380172401666641,-0.06345760822296143,-1.5879597663879395,0.7426218390464783,0.0009336412185803056,0.09760739654302597,-0.022682199254631996,0.5267883539199829,-0.46029889583587646,-0.7897812128067017,0.4347798824310303,3.1248974800109863,-3.3887429237365723,5.099992275238037,-1.5003046989440918,0.11332353949546814,0.995613157749176,-2.1733899116516113,0.8973532915115356,-0.6397468447685242,-0.0766502171754837,0.008039034903049469,-1.6329463720321655,1.0130175352096558,-0.24305087327957153,0.23194338381290436,0.01686466485261917,0.4443955421447754,0.19338619709014893,-8.732580184936523,-0.8459293246269226,-2.024927854537964,1.0541225671768188,-0.09899122267961502,-0.10146874934434891,9.767772674560547,0.6438149809837341,0.6420435905456543
3.98,-0.39522191882133484,-0.07787295430898666,-0.018569106236100197,-1.6283929347991943,0.8679595589637756,-0.02216874249279499,0.10133916139602661,-0.002688801847398281,0.4917601943016052,-0.44663751125335693,-0.39522191882133484,-0.07787295430898666,-0.018569106236100197,-1.6283929347991943,0.8679595589637756,-0.02216874249279499,0.10133916139602661,-0.002688801847398281,0.4917601943016052,-0.44663751125335693,-1.0400340557098389,0.15063312649726868,1.5354927778244019,-0.6411992907524109,6.767221927642822,-0.9074032306671143,0.2162315398454666,1.0591278076171875,-1.3703923225402832,0.46949484944343567,-0.5248298645019531,-0.05435405299067497,0.06296033412218094,-1.6605260372161865,0.9685608148574829,-0.13673874735832214,0.2155522257089615,-0.13484755158424377,0.42102041840553284,0.16393780708312988,-7.236893653869629,-0.22660860419273376,-1.4143162965774536,0.9180690050125122,-0.011939742602407932,0.09164916723966599,9.768171310424805,0.6575815677642822,0.6217086315155029
4.0,-0.41240453720092773,-0.07458609342575073,0.008399615995585918,-1.634141206741333,0.940077006816864,-0.03769092634320259,0.10557170957326889,-0.009611438028514385,0.4723633825778961,-0.4424280524253845,-0.41240453720092773,-0.07458609342575073,0.008399615995585918,-1.634141206741333,0.940077006816864,-0.03769092634320259,0.10557170957326889,-0.009611438028514385,0.4723633825778961,-0.4424280524253845,-0.611100435256958,0.08611233532428741,1.3909183740615845,-0.2391933649778366,1.5595335960388184,-0.6141310334205627,0.08947324007749557,-1.076381802558899,-0.42123672366142273,-0.07205095142126083,-0.6223635673522949,-0.08404488861560822,0.06481200456619263,-1.7057725191116333,1.053078293800354,-0.11980512738227844,0.19481168687343597,-0.09426763653755188,0.4626097083091736,0.17820119857788086,-18.784746170043945,-1.4313684701919556,-5.87935209274292,0.6430747509002686,0.06975506246089935,-0.00927970465272665,9.768317222595215,0.6627134680747986,0.6139087677001953
4.02,-0.42809098958969116,-0.07412528991699219,0.03409832715988159,-1.6469861268997192,0.9898110628128052,-0.04500744864344597,0.10838106274604797,-0.028791621327400208,0.46636301279067993,-0.4447649419307709,-0.42809098958969116,-0.07412528991699219,0.03409832715988159,-1.6469861268997192,0.9898110628128052,-0.04500744864344597,0.10838106274604797,-0.028791621327400208,0.46636301279067993,-0.4447649419307709,-0.8783986568450928,-0.10525006055831909,1.153696894645691,-0.9099205136299133,2.9532840251922607,-0.21323595941066742,0.06864772737026215,0.11346004903316498,0.0005761327338404953,-0.18948258459568024,-0.4743986427783966,-0.08341686427593231,-0.013870373368263245,-1.3763387203216553,1.136032223701477,-0.007341921329498291,0.26472902297973633,-0.06148705631494522,0.4968928098678589,0.4991118907928467,-7.954962253570557,-0.7596977353096008,-2.588263988494873,0.3914535939693451,-0.16542395949363708,0.07373291254043579,9.769505500793457,0.6619442701339722,0.5955561399459839
4.04,-0.43615153431892395,-0.07509424537420273,0.037350866943597794,-1.6149998903274536,1.0575132369995117,-0.045641280710697174,0.11469681560993195,-0.02968347631394863,0.47384995222091675,-0.4537615478038788,-0.43615153431892395,-0.07509424537420273,0.037350866943597794,-1.6149998903274536,1.0575132369995117,-0.045641280710697174,0.11469681560993195,-0.02968347631394863,0.47384995222091675,-0.4537615478038788,-0.0502777025103569,-0.04828925058245659,-0.7852054238319397,3.8598852157592773,3.56339693069458,0.2009516805410385,0.5029956102371216,-0.14844219386577606,0.7317103743553162,-0.6253877282142639,-0.48098212480545044,0.028535235673189163,0.00819648988544941,-1.3804678916931152,1.1633658409118652,-0.21472197771072388,0.306180477142334,-0.040233828127384186,0.5063819885253906,0.2074434757232666,-8.752744674682617,-1.6421550512313843,-2.137099027633667,-0.12282116711139679,0.10709342360496521,0.048127494752407074,9.770434379577637,0.6571982502937317,0.5854961276054382
4.06,-0.43365633487701416,-0.06682422012090683,0.02495693601667881,-1.540244460105896,1.1149015426635742,-0.050446487963199615,0.1273019015789032,-0.026935851201415062,0.4846070408821106,-0.4665513038635254,-0.43365633487701416,-0.06682422012090683,0.02495693601667881,-1.540244460105896,1.1149015426635742,-0.050446487963199615,0.1273019015789032,-0.026935851201415062,0.4846070408821106,-0.4665513038635254,0.141574889421463,0.7560790181159973,-0.35537058115005493,3.27327823638916,2.280205726623535,-0.6152183413505554,0.6814265847206116,0.4227597713470459,0.37893953919410706,-0.6452527642250061,-0.5082324743270874,-0.009762536734342575,0.0651753693819046,-1.2545222043991089,0.8593524098396301,0.04915401339530945,0.26810240745544434,0.008399598300457,0.5363188982009888,0.39181405305862427,-7.8401408195495605,-0.7396960854530334,-3.089986801147461,0.3531731069087982,0.207350492477417,-0.2956518530845642,9.76697826385498,0.6790560483932495,0.617344319820404
4.08,-0.43910810351371765,-0.05455593392252922,0.02474607154726982,-1.4679006338119507,1.0270360708236694,-0.05198463797569275,0.13853809237480164,-0.018376179039478302,0.5019633769989014,-0.4833754599094391,-0.43910810351371765,-0.05455593392252922,0.02474607154726982,-1.4679006338119507,1.0270360708236694,-0.05198463797569275,0.13853809237480164,-0.018376179039478302,0.5019633769989014,-0.4833754599094391,-0.46507182717323303,0.46670249104499817,0.4492167830467224,4.033040523529053,-7.910849571228027,0.3425394296646118,0.44791319966316223,0.36460211873054504,1.227443814277649,-0.999798595905304,-0.32198643684387207,0.102910116314888,0.035176441073417664,-1.033474087715149,0.742555558681488,-0.006104767322540283,0.2978709042072296,-0.015404965728521347,0.6049841642379761,0.44614917039871216,-7.215880870819092,-1.6712106466293335,-2.7151739597320557,0.3279142677783966,0.001989363692700863,0.14290834963321686,9.764305114746094,0.7029361128807068,0.6327129602432251
4.1,-0.43447405099868774,-0.03868817910552025,0.03577159717679024,-1.363210916519165,0.8765469789505005,-0.04812486842274666,0.15136955678462982,-0.013335819356143475,0.5307444930076599,-0.5070579648017883,-0.43447405099868774,-0.03868817910552025,0.03577159717679024,-1.363210916519165,0.8765469789505005,-0.04812486842274666,0.15136955678462982,-0.013335819356143475,0.5307444930076599,-0.5070579648017883,0.724731981754303,1.0070606470108032,0.3951958119869232,6.139460563659668,-6.7306437492370605,0.14955104887485504,0.7767955660820007,0.12068334221839905,1.6840980052947998,-1.3632216453552246,-0.2317419946193695,0.036539871245622635,0.18550671637058258,-0.7382037043571472,0.4216843247413635,0.09616366028785706,0.13270746171474457,-0.08867403864860535,0.6963138580322266,0.42802923917770386,-6.691673755645752,-1.1985867023468018,-2.6475229263305664,0.15398961305618286,0.19666561484336853,-0.15638843178749084,9.763237953186035,0.7069416642189026,0.6446039080619812
4.12,-0.4156999886035919,-0.025199905037879944,0.06445138901472092,-1.2117996215820312,0.6653419733047485,-0.038992494344711304,0.15803244709968567,-0.030395960435271263,0.5729378461837769,-0.5337277054786682,-0.4156999886035919,-0.025199905037879944,0.06445138901472092,-1.2117996215820312,0.6653419733047485,-0.038992494344711304,0.15803244709968567,-0.030395960435271263,0.5729378461837769,-0.5337277054786682,1.1032378673553467,0.40312492847442627,2.7936336994171143,8.692575454711914,-12.0465087890625,0.6835289001464844,-0.09805134683847427,-1.685531497001648,2.3925843238830566,-1.3525182008743286,-0.05598852038383484,0.0499589629471302,0.15203551948070526,-0.5737307667732239,0.11367246508598328,0.3470359742641449,0.03754809498786926,-0.023416366428136826,0.8720453977584839,0.2621413469314575,-3.9230940341949463,-0.828974187374115,-2.8695080280303955,0.028129354119300842,-0.3711338937282562,-0.06219452619552612,9.762335777282715,0.7306897044181824,0.6316655278205872
4.14,-0.388713538646698,-0.02180652692914009,0.1200234442949295,-1.0322383642196655,0.39265966415405273,-0.012269214726984501,0.1524447202682495,-0.048750847578048706,0.643119752407074,-0.5640218257904053,-0.388713538646698,-0.02180652692914009,0.1200234442949295,-1.0322383642196655,0.39265966415405273,-0.012269214726984501,0.1524447202682495,-0.048750847578048706,0.643119752407074,-0.5640218257904053,1.6770979166030884,0.030952060595154762,2.376289129257202,8.983529090881348,-13.660581588745117,1.8220558166503906,-0.37677058577537537,-0.11472493410110474,4.459749698638916,-1.5583072900772095,-0.11647453904151917,-0.08449819684028625,0.15550962090492249,-0.5292124152183533,-0.12066590785980225,0.6601992249488831,-0.08449289202690125,-0.08389735221862793,0.7592082023620605,0.24958670139312744,-3.733687400817871,-0.3507186770439148,-2.8910253047943115,-0.4114111065864563,-0.7022802829742432,0.038441382348537445,9.769116401672363,0.7256090641021729,0.5234149098396301
4.16,-0.36068853735923767,-0.032388314604759216,0.15544505417346954,-0.9069920182228088,0.26906365156173706,0.034695398062467575,0.1359155923128128,-0.0647692009806633,0.7276558876037598,-0.5876766443252563,-0.36068853735923767,-0.032388314604759216,0.15544505417346954,-0.9069920182228088,0.26906365156173706,0.034695398062467575,0.1359155923128128,-0.0647692009806633,0.7276558876037598,-0.5876766443252563,1.5991392135620117,-0.9241178631782532,1.776092290878296,1.8626242876052856,11.42292594909668,2.7484188079833984,-0.8973819017410278,-1.532737374305725,3.750171184539795,-1.285951852798462,-0.1559101641178131,-0.2266707718372345,0.08484425395727158,-0.6269188523292542,-0.5725207328796387,0.5555335283279419,-0.13253332674503326,0.008657794445753098,1.050616979598999,0.22311800718307495,-16.273822784423828,-7.40854024887085,1.8602043390274048,-0.9512530565261841,-1.0199081897735596,0.7581963539123535,9.782317161560059,0.6536906957626343,0.339216023683548
4.18,-0.3327178657054901,-0.06312339007854462,0.16235455870628357,-0.8422005772590637,0.4441421329975128,0.09757200628519058,0.11467422544956207,-0.07127012312412262,0.8039175271987915,-0.5931079983711243,-0.3327178657054901,-0.06312339007854462,0.16235455870628357,-0.8422005772590637,0.4441421329975128,0.09757200628519058,0.11467422544956207,-0.07127012312412262,0.8039175271987915,-0.5931079983711243,1.2022203207015991,-1.9016391038894653,-0.7682129740715027,3.474548101425171,7.379575252532959,3.2017362117767334,-1.0572043657302856,0.9133152365684509,4.1059794425964355,-0.7554066777229309,-0.09212711453437805,-0.20804950594902039,0.1208387091755867,-0.5488795042037964,-0.6183823347091675,0.48835283517837524,-0.1170399934053421,-0.06193983182311058,1.3410536050796509,-0.007290840148925781,-6.997468948364258,1.7931983470916748,-0.5615147352218628,-0.7976214289665222,-1.293434739112854,1.2355347871780396,9.800339698791504,0.416625052690506,0.12592138350009918
4.2,-0.32786548137664795,-0.07909677177667618,0.1475764811038971,-0.8330957293510437,0.4889408051967621,0.14839747548103333,0.09991501271724701,-0.06764353811740875,0.9127916693687439,-0.5444513559341431,-0.32786548137664795,-0.07909677177667618,0.1475764811038971,-0.8330957293510437,0.4889408051967621,0.14839747548103333,0.09991501271724701,-0.06764353811740875,0.9127916693687439,-0.5444513559341431,1.0422027111053467,-0.5536822080612183,-1.1052337884902954,0.21098120510578156,-0.12103195488452911,2.078479290008545,-1.0364238023757935,-0.7519887089729309,6.729176044464111,2.9588260650634766,-0.19379349052906036,-0.319835901260376,0.07074137777090073,-0.6372188925743103,-0.9450253248214722,0.5209495425224304,-0.12286554276943207,-0.07322521507740021,1.0909425020217896,-0.06968525052070618,-24.71230125427246,2.3608920574188232,2.062929153442383,-1.0374886989593506,-0.3001862168312073,-0.35634469985961914,9.805337905883789,0.3020303547382355,-0.015165087766945362
4.22,-0.3033108115196228,-0.0977514386177063,0.12117098271846771,-0.8157239556312561,0.48441073298454285,0.18997609615325928,0.07628796994686127,-0.08801869302988052,1.010024070739746,-0.4259433448314667,-0.3033108115196228,-0.0977514386177063,0.12117098271846771,-0.8157239556312561,0.48441073298454285,0.18997609615325928,0.07628796994686127,-0.08801869302988052,1.010024070739746,-0.4259433448314667,1.0401158332824707,-1.2213767766952515,-1.2291934490203857,1.052677869796753,-0.3215234577655792,2.0325872898101807,-1.1942570209503174,-1.137722134590149,3.0966129302978516,5.171759128570557,-0.20467033982276917,-0.18413913249969482,0.06887584179639816,-0.6364030241966248,-0.9427584409713745,0.4040790796279907,-0.038031768053770065,-0.02423720434308052,1.134859323501587,-0.0767778754234314,-12.483705520629883,-2.2751924991607666,-1.2395645380020142,-1.0899208784103394,-0.7189803123474121,-0.17503109574317932,9.802311897277832,0.37489864230155945,-0.10111787915229797
4.24,-0.2832511365413666,-0.11657609790563583,0.10580769926309586,-0.7908275723457336,0.4755988121032715,0.22399941086769104,0.06095516309142113,-0.08614344894886017,1.0558364391326904,-0.3205059766769409,-0.2832511365413666,-0.11657609790563583,0.10580769926309586,-0.7908275723457336,0.4755988121032715,0.22399941086769104,0.06095516309142113,-0.08614344894886017,1.0558364391326904,-0.3205059766769409,0.921832263469696,-0.673254668712616,-0.45238804817199707,1.278027892112732,-0.5059194564819336,1.43324875831604,-0.3898356556892395,0.8381980657577515,1.8039623498916626,5.1345415115356445,-0.2102397382259369,-0.18959420919418335,0.017544962465763092,-0.6175119280815125,-0.829398512840271,0.33703523874282837,-0.036826323717832565,-0.02958211675286293,1.09791898727417,-0.09729257225990295,-8.463473320007324,-0.5820409059524536,1.5556138753890991,-0.48049068450927734,-0.5939923524856567,-0.09550546109676361,9.799100875854492,0.3977697193622589,-0.23559962213039398
4.26,-0.2665942907333374,-0.12884289026260376,0.09481657296419144,-0.7664722800254822,0.46520906686782837,0.24520279467105865,0.053842540830373764,-0.0716320052742958,1.079689383506775,-0.22610144317150116,-0.2665942907333374,-0.12884289026260376,0.09481657296419144,-0.7664722800254822,0.46520906686782837,0.24520279467105865,0.053842540830373764,-0.0716320052742958,1.079689383506775,-0.22610144317150116,0.7627221941947937,-0.6242521405220032,-1.0317978858947754,1.211327314376831,-0.47116419672966003,0.7884342670440674,-0.3737089931964874,0.6170853972434998,0.6417707800865173,4.782474040985107,-0.14385351538658142,-0.18139976263046265,0.003363661468029022,-0.6013529300689697,-0.6273424625396729,0.31687062978744507,0.02367263287305832,-0.00275042955763638,1.1245903968811035,-0.17403119802474976,-5.67697811126709,-1.069999098777771,2.5631208419799805,-0.08633031696081161,-0.49185240268707275,-0.07687308639287949,9.795294761657715,0.4160010516643524,-0.3394871950149536
4.28,-0.2509176433086395,-0.13551439344882965,0.08282189071178436,-0.7421861886978149,0.453997939825058,0.2571038603782654,0.05159657821059227,-0.05555357038974762,1.0916111469268799,-0.18359631299972534,-0.2509176433086395,-0.13551439344882965,0.08282189071178436,-0.7421861886978149,0.453997939825058,0.2571038603782654,0.05159657821059227,-0.05555357038974762,1.0916111469268799,-0.18359631299972534,0.8429427146911621,-0.16679567098617554,-0.5318607687950134,1.2440218925476074,-0.5653947591781616,0.4953044652938843,0.005219115875661373,1.0857433080673218,0.5186221599578857,0.6062637567520142,-0.14552265405654907,-0.16703307628631592,0.03386195749044418,-0.5914089679718018,-0.5658211708068848,0.31206214427948,-0.06384547054767609,0.01395792979747057,1.1098521947860718,-0.1437583565711975,-7.5184197425842285,-0.26260942220687866,3.169861316680908,-0.11893697082996368,-0.15627677738666534,-0.08586575835943222,9.792413711547852,0.42868903279304504,-0.40119534730911255
4.3,-0.23545007407665253,-0.13874897360801697,0.07281579077243805,-0.7194383144378662,0.444800466299057,0.2657850682735443,0.04551776498556137,-0.035195242613554,1.0973975658416748,-0.16684113442897797,-0.23545007407665253,-0.13874897360801697,0.07281579077243805,-0.7194383144378662,0.444800466299057,0.2657850682735443,0.04551776498556137,-0.035195242613554,1.0973975658416748,-0.16684113442897797,0.7011831402778625,-0.12727782130241394,-0.37203919887542725,1.0387972593307495,-0.40604349970817566,0.37897324562072754,-0.5508173108100891,0.9929381608963013,0.1199025884270668,0.9934843182563782,-0.12305492162704468,-0.1669158637523651,0.0011080577969551086,-0.5725905299186707,-0.4049055576324463,0.38690364360809326,-0.03184867650270462,0.0685265064239502,1.2065649032592773,-0.25368034839630127,-7.706647872924805,-0.23198823630809784,3.348468542098999,-0.2107415646314621,-0.10153847932815552,-0.026950011029839516,9.790982246398926,0.4405217468738556,-0.42273613810539246
4.32,-0.2224923074245453,-0.13845331966876984,0.06166332587599754,-0.6988558173179626,0.4367339611053467,0.27707937359809875,0.036834053695201874,-0.006796298548579216,1.114640712738037,-0.19670787453651428,-0.2224923074245453,-0.13845331966876984,0.06166332587599754,-0.6988558173179626,0.4367339611053467,0.27707937359809875,0.036834053695201874,-0.006796298548579216,1.114640712738037,-0.19670787453651428,0.6575669646263123,0.10317052155733109,-0.7451896667480469,1.0438834428787231,-0.40244999527931213,0.700395941734314,-0.354951411485672,1.7947274446487427,1.4464120864868164,-2.6944997310638428,-0.13693314790725708,-0.1711493283510208,-0.016274243593215942,-0.5136994123458862,0.26907864212989807,0.43072623014450073,-0.12120582163333893,0.1395382285118103,1.2483930587768555,-0.2768086791038513,-8.20548152923584,-0.07162223756313324,3.345078229904175,-0.43332862854003906,0.18866465985774994,0.07279632985591888,9.791731834411621,0.43634310364723206,-0.409498393535614
4.34,-0.21005041897296906,-0.13749007880687714,0.04375118017196655,-0.6785522103309631,0.4295731782913208,0.2930711805820465,0.024476991966366768,0.03519498184323311,1.1471190452575684,-0.24063900113105774,-0.21005041897296906,-0.13749007880687714,0.04375118017196655,-0.6785522103309631,0.4295731782913208,0.2930711805820465,0.024476991966366768,0.03519498184323311,1.1471190452575684,-0.24063900113105774,0.6069332957267761,0.01835562288761139,-0.9862193465232849,1.0307295322418213,-0.36330530047416687,0.8629081845283508,-0.8446519374847412,2.445662260055542,1.7129236459732056,-1.7468152046203613,-0.29553699493408203,-0.17021608352661133,-0.08591322600841522,-0.5407264828681946,-0.5786523818969727,0.2319914549589157,-0.07335866242647171,0.10494869202375412,1.013791799545288,-0.28732436895370483,-8.925751686096191,-0.9375842213630676,3.520313262939453,-0.7185305953025818,0.2275526523590088,0.17264717817306519,9.794448852539062,0.41750213503837585,-0.36133527755737305
4.36,-0.20207937061786652,-0.1365841180086136,0.010238487273454666,-0.6619710922241211,0.4209933578968048,0.30048826336860657,0.007820459082722664,0.07976572215557098,1.1402875185012817,-0.26265424489974976,-0.20207937061786652,-0.1365841180086136,0.010238487273454666,-0.6619710922241211,0.4209933578968048,0.30048826336860657,0.007820459082722664,0.07976572215557098,1.1402875185012817,-0.26265424489974976,0.1292973905801773,0.05608842149376869,-2.594439744949341,0.6723142266273499,-0.3609885573387146,-0.009634160436689854,-0.745989203453064,1.8022335767745972,-2.088676929473877,-0.949514627456665,-0.42736154794692993,-0.07850359380245209,-0.13717177510261536,-0.5617992877960205,-0.7019734382629395,-0.04424554109573364,-0.0585942417383194,0.05469590052962303,0.6733900308609009,-0.33148372173309326,-5.5892157554626465,-1.641391634941101,2.1121890544891357,-0.3729199469089508,0.370933473110199,0.32580840587615967,9.798216819763184,0.3782559931278229,-0.29660728573799133
4.38,-0.2054782658815384,-0.12953855097293854,-0.033793285489082336,-0.6558495759963989,0.4106396436691284,0.2836938202381134,-0.003726283321157098,0.09590857475996017,1.0449985265731812,-0.28992247581481934,-0.2054782658815384,-0.12953855097293854,-0.033793285489082336,-0.6558495759963989,0.4106396436691284,0.2836938202381134,-0.003726283321157098,0.09590857475996017,1.0449985265731812,-0.28992247581481934,-0.4779830873012543,0.5279555916786194,-2.6693968772888184,0.04058561101555824,-0.5730142593383789,-1.4389647245407104,-0.4453592598438263,-0.0817471444606781,-6.800418853759766,-1.78342604637146,-0.5161238312721252,-0.02497389353811741,-0.09067392349243164,-0.7415404915809631,-0.3436279892921448,-0.20599126815795898,-0.0028443560004234314,-0.2630319595336914,0.4014204740524292,-0.21320566534996033,-5.256480693817139,-1.7443853616714478,2.630338430404663,0.3322460949420929,0.6905907988548279,0.4286271035671234,9.803407669067383,0.3050233721733093,-0.19042667746543884
4.4,-0.2263086885213852,-0.11424311995506287,-0.07135765254497528,-0.670138955116272,0.39591675996780396,0.2390868365764618,-0.0161246657371521,0.02601524442434311,0.9152677059173584,-0.3580186367034912,-0.2263086885213852,-0.11424311995506287,-0.07135765254497528,-0.670138955116272,0.39591675996780396,0.2390868365764618,-0.0161246657371521,0.02601524442434311,0.9152677059173584,-0.3580186367034912,-1.6328051090240479,0.9749054312705994,-1.019677758216858,-1.3905786275863647,-1.2045986652374268,-3.0412344932556152,-0.7241640090942383,-6.5323872566223145,-6.049465656280518,-6.369347095489502,-0.4798004627227783,0.05483125522732735,-0.14147336781024933,-1.7303602695465088,-0.0732123851776123,-0.35174560546875,0.18180733919143677,-0.11905188113451004,0.3889924883842468,-0.06735920906066895,-10.52907657623291,-2.6048431396484375,0.5501404404640198,1.2074203491210938,0.8696006536483765,0.5995984077453613,9.807883262634277,0.20071649551391602,-0.03523705154657364
4.42,-0.2743912935256958,-0.09047452360391617,-0.09667614102363586,-0.8057581782341003,0.3655434846878052,0.16916637122631073,-0.0075639765709638596,-0.07118648290634155,0.7822428941726685,-0.47120311856269836,-0.2743912935256958,-0.09047452360391617,-0.09667614102363586,-0.8057581782341003,0.3655434846878052,0.16916637122631073,-0.0075639765709638596,-0.07118648290634155,0.7822428941726685,-0.47120311856269836,-2.918917179107666,1.1325725317001343,-1.673680067062378,-12.540512084960938,5.512073040008545,-3.894595146179199,1.3375470638275146,-2.6890921592712402,-6.626944541931152,-5.865694522857666,-0.6711161136627197,0.09003494679927826,-0.22835496068000793,-1.851121425628662,0.3794674277305603,-0.4686133861541748,0.2611764371395111,-0.1391899287700653,0.41371211409568787,0.3942619562149048,-11.614731788635254,7.150829315185547,3.5887203216552734,1.5573043823242188,1.1991817951202393,0.17524462938308716,9.808015823364258,0.0927286222577095,0.17415691912174225
4.44,-0.3204665780067444,-0.07158028334379196,-0.13636699318885803,-1.0924800634384155,0.33938443660736084,0.09949100762605667,0.021971821784973145,-0.10310661792755127,0.6730095744132996,-0.5670021772384644,-0.3204665780067444,-0.07158028334379196,-0.13636699318885803,-1.0924800634384155,0.33938443660736084,0.09949100762605667,0.021971821784973145,-0.10310661792755127,0.6730095744132996,-0.5670021772384644,-1.657344937324524,-0.0766311064362526,-2.3063626289367676,-14.11009407043457,1.0846257209777832,-1.535323143005371,0.4856205880641937,0.1108076423406601,-1.100445032119751,-0.822889506816864,-0.5153043270111084,-0.06813271343708038,0.1826726496219635,-1.9243676662445068,0.4277183711528778,-0.38198429346084595,0.2778142988681793,-0.23298600316047668,0.522201418876648,0.2600616216659546,-124.21588134765625,6.648672580718994,-53.79059600830078,1.091696858406067,1.293180227279663,-0.1539214849472046,9.800347328186035,0.11635012179613113,0.4192347526550293
4.46,-0.3370092809200287,-0.05680914968252182,-0.104413241147995,-1.3455901145935059,0.37496092915534973,0.053267862647771835,0.0309352595359087,-0.09418140351772308,0.6465252637863159,-0.5546952486038208,-0.3370092809200287,-0.05680914968252182,-0.104413241147995,-1.3455901145935059,0.37496092915534973,0.053267862647771835,0.0309352595359087,-0.09418140351772308,0.6465252637863159,-0.5546952486038208,-0.7299039363861084,0.9290297627449036,4.837533950805664,-11.4800386428833,1.9089998006820679,-2.6202940940856934,0.19147370755672455,-1.1691722869873047,-1.6783671379089355,0.5076435208320618,-0.6187668442726135,-0.13012994825839996,0.04923071712255478,-1.6918083429336548,0.62650465965271,-0.15051832795143127,0.19294098019599915,-0.15886729955673218,0.4870328903198242,0.48331940174102783,-4.855717182159424,-1.9680169820785522,0.029613805934786797,1.6377211809158325,0.15716294944286346,-1.0464389324188232,9.794163703918457,0.3073616921901703,0.46473434567451477
4.48,-0.3578909635543823,-0.051374707370996475,-0.020721904933452606,-1.503806471824646,0.472505658864975,0.01660407893359661,0.033915162086486816,-0.11893300712108612,0.6161578297615051,-0.5500437617301941,-0.3578909635543823,-0.051374707370996475,-0.020721904933452606,-1.503806471824646,0.472505658864975,0.01660407893359661,0.033915162086486816,-0.11893300712108612,0.6161578297615051,-0.5500437617301941,-1.3027379512786865,-0.2369593232870102,2.8971495628356934,-4.791569709777832,6.609436988830566,-1.2064800262451172,0.25948312878608704,-0.6298098564147949,-1.4825646877288818,-0.0663062259554863,-0.5249508619308472,0.005114603787660599,0.08983135968446732,-1.729791522026062,0.9181931614875793,-0.4100664258003235,0.310032457113266,-0.09285346418619156,0.4798338711261749,0.3438572883605957,-6.218580722808838,-2.9147815704345703,0.02928551845252514,1.120723843574524,0.16378161311149597,-0.07418682426214218,9.788568496704102,0.4327942728996277,0.48240143060684204
4.5,-0.3725338876247406,-0.04798498749732971,0.031077027320861816,-1.574214220046997,0.6782155632972717,-0.015431868843734264,0.04699958115816116,-0.10420379787683487,0.5861659646034241,-0.549277126789093,-0.3725338876247406,-0.04798498749732971,0.031077027320861816,-1.574214220046997,0.6782155632972717,-0.015431868843734264,0.04699958115816116,-0.10420379787683487,0.5861659646034241,-0.549277126789093,-0.39088720083236694,0.5641425251960754,2.444225549697876,-2.975220203399658,11.549074172973633,-1.9980368614196777,0.9141941070556641,1.4734798669815063,-1.5384896993637085,0.1884721964597702,-0.7022460103034973,-0.0747959166765213,0.1420220136642456,-1.497676968574524,1.1155297756195068,-0.14006969332695007,0.25597161054611206,-0.0786893293261528,0.5040296912193298,0.3720436692237854,-8.648112297058105,-1.1842739582061768,-1.73261559009552,1.3400622606277466,0.5036218762397766,-0.5708942413330078,9.782751083374023,0.4940246641635895,0.5383418798446655
4.52,-0.39451131224632263,-0.04314124584197998,0.07124143838882446,-1.5921189785003662,0.8993233442306519,-0.03914123773574829,0.06306876987218857,-0.07797688245773315,0.5658599138259888,-0.5493039488792419,-0.39451131224632263,-0.04314124584197998,0.07124143838882446,-1.5921189785003662,0.8993233442306519,-0.03914123773574829,0.06306876987218857,-0.07797688245773315,0.5658599138259888,-0.5493039488792419,-1.5737463235855103,-0.054082926362752914,1.8824235200881958,1.0732414722442627,10.385584831237793,-0.5547270178794861,0.6804978847503662,1.2371529340744019,-0.610065221786499,-0.14944711327552795,-0.5973709225654602,-0.0487600676715374,0.1542910933494568,-1.7557443380355835,1.0071659088134766,-0.11961790919303894,0.15615607798099518,-0.07448703050613403,0.533918023109436,0.04924440383911133,-8.683585166931152,-1.857459306716919,-2.0642924308776855,1.209574580192566,0.436470627784729,0.23909340798854828,9.774980545043945,0.5470420718193054,0.6217657923698425
4.54,-0.42382460832595825,-0.04633757472038269,0.10842425376176834,-1.5990339517593384,0.9962537288665771,-0.05075038596987724,0.07329476624727249,-0.05667313560843468,0.5594349503517151,-0.5556342601776123,-0.42382460832595825,-0.04633757472038269,0.10842425376176834,-1.5990339517593384,0.9962537288665771,-0.05075038596987724,0.07329476624727249,-0.05667313560843468,0.5594349503517151,-0.5556342601776123,-1.2483776807785034,-0.1822146475315094,1.8168891668319702,-2.0266947746276855,1.2802553176879883,-0.6293167471885681,0.38305556774139404,0.8859884142875671,-0.04087324067950249,-0.5063925981521606,-0.5496471524238586,-0.08970849215984344,-0.015593869611620903,-1.683899164199829,1.3678419589996338,-0.02738291025161743,0.23281951248645782,-0.11951898038387299,0.5572896003723145,0.1197279691696167,-6.385066986083984,-0.5823974609375,-2.464345693588257,1.0090981721878052,0.20763953030109406,0.00960491131991148,9.772582054138184,0.530222475528717,0.6720138192176819
4.56,-0.44107505679130554,-0.053928203880786896,0.10824880748987198,-1.6319739818572998,1.1408926248550415,-0.057053033262491226,0.08316218107938766,-0.04896174743771553,0.5689573287963867,-0.5708994269371033,-0.44107505679130554,-0.053928203880786896,0.10824880748987198,-1.6319739818572998,1.1408926248550415,-0.057053033262491226,0.08316218107938766,-0.04896174743771553,0.5689573287963867,-0.5708994269371033,-0.5832421183586121,-0.5029715895652771,-1.86328125,-0.9960737824440002,10.730488777160645,-0.039294831454753876,0.6600115895271301,0.04583333805203438,0.8472078442573547,-0.9384709000587463,-0.6692906618118286,-0.03871278092265129,0.25399184226989746,-1.603166103363037,1.2448471784591675,-0.26684045791625977,0.248554065823555,-0.0003128163516521454,0.563833475112915,-0.09613037109375,-9.156564712524414,-2.299492359161377,-2.1705801486968994,0.1959155797958374,0.3507934510707855,0.033034682273864746,9.769174575805664,0.5397706031799316,0.7127286791801453
4.58,-0.4537810981273651,-0.05287317931652069,0.10623621195554733,-1.6366987228393555,1.2341479063034058,-0.06658535450696945,0.09543865919113159,-0.03643518313765526,0.5779168009757996,-0.5877960920333862,-0.4537810981273651,-0.05287317931652069,0.10623621195554733,-1.6366987228393555,1.2341479063034058,-0.06658535450696945,0.09543865919113159,-0.03643518313765526,0.5779168009757996,-0.5877960920333862,-0.8360512256622314,0.4041229486465454,2.20674991607666,0.3519059717655182,0.9059381484985352,-0.8850733041763306,0.4238225221633911,1.218056321144104,0.07410974055528641,-0.7432305812835693,-0.5232731699943542,0.028719831258058548,-0.019809825345873833,-1.259163498878479,1.3513411283493042,-0.12625625729560852,0.24762748181819916,-0.10456425696611404,0.5821105241775513,0.17449796199798584,-6.973540306091309,-1.2996869087219238,-2.659217119216919,1.0240007638931274,0.18349802494049072,-0.11737588793039322,9.764044761657715,0.5539335012435913,0.7698573470115662
4.6,-0.46327200531959534,-0.04685431718826294,0.11957260966300964,-1.5752925872802734,1.2566370614359172,-0.07996269315481186,0.10690732300281525,-0.026840882375836372,0.5864070653915405,-0.6061968803405762,-0.46327200531959534,-0.04685431718826294,0.11957260966300964,-1.5752925872802734,1.2732847929000854,-0.07996269315481186,0.10690732300281525,-0.026840882375836372,0.5864070653915405,-0.6061968803405762,-0.1747971475124359,0.273741215467453,-1.62445068359375,5.353156566619873,1.6649703979492188,-0.40010660886764526,0.8101695775985718,-0.4805721938610077,0.686102569103241,-1.1757824420928955,-0.3131037950515747,0.03649561479687691,0.03519837558269501,-1.1739027500152588,1.4411425590515137,0.2124316394329071,0.2853459417819977,-0.16004151105880737,0.7734841108322144,-0.07349580526351929,-4.82120418548584,-2.0954771041870117,-0.7721638083457947,0.5176450610160828,0.43583428859710693,-0.053951676934957504,9.758816719055176,0.589361846446991,0.8088559508323669
4.62,-0.4610571563243866,-0.03889536112546921,0.07623254507780075,-1.4599004983901978,1.2566370614359172,-0.0694274827837944,0.12497489154338837,-0.056089431047439575,0.6280410289764404,-0.6340116262435913,-0.4610571563243866,-0.03889536112546921,0.07623254507780075,-1.4599004983901978,1.2835416793823242,-0.0694274827837944,0.12497489154338837,-0.056089431047439575,0.6280410289764404,-0.6340116262435913,0.48041290044784546,0.5447640419006348,-1.9420877695083618,5.781951427459717,0.13037368655204773,1.1978724002838135,0.942562997341156,-2.7782886028289795,3.097672462463379,-1.6771292686462402,-0.5774106383323669,-0.02499307319521904,-0.022715819999575615,-1.0138190984725952,1.1797935962677002,-0.20461702346801758,0.20433299243450165,-0.1374834030866623,0.758043110370636,0.08603346347808838,-4.420590877532959,-0.8934190273284912,-1.5328032970428467,-0.3483925759792328,0.6140720248222351,0.20197793841362,9.750855445861816,0.5713594555854797,0.911298930644989
4.64,-0.4536629617214203,-0.03287452831864357,0.04037286713719368,-1.3442237377166748,1.2422620058059692,-0.05988050624728203,0.13736595213413239,-0.1000196635723114,0.6714730262756348,-0.6726747155189514,-0.4536629617214203,-0.03287452831864357,0.04037286713719368,-1.3442237377166748,1.2422620058059692,-0.05988050624728203,0.13736595213413239,-0.1000196635723114,0.6714730262756348,-0.6726747155189514,-0.026273302733898163,0.09306517988443375,-1.8199400901794434,5.907872200012207,-3.125833034515381,-0.21174761652946472,0.3423369526863098,-1.406203269958496,1.2693456411361694,-2.2211833000183105,-0.48277920484542847,0.10847912728786469,0.12699246406555176,-0.7992757558822632,0.5252951383590698,0.10391473770141602,0.1739499270915985,-0.08682088553905487,0.8112525939941406,-0.01503753662109375,-2.4059832096099854,-0.4759913384914398,-2.18440580368042,0.3968971371650696,0.20015566051006317,0.030645549297332764,9.743855476379395,0.5482429265975952,0.9964003562927246
4.66,-0.4588669240474701,-0.02145790122449398,0.03856585547327995,-1.2059427499771118,0.9845107793807983,-0.05492537468671799,0.1437360644340515,-0.10164180397987366,0.7132112979888916,-0.718656063079834,-0.4588669240474701,-0.02145790122449398,0.03856585547327995,-1.2059427499771118,0.9845107793807983,-0.05492537468671799,0.1437360644340515,-0.10164180397987366,0.7132112979888916,-0.718656063079834,-0.2561787962913513,0.9094668626785278,1.6620045900344849,7.6935529708862305,-21.159635543823242,0.6379902362823486,0.2430095076560974,0.6559346318244934,2.705601215362549,-2.238060712814331,-0.09830525517463684,0.11225590109825134,0.11704652011394501,-0.3867480456829071,0.4661438763141632,0.29844123125076294,0.018126219511032104,5.4564327001571655e-05,0.7650561332702637,0.04432106018066406,-4.739721298217773,-1.6135423183441162,-3.138470411300659,0.7551250457763672,0.01515905000269413,0.3069148659706116,9.743514060974121,0.5289758443832397,1.0100624561309814
4.68,-0.44443440437316895,-0.00953878927975893,0.0790945366024971,-1.0081335306167603,0.6731599569320679,-0.04230649024248123,0.1435801386833191,-0.08337299525737762,0.7673162817955017,-0.7607704401016235,-0.44443440437316895,-0.00953878927975893,0.0790945366024971,-1.0081335306167603,0.6731599569320679,-0.04230649024248123,0.1435801386833191,-0.08337299525737762,0.7673162817955017,-0.7607704401016235,1.419482707977295,0.32457664608955383,2.093104600906372,11.643919944763184,-10.840807914733887,0.7735832929611206,-0.22302328050136566,1.2121481895446777,2.6325507164001465,-2.029547691345215,0.13526690006256104,-0.020651672035455704,0.049661532044410706,-0.5297654271125793,0.21300899982452393,0.6473183631896973,-0.1800127625465393,-0.038257699459791183,0.8518869280815125,-0.09961071610450745,-5.390725135803223,-4.077319145202637,-3.961238384246826,0.2707154452800751,-0.4821232855319977,0.3090231716632843,9.750740051269531,0.4894426465034485,0.95896977186203
4.7,-0.4217962622642517,-0.016373928636312485,0.1040518656373024,-0.8297647833824158,0.3607822358608246,-0.011289685033261776,0.1264176219701767,-0.07559625804424286,0.8289792537689209,-0.797160267829895,-0.4217962622642517,-0.016373928636312485,0.1040518656373024,-0.8297647833824158,0.3607822358608246,-0.011289685033261776,0.1264176219701767,-0.07559625804424286,0.8289792537689209,-0.797160267829895,0.6909158825874329,-0.6589409708976746,1.0356874465942383,5.7308855056762695,-26.150070190429688,1.8740429878234863,-1.1414062976837158,-0.4225253164768219,3.515942335128784,-2.3831863403320312,-0.007839024066925049,-0.11510886251926422,-0.001019790768623352,-0.570584237575531,-0.5271651744842529,0.657974123954773,-0.10843127965927124,-0.0764017254114151,1.011653184890747,0.28327834606170654,-16.344806671142578,2.279392957687378,1.1039069890975952,-0.7011123299598694,-0.9647161960601807,0.6358233690261841,9.771010398864746,0.3690395951271057,0.7920058369636536
4.72,-0.4153582751750946,-0.025200016796588898,0.07501766085624695,-0.8421674966812134,0.400613009929657,0.033145722001791,0.11959295719861984,-0.09872309118509293,0.9014507532119751,-0.7619192600250244,-0.4153582751750946,-0.025200016796588898,0.07501766085624695,-0.8421674966812134,0.400613009929657,0.033145722001791,0.11959295719861984,-0.09872309118509293,0.9014507532119751,-0.7619192600250244,1.3626596927642822,-0.7022865414619446,-1.9531059265136719,1.191633939743042,0.5804927349090576,2.5661656856536865,-0.485343337059021,-1.6484423875808716,4.214348316192627,1.9605381488800049,-0.04446852207183838,-0.42440760135650635,0.0895528718829155,-0.6880631446838379,-0.8880014419555664,0.49893152713775635,-0.0766759067773819,0.02538544312119484,0.9423352479934692,-0.15955588221549988,-24.343019485473633,-1.0149439573287964,-0.31735163927078247,-1.8907276391983032,0.11923423409461975,0.06989751011133194,9.773353576660156,0.303006649017334,0.7911051511764526
4.74,-0.38400566577911377,-0.05064094066619873,0.03931265324354172,-0.8092927932739258,0.4008275866508484,0.07748455554246902,0.10171732306480408,-0.10037404298782349,0.9628551602363586,-0.6840229034423828,-0.38400566577911377,-0.05064094066619873,0.03931265324354172,-0.8092927932739258,0.4008275866508484,0.07748455554246902,0.10171732306480408,-0.10037404298782349,0.9628551602363586,-0.6840229034423828,1.5273879766464233,-1.8155040740966797,-1.4225022792816162,1.5713640451431274,-0.083430714905262,1.795699119567871,-1.1073492765426636,1.4518440961837769,2.407599449157715,3.322474956512451,-0.14946648478507996,-0.28980308771133423,0.11610741168260574,-0.7023183107376099,-0.8465875387191772,0.5565375685691833,-0.06835044920444489,-0.09955902397632599,1.093787670135498,-0.09276703000068665,-12.897062301635742,-1.4249018430709839,-4.352895736694336,-1.7995097637176514,-0.7956110835075378,0.0010138505604118109,9.777589797973633,0.2668135166168213,0.7507689595222473
4.76,-0.3608725070953369,-0.08441807329654694,0.04054461419582367,-0.7795735001564026,0.3961629569530487,0.1203024685382843,0.0785541906952858,-0.0814434140920639,1.0123200416564941,-0.5735100507736206,-0.3608725070953369,-0.08441807329654694,0.04054461419582367,-0.7795735001564026,0.3961629569530487,0.1203024685382843,0.0785541906952858,-0.0814434140920639,1.0123200416564941,-0.5735100507736206,1.0039442777633667,-1.4401007890701294,1.4334537982940674,1.494878888130188,-0.2748229503631592,2.399761438369751,-1.2703392505645752,0.13798841834068298,2.664198637008667,5.7064080238342285,-0.09973776340484619,-0.4084656834602356,0.03286648541688919,-0.6674461960792542,-0.8720365762710571,0.4293530583381653,-0.05853785201907158,-0.05895288661122322,1.0628600120544434,-0.11466258764266968,-8.455263137817383,0.1811811774969101,-0.1316562294960022,-1.7771481275558472,-1.0775229930877686,0.35871991515159607,9.792245864868164,0.20198553800582886,0.5542688369750977
4.78,-0.33524930477142334,-0.11809299141168594,0.050412051379680634,-0.7499381899833679,0.3924972414970398,0.158799409866333,0.05297580361366272,-0.0739789828658104,1.0530959367752075,-0.4577432870864868,-0.33524930477142334,-0.11809299141168594,0.050412051379680634,-0.7499381899833679,0.3924972414970398,0.158799409866333,0.05297580361366272,-0.0739789828658104,1.0530959367752075,-0.4577432870864868,1.4092098474502563,-1.8899219036102295,-0.5430460572242737,1.4012833833694458,-0.14205186069011688,1.5605440139770508,-1.1981823444366455,0.7862094044685364,1.5199421644210815,5.700624465942383,-0.08304828405380249,-0.31390899419784546,0.04099790006875992,-0.6114705801010132,-0.988243579864502,0.34281909465789795,-0.027789395302534103,-0.032333020120859146,1.0816737413406372,-0.19594022631645203,-7.8244524002075195,-0.35036858916282654,0.2169458419084549,-1.7413784265518188,-1.1695454120635986,0.052343517541885376,9.802962303161621,0.14823123812675476,0.34068483114242554
4.8,-0.30578649044036865,-0.14871889352798462,0.044025857001543045,-0.7210572957992554,0.38840699195861816,0.18319860100746155,0.03690667077898979,-0.05231049656867981,1.0748803615570068,-0.35270991921424866,-0.30578649044036865,-0.14871889352798462,0.044025857001543045,-0.7210572957992554,0.38840699195861816,0.18319860100746155,0.03690667077898979,-0.05231049656867981,1.0748803615570068,-0.35270991921424866,1.4688762426376343,-1.2164719104766846,-0.0701250433921814,1.475134015083313,-0.2003013789653778,1.0039759874343872,-0.5218397974967957,1.0885823965072632,0.6574808955192566,5.563033580780029,-0.049747735261917114,-0.3190898895263672,0.07337170094251633,-0.6330183148384094,-1.0842187404632568,0.4228411018848419,0.01545649766921997,0.020608853548765182,1.1951898336410522,-0.16486012935638428,-4.799740314483643,-0.18666307628154755,2.247859477996826,-1.4760220050811768,-0.7995697855949402,-0.012572619132697582,9.80787467956543,0.13844969868659973,0.15006659924983978
4.82,-0.2796691656112671,-0.16877704858779907,0.047706957906484604,-0.6944708228111267,0.3882424235343933,0.20653466880321503,0.03094121254980564,-0.027012066915631294,1.1002683639526367,-0.2643089294433594,-0.2796691656112671,-0.16877704858779907,0.047706957906484604,-0.6944708228111267,0.3882424235343933,0.20653466880321503,0.03094121254980564,-0.027012066915631294,1.1002683639526367,-0.2643089294433594,1.2491837739944458,-0.8799795508384705,0.3693433105945587,1.1876111030578613,0.26099157333374023,1.2975542545318604,-0.13657498359680176,1.4680930376052856,1.6450343132019043,4.182007789611816,-0.04867479205131531,-0.3178600072860718,0.06376693397760391,-0.6137032508850098,-1.0680441856384277,0.3938114047050476,0.04122992604970932,0.017288174480199814,1.177777647972107,-0.16948720812797546,-4.116880893707275,1.0116870403289795,1.7822375297546387,-1.4303452968597412,-0.5484710931777954,0.10802782326936722,9.809223175048828,0.12062962353229523,0.026427732780575752
4.84,-0.25420626997947693,-0.18489161133766174,0.052809081971645355,-0.6738359928131104,0.40057775378227234,0.22942042350769043,0.029825029894709587,-0.0019002999179065228,1.126848816871643,-0.20539140701293945,-0.25420626997947693,-0.18489161133766174,0.052809081971645355,-0.6738359928131104,0.40057775378227234,0.22942042350769043,0.029825029894709587,-0.0019002999179065228,1.126848816871643,-0.20539140701293945,1.2602838277816772,-0.7457394599914551,0.1111273467540741,0.9095411896705627,0.8955808281898499,1.0378950834274292,0.008338740095496178,1.0026874542236328,1.0148968696594238,1.8446274995803833,-0.11624205112457275,-0.3191234767436981,0.027891527861356735,-0.5840381383895874,-0.9101746082305908,0.5211036801338196,0.01709628850221634,0.11830860376358032,1.1922255754470825,-0.2806394696235657,-4.428785800933838,0.379765123128891,1.949219822883606,-1.377109169960022,-0.3998822271823883,0.020759088918566704,9.809165000915527,0.1114676371216774,-0.06294278055429459
4.86,-0.23671139776706696,-0.1997242271900177,0.045603711158037186,-0.6614320874214172,0.4222765266895294,0.2562623620033264,0.031259119510650635,0.02820286899805069,1.1462578773498535,-0.22466450929641724,-0.23671139776706696,-0.1997242271900177,0.045603711158037186,-0.6614320874214172,0.4222765266895294,0.2562623620033264,0.031259119510650635,0.02820286899805069,1.1462578773498535,-0.22466450929641724,0.35530367493629456,-0.6439328193664551,-1.1320539712905884,-0.08539238572120667,0.5912610292434692,1.5019935369491577,0.20429322123527527,2.1281814575195312,0.8267106413841248,-2.445464611053467,-0.1059274971485138,-0.28101441264152527,0.056346189230680466,-0.572429895401001,-0.9774540662765503,0.5331146717071533,-0.002488933503627777,0.07549236714839935,1.150527834892273,-0.35168468952178955,-16.383169174194336,1.6505835056304932,7.969085216522217,-1.2375140190124512,-0.23030970990657806,0.3796166777610779,9.808856010437012,0.07604346424341202,-0.12908853590488434
4.88,-0.2258259356021881,-0.2099100798368454,0.023796051740646362,-0.6588078737258911,0.43059107661247253,0.28398460149765015,0.031059693545103073,0.058888476341962814,1.1541293859481812,-0.2844669222831726,-0.2258259356021881,-0.2099100798368454,0.023796051740646362,-0.6588078737258911,0.43059107661247253,0.28398460149765015,0.031059693545103073,0.058888476341962814,1.1541293859481812,-0.2844669222831726,0.6677300930023193,-0.35001206398010254,-0.6188031435012817,0.4227440357208252,0.4127679169178009,1.382339358329773,-0.16036677360534668,0.8796371221542358,0.03215232118964195,-3.1168668270111084,-0.1366434097290039,-0.28639623522758484,0.0026693157851696014,-0.6077192425727844,-0.9699153900146484,0.5508606433868408,0.0009230300784111023,0.060881007462739944,1.1097288131713867,-0.4703681170940399,-5.303184986114502,-0.43603622913360596,2.456524610519409,-1.2444735765457153,0.056562863290309906,0.2739248275756836,9.808950424194336,0.024586673825979233,-0.14138148725032806
4.9,-0.21586357057094574,-0.21525870263576508,0.004714842885732651,-0.6539405584335327,0.4387248158454895,0.31210994720458984,0.026947487145662308,0.06733851879835129,1.1471291780471802,-0.37042251229286194,-0.21586357057094574,-0.21525870263576508,0.004714842885732651,-0.6539405584335327,0.4387248158454895,0.31210994720458984,0.026947487145662308,0.06733851879835129,1.1471291780471802,-0.37042251229286194,0.37963196635246277,-0.20146439969539642,-1.1907336711883545,0.07889167964458466,0.4210910499095917,1.3913183212280273,-0.2045680582523346,0.1240839958190918,-0.6684480905532837,-4.751200199127197,-0.4733191728591919,-0.14889061450958252,-0.09621235728263855,-0.6797289252281189,-1.2277899980545044,0.11042055487632751,0.08569208532571793,0.026001431047916412,0.38503023982048035,-0.543308675289154,-7.390471935272217,0.3301126956939697,3.4332985877990723,-1.1344267129898071,0.24603597819805145,0.37115931510925293,9.809300422668457,-0.03747456893324852,-0.11101356893777847
4.92,-0.21962715685367584,-0.21422193944454193,-0.02168833091855049,-0.6682539582252502,0.44113457202911377,0.31377893686294556,0.029569262638688087,0.06759675592184067,1.0268319845199585,-0.4498966336250305,-0.21962715685367584,-0.21422193944454193,-0.02168833091855049,-0.6682539582252502,0.44113457202911377,0.31377893686294556,0.029569262638688087,0.06759675592184067,1.0268319845199585,-0.4498966336250305,-0.874868631362915,0.30593934655189514,-1.5586289167404175,-1.3939543962478638,-0.1325414627790451,-0.9120187759399414,0.4655134081840515,-0.3320621848106384,-10.866740226745605,-3.8483633995056152,-0.4843063950538635,-0.10260936617851257,-0.12049856781959534,-0.8965168595314026,-0.6372976303100586,0.06861135363578796,0.1990286111831665,-0.2534237205982208,0.2880055904388428,-0.3314201235771179,-5.2131733894348145,-1.8749759197235107,3.294495105743408,0.09784530103206635,0.5664963126182556,0.4075295031070709,9.809429168701172,-0.09996436536312103,-0.03484175726771355
4.94,-0.24717731773853302,-0.2026391625404358,-0.057568736374378204,-0.710253894329071,0.4350665211677551,0.2874884009361267,0.041469134390354156,-0.0015327823348343372,0.8369166851043701,-0.5426130294799805,-0.24717731773853302,-0.2026391625404358,-0.057568736374378204,-0.710253894329071,0.4350665211677551,0.2874884009361267,0.041469134390354156,-0.0015327823348343372,0.8369166851043701,-0.5426130294799805,-1.7414116859436035,0.7281203866004944,-1.9408262968063354,-2.713548421859741,-0.6890072226524353,-1.9464691877365112,0.721493661403656,-6.502965450286865,-6.8739519119262695,-9.574918746948242,-0.698555588722229,0.078508660197258,-0.14424452185630798,-1.6750352382659912,0.10339832305908203,-0.32678574323654175,0.2472217082977295,-0.0678112655878067,0.416329026222229,0.06424689292907715,-18.554851531982422,-2.5687882900238037,-3.6322438716888428,0.5075444579124451,1.1016745567321777,0.5808236598968506,9.807016372680664,-0.20456065237522125,0.1291867196559906
4.96,-0.28787776827812195,-0.19019094109535217,-0.08161038905382156,-0.8624431490898132,0.37568187713623047,0.2546439468860626,0.053153134882450104,-0.017701048403978348,0.7817646861076355,-0.5476315021514893,-0.28787776827812195,-0.19019094109535217,-0.08161038905382156,-0.8624431490898132,0.37568187713623047,0.2546439468860626,0.053153134882450104,-0.017701048403978348,0.7817646861076355,-0.5476315021514893,-2.2500908374786377,1.307294487953186,-0.5205403566360474,-12.74768352508545,-8.117070198059082,-2.937976598739624,0.7952550649642944,1.4546363353729248,-2.474860668182373,0.6180891394615173,-0.6436716318130493,0.05424179509282112,-0.1785002052783966,-1.7892177104949951,0.18006211519241333,-0.27715033292770386,0.21421299874782562,-0.14188611507415771,0.5359216928482056,0.16438311338424683,-16.058931350708008,1.4641437530517578,-5.404123306274414,1.492721676826477,0.3437420427799225,-0.8221113681793213,9.80484676361084,-0.20843784511089325,0.2400510609149933
4.98,-0.3276512622833252,-0.15857961773872375,-0.10690145194530487,-1.1268281936645508,0.2433094084262848,0.19296112656593323,0.06539475172758102,-0.01362009160220623,0.7267434597015381,-0.5313002467155457,-0.3276512622833252,-0.15857961773872375,-0.10690145194530487,-1.1268281936645508,0.2433094084262848,0.19296112656593323,0.06539475172758102,-0.01362009160220623,0.7267434597015381,-0.5313002467155457,-1.7559033632278442,1.719306468963623,-1.85100519657135,-12.69331169128418,-3.7399985790252686,-2.9527127742767334,0.41458505392074585,-1.796578288078308,-2.772500991821289,0.6269811987876892,-0.6442119479179382,-0.02566174790263176,0.07702551037073135,-1.7992494106292725,0.5370208621025085,-0.35419923067092896,0.24014247953891754,-0.1236930638551712,0.49788698554039,0.48927104473114014,-3.9261066913604736,-1.4324589967727661,-0.2068120539188385,1.213880181312561,0.43795138597488403,-0.9475209712982178,9.80489444732666,-0.008739293552935123,0.3163297474384308
5.0,-0.35918697714805603,-0.1243746355175972,-0.10502012073993683,-1.3451939821243286,0.3298698365688324,0.13414667546749115,0.07155761122703552,-0.04383004456758499,0.6718816161155701,-0.5161647200584412,-0.35918697714805603,-0.1243746355175972,-0.10502012073993683,-1.3451939821243286,0.3298698365688324,0.13414667546749115,0.07155761122703552,-0.04383004456758499,0.6718816161155701,-0.5161647200584412,-1.5233540534973145,1.575134515762329,2.3146250247955322,-9.347936630249023,9.03937816619873,-2.9771509170532227,0.15070286393165588,-1.2686716318130493,-2.844233274459839,-0.1156025305390358,-0.528672993183136,-0.002224426716566086,0.01551925390958786,-1.7193039655685425,0.6604080200195312,-0.3269643187522888,0.23239240050315857,-0.09757142513990402,0.46112924814224243,0.5090683698654175,-3.973379373550415,-1.1344401836395264,-0.6188791990280151,1.3336734771728516,0.18497146666049957,-0.8221021294593811,9.800899505615234,0.1697891503572464,0.38683873414993286
5.02,-0.3804527819156647,-0.09901013970375061,-0.0564720593392849,-1.4826427698135376,0.4996975362300873,0.07925741374492645,0.07560627907514572,-0.046360231935977936,0.6221430897712708,-0.5085844993591309,-0.3804527819156647,-0.09901013970375061,-0.0564720593392849,-1.4826427698135376,0.4996975362300873,0.07925741374492645,0.07560627907514572,-0.046360231935977936,0.6221430897712708,-0.5085844993591309,-0.7601141929626465,1.0910248756408691,2.010089159011841,-5.030509948730469,7.597105026245117,-2.584813117980957,0.2662728428840637,-0.07463555783033371,-2.390605926513672,0.4228876531124115,-0.5736860036849976,-0.04080946370959282,-0.008132494986057281,-1.7410833835601807,0.7732136249542236,-0.3083801865577698,0.20988671481609344,-0.10716667026281357,0.4528573155403137,0.2989068031311035,-4.800666809082031,-1.4206849336624146,0.17162512242794037,0.8832917809486389,0.1630251705646515,-0.7674846053123474,9.795832633972168,0.33406156301498413,0.4076310396194458
5.04,-0.3961295783519745,-0.08486682921648026,-0.029803037643432617,-1.564211130142212,0.6409623026847839,0.03521798551082611,0.07980342954397202,-0.04081011936068535,0.5819838643074036,-0.4997357428073883,-0.3961295783519745,-0.08486682921648026,-0.029803037643432617,-1.564211130142212,0.6409623026847839,0.03521798551082611,0.07980342954397202,-0.04081011936068535,0.5819838643074036,-0.4997357428073883,-0.8158698081970215,0.46114230155944824,0.8076988458633423,-3.4655251502990723,6.3830413818359375,-1.9663705825805664,0.17352670431137085,0.31134283542633057,-1.782347321510315,0.4006538987159729,-0.5067330598831177,-0.06929390132427216,0.03598364442586899,-1.777256727218628,0.8953026533126831,-0.2683778405189514,0.2305610477924347,-0.0973050445318222,0.4426615238189697,0.28281569480895996,-8.578493118286133,-1.000523567199707,-1.9324071407318115,0.45649147033691406,0.10784243047237396,-0.5266774892807007,9.789639472961426,0.462446928024292,0.43035995960235596
5.06,-0.40916869044303894,-0.07774969190359116,-0.014825650490820408,-1.625248908996582,0.7699844837188721,-0.0014491969486698508,0.0837898999452591,-0.037753257900476456,0.5507966876029968,-0.49436748027801514,-0.40916869044303894,-0.07774969190359116,-0.014825650490820408,-1.625248908996582,0.7699844837188721,-0.0014491969486698508,0.0837898999452591,-0.037753257900476456,0.5507966876029968,-0.49436748027801514,-0.4994277060031891,0.26433253288269043,0.8741759657859802,-2.7822980880737305,6.129893779754639,-1.7011470794677734,0.217421293258667,0.06470401585102081,-1.3352850675582886,0.16703687608242035,-0.576230525970459,-0.0763104110956192,0.04684458673000336,-1.81367027759552,1.0006060600280762,-0.2888527512550354,0.20966151356697083,-0.11517104506492615,0.43755650520324707,0.308133602142334,-7.861227989196777,-1.2467628717422485,-1.6437875032424927,0.06444745510816574,0.11763328313827515,-0.5311366319656372,9.783185958862305,0.5677967667579651,0.45053476095199585
5.08,-0.42064619064331055,-0.07479029893875122,0.005204726010560989,-1.6778945922851562,0.8879408240318298,-0.03213605284690857,0.08727925270795822,-0.03931651636958122,0.5273025631904602,-0.4925064146518707,-0.42064619064331055,-0.07479029893875122,0.005204726010560989,-1.6778945922851562,0.8879408240318298,-0.03213605284690857,0.08727925270795822,-0.03931651636958122,0.5273025631904602,-0.4925064146518707,-0.6530463099479675,0.074615977704525,1.0758990049362183,-2.505899667739868,5.462442398071289,-1.4436355829238892,0.14033494889736176,-0.15078628063201904,-1.0913535356521606,0.05391565337777138,-0.5452048778533936,-0.07384870946407318,0.06455178558826447,-1.737003207206726,1.0407178401947021,-0.22933059930801392,0.20055793225765228,-0.11890771985054016,0.47902682423591614,0.2408771514892578,-8.447248458862305,-1.387147068977356,-2.2482330799102783,-0.1131196841597557,0.03419264778494835,-0.42265912890434265,9.776641845703125,0.6594812870025635,0.46738746762275696
5.1,-0.4323050379753113,-0.07341528683900833,0.026015250012278557,-1.7086408138275146,0.9716319441795349,-0.05627068132162094,0.09106669574975967,-0.047964371740818024,0.5123897790908813,-0.49501287937164307,-0.4323050379753113,-0.07341528683900833,0.026015250012278557,-1.7086408138275146,0.9716319441795349,-0.05627068132162094,0.09106669574975967,-0.047964371740818024,0.5123897790908813,-0.49501287937164307,-0.5131015181541443,0.07628592848777771,1.028070330619812,-0.7109333872795105,3.3079776763916016,-1.0233591794967651,0.24336305260658264,-0.8054810166358948,-0.49283817410469055,-0.3647032380104065,-0.49455153942108154,-0.08362410962581635,0.04362653195858002,-1.6021993160247803,1.2149831056594849,-0.1804562211036682,0.20830801129341125,-0.0797925814986229,0.508326530456543,0.1317000389099121,-4.493192195892334,-0.9689381122589111,-0.770447850227356,-0.40796852111816406,0.052835870534181595,-0.34703201055526733,9.770891189575195,0.7320129871368408,0.4795154333114624
5.12,-0.43834879994392395,-0.07361595332622528,0.040198199450969696,-1.6978739500045776,1.0800118446350098,-0.07267135381698608,0.09652126580476761,-0.05813628062605858,0.5110978484153748,-0.5045718550682068,-0.43834879994392395,-0.07361595332622528,0.040198199450969696,-1.6978739500045776,1.0800118446350098,-0.07267135381698608,0.09652126580476761,-0.05813628062605858,0.5110978484153748,-0.5045718550682068,-0.1826038658618927,-0.054020971059799194,0.39518046379089355,1.551904559135437,6.398182392120361,-0.6786534786224365,0.30412861704826355,-0.5090546607971191,0.19910292327404022,-0.6307505965232849,-0.5141448974609375,-0.06701089441776276,0.006735585629940033,-1.3958245515823364,1.3784661293029785,-0.07452964782714844,0.22717347741127014,-0.0022564902901649475,0.5554523468017578,0.11663806438446045,-7.632828712463379,-1.4547548294067383,-2.159135580062866,-0.6024462580680847,0.06837544590234756,-0.3160499930381775,9.765158653259277,0.7927696704864502,0.4993002414703369
5.14,-0.44328975677490234,-0.07347996532917023,0.03939351066946983,-1.6370638608932495,1.2250672578811646,-0.07942084968090057,0.10462337732315063,-0.05944165214896202,0.5241301655769348,-0.5221609473228455,-0.44328975677490234,-0.07347996532917023,0.03939351066946983,-1.6370638608932495,1.2250672578811646,-0.07942084968090057,0.10462337732315063,-0.05944165214896202,0.5241301655769348,-0.5221609473228455,-0.31404802203178406,0.041946087032556534,-0.4130985736846924,4.268105983734131,7.378384113311768,-0.08827558904886246,0.46415889263153076,0.13022491335868835,1.0132172107696533,-1.0751205682754517,-0.5055816173553467,-0.0007674209773540497,-0.06697036325931549,-1.2037014961242676,1.2152369022369385,-0.11307629942893982,0.29566964507102966,-0.007693074643611908,0.5950496196746826,0.186090350151062,-8.018241882324219,-1.8970038890838623,-2.7449569702148438,-0.5147230625152588,0.11721774190664291,-0.047580454498529434,9.761157989501953,0.8241612911224365,0.5259793996810913
5.16,-0.44735223054885864,-0.06716841459274292,0.017456121742725372,-1.53037428855896,1.2566370614359172,-0.0821753516793251,0.11816082149744034,-0.0490751750767231,0.5458614826202393,-0.5433225631713867,-0.44735223054885864,-0.06716841459274292,0.017456121742725372,-1.53037428855896,1.2568978071212769,-0.0821753516793251,0.11816082149744034,-0.0490751750767231,0.5458614826202393,-0.5433225631713867,-0.11522834002971649,0.4486527144908905,-1.756247639656067,6.0939741134643555,-1.753648281097412,-0.1322496086359024,0.7612125873565674,0.34938883781433105,1.3903816938400269,-2.1439671516418457,-0.5047863721847534,0.10468648374080658,-0.06784673035144806,-1.1282305717468262,1.050560712814331,-0.07300546765327454,0.3084290325641632,-0.04211040586233139,0.6287409067153931,0.18754160404205322,-16.477998733520508,-2.32507061958313,-7.209765911102295,-0.3172001838684082,0.3658721446990967,-0.028664786368608475,9.758035659790039,0.8285588622093201,0.5747392773628235
5.18,-0.4506644904613495,-0.0496647022664547,-0.01606416516005993,-1.4123228788375854,1.1670293807983398,-0.08360201120376587,0.13437528908252716,-0.04576592147350311,0.5763729810714722,-0.57692551612854,-0.4506644904613495,-0.0496647022664547,-0.01606416516005993,-1.4123228788375854,1.1670293807983398,-0.08360201120376587,0.13437528908252716,-0.04576592147350311,0.5763729810714722,-0.57692551612854,-0.20799574255943298,1.1603835821151733,-1.536251187324524,5.627821922302246,-5.656951904296875,-0.02522602677345276,0.8609407544136047,0.18143683671951294,1.646773338317871,-1.6751707792282104,-0.45577698945999146,0.1853817254304886,0.021449344232678413,-0.8272886872291565,0.7789360284805298,-0.07711625099182129,0.2813737690448761,-0.059343211352825165,0.6788514256477356,0.15609395503997803,-6.667105674743652,-1.809736967086792,-2.906446933746338,0.08936350047588348,0.4091492295265198,-0.01833316683769226,9.752934455871582,0.8379907011985779,0.6435385942459106
5.2,-0.45070746541023254,-0.02029196172952652,-0.025455348193645477,-1.2732094526290894,0.9867008924484253,-0.0845532938838005,0.15122923254966736,-0.04223809763789177,0.6107718348503113,-0.6119251251220703,-0.45070746541023254,-0.02029196172952652,-0.025455348193645477,-1.2732094526290894,0.9867008924484253,-0.0845532938838005,0.15122923254966736,-0.04223809763789177,0.6107718348503113,-0.6119251251220703,0.12226811796426773,1.60737943649292,0.608506441116333,8.137030601501465,-10.322054862976074,-0.010301726870238781,0.7446185946464539,0.1693369448184967,1.8017122745513916,-1.8275562524795532,-0.2600332796573639,0.19697876274585724,0.14211077988147736,-0.4558069109916687,0.39078813791275024,0.03898480534553528,0.10797936469316483,-0.05094926059246063,0.8013425469398499,0.02985239028930664,-6.83721399307251,-1.7258623838424683,-3.6441380977630615,0.23153449594974518,0.3344458341598511,0.011452370323240757,9.747422218322754,0.8443518280982971,0.7147945165634155
5.22,-0.43889540433883667,0.007967197336256504,0.017452770844101906,-1.072736382484436,0.7047371864318848,-0.07971860468387604,0.15804019570350647,-0.04533543065190315,0.6584008932113647,-0.6462221741676331,-0.43889540433883667,0.007967197336256504,0.017452770844101906,-1.072736382484436,0.7047371864318848,-0.07971860468387604,0.15804019570350647,-0.04533543065190315,0.6584008932113647,-0.6462221741676331,0.9787882566452026,1.221364974975586,3.558364152908325,11.423131942749023,-15.585844993591309,0.4714106023311615,-0.05108935013413429,-0.4419681429862976,2.8723816871643066,-1.6523280143737793,-0.1575320065021515,0.031057972460985184,0.19428770244121552,-0.4150148034095764,-0.039739906787872314,0.4604549705982208,-0.04617184400558472,-0.10569603741168976,0.8299188613891602,0.4842597246170044,-3.5877227783203125,-1.060068964958191,-3.1729676723480225,0.1414547711610794,-0.2424883395433426,-0.02071586810052395,9.746603012084961,0.8483119010925293,0.7212491035461426
5.24,-0.4232807755470276,0.01451906282454729,0.09309567511081696,-0.8645654916763306,0.3459884226322174,-0.05274691805243492,0.14315839111804962,-0.07019311934709549,0.7305176854133606,-0.6778173446655273,-0.4232807755470276,0.01451906282454729,0.09309567511081696,-0.8645654916763306,0.3459884226322174,-0.05274691805243492,0.14315839111804962,-0.07019311934709549,0.7305176854133606,-0.6778173446655273,0.8059824109077454,-0.27488502860069275,3.8706517219543457,9.33914852142334,-18.615507125854492,1.949075698852539,-1.1914159059524536,-1.7597076892852783,4.033663749694824,-1.4907523393630981,-0.06551381945610046,-0.08363480865955353,0.07356874644756317,-0.41407737135887146,-0.2339320182800293,0.6168158054351807,-0.12948176264762878,-0.12638312578201294,0.8809357285499573,0.27774471044540405,-4.805502891540527,-2.7843663692474365,-2.8357365131378174,-0.4891107976436615,-1.0917987823486328,0.5317471027374268,9.760082244873047,0.7962508797645569,0.585566520690918
5.26,-0.4134067893028259,0.0050337547436356544,0.1274200826883316,-0.7841735482215881,0.3180229365825653,-0.005071564577519894,0.12521186470985413,-0.1070416197180748,0.8093005418777466,-0.6906417012214661,-0.4134067893028259,0.0050337547436356544,0.1274200826883316,-0.7841735482215881,0.3180229365825653,-0.005071564577519894,0.12521186470985413,-0.1070416197180748,0.8093005418777466,-0.6906417012214661,-0.6742166876792908,-0.06816060096025467,-0.9196506142616272,-0.9780370593070984,0.6140627861022949,2.3665459156036377,-0.08593089878559113,-2.113755941390991,3.498251438140869,1.2965959310531616,-0.15303732454776764,-0.2998983860015869,0.04885738343000412,-0.6537283062934875,-0.7210755348205566,0.6518408060073853,-0.18991400301456451,0.13084690272808075,0.9178175926208496,-0.1215968132019043,-47.01228713989258,7.812748908996582,11.903139114379883,-0.7771700620651245,-0.06163385137915611,0.9276906847953796,9.780492782592773,0.6371214389801025,0.4148843288421631
5.28,-0.4061570465564728,-0.015453672967851162,0.09920180588960648,-0.7709516286849976,0.3193860948085785,0.04605453088879585,0.11278191953897476,-0.10027626901865005,0.8735109567642212,-0.6215448379516602,-0.4061570465564728,-0.015453672967851162,0.09920180588960648,-0.7709516286849976,0.3193860948085785,0.04605453088879585,0.11278191953897476,-0.10027626901865005,0.8735109567642212,-0.6215448379516602,0.5128183364868164,-1.7848235368728638,-1.2883036136627197,1.0051778554916382,-0.012766342610120773,2.8058817386627197,-1.192765712738037,3.22938871383667,2.5814120769500732,7.0838398933410645,-0.17416778206825256,-0.26428335905075073,0.09272148460149765,-0.6300951838493347,0.37370651960372925,0.5210268497467041,-0.12254391610622406,-0.06192946061491966,1.1216915845870972,-0.10848063230514526,-13.030133247375488,1.543535590171814,1.0195033550262451,-1.5526618957519531,-0.8618702292442322,0.5361536145210266,9.788983345031738,0.5221193432807922,0.37321731448173523
5.3,-0.38903045654296875,-0.05302967131137848,0.08055824786424637,-0.7471638917922974,0.31915614008903503,0.0988432839512825,0.08888290822505951,-0.06191759929060936,0.9396980404853821,-0.5089583396911621,-0.38903045654296875,-0.05302967131137848,0.08055824786424637,-0.7471638917922974,0.31915614008903503,0.0988432839512825,0.08888290822505951,-0.06191759929060936,0.9396980404853821,-0.5089583396911621,1.1155332326889038,-1.768195390701294,-0.6290638446807861,1.2684751749038696,-0.2591388523578644,2.51987361907959,-1.2886868715286255,0.23387984931468964,3.5938894748687744,5.637115001678467,-0.18535970151424408,-0.3408655524253845,0.02190571278333664,-0.6052439212799072,-0.9450488090515137,0.46415024995803833,-0.030814148485660553,-0.06185593083500862,1.038153052330017,-0.052926331758499146,-6.465087890625,0.4692124128341675,-1.6029770374298096,-1.5867352485656738,-1.1443732976913452,0.19906462728977203,9.798802375793457,0.43603354692459106,0.17161540687084198
5.32,-0.3646673262119293,-0.08772065490484238,0.06219315156340599,-0.7219080924987793,0.3178325295448303,0.14222773909568787,0.06487151980400085,-0.057582009583711624,0.9970625638961792,-0.38775670528411865,-0.3646673262119293,-0.08772065490484238,0.06219315156340599,-0.7219080924987793,0.3178325295448303,0.14222773909568787,0.06487151980400085,-0.057582009583711624,0.9970625638961792,-0.38775670528411865,1.241197943687439,-1.6764249801635742,-1.2809171676635742,1.4124360084533691,-0.2300262451171875,1.9174188375473022,-1.0347203016281128,0.3937971591949463,2.1962883472442627,6.121285438537598,-0.1398121416568756,-0.2437848150730133,0.013499774038791656,-0.6030402779579163,-0.8059656620025635,0.3280235826969147,-0.04462612792849541,0.007219952531158924,1.0527797937393188,-0.0996774435043335,-8.536320686340332,-1.1046994924545288,0.6486663818359375,-1.3574997186660767,-1.0187914371490479,0.06584762781858444,9.800971984863281,0.4194868803024292,-0.03276105225086212
5.34,-0.33882519602775574,-0.11455057561397552,0.042223069816827774,-0.6934599876403809,0.3122920095920563,0.17030727863311768,0.050599824637174606,-0.04134869948029518,1.0269739627838135,-0.27277088165283203,-0.33882519602775574,-0.11455057561397552,0.042223069816827774,-0.6934599876403809,0.3122920095920563,0.17030727863311768,0.050599824637174606,-0.04134869948029518,1.0269739627838135,-0.27277088165283203,1.271159052848816,-1.0915218591690063,-0.7322229146957397,1.32677161693573,-0.2552192509174347,1.0113359689712524,-0.499790757894516,1.062581181526184,1.0850075483322144,5.178014755249023,-0.07977935671806335,-0.26178237795829773,0.023764915764331818,-0.6041334271430969,-0.6372264623641968,0.3195064067840576,-0.045961540192365646,0.029717128723859787,1.1130133867263794,-0.3124754726886749,-6.736697196960449,0.07651082426309586,0.8326355814933777,-0.8649521470069885,-0.7485707402229309,-0.06495015323162079,9.799145698547363,0.418140172958374,-0.1949211061000824
5.36,-0.31426432728767395,-0.13380073010921478,0.030930718407034874,-0.6695629954338074,0.3117102384567261,0.18705584108829498,0.04091878607869148,-0.018544072285294533,1.0498251914978027,-0.25947949290275574,-0.31426432728767395,-0.13380073010921478,0.030930718407034874,-0.6695629954338074,0.3117102384567261,0.18705584108829498,0.04091878607869148,-0.018544072285294533,1.0498251914978027,-0.25947949290275574,1.1198147535324097,-0.827191948890686,-0.5035138726234436,0.9015288949012756,-0.028656309470534325,0.7461138963699341,-0.45518213510513306,1.256807804107666,1.157060980796814,-2.188048839569092,-0.1552409529685974,-0.19469869136810303,0.021224699914455414,-0.5916589498519897,-0.5751121044158936,0.35518380999565125,0.056694649159908295,-0.004041763953864574,1.153331995010376,-0.3445759415626526,-8.329721450805664,1.9064316749572754,3.6245036125183105,-0.6274940967559814,-0.6015519499778748,-0.13057394325733185,9.794771194458008,0.4399767518043518,-0.3239883780479431
5.38,-0.2947075068950653,-0.1432870775461197,0.023820951581001282,-0.653557538986206,0.31164321303367615,0.20467044413089752,0.03829414024949074,-0.00039220022154040635,1.075727105140686,-0.30343008041381836,-0.2947075068950653,-0.1432870775461197,0.023820951581001282,-0.653557538986206,0.31164321303367615,0.20467044413089752,0.03829414024949074,-0.00039220022154040635,1.075727105140686,-0.30343008041381836,0.8741145133972168,-0.2015669196844101,-0.1962169110774994,0.773467481136322,0.1305186003446579,0.9878584146499634,0.11956140398979187,0.4323349595069885,1.3741977214813232,-1.9558836221694946,-0.2025650143623352,-0.16769203543663025,0.04309917241334915,-0.5457179546356201,0.22367823123931885,0.297675222158432,-0.1166718453168869,0.08693589270114899,1.1456680297851562,-0.1694590449333191,-4.8515753746032715,0.5710181593894958,2.216853618621826,-0.5665227770805359,-0.1331573724746704,-0.036565884947776794,9.791230201721191,0.46553048491477966,-0.3888450264930725
5.4,-0.28144973516464233,-0.1482621282339096,0.018686452880501747,-0.6459131240844727,0.31558340787887573,0.2197619080543518,0.03273582458496094,0.011969847604632378,1.0950793027877808,-0.2617340385913849,-0.28144973516464233,-0.1482621282339096,0.018686452880501747,-0.6459131240844727,0.31558340787887573,0.2197619080543518,0.03273582458496094,0.011969847604632378,1.0950793027877808,-0.2617340385913849,0.5406874418258667,-0.27176886796951294,-0.037539415061473846,0.191557377576828,0.24228261411190033,0.5390917062759399,-0.6570491790771484,1.139731764793396,0.7552655935287476,4.206708908081055,-0.10656523704528809,-0.19603274762630463,-0.009300686419010162,-0.528044581413269,0.20758071541786194,0.44175148010253906,-0.099732905626297,0.13614524900913239,1.182841181755066,-0.26432329416275024,-8.100812911987305,0.12082020938396454,3.596217632293701,-0.15697510540485382,-0.20200778543949127,-0.103783518075943,9.789508819580078,0.48091450333595276,-0.41272127628326416
5.42,-0.2699633538722992,-0.15153056383132935,0.013730152510106564,-0.6388757228851318,0.3183338940143585,0.23469461500644684,0.019731130450963974,0.045741770416498184,1.1167244911193848,-0.24037881195545197,-0.2699633538722992,-0.15153056383132935,0.013730152510106564,-0.6388757228851318,0.3183338940143585,0.23469461500644684,0.019731130450963974,0.045741770416498184,1.1167244911193848,-0.24037881195545197,0.6890048980712891,-0.09806254506111145,-0.5299304723739624,0.5461568832397461,0.03954078257083893,0.9792024493217468,-0.6397582292556763,2.0467302799224854,1.2570101022720337,-0.7911744713783264,-0.15768307447433472,-0.20780077576637268,0.005187646485865116,-0.48643144965171814,0.19685447216033936,0.5156230330467224,-0.2824316620826721,0.09296908229589462,1.1157751083374023,-0.42543351650238037,-9.38917064666748,0.28026676177978516,4.022466659545898,-0.37688374519348145,0.07751577347517014,-0.028724035248160362,9.788360595703125,0.49501538276672363,-0.42314279079437256
5.44,-0.25815868377685547,-0.15616022050380707,0.0010949969291687012,-0.6269136667251587,0.3181825280189514,0.25888514518737793,-0.006930066738277674,0.07027371972799301,1.1285098791122437,-0.3138548731803894,-0.25815868377685547,-0.15616022050380707,0.0010949969291687012,-0.6269136667251587,0.3181825280189514,0.25888514518737793,-0.006930066738277674,0.07027371972799301,1.1285098791122437,-0.3138548731803894,0.5117588639259338,-0.2657872140407562,-0.6719048619270325,0.7079830169677734,-0.09313003718852997,1.3806174993515015,-1.8335952758789062,0.5106836557388306,-0.05172821134328842,-5.115426540374756,-0.7640695571899414,-0.09297862648963928,-0.22213762998580933,-0.6448040008544922,-0.9859302043914795,0.0649762749671936,-0.009901441633701324,0.025525104254484177,0.45710915327072144,-0.44304537773132324,-9.333988189697266,-0.40767380595207214,4.32686710357666,-0.67387855052948,0.052434083074331284,0.20326103270053864,9.78964614868164,0.4853675365447998,-0.4041675925254822
5.46,-0.27142050862312317,-0.15330444276332855,-0.04642201215028763,-0.6385794281959534,0.3000999689102173,0.26766058802604675,-0.026550129055976868,0.08040875941514969,1.0243258476257324,-0.3795011043548584,-0.27142050862312317,-0.15330444276332855,-0.04642201215028763,-0.6385794281959534,0.3000999689102173,0.26766058802604675,-0.026550129055976868,0.08040875941514969,1.0243258476257324,-0.3795011043548584,-1.8420928716659546,0.4849182069301605,-4.210610389709473,-1.7695436477661133,-1.608528971672058,-0.4351036250591278,-0.12299169600009918,0.101486936211586,-9.748476028442383,-2.5855259895324707,-0.5561816096305847,0.07312722504138947,-0.1549540013074875,-0.6927887797355652,-0.7133520841598511,0.005765318870544434,0.1255653202533722,-0.2354464828968048,0.23972266912460327,-0.33954930305480957,-5.633384704589844,-2.0417721271514893,3.2816174030303955,0.7979210615158081,0.7548002004623413,0.693339467048645,9.796036720275879,0.40757811069488525,-0.3281002938747406
5.48,-0.3038142919540405,-0.12803635001182556,-0.10979966819286346,-0.6670334339141846,0.264241099357605,0.24704758822917938,-0.01681598834693432,0.016235025599598885,0.809467613697052,-0.3772199749946594,-0.3038142919540405,-0.12803635001182556,-0.10979966819286346,-0.6670334339141846,0.264241099357605,0.24704758822917938,-0.01681598834693432,0.016235025599598885,0.809467613697052,-0.3772199749946594,-1.4061949253082275,1.8955702781677246,-2.0387802124023438,-1.1387845277786255,-1.8320640325546265,-1.320663571357727,0.9568688869476318,-6.347252368927002,-10.925357818603516,1.6191041469573975,-0.3531278967857361,-0.02883763238787651,0.006730414927005768,-1.582423448562622,-0.031689226627349854,-0.19284921884536743,0.21972528100013733,-0.09356717020273209,0.4083394706249237,0.09189110994338989,-3.6304845809936523,0.36272215843200684,2.3165690898895264,1.2052462100982666,1.7019449472427368,0.5723832249641418,9.80583381652832,0.2706170082092285,-0.09209609031677246
5.5,-0.3348776698112488,-0.1002221405506134,-0.11031648516654968,-0.7869268655776978,0.26289185881614685,0.2001447081565857,0.006487740203738213,-0.07574988156557083,0.6776595711708069,-0.4381940960884094,-0.3348776698112488,-0.1002221405506134,-0.11031648516654968,-0.7869268655776978,0.26289185881614685,0.2001447081565857,0.006487740203738213,-0.07574988156557083,0.6776595711708069,-0.4381940960884094,-1.5963091850280762,0.8059448599815369,1.8266862630844116,-11.065342903137207,1.5986614227294922,-3.29748272895813,1.4187431335449219,-2.0541586875915527,-3.82187819480896,-4.534784317016602,-0.41327816247940063,0.0048171766102313995,-0.023065827786922455,-1.8349231481552124,0.23268648982048035,-0.3156335949897766,0.24798689782619476,-0.05212642252445221,0.4466383457183838,0.14328283071517944,-3.490187168121338,3.1772007942199707,-2.835200786590576,1.6812958717346191,1.2797298431396484,-0.4590003192424774,9.804845809936523,0.2437865138053894,0.20411700010299683
5.52,-0.34881144762039185,-0.0951114147901535,-0.06264450401067734,-1.0489802360534668,0.25685957074165344,0.14766454696655273,0.023004978895187378,-0.061252348124980927,0.6529297828674316,-0.45586130023002625,-0.34881144762039185,-0.0951114147901535,-0.06264450401067734,-1.0489802360534668,0.25685957074165344,0.14766454696655273,0.023004978895187378,-0.061252348124980927,0.6529297828674316,-0.45586130023002625,-0.2561967372894287,0.569023609161377,2.270158529281616,-14.146502494812012,-0.5445793867111206,-3.042731523513794,0.8621828556060791,1.5420044660568237,-1.295390248298645,0.10551529377698898,-0.4289203882217407,0.03954719379544258,-0.017680607736110687,-1.7898328304290771,0.48872053623199463,-0.28851592540740967,0.2407616227865219,-0.12360689789056778,0.4820001423358917,0.2434794306755066,-9.524224281311035,-2.40988826751709,-2.205515146255493,1.592363953590393,0.46412283182144165,-1.5780107975006104,9.793608665466309,0.46839332580566406,0.3192750811576843
5.54,-0.35168495774269104,-0.07928881049156189,-0.032416801899671555,-1.2921748161315918,0.3351690471172333,0.092987060546875,0.04067103937268257,-0.041979748755693436,0.624986469745636,-0.4542095363140106,-0.35168495774269104,-0.07928881049156189,-0.032416801899671555,-1.2921748161315918,0.3351690471172333,0.092987060546875,0.04067103937268257,-0.041979748755693436,0.624986469745636,-0.4542095363140106,-0.11576299369335175,0.9412788152694702,0.9946672320365906,-10.169416427612305,6.577718257904053,-2.449495553970337,0.8599209189414978,-0.27156323194503784,-1.5178163051605225,-0.07519051432609558,-0.4691164195537567,-0.035567980259656906,-0.019908256828784943,-1.6973628997802734,0.5517773032188416,-0.21612614393234253,0.19318120181560516,-0.11478517949581146,0.45181918144226074,0.47078514099121094,-5.403722763061523,-2.7434604167938232,-0.09036745876073837,1.2304236888885498,0.6398919820785522,-1.0993735790252686,9.773245811462402,0.7422503232955933,0.41089123487472534
5.56,-0.35596024990081787,-0.06843207031488419,-0.02364145964384079,-1.443264365196228,0.4462207555770874,0.053870730102062225,0.05394575744867325,-0.039078570902347565,0.5974998474121094,-0.449881374835968,-0.35596024990081787,-0.06843207031488419,-0.02364145964384079,-1.443264365196228,0.4462207555770874,0.053870730102062225,0.05394575744867325,-0.039078570902347565,0.5974998474121094,-0.449881374835968,-0.34813663363456726,0.2932160794734955,0.16334083676338196,-5.545024871826172,4.694835662841797,-1.689740777015686,0.5203768014907837,-0.1465887725353241,-1.5226496458053589,0.272676557302475,-0.5340476036071777,-0.09959746897220612,-0.013915829360485077,-1.7175840139389038,0.6988510489463806,-0.17077672481536865,0.19120237231254578,-0.10849504172801971,0.46263107657432556,0.3780662417411804,-5.66585111618042,-2.336940288543701,-0.7878719568252563,0.8293455839157104,0.3961685299873352,-0.5365972518920898,9.75528621673584,0.9066953659057617,0.4983854293823242
5.58,-0.367510050535202,-0.06812092661857605,-0.022686190903186798,-1.5322538614273071,0.5648984909057617,0.0274724829941988,0.06141789257526398,-0.03651703894138336,0.570181667804718,-0.4428456425666809,-0.367510050535202,-0.06812092661857605,-0.022686190903186798,-1.5322538614273071,0.5648984909057617,0.0274724829941988,0.06141789257526398,-0.03651703894138336,0.570181667804718,-0.4428456425666809,-0.7120785117149353,-0.17311163246631622,0.015481842681765556,-3.71923565864563,6.300809860229492,-1.07820463180542,0.2897663712501526,0.37564241886138916,-1.22504460811615,0.3686540722846985,-0.5189659595489502,-0.11621485650539398,-0.003489099442958832,-1.7857670783996582,0.7879691123962402,-0.21031910181045532,0.2251938283443451,-0.04914497211575508,0.43088972568511963,0.3912079930305481,-8.805549621582031,-1.2801991701126099,-2.1803324222564697,0.5888499617576599,0.2019549161195755,-0.15630939602851868,9.746264457702637,0.9751137495040894,0.5436747670173645
5.6,-0.3804727792739868,-0.0719890296459198,-0.020056402310729027,-1.6015429496765137,0.6816681027412415,0.004116641823202372,0.06711171567440033,-0.026072287932038307,0.5442665219306946,-0.4357927441596985,-0.3804727792739868,-0.0719890296459198,-0.020056402310729027,-1.6015429496765137,0.6816681027412415,0.004116641823202372,0.06711171567440033,-0.026072287932038307,0.5442665219306946,-0.4357927441596985,-0.6117884516716003,-0.2018711417913437,0.23060746490955353,-3.370515823364258,5.186450481414795,-1.2388306856155396,0.28175780177116394,0.6060651540756226,-1.3338158130645752,0.35174083709716797,-0.618564784526825,-0.10709460079669952,-0.007909506559371948,-1.777876853942871,0.8866132497787476,-0.20440346002578735,0.22596094012260437,-0.05344462767243385,0.434006005525589,0.38535845279693604,-8.929044723510742,-1.315485954284668,-1.9751265048980713,0.5538293123245239,0.14351105690002441,-0.22579149901866913,9.740734100341797,1.0170100927352905,0.5655914545059204
5.62,-0.3968520760536194,-0.07537383586168289,-0.015418944880366325,-1.6585817337036133,0.7839150428771973,-0.016845110803842545,0.07295560091733932,-0.014350315555930138,0.5204064846038818,-0.42985647916793823,-0.3968520760536194,-0.07537383586168289,-0.015418944880366325,-1.6585817337036133,0.7839150428771973,-0.016845110803842545,0.07295560091733932,-0.014350315555930138,0.5204064846038818,-0.42985647916793823,-0.9836515784263611,-0.1424744427204132,0.19084511697292328,-2.362715482711792,4.8656487464904785,-0.9274488091468811,0.29906389117240906,0.5809276103973389,-1.1030769348144531,0.2598254680633545,-0.5792334079742432,-0.13086296617984772,0.05225895345211029,-1.757709264755249,0.9664154648780823,-0.15164035558700562,0.2034304291009903,-0.10225863754749298,0.45601686835289,0.38295572996139526,-8.934475898742676,-1.2686970233917236,-2.0694096088409424,0.5749000906944275,0.14710590243339539,-0.04435821250081062,9.736281394958496,1.049468755722046,0.5827035307884216
5.64,-0.41521376371383667,-0.07933197915554047,-0.005547727458178997,-1.6932032108306885,0.8770342469215393,-0.032376982271671295,0.07781267166137695,-0.013420568779110909,0.503364086151123,-0.42653515934944153,-0.41521376371383667,-0.07933197915554047,-0.005547727458178997,-1.6932032108306885,0.8770342469215393,-0.032376982271671295,0.07781267166137695,-0.013420568779110909,0.503364086151123,-0.42653515934944153,-0.8056843876838684,-0.281469464302063,0.9055320024490356,-1.2399983406066895,4.305046081542969,-0.6197927594184875,0.18038082122802734,-0.14227187633514404,-0.5539973974227905,0.09605943411588669,-0.5689515471458435,-0.11765946447849274,0.019571319222450256,-1.7401115894317627,1.0284837484359741,-0.1422746479511261,0.19805727899074554,-0.11114005744457245,0.4633236229419708,0.38966071605682373,-9.355484962463379,-0.9194671511650085,-2.533853530883789,0.3266195058822632,0.072364941239357,-0.03719870746135712,9.734054565429688,1.0625590085983276,0.5960347056388855
5.66,-0.4288812279701233,-0.0848742425441742,0.010767018422484398,-1.709654688835144,0.955401599407196,-0.043200328946113586,0.08228762447834015,-0.021396951749920845,0.4956100881099701,-0.4285668432712555,-0.4288812279701233,-0.0848742425441742,0.010767018422484398,-1.709654688835144,0.955401599407196,-0.043200328946113586,0.08228762447834015,-0.021396951749920845,0.4956100881099701,-0.4285668432712555,-0.5795291066169739,-0.2922796905040741,0.5536462068557739,-0.5172199010848999,3.509946346282959,-0.4592350423336029,0.24401792883872986,-0.22471819818019867,-0.19411030411720276,-0.16472814977169037,-0.5098676681518555,-0.13197191059589386,0.020798929035663605,-1.4798673391342163,1.1091440916061401,-0.06714418530464172,0.20977520942687988,-0.04806354269385338,0.48873016238212585,0.40198206901550293,-8.762080192565918,-1.1863774061203003,-2.4874260425567627,0.009971858933568,0.061588793992996216,-0.08365355432033539,9.731877326965332,1.0765975713729858,0.6063008904457092
5.68,-0.43641147017478943,-0.09016279876232147,0.016353484243154526,-1.6801798343658447,1.0286239385604858,-0.048989180475473404,0.08882276713848114,-0.025461483746767044,0.49620988965034485,-0.4343850612640381,-0.43641147017478943,-0.09016279876232147,0.016353484243154526,-1.6801798343658447,1.0286239385604858,-0.048989180475473404,0.08882276713848114,-0.025461483746767044,0.49620988965034485,-0.4343850612640381,-0.25315389037132263,-0.28228694200515747,0.12350207567214966,3.243215322494507,3.690708875656128,-0.1222596988081932,0.3509905934333801,-0.20478811860084534,0.222555473446846,-0.38608115911483765,-0.4484708905220032,-0.08544231951236725,-0.037889689207077026,-1.4363601207733154,1.1318373680114746,0.008945196866989136,0.20112244784832,-0.040059544146060944,0.5223797559738159,0.4373575448989868,-8.25782299041748,-1.5777086019515991,-2.275097370147705,-0.23055095970630646,0.10294309258460999,-0.0010156119242310524,9.729466438293457,1.0869289636611938,0.626239001750946
5.7,-0.43951717019081116,-0.09370686858892441,0.010731706395745277,-1.6095587015151978,1.0860766172409058,-0.0479455292224884,0.09663157165050507,-0.030203845351934433,0.5070202946662903,-0.4455374479293823,-0.43951717019081116,-0.09370686858892441,0.010731706395745277,-1.6095587015151978,1.0860766172409058,-0.0479455292224884,0.09663157165050507,-0.030203845351934433,0.5070202946662903,-0.4455374479293823,-0.04941233992576599,-0.07345528900623322,-0.7293084859848022,3.507331132888794,2.234379529953003,0.1810295134782791,0.42098236083984375,-0.2771373987197876,0.8012557625770569,-0.7057939171791077,-0.5232903957366943,-0.04917905852198601,-0.0026634763926267624,-1.3409770727157593,1.008819818496704,0.014603018760681152,0.23865070939064026,-0.017607174813747406,0.5360937118530273,0.513849139213562,-7.812804698944092,-1.377151608467102,-2.7673754692077637,-0.2952679693698883,0.11560122668743134,0.0492132306098938,9.72890567779541,1.0774842500686646,0.6507909297943115
5.72,-0.4431728720664978,-0.09006639569997787,0.0005232819239608943,-1.5369704961776733,1.0666117668151855,-0.04266458377242088,0.10510653257369995,-0.032036472111940384,0.5249214172363281,-0.4611568748950958,-0.4431728720664978,-0.09006639569997787,0.0005232819239608943,-1.5369704961776733,1.0666117668151855,-0.04266458377242088,0.10510653257369995,-0.032036472111940384,0.5249214172363281,-0.4611568748950958,-0.3173251748085022,0.34732210636138916,-0.19029945135116577,3.7695395946502686,-2.656280279159546,0.293213814496994,0.39903804659843445,0.08077361434698105,0.9087150692939758,-0.8104408979415894,-0.42771443724632263,0.042089033871889114,-7.00186938047409e-05,-1.2202105522155762,0.8574732542037964,0.0381302535533905,0.2940313518047333,-0.013876862823963165,0.5743291974067688,0.4876202344894409,-8.196747779846191,-1.762317180633545,-2.9305830001831055,0.006723328959196806,0.06251882761716843,0.18535907566547394,9.730130195617676,1.0535497665405273,0.6713443398475647
5.74,-0.44463807344436646,-0.07568532228469849,0.00015200211782939732,-1.4528868198394775,0.9722434282302856,-0.03747076913714409,0.11653683334589005,-0.02870602160692215,0.5463387370109558,-0.4801143407821655,-0.44463807344436646,-0.07568532228469849,0.00015200211782939732,-1.4528868198394775,0.9722434282302856,-0.03747076913714409,0.11653683334589005,-0.02870602160692215,0.5463387370109558,-0.4801143407821655,0.1317177265882492,0.9562530517578125,0.022742340341210365,4.509178161621094,-5.545620441436768,0.2843531370162964,0.6911311745643616,0.14634093642234802,1.2487293481826782,-1.0683199167251587,-0.22273284196853638,0.12776853144168854,0.09613649547100067,-0.8606911897659302,0.5704476833343506,0.11083298921585083,0.2443763017654419,-0.04099239036440849,0.6909399032592773,0.4682214856147766,-7.820813179016113,-1.7042436599731445,-2.5189664363861084,0.0960455983877182,0.2298249751329422,0.10866744071245193,9.731390953063965,1.0265071392059326,0.6945647597312927
5.76,-0.43012136220932007,-0.05095764622092247,0.016965683549642563,-1.3208197355270386,0.7869935035705566,-0.028708552941679955,0.13173353672027588,-0.02961648814380169,0.5810454487800598,-0.5047349333763123,-0.43012136220932007,-0.05095764622092247,0.016965683549642563,-1.3208197355270386,0.7869935035705566,-0.028708552941679955,0.13173353672027588,-0.02961648814380169,0.5810454487800598,-0.5047349333763123,1.1831384897232056,1.368740200996399,1.7538315057754517,8.329731941223145,-10.70296573638916,0.6377201676368713,0.7326785326004028,-0.24400779604911804,2.173393964767456,-1.4255609512329102,-0.13695821166038513,0.08669842779636383,0.13892777264118195,-0.6520503163337708,0.22336351871490479,0.23664590716362,0.05710767209529877,-0.08971147239208221,0.7366760969161987,0.42607349157333374,-4.285440444946289,-0.8998680710792542,-2.16530442237854,-0.14161598682403564,0.2702692449092865,0.012577773071825504,9.728633880615234,1.0164523124694824,0.7460629940032959
5.78,-0.4036157429218292,-0.03315875306725502,0.06354237347841263,-1.1409510374069214,0.5152205228805542,-0.009891487658023834,0.13605383038520813,-0.04993076249957085,0.6304387450218201,-0.5344372987747192,-0.4036157429218292,-0.03315875306725502,0.06354237347841263,-1.1409510374069214,0.5152205228805542,-0.009891487658023834,0.13605383038520813,-0.04993076249957085,0.6304387450218201,-0.5344372987747192,1.4481762647628784,0.5555147528648376,2.7887089252471924,9.324676513671875,-14.372031211853027,1.1471664905548096,-0.2248314768075943,-1.5721832513809204,2.653101921081543,-1.4954237937927246,-0.09674456715583801,0.03536601737141609,0.15160055458545685,-0.5366803407669067,0.0018050670623779297,0.5482160449028015,-0.013225577771663666,-0.09632745385169983,0.7716500759124756,0.34114593267440796,-4.072549343109131,-1.2600573301315308,-3.181051731109619,-0.3620172441005707,-0.36587175726890564,0.16963396966457367,9.73112964630127,0.9940962791442871,0.7436370253562927
5.8,-0.3786005675792694,-0.028528252616524696,0.1144687607884407,-0.9630374908447266,0.2471250295639038,0.02665749378502369,0.1250884234905243,-0.07962413132190704,0.6925168633460999,-0.5666957497596741,-0.3786005675792694,-0.028528252616524696,0.1144687607884407,-0.9630374908447266,0.2471250295639038,0.02665749378502369,0.1250884234905243,-0.07962413132190704,0.6925168633460999,-0.5666957497596741,1.1977335214614868,0.028988992795348167,2.2559587955474854,8.494629859924316,-12.024515151977539,2.3148186206817627,-0.7471137642860413,-1.298440933227539,3.3545680046081543,-1.6922212839126587,-0.07912459969520569,-0.06537888944149017,0.12340409308671951,-0.5095384120941162,-0.10518157482147217,0.5921242237091064,-0.09943245351314545,-0.1163381040096283,0.7852951288223267,0.3264772295951843,-4.7220025062561035,-2.450073719024658,-2.9116947650909424,-0.8227307796478271,-0.8109285235404968,0.7420162558555603,9.748254776000977,0.898074746131897,0.6333112120628357
5.82,-0.3496260344982147,-0.038649849593639374,0.15042352676391602,-0.8587204217910767,0.24809794127941132,0.07538344711065292,0.10700736194849014,-0.10552696883678436,0.7522935271263123,-0.5970975756645203,-0.3496260344982147,-0.038649849593639374,0.15042352676391602,-0.8587204217910767,0.24809794127941132,0.07538344711065292,0.10700736194849014,-0.10552696883678436,0.7522935271263123,-0.5970975756645203,1.8179980516433716,-1.0076247453689575,1.5845268964767456,3.1754119396209717,9.726255416870117,2.6210885047912598,-0.8754950165748596,-1.3596155643463135,2.6013970375061035,-1.169584035873413,-0.1356627345085144,-0.2413971871137619,0.08510760217905045,-0.5845299959182739,-0.3957645297050476,0.4812379777431488,-0.12851446866989136,0.061228375881910324,1.0487384796142578,-0.08576282858848572,-12.086725234985352,-4.248687267303467,1.5762535333633423,-1.3814079761505127,-0.8771276473999023,1.105613112449646,9.772987365722656,0.709973931312561,0.4698483645915985
5.84,-0.3196908235549927,-0.06902791559696198,0.15349246561527252,-0.784369707107544,0.40578392148017883,0.13078193366527557,0.0888858512043953,-0.0887446478009224,0.8136652708053589,-0.6155135631561279,-0.3196908235549927,-0.06902791559696198,0.15349246561527252,-0.784369707107544,0.40578392148017883,0.13078193366527557,0.0888858512043953,-0.0887446478009224,0.8136652708053589,-0.6155135631561279,1.2672128677368164,-1.8738042116165161,-0.8871027827262878,3.551443576812744,6.978695869445801,2.6826374530792236,-0.9185688495635986,2.889984607696533,3.594130754470825,-1.385453701019287,-0.09511199593544006,-0.2490920126438141,0.12690578401088715,-0.5848276615142822,-0.5666590929031372,0.45200127363204956,-0.11591964960098267,-0.024663034826517105,1.2657705545425415,0.08897584676742554,-6.6730055809021,2.566439151763916,-0.5472515225410461,-0.9158443808555603,-1.1641764640808105,1.248397707939148,9.795626640319824,0.44228556752204895,0.2935795187950134
5.86,-0.3156634569168091,-0.08557718992233276,0.1366448998451233,-0.7786215543746948,0.4439169764518738,0.1718234270811081,0.0758182480931282,-0.05287175253033638,0.9060230255126953,-0.5750601291656494,-0.3156634569168091,-0.08557718992233276,0.1366448998451233,-0.7786215543746948,0.4439169764518738,0.1718234270811081,0.0758182480931282,-0.05287175253033638,0.9060230255126953,-0.5750601291656494,0.9352607727050781,-0.7367208003997803,-1.1530752182006836,0.18110041320323944,0.24292844533920288,1.6639786958694458,-1.0373384952545166,0.5143955945968628,5.696571350097656,6.396888732910156,-0.16680708527565002,-0.37266021966934204,0.09019235521554947,-0.6507461071014404,-0.9951519966125488,0.5078151226043701,-0.06995163857936859,-0.03589243069291115,1.1187406778335571,-0.09739160537719727,-15.149724960327148,2.01735258102417,5.811849117279053,-1.187618374824524,-0.3728611171245575,-0.21605461835861206,9.802962303161621,0.32675909996032715,0.1768103390932083
5.88,-0.29419347643852234,-0.10666954517364502,0.11042319238185883,-0.7672191858291626,0.44581329822540283,0.20869028568267822,0.0553872287273407,-0.05190769582986832,0.9945281744003296,-0.4778619110584259,-0.29419347643852234,-0.10666954517364502,0.11042319238185883,-0.7672191858291626,0.44581329822540283,0.20869028568267822,0.0553872287273407,-0.05190769582986832,0.9945281744003296,-0.4778619110584259,0.9645325541496277,-1.2976150512695312,-1.251328945159912,0.6328839063644409,0.04426182061433792,1.9082039594650269,-0.9472998976707458,-0.16266469657421112,3.202873468399048,4.163559913635254,-0.19348372519016266,-0.24248559772968292,0.06914245337247849,-0.636017918586731,-0.920138955116272,0.40407320857048035,-0.004551347345113754,-0.017755765467882156,1.1159594058990479,-0.1379922330379486,-11.98133659362793,-0.5927583575248718,-1.0623488426208496,-1.300705909729004,-0.6913824677467346,-0.15840038657188416,9.80242919921875,0.37511104345321655,0.08811797946691513
5.9,-0.27459582686424255,-0.12810875475406647,0.09308551996946335,-0.7517470717430115,0.44421929121017456,0.23986905813217163,0.04219433665275574,-0.0412006676197052,1.0440701246261597,-0.3917660415172577,-0.27459582686424255,-0.12810875475406647,0.09308551996946335,-0.7517470717430115,0.44421929121017456,0.23986905813217163,0.04219433665275574,-0.0412006676197052,1.0440701246261597,-0.3917660415172577,0.9323095679283142,-0.8306131958961487,-0.6361348628997803,0.868050217628479,-0.1276232898235321,1.2820605039596558,-0.3847554326057434,0.8956621289253235,1.9599612951278687,4.0867838859558105,-0.21316249668598175,-0.25705456733703613,0.04622691124677658,-0.6170471906661987,-0.7745190858840942,0.3469138741493225,-0.014526542276144028,-0.01220837514847517,1.1165637969970703,-0.180942565202713,-7.870204448699951,-0.8849291205406189,1.2099264860153198,-0.8188254833221436,-0.568556547164917,-0.16457659006118774,9.801459312438965,0.4073285162448883,-0.039621129631996155
5.92,-0.2588917911052704,-0.14264626801013947,0.08167405426502228,-0.7361147999763489,0.4410184919834137,0.25995883345603943,0.035148266702890396,-0.026607703417539597,1.0728930234909058,-0.31939932703971863,-0.2588917911052704,-0.14264626801013947,0.08167405426502228,-0.7361147999763489,0.4410184919834137,0.25995883345603943,0.035148266702890396,-0.026607703417539597,1.0728930234909058,-0.31939932703971863,0.6677969694137573,-0.6382139921188354,-0.4602392613887787,0.7108719944953918,-0.17704489827156067,0.8007607460021973,-0.3352856934070587,0.5694612860679626,1.064595103263855,3.180647373199463,-0.14967986941337585,-0.249930739402771,0.04188527911901474,-0.5997589826583862,-0.7754212617874146,0.30759769678115845,0.0613173171877861,-0.0062184808775782585,1.1249544620513916,-0.28230348229408264,-8.393028259277344,-0.6372030973434448,2.4038352966308594,-0.42737314105033875,-0.45461851358413696,-0.0836561769247055,9.799610137939453,0.43106091022491455,-0.13391825556755066
5.94,-0.24422794580459595,-0.15096713602542877,0.07268813252449036,-0.7206757068634033,0.4369185268878937,0.2704632580280304,0.034225646406412125,-0.015855779871344566,1.0883371829986572,-0.2868659496307373,-0.24422794580459595,-0.15096713602542877,0.07268813252449036,-0.7206757068634033,0.4369185268878937,0.2704632580280304,0.034225646406412125,-0.015855779871344566,1.0883371829986572,-0.2868659496307373,0.7767540216445923,-0.2678012251853943,-0.5090751647949219,0.796786904335022,-0.21408912539482117,0.3549712896347046,0.1651231348514557,0.4726056754589081,0.5852512717247009,0.4244995713233948,-0.16259276866912842,-0.2190137803554535,0.03792237490415573,-0.5833507180213928,0.21784543991088867,0.30005210638046265,0.01005873829126358,0.032795246690511703,1.1411752700805664,-0.29216134548187256,-7.871284484863281,-0.33313775062561035,3.029118776321411,-0.3284255266189575,-0.13194741308689117,-0.14054422080516815,9.79776382446289,0.4525401294231415,-0.18744143843650818
5.96,-0.23062025010585785,-0.15555736422538757,0.06324519217014313,-0.7069364786148071,0.4337393641471863,0.2764368951320648,0.035858117043972015,-0.005242400337010622,1.0997298955917358,-0.28708159923553467,-0.23062025010585785,-0.15555736422538757,0.06324519217014313,-0.7069364786148071,0.4337393641471863,0.2764368951320648,0.035858117043972015,-0.005242400337010622,1.0997298955917358,-0.28708159923553467,0.6056047081947327,-0.20030193030834198,-0.4284403920173645,0.5996032953262329,-0.11937281489372253,0.24722447991371155,-0.015307934023439884,0.7035039067268372,0.5873013138771057,-0.16668856143951416,-0.14070844650268555,-0.20252060890197754,0.029831893742084503,-0.5765112638473511,-0.5743436813354492,0.3924064338207245,-0.001254148781299591,0.08118560910224915,1.203881025314331,-0.3370083272457123,-8.10000228881836,-0.514579176902771,3.2672743797302246,-0.3142222762107849,-0.04159809648990631,-0.07652325928211212,9.796517372131348,0.4740408957004547,-0.1990947127342224
5.98,-0.22047683596611023,-0.1579328179359436,0.053114328533411026,-0.6948476433753967,0.4307733178138733,0.2853049337863922,0.03534916043281555,0.015974445268511772,1.120534062385559,-0.3071446716785431,-0.22047683596611023,-0.1579328179359436,0.053114328533411026,-0.6948476433753967,0.4307733178138733,0.2853049337863922,0.03534916043281555,0.015974445268511772,1.120534062385559,-0.3071446716785431,0.48282331228256226,-0.05900884419679642,-0.599877119064331,0.66098952293396,-0.18752659857273102,0.5969855785369873,-0.05264190211892128,1.3835108280181885,1.3756897449493408,-1.3600184917449951,-0.1702321171760559,-0.21065235137939453,0.002572096884250641,-0.5389976501464844,0.24089187383651733,0.41036123037338257,-0.029702037572860718,0.10925491899251938,1.2343990802764893,-0.28255683183670044,-9.02203369140625,-0.27490463852882385,3.7920291423797607,-0.4493637681007385,0.15258342027664185,0.0773562416434288,9.796819686889648,0.47385504841804504,-0.18407343327999115
6.0,-0.21156801283359528,-0.15895292162895203,0.038936931639909744,-0.6811487674713135,0.4268976151943207,0.2988896071910858,0.031355228275060654,0.046246904879808426,1.1488703489303589,-0.30539432168006897,-0.21156801283359528,-0.15895292162895203,0.038936931639909744,-0.6811487674713135,0.4268976151943207,0.2988896071910858,0.031355228275060654,0.046246904879808426,1.1488703489303589,-0.30539432168006897,0.41833895444869995,-0.03549030423164368,-0.7787762880325317,0.7067894339561462,-0.21019865572452545,0.7188112139701843,-0.3122221529483795,1.6043871641159058,1.438127875328064,0.9096083641052246,-0.2733902931213379,-0.21036477386951447,-0.026547152549028397,-0.564490556716919,-0.7364069223403931,0.26836609840393066,-0.0066418275237083435,0.0433291457593441,0.9819125533103943,-0.3200499713420868,-8.799334526062012,-0.8548946380615234,3.5239968299865723,-0.598887026309967,0.2674810290336609,0.18236513435840607,9.798718452453613,0.45016106963157654,-0.13628950715065002
6.02,-0.20614081621170044,-0.1588759869337082,0.022320209071040154,-0.6688725352287292,0.42232856154441833,0.30484893918037415,0.02338739112019539,0.06624289602041245,1.135650873184204,-0.30136868357658386,-0.20614081621170044,-0.1588759869337082,0.022320209071040154,-0.6688725352287292,0.42232856154441833,0.30484893918037415,0.02338739112019539,0.06624289602041245,1.135650873184204,-0.30136868357658386,0.07163307070732117,0.05712820962071419,-0.9852338433265686,0.5484273433685303,-0.1630464643239975,0.011085682548582554,-0.39178064465522766,0.3138531744480133,-2.4724271297454834,-0.49483829736709595,-0.41865289211273193,-0.12026041746139526,-0.0825909674167633,-0.5964484214782715,-0.6461217403411865,-0.05896410346031189,0.03136570006608963,0.00782707054167986,0.5641146898269653,-0.35802632570266724,-5.550658226013184,-1.4010509252548218,1.820555567741394,-0.3885272443294525,0.3820030391216278,0.3287193477153778,9.801348686218262,0.4062030017375946,-0.068342424929142
6.04,-0.20997896790504456,-0.15458382666110992,-0.0019088098779320717,-0.666118860244751,0.41536369919776917,0.28412795066833496,0.019399220123887062,0.06074438989162445,1.0328055620193481,-0.34111469984054565,-0.20997896790504456,-0.15458382666110992,-0.0019088098779320717,-0.666118860244751,0.41536369919776917,0.28412795066833496,0.019399220123887062,0.06074438989162445,1.0328055620193481,-0.34111469984054565,-0.5481616854667664,0.2466401755809784,-1.8529081344604492,-0.15490157902240753,-0.5473120808601379,-2.0507993698120117,-0.13269685208797455,-0.8019385933876038,-5.746437072753906,-5.013460636138916,-0.4877076745033264,-0.08472182601690292,-0.037245944142341614,-1.1734976768493652,-0.20649242401123047,-0.23645174503326416,0.11565134674310684,-0.3066832423210144,0.36694222688674927,-0.21232739090919495,-6.902886867523193,-3.7280664443969727,2.3588645458221436,0.48643508553504944,0.5000376105308533,0.30199429392814636,9.803956985473633,0.342989057302475,0.02981244958937168
6.06,-0.24249251186847687,-0.1452767699956894,-0.02830100618302822,-0.731204092502594,0.39132001996040344,0.2253088653087616,0.01165775302797556,-0.006722109392285347,0.9124020934104919,-0.45871493220329285,-0.24249251186847687,-0.1452767699956894,-0.02830100618302822,-0.731204092502594,0.39132001996040344,0.2253088653087616,0.01165775302797556,-0.006722109392285347,0.9124020934104919,-0.45871493220329285,-2.397414207458496,0.7537198662757874,-0.8559409379959106,-5.5962934494018555,0.49564236402511597,-3.5582196712493896,-0.44757187366485596,-5.837668418884277,-6.984434604644775,-6.902615070343018,-0.46893930435180664,-0.027690719813108444,-0.13608518242835999,-1.7286208868026733,0.06445223093032837,-0.32857751846313477,0.2066366821527481,-0.11646512895822525,0.4392686188220978,0.16043508052825928,-11.79822063446045,1.9946210384368896,4.896035671234131,1.0507773160934448,0.808622419834137,0.4992516338825226,9.805954933166504,0.23975275456905365,0.14787979423999786
6.08,-0.29198190569877625,-0.1283033937215805,-0.06055857986211777,-0.9217290282249451,0.33003994822502136,0.15242281556129456,0.024173732846975327,-0.0925116091966629,0.777744472026825,-0.568114161491394,-0.29198190569877625,-0.1283033937215805,-0.06055857986211777,-0.9217290282249451,0.33003994822502136,0.15242281556129456,0.024173732846975327,-0.0925116091966629,0.777744472026825,-0.568114161491394,-2.110593557357788,0.7284485697746277,-2.307616710662842,-12.985038757324219,-8.8885498046875,-3.620924711227417,1.3805677890777588,-2.1481263637542725,-6.069779396057129,-5.563846111297607,-0.6757453083992004,0.03658868744969368,0.006747864186763763,-1.8554954528808594,0.4793541431427002,-0.4089558720588684,0.24623696506023407,-0.1448262333869934,0.47913503646850586,0.34730279445648193,-1.882477045059204,1.9628676176071167,-1.8295482397079468,0.5708848237991333,1.316046953201294,-0.05887535214424133,9.801141738891602,0.18447764217853546,0.3737427592277527
6.1,-0.3213269114494324,-0.11607977747917175,-0.0613730289041996,-1.1833792924880981,0.3739403784275055,0.10582318156957626,0.040663618594408035,-0.0927087664604187,0.7293694019317627,-0.5929437279701233,-0.3213269114494324,-0.11607977747917175,-0.0613730289041996,-1.1833792924880981,0.3739403784275055,0.10582318156957626,0.040663618594408035,-0.0927087664604187,0.7293694019317627,-0.5929437279701233,-1.2074189186096191,1.1324987411499023,1.930090308189392,-12.850411415100098,4.680731773376465,-2.534867525100708,0.6981815695762634,1.2458258867263794,-1.8035565614700317,0.7270076274871826,-0.6535491943359375,0.03730453923344612,0.08921404927968979,-1.8135849237442017,0.6420385241508484,-0.2797706127166748,0.2152302861213684,-0.15765972435474396,0.49641770124435425,0.40857577323913574,-11.76513671875,-2.797290086746216,-4.270066261291504,1.1882354021072388,0.42986658215522766,-1.0629332065582275,9.791542053222656,0.29703694581985474,0.5230470895767212
6.12,-0.350050151348114,-0.09092758595943451,-0.014800796285271645,-1.3962175846099854,0.49411991238594055,0.05760681629180908,0.051947221159935,-0.07590831071138382,0.6857300400733948,-0.577930748462677,-0.350050151348114,-0.09092758595943451,-0.014800796285271645,-1.3962175846099854,0.49411991238594055,0.05760681629180908,0.051947221159935,-0.07590831071138382,0.6857300400733948,-0.577930748462677,-1.5555888414382935,1.288519263267517,2.609410047531128,-8.665472030639648,6.594091415405273,-2.197756052017212,0.4192180931568146,-0.24340876936912537,-2.353213310241699,0.5336822271347046,-0.5689446330070496,-0.007160495966672897,-0.013231918215751648,-1.7234207391738892,0.6907609105110168,-0.3193051815032959,0.19931460916996002,-0.1289442479610443,0.4525773525238037,0.402135968208313,-5.47060489654541,-2.663997173309326,-0.541826069355011,1.2675451040267944,0.33930546045303345,-0.5880979299545288,9.78091049194336,0.4776291251182556,0.5846032500267029
6.14,-0.3729812502861023,-0.07394219189882278,0.012883954681456089,-1.5201154947280884,0.5987837314605713,0.015550202690064907,0.059786830097436905,-0.06984800100326538,0.6399213671684265,-0.5627713203430176,-0.3729812502861023,-0.07394219189882278,0.012883954681456089,-1.5201154947280884,0.5987837314605713,0.015550202690064907,0.059786830097436905,-0.06984800100326538,0.6399213671684265,-0.5627713203430176,-0.8953921794891357,0.5637320876121521,0.2016730159521103,-4.400490760803223,4.207416534423828,-2.0754988193511963,0.4176892340183258,0.33900755643844604,-2.418503522872925,0.7266908288002014,-0.5459308624267578,-0.05495486781001091,0.018773101270198822,-1.7234776020050049,0.8408340215682983,-0.32068127393722534,0.22079825401306152,-0.14470656216144562,0.4381415843963623,0.31233513355255127,-5.38230037689209,-2.1434366703033447,-0.3657514452934265,0.7351235747337341,0.2701151967048645,-0.5258250832557678,9.771574020385742,0.5930762887001038,0.6330066323280334
6.16,-0.3885561227798462,-0.06667157262563705,0.00960575882345438,-1.5875916481018066,0.7114263772964478,-0.022302407771348953,0.06715509295463562,-0.06213763728737831,0.5957031846046448,-0.5463453531265259,-0.3885561227798462,-0.06667157262563705,0.00960575882345438,-1.5875916481018066,0.7114263772964478,-0.022302407771348953,0.06715509295463562,-0.06213763728737831,0.5957031846046448,-0.5463453531265259,-0.7040274143218994,0.2391853630542755,-0.17767639458179474,-2.7001874446868896,6.136855602264404,-1.7773972749710083,0.3404552936553955,0.2327636182308197,-2.0970468521118164,0.8059208989143372,-0.6399869918823242,-0.0742187350988388,0.0561385378241539,-1.8138418197631836,0.8835581541061401,-0.2872958183288574,0.20233196020126343,-0.13350053131580353,0.4374423623085022,0.25066256523132324,-8.019031524658203,-1.6059157848358154,-1.810628890991211,0.3683711290359497,0.22320091724395752,-0.42956581711769104,9.762332916259766,0.6905103325843811,0.6753923892974854
6.18,-0.40830668807029724,-0.06399808824062347,0.013705278746783733,-1.6443248987197876,0.8076114654541016,-0.0523124523460865,0.07231947779655457,-0.06108997017145157,0.5580155849456787,-0.5328480005264282,-0.40830668807029724,-0.06399808824062347,0.013705278746783733,-1.6443248987197876,0.8076114654541016,-0.0523124523460865,0.07231947779655457,-0.06108997017145157,0.5580155849456787,-0.5328480005264282,-1.1586283445358276,0.04875722900032997,0.5847046971321106,-3.02886962890625,3.7436704635620117,-1.3213554620742798,0.18481844663619995,0.09109191596508026,-1.6877721548080444,0.6158748865127563,-0.6094979643821716,-0.08937777578830719,0.05505956709384918,-1.7656409740447998,0.9573045969009399,-0.26328045129776,0.19364961981773376,-0.1452067643404007,0.4588066041469574,0.23609328269958496,-8.53398323059082,-1.3264542818069458,-2.3880770206451416,0.20592139661312103,0.09461855888366699,-0.20657819509506226,9.755630493164062,0.7533684968948364,0.7044220566749573
6.2,-0.42841836810112,-0.06465204060077667,0.026422668248414993,-1.6897342205047607,0.881598711013794,-0.07596763223409653,0.0761529728770256,-0.06574101001024246,0.5300965309143066,-0.5239578485488892,-0.42841836810112,-0.06465204060077667,0.026422668248414993,-1.6897342205047607,0.881598711013794,-0.07596763223409653,0.0761529728770256,-0.06574101001024246,0.5300965309143066,-0.5239578485488892,-0.8746932744979858,-0.11630228906869888,0.6064161658287048,-1.5690534114837646,3.559499979019165,-1.0420001745224,0.19567012786865234,-0.4140302240848541,-1.100149154663086,0.28841280937194824,-0.6083381175994873,-0.06283213198184967,0.06384532898664474,-1.7623177766799927,1.0237340927124023,-0.23809462785720825,0.20477993786334991,-0.09432628750801086,0.4647568166255951,0.24260389804840088,-9.707898139953613,-1.3025065660476685,-2.59377121925354,-0.11779758334159851,0.09539661556482315,-0.22214743494987488,9.751039505004883,0.7972930073738098,0.7194804549217224
6.22,-0.44488924741744995,-0.06508537381887436,0.040056899189949036,-1.7128119468688965,0.9528399705886841,-0.09443484991788864,0.08139020204544067,-0.06948895007371902,0.513938844203949,-0.5220969319343567,-0.44488924741744995,-0.06508537381887436,0.040056899189949036,-1.7128119468688965,0.9528399705886841,-0.09443484991788864,0.08139020204544067,-0.06948895007371902,0.513938844203949,-0.5220969319343567,-0.8011223673820496,0.05010639503598213,0.7230215668678284,-0.8873192071914673,3.3795619010925293,-0.8507018089294434,0.28654569387435913,-0.11332708597183228,-0.599252462387085,-0.05164194479584694,-0.6155487298965454,-0.06997306644916534,0.034336648881435394,-1.690428614616394,1.1430898904800415,-0.23790353536605835,0.1981429159641266,-0.08765538036823273,0.4858110249042511,0.14973104000091553,-7.7516961097717285,-1.5147100687026978,-2.1185615062713623,-0.19535674154758453,0.09417334198951721,-0.22646155953407288,9.746003150939941,0.8394928574562073,0.7394465804100037
6.24,-0.4596378803253174,-0.06495960801839828,0.04793825000524521,-1.7171517610549927,1.0413134098052979,-0.10981142520904541,0.08697649091482162,-0.0716400220990181,0.5067082643508911,-0.5261945724487305,-0.4596378803253174,-0.06495960801839828,0.04793825000524521,-1.7171517610549927,1.0413134098052979,-0.10981142520904541,0.08697649091482162,-0.0716400220990181,0.5067082643508911,-0.5261945724487305,-0.7062072157859802,-0.026037300005555153,0.06691095978021622,0.3675510287284851,4.818023204803467,-0.7096450924873352,0.26910874247550964,-0.08722789585590363,-0.17504292726516724,-0.3323625326156616,-0.5221025347709656,-0.07414267957210541,0.0035762712359428406,-1.609854817390442,1.272226333618164,-0.17919468879699707,0.23903340101242065,-0.024839036166667938,0.49774304032325745,0.19754910469055176,-7.607935428619385,-1.5469180345535278,-2.1644818782806396,-0.17709678411483765,0.0623382069170475,-0.22543387115001678,9.74092960357666,0.8813118934631348,0.7574191689491272
6.26,-0.4692102074623108,-0.06508206576108932,0.03972414880990982,-1.6955997943878174,1.1535470485687256,-0.12300154566764832,0.09424443542957306,-0.0706465095281601,0.5086438655853271,-0.5366779565811157,-0.4692102074623108,-0.06508206576108932,0.03972414880990982,-1.6955997943878174,1.1535470485687256,-0.12300154566764832,0.09424443542957306,-0.0706465095281601,0.5086438655853271,-0.5366779565811157,-0.3015036880970001,0.0016465450171381235,-0.8028163313865662,1.6161733865737915,5.7558369636535645,-0.5881281495094299,0.4335393011569977,0.10342234373092651,0.3193243741989136,-0.6762089133262634,-0.5130962133407593,-0.03618056699633598,-0.05856482684612274,-1.4395794868469238,1.257615089416504,-0.17329281568527222,0.2713680863380432,-0.05241280049085617,0.5117158889770508,0.15971863269805908,-7.632315158843994,-2.163172721862793,-1.923762321472168,-0.19550707936286926,0.13505537807941437,-0.2686762511730194,9.734892845153809,0.9289423823356628,0.7778360843658447
6.28,-0.4723993241786957,-0.06246095523238182,0.013495310209691525,-1.6409746408462524,1.2200031280517578,-0.13301511108875275,0.10507675260305405,-0.069209985435009,0.5186283588409424,-0.5528278946876526,-0.4723993241786957,-0.06246095523238182,0.013495310209691525,-1.6409746408462524,1.2200031280517578,-0.13301511108875275,0.10507675260305405,-0.069209985435009,0.5186283588409424,-0.5528278946876526,-0.08221510797739029,0.2226245105266571,-1.787103295326233,3.6478750705718994,1.8107976913452148,-0.42046305537223816,0.6146898865699768,0.04388537257909775,0.6188153624534607,-0.8911908268928528,-0.5310465097427368,0.03809158876538277,-0.08214174211025238,-1.42404043674469,1.1011632680892944,-0.13912180066108704,0.2892923057079315,-0.03621339425444603,0.5476970672607422,0.16588842868804932,-8.239500045776367,-2.698349952697754,-2.4327545166015625,-0.13513074815273285,0.27222001552581787,-0.18303664028644562,9.727293968200684,0.9715992212295532,0.8196588158607483
6.3,-0.4762643873691559,-0.05242704600095749,-0.022726869210600853,-1.5724009275436401,1.182787537574768,-0.1388915628194809,0.11885956674814224,-0.06537982821464539,0.5351539850234985,-0.5737950205802917,-0.4762643873691559,-0.05242704600095749,-0.022726869210600853,-1.5724009275436401,1.182787537574768,-0.1388915628194809,0.11885956674814224,-0.06537982821464539,0.5351539850234985,-0.5737950205802917,-0.2568865418434143,0.7085802555084229,-1.7897223234176636,3.0961852073669434,-3.7721312046051025,-0.2162090241909027,0.7247921824455261,0.28419026732444763,0.9861892461776733,-1.1686930656433105,-0.5103435516357422,0.15365062654018402,-0.0971527248620987,-1.221582055091858,1.0161302089691162,-0.10033956170082092,0.31312137842178345,-0.08258533477783203,0.5853169560432434,0.16952240467071533,-7.39089298248291,-2.4412379264831543,-2.684762954711914,0.09072480350732803,0.3438129425048828,-0.03870037570595741,9.720124244689941,0.9909533858299255,0.8793746829032898
6.32,-0.47891294956207275,-0.03010391630232334,-0.05383335053920746,-1.491341233253479,1.0985537767410278,-0.1406645029783249,0.13608737289905548,-0.06034105643630028,0.559145450592041,-0.6001940369606018,-0.47891294956207275,-0.03010391630232334,-0.05383335053920746,-1.491341233253479,1.0985537767410278,-0.1406645029783249,0.13608737289905548,-0.06034105643630028,0.559145450592041,-0.6001940369606018,-0.04525739699602127,1.3760675191879272,-1.382202386856079,4.9421706199646,-4.114586353302002,0.04569333791732788,0.9342300295829773,0.18682926893234253,1.36519455909729,-1.426425576210022,-0.36414724588394165,0.22288794815540314,0.012180851772427559,-0.8848856091499329,0.8097140789031982,-0.02645966410636902,0.25430211424827576,-0.0748840793967247,0.6525765657424927,0.11698424816131592,-7.371671199798584,-2.6318740844726562,-2.9738926887512207,0.12418307363986969,0.48906415700912476,0.09264648705720901,9.712889671325684,0.9898698925971985,0.9570978283882141
6.34,-0.47284063696861267,0.002026183530688286,-0.057360097765922546,-1.3529690504074097,0.9650110602378845,-0.13735729455947876,0.15329864621162415,-0.06161492317914963,0.5906029939651489,-0.6302070021629333,-0.47284063696861267,0.002026183530688286,-0.057360097765922546,-1.3529690504074097,0.9650110602378845,-0.13735729455947876,0.15329864621162415,-0.06161492317914963,0.5906029939651489,-0.6302070021629333,0.5591684579849243,1.7025569677352905,1.0821760892868042,8.49940299987793,-7.690335273742676,0.30930209159851074,0.7176787257194519,-0.34373757243156433,1.7355241775512695,-1.6368370056152344,-0.18821285665035248,0.21399112045764923,0.13945861160755157,-0.523627758026123,0.4430365264415741,0.09056225419044495,0.06257352232933044,-0.05456116423010826,0.8672746419906616,-0.03120705485343933,-4.268494129180908,-1.8498761653900146,-2.5313737392425537,0.0521114207804203,0.33409613370895386,0.17308972775936127,9.706849098205566,0.9677749276161194,1.037585973739624
6.36,-0.4524620771408081,0.03014216758310795,-0.003406757954508066,-1.1470154523849487,0.7246518731117249,-0.12205121666193008,0.15714071691036224,-0.06767771393060684,0.647834837436676,-0.6584390997886658,-0.4524620771408081,0.03014216758310795,-0.003406757954508066,-1.1470154523849487,0.7246518731117249,-0.12205121666193008,0.15714071691036224,-0.06767771393060684,0.647834837436676,-0.6584390997886658,1.464360237121582,1.1544625759124756,4.163052558898926,11.592540740966797,-13.894622802734375,1.1549651622772217,-0.2034439742565155,-0.11150089651346207,3.7435500621795654,-1.9020123481750488,-0.06983199715614319,0.01762128248810768,0.15809667110443115,-0.4752977192401886,0.1251506805419922,0.49647969007492065,-0.12464392185211182,-0.11028788983821869,0.8308584094047546,-0.09468516707420349,-3.0889720916748047,-0.13003574311733246,-3.516721725463867,-0.07505106180906296,-0.3284130096435547,0.16443462669849396,9.710417747497559,0.9275211095809937,1.0409605503082275
6.38,-0.42530471086502075,0.0317276194691658,0.07670510560274124,-0.9361607432365417,0.42631977796554565,-0.08498167991638184,0.13622544705867767,-0.08627106249332428,0.7314396500587463,-0.6815091967582703,-0.42530471086502075,0.0317276194691658,0.07670510560274124,-0.9361607432365417,0.42631977796554565,-0.08498167991638184,0.13622544705867767,-0.08627106249332428,0.7314396500587463,-0.6815091967582703,1.3902344703674316,-0.6270480751991272,3.689793586730957,9.501023292541504,-14.597670555114746,2.2635250091552734,-1.5449084043502808,-1.5097891092300415,4.507586479187012,-1.8875731229782104,-0.020795464515686035,-0.15986551344394684,0.09165632724761963,-0.4707251787185669,-0.05037909746170044,0.6497560739517212,-0.1937789022922516,-0.11695756018161774,0.8046212792396545,0.3032868504524231,-4.716269016265869,-3.684436559677124,-3.337348222732544,-0.5384894609451294,-1.327538251876831,0.5927600860595703,9.733585357666016,0.8523622155189514,0.8757305145263672
6.4,-0.39529740810394287,0.005616132169961929,0.1198202446103096,-0.8044174313545227,0.3496820628643036,-0.03432194143533707,0.10085011273622513,-0.11380372941493988,0.8103582262992859,-0.7073608636856079,-0.39529740810394287,0.005616132169961929,0.1198202446103096,-0.8044174313545227,0.3496820628643036,-0.03432194143533707,0.10085011273622513,-0.11380372941493988,0.8103582262992859,-0.7073608636856079,1.820103406906128,-1.8431090116500854,0.967221736907959,3.9899580478668213,10.4840087890625,2.811089277267456,-1.7274785041809082,-1.216206669807434,3.4101293087005615,-0.8185654282569885,-0.12973636388778687,-0.28672724962234497,0.06932321935892105,-0.5720925331115723,-0.6192556619644165,0.559914231300354,-0.18169909715652466,0.08964177966117859,1.0401391983032227,-0.11549949645996094,-11.749866485595703,-5.680812835693359,0.48629575967788696,-1.2483330965042114,-1.5633151531219482,1.185736894607544,9.769509315490723,0.6697730422019958,0.5866832137107849
6.42,-0.4031124711036682,-0.014099483378231525,0.10496160387992859,-0.8052847981452942,0.36435261368751526,0.017215944826602936,0.08878251910209656,-0.09972912818193436,0.8782945871353149,-0.6530810594558716,-0.4031124711036682,-0.014099483378231525,0.10496160387992859,-0.8052847981452942,0.36435261368751526,0.017215944826602936,0.08878251910209656,-0.09972912818193436,0.8782945871353149,-0.6530810594558716,0.5420127511024475,-1.5150318145751953,-1.2689528465270996,0.6835571527481079,-0.06953329592943192,2.4945335388183594,-0.8517671227455139,2.4485480785369873,3.685530662536621,8.089898109436035,-0.12971609830856323,-0.38210904598236084,0.1366245150566101,-0.6703019142150879,-1.1210795640945435,0.6334104537963867,-0.16096173226833344,-0.046650972217321396,1.1753000020980835,-0.012953579425811768,-18.536376953125,2.386279821395874,3.6840031147003174,-1.5178803205490112,-0.6817193031311035,0.3981448709964752,9.787652969360352,0.4705854058265686,0.46528661251068115
6.44,-0.38552817702293396,-0.05341523140668869,0.08304261416196823,-0.7803022861480713,0.36107325553894043,0.07529595494270325,0.06481869518756866,-0.07021681219339371,0.9643973708152771,-0.5256638526916504,-0.38552817702293396,-0.05341523140668869,0.08304261416196823,-0.7803022861480713,0.36107325553894043,0.07529595494270325,0.06481869518756866,-0.07021681219339371,0.9643973708152771,-0.5256638526916504,1.0168322324752808,-2.1601219177246094,-0.8639823794364929,1.3671170473098755,-0.21157506108283997,3.1539573669433594,-1.4897879362106323,0.44627732038497925,4.35620641708374,7.2334747314453125,-0.17138274013996124,-0.34893444180488586,0.06866142898797989,-0.6716668605804443,-1.159547209739685,0.4785345792770386,-0.048439960926771164,-0.0626261830329895,1.0673885345458984,-0.12313136458396912,-13.395017623901367,1.8177257776260376,-1.8975543975830078,-1.8059697151184082,-1.2550891637802124,0.29679664969444275,9.798312187194824,0.39057457447052,0.2768334448337555
6.46,-0.360382616519928,-0.09174711257219315,0.07727076858282089,-0.7517474889755249,0.3556799292564392,0.1262637823820114,0.03907821699976921,-0.058526720851659775,1.029767394065857,-0.3877531886100769,-0.360382616519928,-0.09174711257219315,0.07727076858282089,-0.7517474889755249,0.3556799292564392,0.1262637823820114,0.03907821699976921,-0.058526720851659775,1.029767394065857,-0.3877531886100769,1.2050130367279053,-1.7009323835372925,-0.36369752883911133,1.2689958810806274,-0.42226606607437134,2.041347026824951,-1.0425461530685425,0.7535497546195984,2.3048148155212402,6.632378578186035,-0.1616247296333313,-0.23671245574951172,0.02972777932882309,-0.6319079995155334,-1.1895766258239746,0.35872697830200195,-0.0028571300208568573,-0.04411964491009712,1.1112245321273804,-0.14746153354644775,-6.986075401306152,-0.9653382301330566,1.027385950088501,-1.4611656665802002,-1.1064330339431763,0.007711841259151697,9.802987098693848,0.3678753674030304,0.04712171107530594
6.48,-0.33604004979133606,-0.11726006120443344,0.06687799841165543,-0.7270607948303223,0.345270037651062,0.15854518115520477,0.02753652073442936,-0.04343762621283531,1.0635493993759155,-0.27000346779823303,-0.33604004979133606,-0.11726006120443344,0.06687799841165543,-0.7270607948303223,0.345270037651062,0.15854518115520477,0.02753652073442936,-0.04343762621283531,1.0635493993759155,-0.27000346779823303,1.207398533821106,-0.9427970051765442,-0.7347042560577393,1.1927030086517334,-0.5522986054420471,1.3176989555358887,-0.25283995270729065,0.6070007085800171,1.3615280389785767,4.934035301208496,-0.16608473658561707,-0.28601276874542236,0.0500447079539299,-0.6125234365463257,-0.9291951656341553,0.30545878410339355,0.006517577916383743,-0.012831020168960094,1.139439582824707,-0.24543598294258118,-5.724481582641602,-0.16653341054916382,2.343388080596924,-1.173995852470398,-0.5477716326713562,-0.05317239835858345,9.80239486694336,0.3713299036026001,-0.10613630712032318
6.5,-0.3133978843688965,-0.13348132371902466,0.052481766790151596,-0.7052133083343506,0.33964064717292786,0.18046602606773376,0.023873085156083107,-0.03294773027300835,1.0850619077682495,-0.23316767811775208,-0.3133978843688965,-0.13348132371902466,0.052481766790151596,-0.7052133083343506,0.33964064717292786,0.18046602606773376,0.023873085156083107,-0.03294773027300835,1.0850619077682495,-0.23316767811775208,1.0713332891464233,-0.7567930817604065,-0.5777158737182617,1.012689471244812,0.01674623042345047,0.940940260887146,-0.17038528621196747,0.6383844017982483,0.9274513721466064,-0.28888633847236633,-0.1609794646501541,-0.27531570196151733,0.04181215912103653,-0.5863758325576782,-0.8116751909255981,0.29692190885543823,0.10809806734323502,-0.005603286437690258,1.1316897869110107,-0.3466072678565979,-4.849913597106934,0.29700329899787903,1.5208426713943481,-0.8835245966911316,-0.41806110739707947,-0.045684803277254105,9.800775527954102,0.3830048441886902,-0.18497127294540405
6.52,-0.2927305996417999,-0.14473828673362732,0.042656440287828445,-0.684551477432251,0.3458983600139618,0.19703711569309235,0.027333546429872513,-0.016994643956422806,1.0996100902557373,-0.2785271108150482,-0.2927305996417999,-0.14473828673362732,0.042656440287828445,-0.684551477432251,0.3458983600139618,0.19703711569309235,0.027333546429872513,-0.016994643956422806,1.0996100902557373,-0.2785271108150482,0.9930777549743652,-0.4432642459869385,-0.5113463997840881,1.0565963983535767,0.5716734528541565,0.7697911262512207,0.43063804507255554,0.8133796453475952,0.5324735045433044,-3.176457166671753,-0.11393913626670837,-0.22870522737503052,0.05606972426176071,-0.5807620286941528,-0.6253261566162109,0.3598783016204834,-0.019163545221090317,0.06233881041407585,1.1601321697235107,-0.3464754521846771,-4.900843620300293,0.09323862195014954,1.507614016532898,-0.6810142993927002,-0.19864121079444885,0.019627798348665237,9.799333572387695,0.3895827531814575,-0.2395387887954712
6.54,-0.2776147723197937,-0.15321524441242218,0.03415124490857124,-0.6707285642623901,0.35610178112983704,0.2126786708831787,0.031855855137109756,0.0004321812593843788,1.1116546392440796,-0.3201039433479309,-0.2776147723197937,-0.15321524441242218,0.03415124490857124,-0.6707285642623901,0.35610178112983704,0.2126786708831787,0.031855855137109756,0.0004321812593843788,1.1116546392440796,-0.3201039433479309,0.6351915001869202,-0.3754127323627472,-0.4956287443637848,0.3553779125213623,0.1111450046300888,0.7147588729858398,-6.43086968921125e-05,1.0623594522476196,0.7123729586601257,-1.2910709381103516,-0.10360485315322876,-0.1932349056005478,0.040402285754680634,-0.5868867635726929,-0.5193297863006592,0.4442543387413025,-0.09161433577537537,0.11791728436946869,1.192932367324829,-0.25245535373687744,-10.182440757751465,1.2508132457733154,4.243098735809326,-0.5415520668029785,-0.12219943851232529,-0.011495132930576801,9.798786163330078,0.38231247663497925,-0.27150997519493103
6.56,-0.2648293077945709,-0.160309299826622,0.02414015866816044,-0.6618249416351318,0.35762709379196167,0.23102480173110962,0.026322156190872192,0.02914307452738285,1.1303378343582153,-0.30042505264282227,-0.2648293077945709,-0.160309299826622,0.02414015866816044,-0.6618249416351318,0.35762709379196167,0.23102480173110962,0.026322156190872192,0.02914307452738285,1.1303378343582153,-0.30042505264282227,0.6396604776382446,-0.30746087431907654,-0.49955880641937256,0.4983033537864685,0.04360705614089966,1.064681887626648,-0.47751596570014954,1.7972930669784546,1.0893324613571167,2.1780314445495605,-0.07505756616592407,-0.24254071712493896,-0.037481389939785004,-0.5382738709449768,-0.5727096796035767,0.5421966314315796,-0.08467927575111389,0.11063694208860397,1.2036218643188477,-0.3612026572227478,-8.632950782775879,0.8884761929512024,4.097636699676514,-0.5724228024482727,-0.01550466101616621,0.0019114019814878702,9.79825496673584,0.38890206813812256,-0.2811792194843292
6.58,-0.25031086802482605,-0.16517437994480133,0.007297473028302193,-0.6479549407958984,0.35639700293540955,0.25705480575561523,0.01450263150036335,0.061896611005067825,1.1525726318359375,-0.31119611859321594,-0.25031086802482605,-0.16517437994480133,0.007297473028302193,-0.6479549407958984,0.35639700293540955,0.25705480575561523,0.01450263150036335,0.061896611005067825,1.1525726318359375,-0.31119611859321594,0.8319214582443237,-0.18632355332374573,-1.1681658029556274,0.8931421041488647,-0.16484065353870392,1.5206599235534668,-0.6507081389427185,1.384861946105957,1.0222094058990479,-2.0845000743865967,-0.3608689308166504,-0.21048074960708618,-0.10233591496944427,-0.6266643404960632,-0.9787604808807373,0.07362350821495056,-0.021685704588890076,0.02903171256184578,0.7253625392913818,-0.4038802683353424,-9.174748420715332,0.31398192048072815,3.942333936691284,-0.9435319304466248,0.2548840045928955,0.08067943900823593,9.799139976501465,0.38698291778564453,-0.2513836920261383
6.6,-0.2402251809835434,-0.16727209091186523,-0.026458095759153366,-0.6448262333869934,0.34935688972473145,0.2637949585914612,0.0025786380283534527,0.07831797748804092,1.0927996635437012,-0.35064053535461426,-0.2402251809835434,-0.16727209091186523,-0.026458095759153366,-0.6448262333869934,0.34935688972473145,0.2637949585914612,0.0025786380283534527,0.07831797748804092,1.0927996635437012,-0.35064053535461426,-0.021526988595724106,-0.0027808649465441704,-2.177447557449341,-0.6241679787635803,-0.46300339698791504,-0.6290634274482727,-0.43023228645324707,0.09825219213962555,-6.300260543823242,-2.172740936279297,-0.655888020992279,-0.05611066892743111,-0.15822182595729828,-0.6021043062210083,-0.711961030960083,0.007406711578369141,0.12501299381256104,-0.025183189660310745,0.37976884841918945,-0.3004034757614136,-5.27777099609375,-0.887727677822113,2.166818141937256,-0.08203000575304031,0.40097156167030334,-0.07231128960847855,9.800336837768555,0.39587798714637756,-0.18105588853359222
6.62,-0.25727054476737976,-0.15741686522960663,-0.07017463445663452,-0.6641256213188171,0.3344525098800659,0.24631603062152863,0.007597504183650017,0.06228574365377426,0.9306576251983643,-0.36465030908584595,-0.25727054476737976,-0.15741686522960663,-0.07017463445663452,-0.6641256213188171,0.3344525098800659,0.24631603062152863,0.007597504183650017,0.06228574365377426,0.9306576251983643,-0.36465030908584595,-1.4164639711380005,0.6956413388252258,-2.244730234146118,-1.0191363096237183,-1.1909180879592896,-1.4913731813430786,0.4525301158428192,-1.7938696146011353,-5.66739559173584,-10.695322036743164,-0.4612163305282593,-0.0354694165289402,-0.06628209352493286,-1.597181797027588,-0.14222073554992676,-0.23570603132247925,0.1730109304189682,-0.13427656888961792,0.3866312503814697,-0.17332860827445984,-28.253467559814453,-8.784418106079102,-4.661393165588379,0.8879814147949219,1.0742058753967285,0.6486147046089172,9.803919792175293,0.3428126871585846,-0.041758667677640915
6.64,-0.29957684874534607,-0.14080849289894104,-0.09253000468015671,-0.7803712487220764,0.32720014452934265,0.19415637850761414,0.01736738160252571,0.0077560641802847385,0.8075990676879883,-0.4590296447277069,-0.29957684874534607,-0.14080849289894104,-0.09253000468015671,-0.7803712487220764,0.32720014452934265,0.19415637850761414,0.01736738160252571,0.0077560641802847385,0.8075990676879883,-0.4590296447277069,-2.4313712120056152,0.8599095940589905,-0.10384192317724228,-11.10677719116211,0.8782552480697632,-3.571166515350342,0.422808974981308,-3.37917160987854,-5.691043853759766,-5.456930160522461,-0.6337565183639526,-0.003362756222486496,-0.16036328673362732,-1.7678041458129883,0.1230694055557251,-0.28188735246658325,0.20338885486125946,-0.13908252120018005,0.4969243109226227,0.1124677062034607,-3.9452898502349854,2.4785873889923096,-0.8726390600204468,1.6480597257614136,1.0086729526519775,0.12403711676597595,9.806087493896484,0.24019896984100342,0.13801592588424683
6.66,-0.3452065587043762,-0.1232176274061203,-0.1052354946732521,-1.0353903770446777,0.25154706835746765,0.13170211017131805,0.0349121056497097,-0.056447338312864304,0.7081519961357117,-0.5541372299194336,-0.3452065587043762,-0.1232176274061203,-0.1052354946732521,-1.0353903770446777,0.25154706835746765,0.13170211017131805,0.0349121056497097,-0.056447338312864304,0.7081519961357117,-0.5541372299194336,-2.0361640453338623,0.8430390357971191,-1.298167109489441,-13.24624252319336,-5.4059295654296875,-2.716676950454712,1.1694772243499756,-2.8471853733062744,-4.201401233673096,-4.47530460357666,-0.6900328397750854,-0.012481343001127243,0.04084942489862442,-1.9106342792510986,0.5620558857917786,-0.4454619884490967,0.28572481870651245,-0.11327331513166428,0.49649232625961304,0.4210786819458008,-2.8624603748321533,0.49343815445899963,-1.3647316694259644,0.9057410359382629,1.300266146659851,-0.08474250137805939,9.799922943115234,0.2517693340778351,0.3663637042045593
6.68,-0.3657371401786804,-0.11029275506734848,-0.08478765934705734,-1.290074110031128,0.3267209827899933,0.09199295938014984,0.04589205980300903,-0.036364465951919556,0.6890686750411987,-0.5539199709892273,-0.3657371401786804,-0.11029275506734848,-0.08478765934705734,-1.290074110031128,0.3267209827899933,0.09199295938014984,0.04589205980300903,-0.036364465951919556,0.6890686750411987,-0.5539199709892273,-1.029660701751709,1.1014363765716553,2.800909996032715,-12.25641918182373,10.112658500671387,-2.669401168823242,0.5743080377578735,1.631011962890625,-1.7680165767669678,0.3109874427318573,-0.6752227544784546,0.04507835581898689,0.036070890724658966,-1.7081166505813599,0.6329554915428162,-0.2796248197555542,0.20523932576179504,-0.13625355064868927,0.4800962209701538,0.41001462936401367,-10.535989761352539,-2.411421775817871,-2.7240817546844482,1.6548681259155273,0.38386258482933044,-1.0428882837295532,9.790414810180664,0.4092591106891632,0.4651806652545929
6.7,-0.3891921043395996,-0.0874292403459549,-0.031046900898218155,-1.4642874002456665,0.4883769750595093,0.0459214486181736,0.05479619652032852,-0.021711505949497223,0.6519944071769714,-0.5457931160926819,-0.3891921043395996,-0.0874292403459549,-0.031046900898218155,-1.4642874002456665,0.4883769750595093,0.0459214486181736,0.05479619652032852,-0.021711505949497223,0.6519944071769714,-0.5457931160926819,-1.2422922849655151,1.1038776636123657,2.3223676681518555,-5.708323001861572,6.519824028015137,-1.8764270544052124,0.3352198600769043,0.25763580203056335,-1.6726891994476318,0.4709017872810364,-0.5445513725280762,-0.031579386442899704,0.004800133407115936,-1.7598098516464233,0.712294340133667,-0.258064866065979,0.1838018000125885,-0.13283540308475494,0.4540018141269684,0.34877538681030273,-13.672343254089355,-2.74141001701355,-3.171281337738037,1.4563825130462646,0.4233151078224182,-0.4731561243534088,9.778956413269043,0.5773628950119019,0.5241773724555969
6.72,-0.40929388999938965,-0.07303445786237717,-0.004181621130555868,-1.5542430877685547,0.606419026851654,0.00819417554885149,0.05987205728888512,-0.03624375909566879,0.614751935005188,-0.5357912182807922,-0.40929388999938965,-0.07303445786237717,-0.004181621130555868,-1.5542430877685547,0.606419026851654,0.00819417554885149,0.05987205728888512,-0.03624375909566879,0.614751935005188,-0.5357912182807922,-0.7050618529319763,0.3150734007358551,0.5571151971817017,-3.864074230194092,5.164586544036865,-1.7210675477981567,0.20132479071617126,0.05172281339764595,-1.5343899726867676,0.15782955288887024,-0.551123321056366,-0.0540287010371685,0.03842731565237045,-1.768165111541748,0.8531315326690674,-0.2526364326477051,0.19547373056411743,-0.146562397480011,0.43303611874580383,0.29403769969940186,-11.168063163757324,-1.797617793083191,-2.9870333671569824,0.8475409746170044,0.27641788125038147,-0.4208708703517914,9.769674301147461,0.6716883778572083,0.5817191004753113
6.74,-0.4216884672641754,-0.06792354583740234,0.005193222779780626,-1.6202648878097534,0.7255950570106506,-0.023499205708503723,0.06489938497543335,-0.040472693741321564,0.5816465020179749,-0.527629554271698,-0.4216884672641754,-0.06792354583740234,0.005193222779780626,-1.6202648878097534,0.7255950570106506,-0.023499205708503723,0.06489938497543335,-0.040472693741321564,0.5816465020179749,-0.527629554271698,-0.5626422762870789,0.1596444547176361,0.5591545701026917,-2.826355457305908,6.121026992797852,-1.4321457147598267,0.23240745067596436,-0.01668759621679783,-1.5625011920928955,0.5209585428237915,-0.6422795653343201,-0.09708885848522186,0.1139104887843132,-1.8282586336135864,0.9126254320144653,-0.2739865779876709,0.17628884315490723,-0.13690173625946045,0.43244653940200806,0.15595269203186035,-9.881120681762695,-2.0257909297943115,-2.6324410438537598,0.3809238076210022,0.23208682239055634,-0.29928308725357056,9.761218070983887,0.7496578693389893,0.6266803741455078
6.76,-0.4370902180671692,-0.06726961582899094,0.028173748403787613,-1.6760448217391968,0.8268535137176514,-0.04932496324181557,0.0671561062335968,-0.043606482446193695,0.5502198338508606,-0.517853319644928,-0.4370902180671692,-0.06726961582899094,0.028173748403787613,-1.6760448217391968,0.8268535137176514,-0.04932496324181557,0.0671561062335968,-0.043606482446193695,0.5502198338508606,-0.517853319644928,-0.9116616249084473,-0.08019804954528809,1.760653018951416,-2.7931430339813232,4.170430660247803,-1.2091256380081177,0.009628944098949432,0.011921370401978493,-1.5240261554718018,0.4998493194580078,-0.6055459380149841,-0.09107284247875214,0.09851372241973877,-1.7401443719863892,0.9888041019439697,-0.20403748750686646,0.1987975388765335,-0.1449056714773178,0.4784553349018097,0.17234039306640625,-8.235494613647461,-1.5070604085922241,-2.229482650756836,0.21407973766326904,0.01336643099784851,-0.13704179227352142,9.756417274475098,0.7924289107322693,0.6484474539756775
6.78,-0.45298653841018677,-0.06894022226333618,0.06058739498257637,-1.7104154825210571,0.9073598980903625,-0.068174347281456,0.0694250836968422,-0.05310326814651489,0.5277113318443298,-0.5123504400253296,-0.45298653841018677,-0.06894022226333618,0.06058739498257637,-1.7104154825210571,0.9073598980903625,-0.068174347281456,0.0694250836968422,-0.05310326814651489,0.5277113318443298,-0.5123504400253296,-0.6512188911437988,-0.11197993159294128,1.31105637550354,-0.7632830142974854,3.8259470462799072,-0.692593514919281,0.22012993693351746,-0.4469431936740875,-0.684391975402832,0.09391129016876221,-0.5733650922775269,-0.09753896296024323,0.05708083510398865,-1.7185983657836914,1.113149881362915,-0.17217624187469482,0.19908854365348816,-0.08602344989776611,0.4958147406578064,0.10163664817810059,-8.020968437194824,-1.2690504789352417,-1.6127945184707642,-0.2178388088941574,0.12083198130130768,-0.07202513515949249,9.75402545928955,0.8123942017555237,0.6596275568008423
6.8,-0.4637165367603302,-0.07239460200071335,0.07456532120704651,-1.7166154384613037,1.0047857761383057,-0.07974229007959366,0.07541372627019882,-0.06154376640915871,0.5198015570640564,-0.5150232315063477,-0.4637165367603302,-0.07239460200071335,0.07456532120704651,-1.7166154384613037,1.0047857761383057,-0.07974229007959366,0.07541372627019882,-0.06154376640915871,0.5198015570640564,-0.5150232315063477,-0.45985734462738037,-0.20530681312084198,0.17071430385112762,-0.02798723429441452,5.200319766998291,-0.5067895650863647,0.3368099629878998,-0.3139853775501251,-0.1551264524459839,-0.2806771695613861,-0.6625208854675293,-0.07765968143939972,0.08256422728300095,-1.6790045499801636,1.2392444610595703,-0.1704595685005188,0.20830026268959045,-0.07180149853229523,0.5133479833602905,0.132371187210083,-7.839513778686523,-1.3888721466064453,-2.083901882171631,-0.3956439197063446,0.16679812967777252,-0.10368729382753372,9.750516891479492,0.8247109055519104,0.6952556371688843
6.82,-0.4766278862953186,-0.07407640665769577,0.07692652940750122,-1.7110388278961182,1.1194491386413574,-0.08773160725831985,0.08195162564516068,-0.06473654508590698,0.5204112529754639,-0.5233486294746399,-0.4766278862953186,-0.07407640665769577,0.07692652940750122,-1.7110388278961182,1.1194491386413574,-0.08773160725831985,0.08195162564516068,-0.06473654508590698,0.5204112529754639,-0.5233486294746399,-0.8142131567001343,0.00958431139588356,0.1869080513715744,0.5559581518173218,5.754168510437012,-0.3542715311050415,0.29886212944984436,-0.007169519551098347,0.13292089104652405,-0.5053463578224182,-0.5449923872947693,-0.06712175905704498,-0.0031507983803749084,-1.5399208068847656,1.1652462482452393,-0.13733205199241638,0.25384286046028137,-0.08897063136100769,0.5285519361495972,0.20665407180786133,-7.857330322265625,-1.5600180625915527,-2.36574649810791,-0.11349155753850937,0.12741613388061523,0.005675944499671459,9.747496604919434,0.8311455845832825,0.7291179895401001
6.84,-0.4863329231739044,-0.07327467948198318,0.06520471721887589,-1.6783726215362549,1.165631890296936,-0.09541094303131104,0.09072986990213394,-0.06626680493354797,0.5272238850593567,-0.5365578532218933,-0.4863329231739044,-0.07327467948198318,0.06520471721887589,-1.6783726215362549,1.165631890296936,-0.09541094303131104,0.09072986990213394,-0.06626680493354797,0.5272238850593567,-0.5365578532218933,-0.20587214827537537,0.046189047396183014,-1.396369218826294,2.4965500831604004,0.2595253884792328,-0.3421376049518585,0.5716261863708496,-0.194918692111969,0.5553498864173889,-0.8023995757102966,-0.5745435357093811,0.023537088185548782,-0.08304010331630707,-1.4481635093688965,1.230647325515747,-0.19730126857757568,0.3107951283454895,-0.09238895028829575,0.5320956707000732,0.21219336986541748,-8.221802711486816,-1.9981478452682495,-2.0686957836151123,-0.275866836309433,0.2893672585487366,-0.13463592529296875,9.743419647216797,0.8434131741523743,0.7684624791145325
6.86,-0.4887620508670807,-0.0655670240521431,0.024684177711606026,-1.6194218397140503,1.1894209384918213,-0.1036074310541153,0.10597773641347885,-0.06803272664546967,0.5391853451728821,-0.5544427633285522,-0.4887620508670807,-0.0655670240521431,0.024684177711606026,-1.6194218397140503,1.1894209384918213,-0.1036074310541153,0.10597773641347885,-0.06803272664546967,0.5391853451728821,-0.5544427633285522,-0.1356370449066162,0.6434073448181152,-2.5981950759887695,3.2432589530944824,1.7491974830627441,-0.4752083420753479,0.8889854550361633,0.020853176712989807,0.5847182273864746,-0.9332992434501648,-0.6379560828208923,0.11150430142879486,-0.11574061214923859,-1.40776789188385,1.0891551971435547,-0.1388232409954071,0.30688920617103577,-0.07536827027797699,0.568108081817627,0.20726990699768066,-8.499896049499512,-2.419761896133423,-2.866727828979492,-0.09831079095602036,0.5029581189155579,-0.15636245906352997,9.734457015991211,0.8692521452903748,0.8490314483642578
6.88,-0.49742788076400757,-0.04659894481301308,-0.028546864166855812,-1.5570731163024902,1.1592127084732056,-0.10970097780227661,0.1246989369392395,-0.06455574184656143,0.5544959902763367,-0.5755696296691895,-0.49742788076400757,-0.04659894481301308,-0.028546864166855812,-1.5570731163024902,1.1592127084732056,-0.10970097780227661,0.1246989369392395,-0.06455574184656143,0.5544959902763367,-0.5755696296691895,-0.6274723410606384,1.1665154695510864,-2.6256327629089355,2.9761781692504883,-3.2656309604644775,-0.19305790960788727,0.9374022483825684,0.28063562512397766,0.904915988445282,-1.1562228202819824,-0.5001999139785767,0.19097648561000824,-0.06480969488620758,-1.1085412502288818,1.0398505926132202,-0.07635444402694702,0.30615952610969543,-0.10351388901472092,0.6195305585861206,0.1301964521408081,-7.2695112228393555,-2.095437526702881,-3.048408269882202,0.17468084394931793,0.5315526723861694,0.06253542751073837,9.724328994750977,0.8786637783050537,0.9494631290435791
6.9,-0.502702534198761,-0.016744699329137802,-0.06510409712791443,-1.4621036052703857,1.095577359199524,-0.11244677007198334,0.14435920119285583,-0.06592780351638794,0.5765125751495361,-0.6015329957008362,-0.502702534198761,-0.016744699329137802,-0.06510409712791443,-1.4621036052703857,1.095577359199524,-0.11244677007198334,0.14435920119285583,-0.06592780351638794,0.5765125751495361,-0.6015329957008362,-0.005285361781716347,1.676277756690979,-0.9862769842147827,6.302971839904785,-2.840005397796631,-0.030702538788318634,0.9685313105583191,-0.6842467188835144,1.2229893207550049,-1.5197808742523193,-0.3359946310520172,0.19974134862422943,0.056025877594947815,-0.7539668083190918,0.7062664031982422,-0.0010723769664764404,0.1734732985496521,-0.08786791563034058,0.6947904825210571,0.04750704765319824,-4.340047359466553,-1.6105071306228638,-1.9261342287063599,0.0860985815525055,0.5636078119277954,0.07290937006473541,9.714339256286621,0.872345507144928,1.052008032798767
6.92,-0.49316173791885376,0.013598209246993065,-0.0518975667655468,-1.294744610786438,0.9305884838104248,-0.10902119427919388,0.1566215455532074,-0.07349005341529846,0.6110297441482544,-0.6292895078659058,-0.49316173791885376,0.013598209246993065,-0.0518975667655468,-1.294744610786438,0.9305884838104248,-0.10902119427919388,0.1566215455532074,-0.07349005341529846,0.6110297441482544,-0.6292895078659058,0.8186715245246887,1.3779323101043701,2.216823101043701,9.912985801696777,-10.953536033630371,0.3193608522415161,0.2570092976093292,-0.5855404734611511,2.0032641887664795,-1.3865797519683838,-0.10003514587879181,0.1841917634010315,0.167868509888649,-0.4320586323738098,0.30081164836883545,0.165055513381958,0.024014778435230255,-0.052640896290540695,0.8616365194320679,-0.08986839652061462,-4.152976989746094,-1.4317145347595215,-2.9996707439422607,-0.04527108743786812,0.04909695312380791,0.05258898437023163,9.708532333374023,0.860981822013855,1.1131967306137085
6.94,-0.4655216932296753,0.03474044427275658,0.021190011873841286,-1.0697211027145386,0.6339285373687744,-0.09354405850172043,0.15330961346626282,-0.07896653562784195,0.670478105545044,-0.6561458110809326,-0.4655216932296753,0.03474044427275658,0.021190011873841286,-1.0697211027145386,0.6339285373687744,-0.09354405850172043,0.15330961346626282,-0.07896653562784195,0.670478105545044,-0.6561458110809326,1.9091066122055054,0.7813014388084412,4.819623947143555,12.116920471191406,-16.384254455566406,1.1520706415176392,-0.5191935896873474,0.06054389104247093,3.832207202911377,-1.1983405351638794,-0.04584816098213196,-0.04116293415427208,0.0777798593044281,-0.4767049551010132,0.04866740107536316,0.5393235683441162,-0.16008828580379486,-0.11992426216602325,0.7977871298789978,-0.07841861248016357,-3.535538911819458,-0.9408326745033264,-3.2452826499938965,-0.31827640533447266,-0.5849572420120239,0.01174659002572298,9.715469360351562,0.8463631272315979,1.0627447366714478
6.96,-0.4332102835178375,0.026481520384550095,0.08584911376237869,-0.867056667804718,0.331093430519104,-0.05726100504398346,0.1268584132194519,-0.09551171213388443,0.7514163851737976,-0.676217257976532,-0.4332102835178375,0.026481520384550095,0.08584911376237869,-0.867056667804718,0.331093430519104,-0.05726100504398346,0.1268584132194519,-0.09551171213388443,0.7514163851737976,-0.676217257976532,1.4723666906356812,-1.1518861055374146,1.5844473838806152,8.395771980285645,-13.613903999328613,2.1759891510009766,-1.7401241064071655,-1.509633183479309,4.048290252685547,-1.4818458557128906,-0.039104729890823364,-0.18213334679603577,0.08958955854177475,-0.49654725193977356,-0.3582528829574585,0.6711983680725098,-0.17061927914619446,-0.0562506802380085,0.8235491514205933,0.2833106517791748,-5.015100002288818,-4.113887310028076,-3.1779448986053467,-0.9109479784965515,-1.4886096715927124,0.5732019543647766,9.74084186553955,0.7817845344543457,0.8607577681541443
6.98,-0.40347445011138916,-0.0047207665629684925,0.10528408735990524,-0.7643199563026428,0.30871739983558655,-0.006529219448566437,0.0938393846154213,-0.10795664042234421,0.8243470788002014,-0.6974232792854309,-0.40347445011138916,-0.0047207665629684925,0.10528408735990524,-0.7643199563026428,0.30871739983558655,-0.006529219448566437,0.0938393846154213,-0.10795664042234421,0.8243470788002014,-0.6974232792854309,1.6984715461730957,-2.0154149532318115,0.8451030254364014,3.414306163787842,10.894315719604492,2.860912561416626,-1.4568575620651245,0.1614237278699875,3.2673275470733643,-0.6487549543380737,-0.1529579758644104,-0.2872341275215149,0.0702298954129219,-0.5817663669586182,-0.717423677444458,0.5494619607925415,-0.1821211725473404,0.07871267199516296,1.0025969743728638,0.11658477783203125,-10.512277603149414,-4.711879730224609,0.04989160969853401,-1.4627821445465088,-1.4924743175506592,1.259570598602295,9.775643348693848,0.5867512226104736,0.5732529163360596
7.0,-0.4121069610118866,-0.025852687656879425,0.0865735113620758,-0.7684320211410522,0.32399457693099976,0.042756177484989166,0.08360747247934341,-0.08463136851787567,0.8827490210533142,-0.6388258934020996,-0.4121069610118866,-0.025852687656879425,0.0865735113620758,-0.7684320211410522,0.32399457693099976,0.042756177484989166,0.08360747247934341,-0.08463136851787567,0.8827490210533142,-0.6388258934020996,0.5152060985565186,-1.5885120630264282,-1.1183761358261108,0.7900230288505554,0.08579692244529724,2.369718313217163,-0.9479334354400635,2.1924588680267334,2.922390937805176,8.159170150756836,-0.14015835523605347,-0.37843698263168335,0.1380631923675537,-0.6600250601768494,-1.157280445098877,0.6096101403236389,-0.13886035978794098,-0.05329526588320732,1.1489195823669434,0.010000765323638916,-16.59989356994629,2.7437705993652344,3.5781712532043457,-1.5023584365844727,-0.7706383466720581,0.468007892370224,9.791271209716797,0.3916695713996887,0.46227574348449707
7.02,-0.3959678113460541,-0.06421388685703278,0.06966730952262878,-0.7445898056030273,0.3219807744026184,0.09671211987733841,0.0602576844394207,-0.06115007773041725,0.9558539390563965,-0.5235441327095032,-0.3959678113460541,-0.06421388685703278,0.06966730952262878,-0.7445898056030273,0.3219807744026184,0.09671211987733841,0.0602576844394207,-0.06115007773041725,0.9558539390563965,-0.5235441327095032,1.0302948951721191,-2.031431198120117,-0.23875035345554352,1.3498042821884155,-0.09784246981143951,2.896047830581665,-1.4640977382659912,0.2760142385959625,3.922231912612915,6.2727532386779785,-0.166899174451828,-0.32601049542427063,0.049525074660778046,-0.6645629405975342,-1.1072001457214355,0.44570600986480713,-0.03674672171473503,-0.039486829191446304,1.0783082246780396,-0.15145766735076904,-8.705240249633789,1.761345624923706,-0.769373893737793,-1.6793372631072998,-1.227524757385254,0.2721445560455322,9.801606178283691,0.305620938539505,0.26686352491378784
7.04,-0.3704659938812256,-0.09970687329769135,0.07075575739145279,-0.7184138298034668,0.31961628794670105,0.14295992255210876,0.036568548530340195,-0.04762137308716774,1.0180165767669678,-0.39404773712158203,-0.3704659938812256,-0.09970687329769135,0.07075575739145279,-0.7184138298034668,0.31961628794670105,0.14295992255210876,0.036568548530340195,-0.04762137308716774,1.0180165767669678,-0.39404773712158203,1.2364764213562012,-1.5690654516220093,-0.4208924472332001,1.0435227155685425,-0.27703070640563965,1.8051007986068726,-0.8519154787063599,0.9763637781143188,2.3360989093780518,6.106999397277832,-0.1713763177394867,-0.24855604767799377,0.02183789759874344,-0.6282151937484741,-1.111828088760376,0.33573830127716064,0.005366701632738113,-0.03587060049176216,1.1124409437179565,-0.1529172956943512,-6.467126846313477,-0.12745976448059082,1.3462392091751099,-1.4186946153640747,-0.9867851734161377,-0.09796347469091415,9.805475234985352,0.2939271628856659,0.04854711890220642
7.06,-0.3459201455116272,-0.12382055819034576,0.05732984095811844,-0.699897289276123,0.31288671493530273,0.17092633247375488,0.02673323079943657,-0.03047303855419159,1.0545985698699951,-0.2851692736148834,-0.3459201455116272,-0.12382055819034576,0.05732984095811844,-0.699897289276123,0.31288671493530273,0.17092633247375488,0.02673323079943657,-0.03047303855419159,1.0545985698699951,-0.2851692736148834,1.2000290155410767,-0.9101700782775879,-0.8582575917243958,0.8484176397323608,-0.3554201126098633,1.1171830892562866,-0.2536589503288269,0.6525396108627319,1.5245020389556885,4.668576240539551,-0.1719309687614441,-0.2913695275783539,0.05591561645269394,-0.6019031405448914,-0.8934569358825684,0.2981258034706116,0.014605600386857986,-0.005317184142768383,1.1399519443511963,-0.26546430587768555,-5.5987548828125,0.08583832532167435,2.3505654335021973,-1.1207624673843384,-0.49519267678260803,-0.19200709462165833,9.804281234741211,0.32317474484443665,-0.0878787562251091
7.08,-0.3232514262199402,-0.13873913884162903,0.04511990025639534,-0.6837624311447144,0.3111794590950012,0.1895298957824707,0.02332833781838417,-0.020205114036798477,1.0797220468521118,-0.25055184960365295,-0.3232514262199402,-0.13873913884162903,0.04511990025639534,-0.6837624311447144,0.3111794590950012,0.1895298957824707,0.02332833781838417,-0.020205114036798477,1.0797220468521118,-0.25055184960365295,1.0832576751708984,-0.6757794618606567,-0.2884446978569031,0.7914467453956604,0.22788169980049133,0.8163856863975525,-0.14653176069259644,0.5619800686836243,1.072338581085205,-0.3914557099342346,-0.1685551106929779,-0.29591917991638184,0.041472844779491425,-0.5790786743164062,-0.8204267024993896,0.2880820035934448,0.08468242734670639,0.0014566450845450163,1.1270473003387451,-0.3336176872253418,-4.977138996124268,0.2677189111709595,1.436780333518982,-0.8665167689323425,-0.3610611855983734,-0.15277144312858582,9.802184104919434,0.35891830921173096,-0.15643130242824554
7.1,-0.302299439907074,-0.15032483637332916,0.03914818540215492,-0.6671909093856812,0.32269999384880066,0.20398245751857758,0.024944927543401718,-0.007036412600427866,1.0953562259674072,-0.2844347357749939,-0.302299439907074,-0.15032483637332916,0.03914818540215492,-0.6671909093856812,0.32269999384880066,0.20398245751857758,0.024944927543401718,-0.007036412600427866,1.0953562259674072,-0.2844347357749939,1.0074782371520996,-0.5261795520782471,-0.4007563591003418,0.8603610992431641,0.8675408959388733,0.671409010887146,0.26020950078964233,0.6691020131111145,0.53537917137146,-2.261540174484253,-0.11644631624221802,-0.2428569495677948,0.05336055904626846,-0.5720045566558838,-0.681572675704956,0.3430648446083069,-0.02451169118285179,0.07947032153606415,1.1722592115402222,-0.16759875416755676,-4.976516246795654,0.09684766829013824,1.4739018678665161,-0.6942036747932434,-0.23867300152778625,-0.06837726384401321,9.800250053405762,0.3836578130722046,-0.2097918689250946
7.12,-0.2874462902545929,-0.15914800763130188,0.029902711510658264,-0.6593113541603088,0.33190199732780457,0.21715016663074493,0.028296472504734993,0.010311093181371689,1.1087931394577026,-0.2517741024494171,-0.2874462902545929,-0.15914800763130188,0.029902711510658264,-0.6593113541603088,0.33190199732780457,0.21715016663074493,0.028296472504734993,0.010311093181371689,1.1087931394577026,-0.2517741024494171,0.7560364007949829,-0.4112149178981781,-0.5001014471054077,0.2905068099498749,0.1574241816997528,0.6109739542007446,-0.045115359127521515,1.1979386806488037,0.9375123381614685,3.7897861003875732,-0.12779241800308228,-0.21858033537864685,0.0218503400683403,-0.5717029571533203,-0.6068426370620728,0.44644755125045776,-0.1039709597826004,0.10836894810199738,1.1839632987976074,-0.28092771768569946,-9.715248107910156,1.051232933998108,4.0396809577941895,-0.5721979737281799,-0.1084955632686615,-0.16080601513385773,9.79895305633545,0.4001312851905823,-0.23771566152572632
7.14,-0.2741234600543976,-0.1674821525812149,0.019287003204226494,-0.6517115831375122,0.333914190530777,0.23445022106170654,0.020998917520046234,0.0375327430665493,1.130454182624817,-0.24230699241161346,-0.2741234600543976,-0.1674821525812149,0.019287003204226494,-0.6517115831375122,0.333914190530777,0.23445022106170654,0.020998917520046234,0.0375327430665493,1.130454182624817,-0.24230699241161346,0.6085502505302429,-0.38286638259887695,-0.5792497396469116,0.45984622836112976,0.03941919282078743,1.0656967163085938,-0.5916690230369568,1.4720009565353394,1.0479129552841187,-1.5022480487823486,-0.12608981132507324,-0.25257188081741333,-0.058394722640514374,-0.5560879707336426,-0.6764646768569946,0.4892677962779999,-0.012900225818157196,0.08471018821001053,1.1336467266082764,-0.35991331934928894,-8.886343955993652,0.628642201423645,4.182961463928223,-0.6163124442100525,-0.021428758278489113,-0.006997095420956612,9.797818183898926,0.42167365550994873,-0.24706688523292542
7.16,-0.2608935832977295,-0.17175470292568207,0.0013363221660256386,-0.6394638419151306,0.33274567127227783,0.25820207595825195,0.012387384660542011,0.06369885057210922,1.1410109996795654,-0.29336297512054443,-0.2608935832977295,-0.17175470292568207,0.0013363221660256386,-0.6394638419151306,0.33274567127227783,0.25820207595825195,0.012387384660542011,0.06369885057210922,1.1410109996795654,-0.29336297512054443,0.7015001177787781,-0.09049801528453827,-1.20317542552948,0.7061508893966675,-0.10889369994401932,1.3100392818450928,-0.26174694299697876,0.9985451698303223,0.04858813434839249,-2.99356746673584,-0.42444953322410583,-0.17370985448360443,-0.13953398168087006,-0.6362975239753723,-0.9055378437042236,0.052306681871414185,0.036598317325115204,0.02224266529083252,0.630473256111145,-0.3828461170196533,-8.036584854125977,0.38785919547080994,3.310671091079712,-0.8979442119598389,0.35874804854393005,0.08816228806972504,9.798881530761719,0.41876107454299927,-0.2065419703722
7.18,-0.2555638253688812,-0.17150498926639557,-0.037620969116687775,-0.6419684290885925,0.32612845301628113,0.2615816593170166,0.009840816259384155,0.07266079634428024,1.0593420267105103,-0.335289865732193,-0.2555638253688812,-0.17150498926639557,-0.037620969116687775,-0.6419684290885925,0.32612845301628113,0.2615816593170166,0.009840816259384155,0.07266079634428024,1.0593420267105103,-0.335289865732193,-0.3125230371952057,0.12780363857746124,-2.702859878540039,-0.9121239185333252,-0.4957374632358551,-0.7535209059715271,0.06275468319654465,-0.19314424693584442,-7.458298683166504,-1.9091414213180542,-0.6406117081642151,-0.03881511464715004,-0.1320398896932602,-0.6332677006721497,-0.5748333930969238,-0.016327232122421265,0.1340010166168213,-0.04416583105921745,0.3679857850074768,-0.2534192204475403,-5.2601494789123535,-0.9293723106384277,2.599320888519287,-0.01599140465259552,0.5593538284301758,0.01597285084426403,9.800474166870117,0.41755548119544983,-0.11156698316335678
7.2,-0.27578437328338623,-0.1605297476053238,-0.07783202081918716,-0.6647122502326965,0.30915307998657227,0.23616299033164978,0.01799296773970127,0.04806682839989662,0.915412187576294,-0.39064693450927734,-0.27578437328338623,-0.1605297476053238,-0.07783202081918716,-0.6647122502326965,0.30915307998657227,0.23616299033164978,0.01799296773970127,0.04806682839989662,0.915412187576294,-0.39064693450927734,-1.7027616500854492,0.8987136483192444,-1.3326231241226196,-1.126497507095337,-1.4318073987960815,-1.8370752334594727,0.6613349914550781,-2.0602128505706787,-6.989549160003662,-0.8059372305870056,-0.470399409532547,-0.14486396312713623,-0.07521780580282211,-1.50413978099823,-0.1298668384552002,-0.21987378597259521,0.16872179508209229,-0.10094767063856125,0.3594573140144348,-0.05529850721359253,-6.8535919189453125,-4.377962112426758,2.821141481399536,1.1373000144958496,0.9009374976158142,0.6237350702285767,9.803207397460938,0.3631677031517029,0.03653406351804733
7.22,-0.320842444896698,-0.15032616257667542,-0.09495481103658676,-0.7724146246910095,0.29306408762931824,0.17938371002674103,0.024326760321855545,0.0015202660579234362,0.7950056195259094,-0.48851653933525085,-0.320842444896698,-0.15032616257667542,-0.09495481103658676,-0.7724146246910095,0.29306408762931824,0.17938371002674103,0.024326760321855545,0.0015202660579234362,0.7950056195259094,-0.48851653933525085,-2.4231388568878174,0.24288545548915863,-0.37893810868263245,-9.876913070678711,0.1598084717988968,-3.4445745944976807,0.3760373294353485,-2.4473555088043213,-6.34553861618042,-4.892383098602295,-0.6182005405426025,-0.023202311247587204,-0.019250623881816864,-1.7954308986663818,0.136639803647995,-0.31148070096969604,0.2357853353023529,-0.06761564314365387,0.45990535616874695,0.0908469557762146,-3.582932710647583,2.5841033458709717,-0.8213485479354858,1.3507885932922363,0.8592487573623657,0.3583446145057678,9.805327415466309,0.23101100325584412,0.19565004110336304
7.24,-0.36427924036979675,-0.14157536625862122,-0.08034637570381165,-1.0169503688812256,0.23689261078834534,0.12356715649366379,0.039820775389671326,-0.027991313487291336,0.7002934217453003,-0.5585642457008362,-0.36427924036979675,-0.14157536625862122,-0.08034637570381165,-1.0169503688812256,0.23689261078834534,0.12356715649366379,0.039820775389671326,-0.027991313487291336,0.7002934217453003,-0.5585642457008362,-1.3020329475402832,0.004854366183280945,1.7257214784622192,-13.50229549407959,-4.244675636291504,-1.2530938386917114,0.33155766129493713,0.561144232749939,-0.6149736642837524,0.28838932514190674,-0.6078625917434692,-0.03540308400988579,0.08213558048009872,-1.8790316581726074,0.4170464277267456,-0.3265530467033386,0.23813065886497498,-0.1123463436961174,0.5000227689743042,0.22478371858596802,-44.431278228759766,4.131657600402832,-16.71820640563965,0.6109545826911926,0.4979083240032196,-0.2466396540403366,9.799735069274902,0.21818116307258606,0.39203569293022156
7.26,-0.38072019815444946,-0.12685337662696838,-0.02660370245575905,-1.275359869003296,0.27926409244537354,0.08136401325464249,0.049500722438097,-0.009184622205793858,0.6711764931678772,-0.5485770106315613,-0.38072019815444946,-0.12685337662696838,-0.02660370245575905,-1.275359869003296,0.27926409244537354,0.08136401325464249,0.049500722438097,-0.009184622205793858,0.6711764931678772,-0.5485770106315613,-0.7668711543083191,0.9114943146705627,3.048549175262451,-11.931806564331055,5.770110607147217,-2.2227537631988525,0.46013012528419495,0.8534942269325256,-1.755571722984314,0.5225632190704346,-0.5434306859970093,-0.06039587780833244,0.06771864742040634,-1.6971335411071777,0.5166957974433899,-0.16468411684036255,0.15580058097839355,-0.17416076362133026,0.4968391954898834,0.3796846270561218,-9.108607292175293,-2.32682728767395,-2.0061099529266357,1.0832384824752808,0.40239277482032776,-0.8394315838813782,9.791251182556152,0.3883016109466553,0.46554020047187805
7.28,-0.3938943147659302,-0.11349933594465256,0.020562389865517616,-1.4464694261550903,0.39237165451049805,0.04620622470974922,0.054337985813617706,-0.027513111010193825,0.6380475163459778,-0.5385217070579529,-0.3938943147659302,-0.11349933594465256,0.020562389865517616,-1.4464694261550903,0.39237165451049805,0.04620622470974922,0.054337985813617706,-0.027513111010193825,0.6380475163459778,-0.5385217070579529,-0.5892387628555298,0.5132894515991211,1.7779873609542847,-5.7521653175354,5.412354946136475,-1.3561296463012695,0.15070773661136627,-2.357104778289795,-1.6220914125442505,0.49434274435043335,-0.517749547958374,-0.08940280973911285,-0.004855521023273468,-1.73311185836792,0.768669843673706,-0.28095412254333496,0.20337742567062378,-0.09410668909549713,0.5082087516784668,0.3231348991394043,-5.5346879959106445,-2.357147455215454,-0.29659172892570496,0.5449860095977783,0.37096744775772095,-0.33511364459991455,9.782154083251953,0.5118370652198792,0.5325325131416321
7.3,-0.40172427892684937,-0.1075412929058075,0.03480689600110054,-1.5376875400543213,0.5636937618255615,0.01767195202410221,0.060486678034067154,-0.04808366298675537,0.6080803871154785,-0.529735803604126,-0.40172427892684937,-0.1075412929058075,0.03480689600110054,-1.5376875400543213,0.5636937618255615,0.01767195202410221,0.060486678034067154,-0.04808366298675537,0.6080803871154785,-0.529735803604126,-0.24165652692317963,0.0977526605129242,-0.2124391794204712,-3.8679230213165283,9.760482788085938,-1.4242287874221802,0.42326733469963074,0.36860892176628113,-1.3133355379104614,0.16951094567775726,-0.5933890342712402,-0.12283940613269806,0.05663388967514038,-1.750997543334961,0.8739219903945923,-0.2654317021369934,0.21239639818668365,-0.04976430907845497,0.47178056836128235,0.23995637893676758,-9.318666458129883,-0.7892731428146362,-2.428576707839966,0.36907294392585754,0.3715546429157257,-0.3772648572921753,9.774246215820312,0.5767037868499756,0.6063154339790344
7.32,-0.4121028184890747,-0.10616876184940338,0.03220764175057411,-1.604168176651001,0.7298207879066467,-0.010173848830163479,0.06759725511074066,-0.03675443306565285,0.5809407830238342,-0.5240970253944397,-0.4121028184890747,-0.10616876184940338,0.03220764175057411,-1.604168176651001,0.7298207879066467,-0.010173848830163479,0.06759725511074066,-0.03675443306565285,0.5809407830238342,-0.5240970253944397,-0.7499198913574219,0.031962111592292786,0.2033681869506836,-2.8918867111206055,7.02363920211792,-1.3712286949157715,0.27326151728630066,0.7197859883308411,-1.3960291147232056,0.31913191080093384,-0.5399967432022095,-0.11649183928966522,0.0494903102517128,-1.809269905090332,0.968680202960968,-0.19609123468399048,0.18241611123085022,-0.07808202505111694,0.4578184187412262,0.11884570121765137,-8.049500465393066,-1.3467738628387451,-2.0372090339660645,0.6399365663528442,0.23764708638191223,-0.26442423462867737,9.766133308410645,0.6487934589385986,0.6616737842559814
7.34,-0.42635759711265564,-0.10658909380435944,0.03708524629473686,-1.6587034463882446,0.8560871481895447,-0.035045117139816284,0.07210278511047363,-0.025760279968380928,0.5570995211601257,-0.5194570422172546,-0.42635759711265564,-0.10658909380435944,0.03708524629473686,-1.6587034463882446,0.8560871481895447,-0.035045117139816284,0.07210278511047363,-0.025760279968380928,0.5570995211601257,-0.5194570422172546,-0.6138314008712769,-0.05105728656053543,0.20893684029579163,-2.6710727214813232,5.572489261627197,-1.1063389778137207,0.20259560644626617,0.35572439432144165,-0.9958319067955017,0.1419857144355774,-0.6299374103546143,-0.10898582637310028,0.03478975594043732,-1.7343559265136719,1.1089152097702026,-0.2289677858352661,0.2269003987312317,-0.13222672045230865,0.48563942313194275,0.15989673137664795,-8.147675514221191,-1.5969617366790771,-2.129727363586426,0.4279441833496094,0.17887164652347565,-0.22216829657554626,9.76009464263916,0.7042179703712463,0.6933426260948181
7.36,-0.43899255990982056,-0.10636413842439651,0.03871110826730728,-1.694588541984558,0.9784240126609802,-0.05295694246888161,0.07705442607402802,-0.02532954141497612,0.5419119596481323,-0.5188644528388977,-0.43899255990982056,-0.10636413842439651,0.03871110826730728,-1.694588541984558,0.9784240126609802,-0.05295694246888161,0.07705442607402802,-0.02532954141497612,0.5419119596481323,-0.5188644528388977,-0.6809819936752319,0.03975430503487587,-0.06778662651777267,-0.9736443161964417,6.198279857635498,-0.7536472082138062,0.2888834774494171,-0.06964927166700363,-0.5621948838233948,-0.022013461217284203,-0.6434428095817566,-0.10630212724208832,0.09811273962259293,-1.7182691097259521,1.091111183166504,-0.22710561752319336,0.18995881080627441,-0.1172609031200409,0.485636830329895,0.1090843677520752,-9.148513793945312,-1.4649252891540527,-2.2892096042633057,0.19136959314346313,0.2240711748600006,-0.09875044971704483,9.755047798156738,0.7382987141609192,0.7280484437942505
7.38,-0.4543358385562897,-0.10503946244716644,0.04614671319723129,-1.70505952835083,1.0508030652999878,-0.06810014694929123,0.08173351734876633,-0.029552863910794258,0.5311631560325623,-0.5209324359893799,-0.4543358385562897,-0.10503946244716644,0.04614671319723129,-1.70505952835083,1.0508030652999878,-0.06810014694929123,0.08173351734876633,-0.029552863910794258,0.5311631560325623,-0.5209324359893799,-0.8169341087341309,0.05958401411771774,0.8979764580726624,-0.24784711003303528,1.9762643575668335,-0.7587788105010986,0.14375939965248108,-0.20095589756965637,-0.4778592884540558,-0.13913196325302124,-0.6257163286209106,-0.05061466619372368,0.06431104987859726,-1.662352442741394,1.134569764137268,-0.18087553977966309,0.20257119834423065,-0.10338123142719269,0.5040714740753174,0.17721879482269287,-10.586316108703613,-1.3716882467269897,-3.462120771408081,0.1822451800107956,0.12707428634166718,-0.10526720434427261,9.750763893127441,0.7612156867980957,0.7610924243927002
7.4,-0.46929559111595154,-0.10080532729625702,0.062277182936668396,-1.6998624801635742,1.0908241271972656,-0.08074963092803955,0.08643332123756409,-0.032278209924697876,0.5270301103591919,-0.5270313620567322,-0.46929559111595154,-0.10080532729625702,0.062277182936668396,-1.6998624801635742,1.0908241271972656,-0.08074963092803955,0.08643332123756409,-0.032278209924697876,0.5270301103591919,-0.5270313620567322,-0.6844364404678345,0.32351672649383545,0.5102279782295227,0.6653809547424316,1.9883631467819214,-0.5232074856758118,0.3072909712791443,-0.10269996523857117,0.01715490221977234,-0.4315197169780731,-0.5245274305343628,-0.01782120391726494,-0.0352930873632431,-1.3935494422912598,1.2668967247009277,-0.0015061795711517334,0.2606460750102997,-0.08482661098241806,0.5710129737854004,0.08367311954498291,-8.175620079040527,-1.5998051166534424,-2.416964292526245,-0.008472072891891003,0.15949541330337524,-0.10860519111156464,9.747132301330566,0.7853662967681885,0.7827580571174622
7.42,-0.4775809645652771,-0.09227447956800461,0.050099488347768784,-1.6470110416412354,1.1663531064987183,-0.08212614804506302,0.09781256318092346,-0.03903605043888092,0.5397181510925293,-0.5416913628578186,-0.4775809645652771,-0.09227447956800461,0.050099488347768784,-1.6470110416412354,1.1663531064987183,-0.08212614804506302,0.09781256318092346,-0.03903605043888092,0.5397181510925293,-0.5416913628578186,-0.18320930004119873,0.48199746012687683,-1.6489009857177734,4.365420818328857,4.661228179931641,0.3270212709903717,0.7725017070770264,-0.5618385076522827,1.141990065574646,-0.9869015216827393,-0.6780478358268738,0.04087631776928902,-0.09963150322437286,-1.3589162826538086,1.20225989818573,-0.14790740609169006,0.2941109836101532,-0.04544343054294586,0.5533261299133301,0.14157259464263916,-7.958474636077881,-1.9777709245681763,-2.098520040512085,-0.5580569505691528,0.4502924382686615,0.09017834067344666,9.742037773132324,0.7860050201416016,0.8432067036628723
7.44,-0.48521843552589417,-0.07833511382341385,0.00747864693403244,-1.5613737106323242,1.202932357788086,-0.07958182692527771,0.11330313980579376,-0.04346013441681862,0.5583778023719788,-0.5608085989952087,-0.48521843552589417,-0.07833511382341385,0.00747864693403244,-1.5613737106323242,1.202932357788086,-0.07958182692527771,0.11330313980579376,-0.04346013441681862,0.5583778023719788,-0.5608085989952087,-0.6531215906143188,0.8747530579566956,-2.518751621246338,3.9817709922790527,0.1147845983505249,-0.12967117130756378,0.7394832372665405,0.15613383054733276,0.6550357937812805,-0.8766379356384277,-0.6310024261474609,0.11979050934314728,-0.12578104436397552,-1.2987171411514282,0.9471287727355957,-0.1401728093624115,0.2788901925086975,-0.060975268483161926,0.5880633592605591,0.20096898078918457,-8.409204483032227,-2.158768892288208,-3.427197217941284,0.0036455385852605104,0.41042548418045044,0.09079184383153915,9.735818862915039,0.7601432800292969,0.933870255947113
7.46,-0.4985836446285248,-0.055705562233924866,-0.044101253151893616,-1.4847451448440552,1.1037225723266602,-0.08478021621704102,0.12840428948402405,-0.037584561854600906,0.5720863342285156,-0.5799481868743896,-0.4985836446285248,-0.055705562233924866,-0.044101253151893616,-1.4847451448440552,1.1037225723266602,-0.08478021621704102,0.12840428948402405,-0.037584561854600906,0.5720863342285156,-0.5799481868743896,-0.6145442128181458,1.2956373691558838,-2.5361125469207764,3.702237606048584,-7.490228652954102,-0.30525466799736023,0.7460827231407166,0.3257707953453064,0.7959579825401306,-1.0620545148849487,-0.38908249139785767,0.18643198907375336,-0.00945974700152874,-0.9375511407852173,0.8692164421081543,-0.1477169394493103,0.30935588479042053,-0.09935540705919266,0.643199622631073,0.1275770664215088,-6.800446033477783,-1.5066441297531128,-2.968362808227539,0.2890724241733551,0.4020373225212097,-0.0013491217978298664,9.728720664978027,0.7556362152099609,1.0085184574127197
7.48,-0.4957399070262909,-0.022383948788046837,-0.06937094777822495,-1.3679057359695435,0.9739245772361755,-0.09411868453025818,0.14460597932338715,-0.043381743133068085,0.5916444659233093,-0.6037158966064453,-0.4957399070262909,-0.022383948788046837,-0.06937094777822495,-1.3679057359695435,0.9739245772361755,-0.09411868453025818,0.14460597932338715,-0.043381743133068085,0.5916444659233093,-0.6037158966064453,0.6641556620597839,1.8454132080078125,0.09091877192258835,7.682079792022705,-5.410062789916992,-0.47516411542892456,0.7933911681175232,-1.1328983306884766,1.1400434970855713,-1.3984849452972412,-0.3283717930316925,0.2200646549463272,0.049265727400779724,-0.8012189269065857,0.5782164931297302,-0.09012049436569214,0.17321749031543732,-0.0850590318441391,0.6469621658325195,0.11519086360931396,-4.103352069854736,-1.217546820640564,-1.6851849555969238,0.09672053903341293,0.46550145745277405,-0.2980031371116638,9.716994285583496,0.7943675518035889,1.0886229276657104
7.5,-0.48067131638526917,0.010394622571766376,-0.04030853137373924,-1.2091097831726074,0.7942765355110168,-0.10125327110290527,0.15414820611476898,-0.060267768800258636,0.6180630326271057,-0.6343235373497009,-0.48067131638526917,0.010394622571766376,-0.04030853137373924,-1.2091097831726074,0.7942765355110168,-0.10125327110290527,0.15414820611476898,-0.060267768800258636,0.6180630326271057,-0.6343235373497009,0.7960649132728577,1.4905128479003906,2.4633562564849854,7.894437789916992,-10.522348403930664,-0.3012244403362274,0.19068577885627747,-0.809265673160553,1.3233109712600708,-1.6350436210632324,-0.15634244680404663,0.14912883937358856,0.12228696048259735,-0.513219952583313,0.283594012260437,0.37256720662117004,-0.02080090343952179,-0.09038497507572174,0.8423576951026917,-0.04668107628822327,-3.927628993988037,-1.7625547647476196,-2.7362327575683594,0.04512536898255348,0.0033131593372672796,-0.2049182504415512,9.707457542419434,0.8443247079849243,1.1351103782653809
7.52,-0.46161970496177673,0.027541978284716606,0.020669087767601013,-1.0295063257217407,0.5432432889938354,-0.08155057579278946,0.14739666879177094,-0.07505648583173752,0.6778241991996765,-0.6624510288238525,-0.46161970496177673,0.027541978284716606,0.020669087767601013,-1.0295063257217407,0.5432432889938354,-0.08155057579278946,0.14739666879177094,-0.07505648583173752,0.6778241991996765,-0.6624510288238525,1.2386155128479004,0.4578021168708801,3.636993885040283,9.88451862335205,-12.794126510620117,1.8985062837600708,-0.7485998272895813,-1.1167806386947632,4.136538505554199,-1.2505334615707397,0.021261781454086304,-0.005318786948919296,0.13536639511585236,-0.494802325963974,0.11120554804801941,0.49579286575317383,-0.1992436945438385,-0.16982723772525787,0.812545657157898,-0.08473160862922668,-4.643903732299805,-1.903730869293213,-3.1631600856781006,-0.678753674030304,-0.725114107131958,0.33025532960891724,9.717070579528809,0.823821485042572,1.0658092498779297
7.54,-0.42925527691841125,0.021709343418478966,0.08491387218236923,-0.8545143008232117,0.3177645206451416,-0.04229578375816345,0.11771851032972336,-0.11502931267023087,0.7578644752502441,-0.6809513568878174,-0.42925527691841125,0.021709343418478966,0.08491387218236923,-0.8545143008232117,0.3177645206451416,-0.04229578375816345,0.11771851032972336,-0.11502931267023087,0.7578644752502441,-0.6809513568878174,1.907012701034546,-0.7866286635398865,2.7753663063049316,7.637446880340576,-9.870434761047363,1.9442205429077148,-1.9426937103271484,-2.612863063812256,3.8586485385894775,-1.3891654014587402,-0.047018855810165405,-0.12608341872692108,0.0928427129983902,-0.5104496479034424,-0.022566556930541992,0.5903165340423584,-0.20956432819366455,0.05784161016345024,0.8292409181594849,0.34580355882644653,-4.981319427490234,-3.5933854579925537,-3.1888880729675293,-1.1723365783691406,-1.5151773691177368,0.3846467435359955,9.74463939666748,0.7364029884338379,0.8577980399131775
7.56,-0.40146300196647644,-0.0011041689431294799,0.11832059174776077,-0.7633516788482666,0.32020026445388794,0.0031355370301753283,0.08564561605453491,-0.10895773023366928,0.8270646333694458,-0.6997390389442444,-0.40146300196647644,-0.0011041689431294799,0.11832059174776077,-0.7633516788482666,0.32020026445388794,0.0031355370301753283,0.08564561605453491,-0.10895773023366928,0.8270646333694458,-0.6997390389442444,-1.5141103267669678,-0.7440210580825806,0.36819255352020264,-1.3567124605178833,2.300482749938965,2.722273349761963,-0.3519413471221924,3.1182339191436768,2.901822566986084,0.2726215422153473,-0.18332570791244507,-0.3640540838241577,0.09123267978429794,-0.7135551571846008,-0.9540079832077026,0.805950403213501,-0.30186742544174194,0.15579570829868317,0.9076620936393738,-0.0767880380153656,-129.0806427001953,28.498628616333008,54.62849044799805,-1.3387402296066284,-1.739532709121704,1.0559465885162354,9.777493476867676,0.5776888728141785,0.5504581928253174
7.58,-0.4150439202785492,-0.030861109495162964,0.10013219714164734,-0.7774392366409302,0.3315158188343048,0.05558186024427414,0.0709703266620636,-0.0436725839972496,0.8809999823570251,-0.6501855254173279,-0.4150439202785492,-0.030861109495162964,0.10013219714164734,-0.7774392366409302,0.3315158188343048,0.05558186024427414,0.0709703266620636,-0.0436725839972496,0.8809999823570251,-0.6501855254173279,-0.21484442055225372,-2.343456983566284,-1.0680218935012817,0.039230696856975555,0.4241078197956085,3.0892460346221924,-1.545302391052246,3.4945409297943115,2.957775115966797,1.9542754888534546,-0.14086082577705383,-0.15101000666618347,0.08241965621709824,-0.675049364566803,-1.1510975360870361,0.4590396583080292,0.033457908779382706,-0.1364746242761612,1.2086896896362305,-0.1784628927707672,-18.998910903930664,1.0329827070236206,-0.8227665424346924,-1.796077013015747,-1.2808223962783813,0.7951012849807739,9.793850898742676,0.39637458324432373,0.3993350863456726
7.6,-0.399189293384552,-0.06424404680728912,0.08842428773641586,-0.7601619362831116,0.33164167404174805,0.10995364934206009,0.05311046168208122,-0.01906999573111534,0.9517362117767334,-0.5386555194854736,-0.399189293384552,-0.06424404680728912,0.08842428773641586,-0.7601619362831116,0.33164167404174805,0.10995364934206009,0.05311046168208122,-0.01906999573111534,0.9517362117767334,-0.5386555194854736,1.5127663612365723,-0.8812358379364014,0.0103871775791049,1.3419556617736816,-0.2917346656322479,2.391517400741577,-0.2935078740119934,-1.366026759147644,4.240479946136475,9.007250785827637,-0.22807885706424713,-0.310502827167511,0.024480320513248444,-0.6125996112823486,-1.4425687789916992,0.5377142429351807,0.1086447611451149,0.0124404551461339,1.0515600442886353,-0.07810312509536743,-4.437366008758545,2.1217775344848633,3.4020557403564453,-2.0279300212860107,-0.434670090675354,-0.07209648191928864,9.802703857421875,0.30980849266052246,0.2170632779598236
7.62,-0.372490257024765,-0.0834125429391861,0.06850755214691162,-0.7341229915618896,0.32227516174316406,0.15599678456783295,0.0493386946618557,-0.02711661532521248,1.0222818851470947,-0.4379294514656067,-0.372490257024765,-0.0834125429391861,0.06850755214691162,-0.7341229915618896,0.32227516174316406,0.15599678456783295,0.0493386946618557,-0.02711661532521248,1.0222818851470947,-0.4379294514656067,1.0905570983886719,-1.1102200746536255,-1.879694938659668,1.3167492151260376,-0.6366419196128845,2.195497989654541,0.03791387006640434,0.9483646750450134,2.670501708984375,5.0925116539001465,-0.24711325764656067,-0.23086407780647278,0.09832661598920822,-0.632622241973877,-0.5490787029266357,0.3210045099258423,-0.037412192672491074,0.048326682299375534,1.009934902191162,-0.10704568028450012,-9.914142608642578,-2.0573790073394775,-0.8951607942581177,-1.7793704271316528,-0.3408947288990021,0.13347287476062775,9.803555488586426,0.31183260679244995,0.17078141868114471
7.64,-0.3531104326248169,-0.10378506034612656,0.0567445382475853,-0.7110778093338013,0.311452716588974,0.1849791258573532,0.04544920474290848,-0.005049595143646002,1.0510382652282715,-0.3454027771949768,-0.3531104326248169,-0.10378506034612656,0.0567445382475853,-0.7110778093338013,0.311452716588974,0.1849791258573532,0.04544920474290848,-0.005049595143646002,1.0510382652282715,-0.3454027771949768,0.7933446168899536,-0.9232637286186218,0.6987033486366272,0.918934166431427,-0.4620859622955322,0.8606991767883301,-0.44447892904281616,1.0842708349227905,0.5509580969810486,4.1598591804504395,-0.03056064248085022,-0.3481655716896057,0.22311440110206604,-0.5499751567840576,-0.553078293800354,0.34114089608192444,0.2956674098968506,-0.027937639504671097,0.9983315467834473,0.02165001630783081,-7.985798358917236,-0.5590530633926392,-0.015122192911803722,-0.9962654709815979,-0.6908360719680786,0.08156615495681763,9.805662155151367,0.2808980345726013,0.07867016643285751
7.66,-0.3272298276424408,-0.1165706217288971,0.0921420156955719,-0.6787703633308411,0.3056427538394928,0.19808967411518097,0.04414229840040207,0.023313995450735092,1.0596007108688354,-0.2665833830833435,-0.3272298276424408,-0.1165706217288971,0.0921420156955719,-0.6787703633308411,0.3056427538394928,0.19808967411518097,0.04414229840040207,0.023313995450735092,1.0596007108688354,-0.2665833830833435,1.7329630851745605,-0.41642606258392334,2.451172113418579,2.2413463592529297,-0.2229829579591751,0.67345130443573,0.3838644027709961,1.7695339918136597,0.527055561542511,3.8563835620880127,-0.13043749332427979,-0.24090969562530518,0.04266388341784477,-0.6256940960884094,-0.8239235877990723,0.4801900386810303,0.03186994791030884,-0.024187374860048294,1.1373672485351562,-0.14046403765678406,-8.66506290435791,-0.5713479518890381,0.8275964856147766,-1.2525063753128052,-0.39713433384895325,-0.06538765132427216,9.805985450744629,0.27882951498031616,-0.0317116416990757
7.68,-0.3032362759113312,-0.13055497407913208,0.10269346088171005,-0.6479411125183105,0.30060261487960815,0.22316253185272217,0.046024300158023834,0.03214877098798752,1.0773979425430298,-0.19680042564868927,-0.3032362759113312,-0.13055497407913208,0.10269346088171005,-0.6479411125183105,0.30060261487960815,0.22316253185272217,0.046024300158023834,0.03214877098798752,1.0773979425430298,-0.19680042564868927,0.8288801908493042,-0.8185921907424927,-1.238672137260437,0.954785168170929,0.27920401096343994,1.558718204498291,-0.11091737449169159,-0.8515941500663757,1.0970863103866577,2.7748517990112305,-0.3218448758125305,-0.19880162179470062,0.10983208566904068,-0.593734860420227,0.129911869764328,0.34533223509788513,-0.11694459617137909,0.02880878373980522,1.192321538925171,-0.12900349497795105,-3.989128351211548,1.5853664875030518,2.4282188415527344,-1.679768681526184,-0.30250149965286255,0.33771950006484985,9.806465148925781,0.24644963443279266,-0.09275522828102112
7.7,-0.29291364550590515,-0.14509634673595428,0.09259392321109772,-0.6394033432006836,0.31208837032318115,0.24897170066833496,0.03665054216980934,0.01523758564144373,1.1012675762176514,-0.16027182340621948,-0.29291364550590515,-0.14509634673595428,0.09259392321109772,-0.6394033432006836,0.31208837032318115,0.24897170066833496,0.03665054216980934,0.01523758564144373,1.1012675762176514,-0.16027182340621948,0.23272746801376343,-0.6470668315887451,0.4635580778121948,0.06571279466152191,0.9287660717964172,0.9847754240036011,-0.8012134432792664,-0.4123525321483612,1.3373496532440186,1.2841907739639282,0.011302739381790161,-0.3259071111679077,0.040384016931056976,-0.48130300641059875,-0.23788201808929443,0.5811766386032104,-0.0860099121928215,0.19947724044322968,1.2791266441345215,-0.5548856258392334,-3.7604336738586426,0.002150883898139,1.7556143999099731,-1.0852656364440918,-0.39185911417007446,0.3028315007686615,9.807062149047852,0.1906638741493225,-0.14586585760116577
7.72,-0.277504563331604,-0.16095265746116638,0.08376062661409378,-0.6208964586257935,0.3408074378967285,0.27133509516716003,0.023365352302789688,0.04247794672846794,1.1446324586868286,-0.2993781268596649,-0.277504563331604,-0.16095265746116638,0.08376062661409378,-0.6208964586257935,0.3408074378967285,0.27133509516716003,0.023365352302789688,0.04247794672846794,1.1446324586868286,-0.2993781268596649,0.6307131052017212,-0.6154477596282959,-1.2868921756744385,0.7084847688674927,0.5535606145858765,1.4712191820144653,-0.23163211345672607,3.0977375507354736,2.5531020164489746,-11.826447486877441,-0.4097353518009186,-0.1687031388282776,-0.123377226293087,-0.6104471683502197,-0.9070215225219727,0.4028903841972351,-0.235950767993927,-0.02020413801074028,1.0023784637451172,-0.5136519074440002,-50.02907180786133,7.0306549072265625,24.643001556396484,-1.3876676559448242,-0.3742046356201172,0.30492323637008667,9.806660652160645,0.13930658996105194,-0.21470467746257782
7.74,-0.27426597476005554,-0.17379029095172882,0.035224493592977524,-0.6222215294837952,0.3367883563041687,0.29514023661613464,0.0018784264102578163,0.0633711963891983,1.1432064771652222,-0.43647393584251404,-0.27426597476005554,-0.17379029095172882,0.035224493592977524,-0.6222215294837952,0.3367883563041687,0.29514023661613464,0.0018784264102578163,0.0633711963891983,1.1432064771652222,-0.43647393584251404,-0.3545514643192291,-0.5614212155342102,-3.6148483753204346,-0.6094679832458496,-0.34323716163635254,0.9922435879707336,-1.5597209930419922,-1.1402666568756104,-2.2205493450164795,-3.801051378250122,-0.8501880764961243,-0.023019615560770035,-0.3494427800178528,-0.7484973669052124,-1.2525978088378906,0.001550525426864624,0.05634789913892746,0.07649717479944229,0.4864198863506317,-0.6112571954727173,-5.5090742111206055,-0.5040390491485596,4.16980504989624,-1.2842767238616943,0.10401686280965805,0.5322775840759277,9.807419776916504,0.0752309113740921,-0.21203890442848206
7.76,-0.30259770154953003,-0.17272375524044037,-0.07490982115268707,-0.6597449779510498,0.31581902503967285,0.29287925362586975,-0.004273910075426102,0.0579247921705246,1.0171608924865723,-0.5163989663124084,-0.30259770154953003,-0.17272375524044037,-0.07490982115268707,-0.6597449779510498,0.31581902503967285,0.29287925362586975,-0.004273910075426102,0.0579247921705246,1.0171608924865723,-0.5163989663124084,-2.3779730796813965,0.4512314200401306,-7.056636333465576,-2.9580185413360596,-1.8153654336929321,-1.042452096939087,0.7338738441467285,0.663789689540863,-9.560476303100586,-4.33297061920166,-0.26041197776794434,0.01023298129439354,0.1337687224149704,-2.033720016479492,-0.20548373460769653,-0.135976642370224,0.31354135274887085,-0.25519493222236633,0.1239694356918335,-0.3353669047355652,-4.917372226715088,-1.2516820430755615,4.341288089752197,0.49005788564682007,1.0733253955841064,0.8302041292190552,9.80941104888916,-0.05476629361510277,-0.0924968421459198
7.78,-0.342708557844162,-0.14515256881713867,-0.10609519481658936,-0.8221350312232971,0.3025552034378052,0.24405401945114136,0.019770683720707893,0.007627232000231743,0.7908062934875488,-0.4647245407104492,-0.342708557844162,-0.14515256881713867,-0.10609519481658936,-0.8221350312232971,0.3025552034378052,0.24405401945114136,0.019770683720707893,0.007627232000231743,0.7908062934875488,-0.4647245407104492,-1.9158236980438232,1.8140558004379272,3.5231223106384277,-15.06101131439209,8.9203519821167,-3.3323206901550293,1.6094250679016113,-5.966984272003174,-12.152505874633789,6.283757209777832,-0.5388298034667969,-0.20525096356868744,0.0331764742732048,-1.6107885837554932,-0.20278596878051758,-0.23968201875686646,0.17766231298446655,-0.14307725429534912,0.5072824954986572,-0.1358548104763031,-6.129818439483643,10.407729148864746,6.537496566772461,0.5848215818405151,1.7855216264724731,-0.5960307121276855,9.807321548461914,-0.10647881776094437,0.20300287008285522
7.8,-0.35655704140663147,-0.1409910023212433,-0.03847891837358475,-1.1019306182861328,0.09465093165636063,0.19432008266448975,0.03333085775375366,-0.05557990074157715,0.7190844416618347,-0.5088658928871155,-0.35655704140663147,-0.1409910023212433,-0.03847891837358475,-1.1019306182861328,0.09465093165636063,0.19432008266448975,0.03333085775375366,-0.05557990074157715,0.7190844416618347,-0.5088658928871155,-0.011908207088708878,-0.6256439089775085,2.956434726715088,-10.743213653564453,-15.277583122253418,-1.9851839542388916,0.2240934818983078,-0.03486204519867897,-0.333572119474411,-1.1076158285140991,-0.3062902092933655,-0.03315342590212822,-0.09673799574375153,-1.854427695274353,0.36036956310272217,-0.3248671889305115,0.16453872621059418,-0.0759035274386406,0.5276665687561035,0.034882962703704834,-14.050052642822266,-3.15218448638916,-4.358702182769775,-0.0883793830871582,0.23647485673427582,-1.2376407384872437,9.8009033203125,0.0816095694899559,0.41441264748573303
7.82,-0.350831538438797,-0.1427990347146988,-0.008310475386679173,-1.3097038269042969,0.08288486301898956,0.14320147037506104,0.04345691576600075,-0.05260518938302994,0.6940529346466064,-0.5123852491378784,-0.350831538438797,-0.1427990347146988,-0.008310475386679173,-1.3097038269042969,0.08288486301898956,0.14320147037506104,0.04345691576600075,-0.05260518938302994,0.6940529346466064,-0.5123852491378784,0.6147204041481018,0.34420663118362427,-0.054456550627946854,-10.420844078063965,11.272371292114258,-2.79866623878479,0.7257261276245117,0.14985838532447815,-1.5218770503997803,0.12423322349786758,-0.352006196975708,-0.0310349278151989,-0.2310612052679062,-1.595679521560669,0.5157696008682251,-0.2192840576171875,0.238480806350708,-0.05179997533559799,0.5111532211303711,0.1515105962753296,-9.029208183288574,-1.8127458095550537,-2.3211522102355957,0.2193695306777954,0.4826640784740448,-1.4702328443527222,9.792327880859375,0.3437071740627289,0.47779569029808044
7.84,-0.34033066034317017,-0.13302767276763916,-0.050191134214401245,-1.4487766027450562,0.3020908236503601,0.09674040228128433,0.061343349516391754,-0.05001353845000267,0.6648905277252197,-0.5081397294998169,-0.34033066034317017,-0.13302767276763916,-0.050191134214401245,-1.4487766027450562,0.3020908236503601,0.09674040228128433,0.061343349516391754,-0.05001353845000267,0.6648905277252197,-0.5081397294998169,0.3588794767856598,0.5523156523704529,-3.702728509902954,-3.905039072036743,9.842830657958984,-1.9129798412322998,1.0065001249313354,0.12675665318965912,-1.4172872304916382,0.269966721534729,-0.483943372964859,-0.021628987044095993,-0.11717493832111359,-1.6022952795028687,0.5583657622337341,-0.06344541907310486,0.266464501619339,-0.06130833923816681,0.47608157992362976,0.28621673583984375,-9.416939735412598,-2.565232515335083,-2.158555507659912,0.12144288420677185,0.6865019202232361,-0.8247210383415222,9.77537727355957,0.5731965899467468,0.5912238359451294
7.86,-0.34713760018348694,-0.11775095015764236,-0.1094750165939331,-1.502547264099121,0.44731810688972473,0.06893246620893478,0.07985244691371918,-0.04400543123483658,0.6376323699951172,-0.5015422105789185,-0.34713760018348694,-0.11775095015764236,-0.1094750165939331,-1.502547264099121,0.44731810688972473,0.06893246620893478,0.07985244691371918,-0.04400543123483658,0.6376323699951172,-0.5015422105789185,-0.7937028408050537,0.8837025761604309,-1.7926199436187744,-2.014403820037842,5.426082611083984,-1.0608553886413574,0.8027235865592957,0.41969722509384155,-1.3700084686279297,0.39173197746276855,-0.462939977645874,-0.14167453348636627,0.06511027365922928,-1.6196144819259644,0.7267423868179321,-0.15586763620376587,0.18274365365505219,-0.06341294944286346,0.4955781400203705,0.19575780630111694,-8.570931434631348,-1.9679309129714966,-2.866457223892212,0.4121937155723572,0.5100027322769165,-0.08500786125659943,9.762187004089355,0.6593775749206543,0.7078333497047424
7.88,-0.3616020977497101,-0.1078372374176979,-0.10366126894950867,-1.5374900102615356,0.5810204744338989,0.04469556361436844,0.08681436628103256,-0.03631950169801712,0.6063223481178284,-0.4917853772640228,-0.3616020977497101,-0.1078372374176979,-0.10366126894950867,-1.5374900102615356,0.5810204744338989,0.04469556361436844,0.08681436628103256,-0.03631950169801712,0.6063223481178284,-0.4917853772640228,-0.6561970710754395,0.1630655825138092,2.286029815673828,-1.5550892353057861,7.051865100860596,-1.3040984869003296,-0.015015128999948502,0.4129301607608795,-1.6016886234283447,0.4922999143600464,-0.6456987857818604,-0.06841917335987091,-0.042480841279029846,-1.6999651193618774,0.7589000463485718,-0.2512252926826477,0.21438221633434296,-0.08866545557975769,0.4243231415748596,0.09022855758666992,-7.411796569824219,-0.37159469723701477,-2.480494976043701,0.526752769947052,-0.08715838938951492,-0.1447531133890152,9.757983207702637,0.6837846040725708,0.7418296337127686
7.9,-0.3792995810508728,-0.10430478304624557,-0.05532127618789673,-1.5744621753692627,0.6835803985595703,0.01936356909573078,0.08637189120054245,-0.024580614641308784,0.5745140314102173,-0.4824484586715698,-0.3792995810508728,-0.10430478304624557,-0.05532127618789673,-1.5744621753692627,0.6835803985595703,0.01936356909573078,0.08637189120054245,-0.024580614641308784,0.5745140314102173,-0.4824484586715698,-1.117973804473877,0.25167790055274963,1.7371822595596313,-2.1564862728118896,3.720073938369751,-1.311081051826477,0.0346817784011364,0.641252875328064,-1.7085151672363281,0.5233168601989746,-0.6054558753967285,-0.11280582845211029,0.03589613735675812,-1.5602991580963135,1.0072288513183594,-0.2479378581047058,0.21789611876010895,0.029816821217536926,0.5024199485778809,0.09745430946350098,-10.178824424743652,-1.4329164028167725,-2.607114315032959,0.6270073652267456,-0.1359088122844696,-0.07286985218524933,9.758707046508789,0.712914764881134,0.7039059996604919
7.92,-0.3999095559120178,-0.09938933700323105,-0.026873670518398285,-1.593946099281311,0.8236159682273865,-0.005956154316663742,0.08872450888156891,-0.008359557949006557,0.5448200106620789,-0.4747656583786011,-0.3999095559120178,-0.09938933700323105,-0.026873670518398285,-1.593946099281311,0.8236159682273865,-0.005956154316663742,0.08872450888156891,-0.008359557949006557,0.5448200106620789,-0.4747656583786011,-0.97314453125,0.1773608773946762,1.511453628540039,0.19444341957569122,8.634553909301758,-1.1899749040603638,0.13174088299274445,0.936109721660614,-1.179205060005188,0.17209956049919128,-0.5158761143684387,-0.08745332062244415,0.041235536336898804,-1.7283484935760498,0.9367890357971191,-0.1222505271434784,0.2155795693397522,-0.16528932750225067,0.42228594422340393,0.09697914123535156,-6.027472019195557,-0.07987482845783234,-1.0082203149795532,0.6868387460708618,-0.07769761979579926,-0.11559489369392395,9.758580207824707,0.7402469515800476,0.6769434213638306
7.94,-0.41698142886161804,-0.09729596972465515,0.00044858321780338883,-1.606049656867981,0.9121116995811462,-0.02632150612771511,0.09031427651643753,-0.011749624274671078,0.5282269716262817,-0.47465258836746216,-0.41698142886161804,-0.09729596972465515,0.00044858321780338883,-1.606049656867981,0.9121116995811462,-0.02632150612771511,0.09031427651643753,-0.011749624274671078,0.5282269716262817,-0.47465258836746216,-0.6615872979164124,0.1296287626028061,1.1810070276260376,-1.5954471826553345,1.598345160484314,-0.8823165893554688,0.11868822574615479,-1.5415260791778564,-0.7144576907157898,-0.1336456686258316,-0.6236609816551208,-0.07704676687717438,0.0735325813293457,-1.6489763259887695,1.0293688774108887,-0.20112711191177368,0.20840562880039215,-0.14703351259231567,0.5174990892410278,0.0350722074508667,-4.742275714874268,-1.705418348312378,-0.7659123539924622,0.18904615938663483,-0.07794439047574997,-0.18541613221168518,9.757246017456055,0.7780053019523621,0.6534139513969421
7.96,-0.42998307943344116,-0.09365399181842804,0.025168925523757935,-1.6294947862625122,0.9615686535835266,-0.03970790654420853,0.09365472942590714,-0.03896643593907356,0.5204101204872131,-0.4791368842124939,-0.42998307943344116,-0.09365399181842804,0.025168925523757935,-1.6294947862625122,0.9615686535835266,-0.03970790654420853,0.09365472942590714,-0.03896643593907356,0.5204101204872131,-0.4791368842124939,-0.7733768224716187,0.28114181756973267,1.3609564304351807,-0.5983084440231323,3.0289080142974854,-0.6275411248207092,0.22749732434749603,-1.954970121383667,-0.37570708990097046,-0.4759926199913025,-0.5634949803352356,-0.09042663872241974,0.02266024798154831,-1.247647762298584,1.1109806299209595,-0.12310323119163513,0.242578387260437,-0.04460873454809189,0.5642813444137573,0.15894842147827148,-3.930328607559204,-0.372361421585083,-0.7114481329917908,-0.018922321498394012,-0.0036515092942863703,-0.09357698261737823,9.75557804107666,0.8032242655754089,0.6477797627449036
7.98,-0.4394415020942688,-0.09055272489786148,0.039352864027023315,-1.5780680179595947,1.0294184684753418,-0.047263793647289276,0.10073612630367279,-0.04521002992987633,0.5249859094619751,-0.4898057281970978,-0.4394415020942688,-0.09055272489786148,0.039352864027023315,-1.5780680179595947,1.0294184684753418,-0.047263793647289276,0.10073612630367279,-0.04521002992987633,0.5249859094619751,-0.4898057281970978,-0.34134793281555176,0.07482302933931351,0.08919701725244522,5.303462028503418,3.564682722091675,-0.17584817111492157,0.4479805529117584,-0.08505146205425262,0.5570720434188843,-0.7015275955200195,-0.6468794345855713,0.058391083031892776,-0.04725976288318634,-1.3920888900756836,0.9971005916595459,-0.1715053915977478,0.2972593605518341,-0.03428204357624054,0.4828733503818512,0.24487018585205078,-8.749704360961914,-1.1349517107009888,-2.417433023452759,-0.20406779646873474,0.10767408460378647,-0.045474354177713394,9.753475189208984,0.8213813304901123,0.6566185355186462
8.0,-0.4519074857234955,-0.07990029454231262,0.03150295838713646,-1.4955527782440186,1.0359920263290405,-0.05533523112535477,0.11233016103506088,-0.03956567868590355,0.5335396528244019,-0.5045396089553833,-0.4519074857234955,-0.07990029454231262,0.03150295838713646,-1.4955527782440186,1.0359920263290405,-0.05533523112535477,0.11233016103506088,-0.03956567868590355,0.5335396528244019,-0.5045396089553833,-0.8693165183067322,0.9227355122566223,-1.0075374841690063,2.644618511199951,-1.5959817171096802,-0.646531879901886,0.6885850429534912,0.5713459253311157,0.19670124351978302,-0.6841655969619751,-0.57265704870224,0.04021831229329109,0.04400019347667694,-1.1073285341262817,0.7629213333129883,-0.07229873538017273,0.2978611886501312,-0.030164510011672974,0.6104414463043213,0.5987602472305298,-9.505343437194824,-2.294917106628418,-3.5453898906707764,0.44674503803253174,0.22391852736473083,-0.10949159413576126,9.750177383422852,0.8379219770431519,0.6841216087341309
8.02,-0.46670082211494446,-0.05951657146215439,0.014662018977105618,-1.4151053428649902,0.9198634028434753,-0.06279617547988892,0.12728317081928253,-0.03057350404560566,0.5457740426063538,-0.5224568843841553,-0.46670082211494446,-0.05951657146215439,0.014662018977105618,-1.4151053428649902,0.9198634028434753,-0.06279617547988892,0.12728317081928253,-0.03057350404560566,0.5457740426063538,-0.5224568843841553,-0.5746053457260132,0.9983510375022888,-0.270427942276001,5.436019420623779,-7.681571006774902,-0.08945085108280182,0.7577078938484192,0.25228461623191833,1.037865400314331,-1.2219173908233643,-0.4751010537147522,0.14709363877773285,-0.0025108885020017624,-1.0250695943832397,0.7110912799835205,-0.0062319934368133545,0.3067029118537903,-0.06619767099618912,0.6030464172363281,0.35014432668685913,-4.154232501983643,-0.7460708618164062,-1.2639793157577515,0.29096493124961853,0.26875147223472595,0.016099410131573677,9.745709419250488,0.8544060587882996,0.7261117100715637
8.04,-0.471771776676178,-0.03646710887551308,0.014034675434231758,-1.3030859231948853,0.8016957640647888,-0.06258992105722427,0.14357665181159973,-0.027448369190096855,0.5738425254821777,-0.5496028661727905,-0.471771776676178,-0.03646710887551308,0.014034675434231758,-1.3030859231948853,0.8016957640647888,-0.06258992105722427,0.14357665181159973,-0.027448369190096855,0.5738425254821777,-0.5496028661727905,-0.033401113003492355,1.2943097352981567,-0.09939103573560715,5.512076377868652,-4.525993347167969,0.08468257635831833,0.8739696145057678,0.004003381356596947,1.5763115882873535,-1.461740493774414,-0.38393089175224304,0.10889078676700592,0.13541574776172638,-0.7605285048484802,0.4291306734085083,0.015850991010665894,0.09462772309780121,-0.10486465692520142,0.7060390710830688,0.09958863258361816,-7.509222984313965,-2.0287539958953857,-3.1382126808166504,0.07799989730119705,0.3148230016231537,-0.04285600036382675,9.741216659545898,0.8617218732833862,0.7760340571403503
8.06,-0.466876745223999,-0.016135508194565773,0.03464828431606293,-1.1709675788879395,0.6336454749107361,-0.05854160338640213,0.15083692967891693,-0.047462936490774155,0.6095842123031616,-0.5765573382377625,-0.466876745223999,-0.016135508194565773,0.03464828431606293,-1.1709675788879395,0.6336454749107361,-0.05854160338640213,0.15083692967891693,-0.047462936490774155,0.6095842123031616,-0.5765573382377625,0.44535326957702637,0.7898260354995728,2.4069714546203613,7.548781871795654,-10.044767379760742,0.2878473103046417,-0.13647595047950745,-1.825394868850708,1.9544624090194702,-1.2997949123382568,-0.10399800539016724,0.10750852525234222,0.21212643384933472,-0.6019822359085083,0.12682905793190002,0.2763105630874634,0.010886818170547485,-0.019812624901533127,0.8288917541503906,0.3707779049873352,-4.053467750549316,-0.800380527973175,-3.148120164871216,0.04503247141838074,-0.3192090094089508,-0.05583171918988228,9.739917755126953,0.8713799715042114,0.7815329432487488
8.08,-0.44795259833335876,-0.00415754271671176,0.10158539563417435,-1.0109227895736694,0.3887445032596588,-0.043115172535181046,0.14341869950294495,-0.06360884755849838,0.6685391664505005,-0.6031705737113953,-0.44795259833335876,-0.00415754271671176,0.10158539563417435,-1.0109227895736694,0.3887445032596588,-0.043115172535181046,0.14341869950294495,-0.06360884755849838,0.6685391664505005,-0.6031705737113953,1.4826149940490723,0.431106299161911,3.9961845874786377,8.133735656738281,-12.694561958312988,1.195495367050171,-0.5206649899482727,0.21749407052993774,3.8227174282073975,-1.2628470659255981,-0.06591972708702087,-0.053081315010786057,0.1270468682050705,-0.5216400623321533,-0.08560055494308472,0.5617356300354004,-0.12820343673229218,-0.14341062307357788,0.7597556114196777,0.29707616567611694,-4.607199668884277,-1.1587146520614624,-3.1414480209350586,-0.37807703018188477,-0.7834803462028503,-0.08396695554256439,9.747279167175293,0.8808120489120483,0.6714348793029785
8.1,-0.41925615072250366,-0.012539149262011051,0.15074856579303741,-0.8610732555389404,0.14515961706638336,-0.008194219321012497,0.12026584148406982,-0.08584699034690857,0.7446126937866211,-0.6237254738807678,-0.41925615072250366,-0.012539149262011051,0.15074856579303741,-0.8610732555389404,0.14515961706638336,-0.008194219321012497,0.12026584148406982,-0.08584699034690857,0.7446126937866211,-0.6237254738807678,1.3936855792999268,-0.9205883741378784,0.9731128811836243,6.9766011238098145,-11.15342903137207,2.0620856285095215,-1.537487268447876,-2.315061569213867,3.6194658279418945,-1.6609835624694824,-0.09764495491981506,-0.16096025705337524,0.1251431405544281,-0.5239169001579285,-0.36105412244796753,0.6065728068351746,-0.12748874723911285,-0.04610602930188179,0.8169516324996948,0.2955687642097473,-5.67814826965332,-4.4891462326049805,-2.863157272338867,-1.1010181903839111,-1.4442728757858276,0.47742265462875366,9.763140678405762,0.840556800365448,0.4589671194553375
8.12,-0.3857310712337494,-0.039401523768901825,0.16704122722148895,-0.8004973530769348,0.34207242727279663,0.04204856604337692,0.09713607281446457,-0.10857388377189636,0.8053516745567322,-0.6395139694213867,-0.3857310712337494,-0.039401523768901825,0.16704122722148895,-0.8004973530769348,0.34207242727279663,0.04204856604337692,0.09713607281446457,-0.10857388377189636,0.8053516745567322,-0.6395139694213867,1.5421408414840698,-1.7772040367126465,0.47855570912361145,3.750054121017456,8.259360313415527,2.734171152114868,-1.0392554998397827,0.1848565936088562,2.6118152141571045,-0.5490738153457642,-0.18816162645816803,-0.23287555575370789,0.1022036224603653,-0.5619357228279114,-0.5659630298614502,0.48906683921813965,-0.12341514229774475,0.022267069667577744,1.0422108173370361,0.23665016889572144,-10.070438385009766,-3.0385804176330566,0.6087979078292847,-1.3596718311309814,-1.2708032131195068,1.329587459564209,9.7858247756958,0.6470108032226562,0.2347651571035385
8.14,-0.3894933760166168,-0.05578037351369858,0.15293891727924347,-0.7898426055908203,0.37117213010787964,0.0884922444820404,0.08948612213134766,-0.09074922651052475,0.8615342378616333,-0.5979816317558289,-0.3894933760166168,-0.05578037351369858,0.15293891727924347,-0.7898426055908203,0.37117213010787964,0.0884922444820404,0.08948612213134766,-0.09074922651052475,0.8615342378616333,-0.5979816317558289,0.4925342798233032,-1.0041427612304688,-1.3575475215911865,0.7052474617958069,-0.3088335394859314,2.0282976627349854,-0.511377215385437,1.1642895936965942,3.508009910583496,3.05869197845459,-0.12635186314582825,-0.25306764245033264,0.11644167453050613,-0.6307233572006226,-0.8288983106613159,0.5575437545776367,-0.14852888882160187,-0.042899396270513535,1.153656244277954,0.014180779457092285,-21.8344783782959,1.9514083862304688,-0.630262017250061,-1.4440088272094727,-0.45499950647354126,0.4117127060890198,9.799447059631348,0.43724238872528076,0.12554149329662323
8.16,-0.37085238099098206,-0.08227630704641342,0.126277893781662,-0.7631787061691284,0.36398693919181824,0.1354978084564209,0.07144232839345932,-0.07762155681848526,0.938920795917511,-0.4968911409378052,-0.37085238099098206,-0.08227630704641342,0.126277893781662,-0.7631787061691284,0.36398693919181824,0.1354978084564209,0.07144232839345932,-0.07762155681848526,0.938920795917511,-0.4968911409378052,1.1618021726608276,-1.4395546913146973,-1.2050981521606445,1.5637480020523071,-0.40790340304374695,2.529120922088623,-1.10988187789917,0.11836554110050201,4.038361072540283,5.1700921058654785,-0.11316192150115967,-0.2492036521434784,0.08402890712022781,-0.6433812975883484,-0.9584203958511353,0.4082833230495453,-0.06223299726843834,-0.044626761227846146,1.1080008745193481,-0.1183612048625946,-10.542468070983887,1.9442650079727173,0.3839072585105896,-1.6456321477890015,-0.7960171103477478,0.1663292497396469,9.802581787109375,0.3813638985157013,0.007751730736345053
8.18,-0.34264206886291504,-0.10735057294368744,0.10882792621850967,-0.7322987914085388,0.35558760166168213,0.17581117153167725,0.053877171128988266,-0.07317395508289337,1.0001779794692993,-0.3725361227989197,-0.34264206886291504,-0.10735057294368744,0.10882792621850967,-0.7322987914085388,0.35558760166168213,0.17581117153167725,0.053877171128988266,-0.07317395508289337,1.0001779794692993,-0.3725361227989197,1.470210313796997,-1.1080243587493896,-0.7044700384140015,1.3811525106430054,-0.3790394067764282,1.5802390575408936,-0.7110002040863037,0.384403258562088,2.3867785930633545,5.764169692993164,-0.10512036085128784,-0.18474355340003967,0.03255196660757065,-0.6092977523803711,-0.9394605159759521,0.30284374952316284,-0.04736291989684105,-0.02951778843998909,1.1175609827041626,-0.04175284504890442,-6.275818824768066,0.7208613157272339,0.7454731464385986,-1.127076268196106,-0.7453864216804504,-0.28184813261032104,9.800899505615234,0.4001893103122711,-0.13535253703594208
8.2,-0.3127691149711609,-0.1256527155637741,0.09080483019351959,-0.7072056531906128,0.34902915358543396,0.19900749623775482,0.04349588602781296,-0.06287836283445358,1.0395827293395996,-0.26319658756256104,-0.3127691149711609,-0.1256527155637741,0.09080483019351959,-0.7072056531906128,0.34902915358543396,0.19900749623775482,0.04349588602781296,-0.06287836283445358,1.0395827293395996,-0.26319658756256104,1.4748324155807495,-0.7555641531944275,-1.1578006744384766,1.1612730026245117,-0.32175910472869873,0.8688271641731262,-0.3698588013648987,0.5297125577926636,1.6766111850738525,4.993228435516357,-0.1397686004638672,-0.2283276915550232,0.010949663817882538,-0.5966757535934448,-0.5886163711547852,0.2965680956840515,-0.040513452142477036,0.03487495705485344,1.112046241760254,-0.14236316084861755,-6.545106410980225,0.3824332356452942,1.6519088745117188,-0.6009931564331055,-0.5354918837547302,-0.4896047115325928,9.794878005981445,0.48096761107444763,-0.2552099823951721
8.22,-0.28790196776390076,-0.13938364386558533,0.06426255404949188,-0.6876631379127502,0.3458496928215027,0.21343053877353668,0.03681226819753647,-0.04136180877685547,1.065009355545044,-0.188710018992424,-0.28790196776390076,-0.13938364386558533,0.06426255404949188,-0.6876631379127502,0.3458496928215027,0.21343053877353668,0.03681226819753647,-0.04136180877685547,1.065009355545044,-0.188710018992424,0.9896345734596252,-0.5379137396812439,-0.7419424653053284,0.7352601885795593,-0.10824187844991684,0.649212121963501,-0.2828884720802307,1.6901496648788452,0.9014726281166077,2.3738908767700195,-0.17802733182907104,-0.20632079243659973,0.0004514232277870178,-0.581023097038269,0.2384708821773529,0.28242456912994385,-0.08908054232597351,0.02234458550810814,1.0866062641143799,-0.1219835877418518,-11.13411808013916,0.9034357666969299,4.91004753112793,-0.11642816662788391,-0.4665198028087616,-0.373427152633667,9.787302017211914,0.5695784091949463,-0.34699031710624695
8.24,-0.27065470814704895,-0.147894486784935,0.05726202577352524,-0.6772330403327942,0.345379114151001,0.22446586191654205,0.026307541877031326,-0.013760285452008247,1.0745675563812256,-0.15228646993637085,-0.27065470814704895,-0.147894486784935,0.05726202577352524,-0.6772330403327942,0.345379114151001,0.22446586191654205,0.026307541877031326,-0.013760285452008247,1.0745675563812256,-0.15228646993637085,0.7607095837593079,-0.35700830817222595,-0.3327086865901947,0.3576955497264862,0.06991106271743774,0.4921071529388428,-0.6823925971984863,1.0416102409362793,0.17700642347335815,1.438439130783081,-0.19307175278663635,-0.18843969702720642,-0.00661090761423111,-0.5667479038238525,0.24777421355247498,0.2802877128124237,0.0057668536901474,0.05451452359557152,1.1473791599273682,-0.21319320797920227,-6.904687881469727,-0.26302194595336914,3.1971893310546875,-0.20836777985095978,-0.3010118305683136,-0.30640268325805664,9.780479431152344,0.6372092962265015,-0.41507911682128906
8.26,-0.2566465735435486,-0.14976128935813904,0.0481160432100296,-0.6714991331100464,0.3473026752471924,0.23435549437999725,0.019615374505519867,0.01061457209289074,1.0858440399169922,-0.16990989446640015,-0.2566465735435486,-0.14976128935813904,0.0481160432100296,-0.6714991331100464,0.3473026752471924,0.23435549437999725,0.019615374505519867,0.01061457209289074,1.0858440399169922,-0.16990989446640015,0.6551306843757629,0.07829713821411133,-0.5795888304710388,0.22619527578353882,0.12573230266571045,0.48005643486976624,-0.0701640173792839,1.3681092262268066,0.885768711566925,-2.0311543941497803,-0.20548591017723083,-0.1783888041973114,-0.008003227412700653,-0.5390949845314026,0.1982254981994629,0.30403369665145874,-0.0010967329144477844,0.12103939056396484,1.1477246284484863,-0.2380450963973999,-7.465681552886963,-0.3832267224788666,3.0584206581115723,-0.2881026566028595,0.11269060522317886,-0.24383433163166046,9.77622127532959,0.6923955678939819,-0.42682480812072754
8.28,-0.24537783861160278,-0.1465432345867157,0.03572200611233711,-0.6673263311386108,0.3493940830230713,0.2439510077238083,0.01925557106733322,0.04383402317762375,1.1020582914352417,-0.20567502081394196,-0.24537783861160278,-0.1465432345867157,0.03572200611233711,-0.6673263311386108,0.3493940830230713,0.2439510077238083,0.01925557106733322,0.04383402317762375,1.1020582914352417,-0.20567502081394196,0.49778124690055847,0.20799778401851654,-0.6435204148292542,0.24483217298984528,0.06577293574810028,0.4892212748527527,-0.015809765085577965,1.9988319873809814,0.7012680768966675,-1.5353639125823975,-0.23106929659843445,-0.18972235918045044,-0.06186714768409729,-0.5382976531982422,0.2370399832725525,0.31702297925949097,-0.014730997383594513,0.10277661681175232,1.1168915033340454,-0.2959921956062317,-9.183175086975098,-0.7650944590568542,3.4132351875305176,-0.3620544373989105,0.27933797240257263,-0.11101088672876358,9.775352478027344,0.730682909488678,-0.3803715705871582
8.3,-0.2371659129858017,-0.14333538711071014,0.017320724204182625,-0.6615127921104431,0.346672385931015,0.25426796078681946,0.015934422612190247,0.07583675533533096,1.1096315383911133,-0.24685075879096985,-0.2371659129858017,-0.14333538711071014,0.017320724204182625,-0.6615127921104431,0.346672385931015,0.25426796078681946,0.015934422612190247,0.07583675533533096,1.1096315383911133,-0.24685075879096985,0.32906585931777954,0.17646467685699463,-1.1387968063354492,0.23326215147972107,0.059014733880758286,0.5467159152030945,-0.21570469439029694,1.171671748161316,0.09865259379148483,-2.2858388423919678,-0.3776334822177887,-0.1482686996459961,-0.09692583978176117,-0.5721672773361206,-0.6633262634277344,0.005066424608230591,-0.06089968979358673,0.05590474605560303,0.8833287358283997,-0.3254123330116272,-13.96426773071289,-0.7062224745750427,5.401439666748047,-0.5851551294326782,0.33541253209114075,0.07038170099258423,9.777364730834961,0.7376949191093445,-0.3082965910434723
8.32,-0.23257984220981598,-0.13969069719314575,-0.012973364442586899,-0.6620194911956787,0.3502872884273529,0.24915508925914764,0.007583393715322018,0.08530264347791672,1.071279764175415,-0.28575289249420166,-0.23257984220981598,-0.13969069719314575,-0.012973364442586899,-0.6620194911956787,0.3502872884273529,0.24915508925914764,0.007583393715322018,0.08530264347791672,1.071279764175415,-0.28575289249420166,0.00945440586656332,0.17679083347320557,-2.1623878479003906,-0.2001161277294159,0.059683844447135925,-0.8807085156440735,-0.5292319655418396,-0.09464704245328903,-3.500396490097046,-1.8445943593978882,-0.5315982103347778,-0.03035527840256691,-0.13327781856060028,-0.5223850011825562,-0.4988095760345459,-0.01997479796409607,-0.003689028322696686,0.021126937121152878,0.5359516143798828,-0.3216535449028015,-5.9299750328063965,-1.5695887804031372,2.3722281455993652,-0.10238105803728104,0.4455668032169342,0.01500373799353838,9.779963493347168,0.7362534999847412,-0.2152654230594635
8.34,-0.2423672378063202,-0.12908774614334106,-0.04905448481440544,-0.6640733480453491,0.3470739722251892,0.2257705181837082,0.002291230484843254,0.07196809351444244,0.9695422649383545,-0.3334169387817383,-0.2423672378063202,-0.12908774614334106,-0.04905448481440544,-0.6640733480453491,0.3470739722251892,0.2257705181837082,0.002291230484843254,0.07196809351444244,0.9695422649383545,-0.3334169387817383,-0.8723891377449036,0.6595485806465149,-1.971756935119629,0.18085651099681854,-0.46745696663856506,-1.6597832441329956,-0.2522636651992798,-1.2245222330093384,-4.007006645202637,-7.840682029724121,-0.49124521017074585,-0.05846034735441208,-0.03922786936163902,-1.2694134712219238,-0.19014722108840942,-0.2110128402709961,0.10408058762550354,-0.1243063434958458,0.3838554620742798,-0.12579914927482605,-13.685216903686523,-6.69951057434082,0.43103790283203125,0.6833522915840149,0.7451359629631042,0.6169913411140442,9.786419868469238,0.6736183166503906,-0.09119068831205368
8.36,-0.27974584698677063,-0.11462268978357315,-0.062086716294288635,-0.7349523901939392,0.3436427116394043,0.1768699586391449,0.001389776123687625,0.0230697114020586,0.8567987680435181,-0.44085559248924255,-0.27974584698677063,-0.11462268978357315,-0.062086716294288635,-0.7349523901939392,0.3436427116394043,0.1768699586391449,0.001389776123687625,0.0230697114020586,0.8567987680435181,-0.44085559248924255,-2.499659776687622,0.6394485831260681,-0.12035465240478516,-6.649763584136963,3.8478705883026123,-3.1616668701171875,0.08248091489076614,-3.3917453289031982,-6.447661399841309,-5.4600725173950195,-0.611649751663208,0.0335804708302021,-0.13737207651138306,-1.6439082622528076,0.1550590693950653,-0.33199232816696167,0.2287510484457016,-0.1261250376701355,0.43114739656448364,0.24970507621765137,-7.452922821044922,2.6795363426208496,0.5603075623512268,1.3166769742965698,0.8097164034843445,0.6175312399864197,9.796141624450684,0.518789529800415,0.050730150192976
8.38,-0.330113023519516,-0.09756800532341003,-0.0769573226571083,-0.9307277798652649,0.317995548248291,0.11381884664297104,0.016718195751309395,-0.03798415884375572,0.7347049713134766,-0.5398610830307007,-0.330113023519516,-0.09756800532341003,-0.0769573226571083,-0.9307277798652649,0.317995548248291,0.11381884664297104,0.016718195751309395,-0.03798415884375572,0.7347049713134766,-0.5398610830307007,-2.384101152420044,0.9958383440971375,-1.5400805473327637,-11.79546070098877,-2.06144118309021,-3.09311842918396,1.3011871576309204,-2.6265504360198975,-5.628990650177002,-5.170593738555908,-0.708257794380188,0.05298518016934395,-0.19039104878902435,-1.8087742328643799,0.5063572525978088,-0.4426572918891907,0.26866304874420166,-0.13442325592041016,0.4418763816356659,0.31497228145599365,-2.584507942199707,1.6297341585159302,-0.8564075827598572,0.8687667846679688,1.305016040802002,0.17635498940944672,9.796760559082031,0.4453737735748291,0.2474530041217804
8.4,-0.35765668749809265,-0.08674103021621704,-0.1053631529211998,-1.1742552518844604,0.358760803937912,0.07162907719612122,0.033415887504816055,-0.04280061274766922,0.6892988681793213,-0.5640162229537964,-0.35765668749809265,-0.08674103021621704,-0.1053631529211998,-1.1742552518844604,0.358760803937912,0.07162907719612122,0.033415887504816055,-0.04280061274766922,0.6892988681793213,-0.5640162229537964,-0.9475618600845337,0.8353783488273621,-1.2658908367156982,-12.179910659790039,6.267759799957275,-2.3770744800567627,0.8133182525634766,1.2414897680282593,-1.7784030437469482,0.726932168006897,-0.6625656485557556,0.049474943429231644,0.07358939200639725,-1.7068579196929932,0.6118172407150269,-0.28986865282058716,0.21965764462947845,-0.17053434252738953,0.4769572615623474,0.35722601413726807,-12.81722640991211,-3.403306007385254,-3.694366693496704,1.263287901878357,0.45634156465530396,-0.9561567902565002,9.787988662719727,0.5280203819274902,0.3906066417694092
8.42,-0.3827596604824066,-0.062185171991586685,-0.09393323212862015,-1.3665944337844849,0.4813293218612671,0.026841094717383385,0.045774705708026886,-0.043065838515758514,0.6456543803215027,-0.5485655069351196,-0.3827596604824066,-0.062185171991586685,-0.09393323212862015,-1.3665944337844849,0.4813293218612671,0.026841094717383385,0.045774705708026886,-0.043065838515758514,0.6456543803215027,-0.5485655069351196,-1.4440679550170898,1.4221101999282837,2.6134655475616455,-7.345284938812256,5.7809929847717285,-2.0197174549102783,0.3462139964103699,-2.0352957248687744,-2.434410810470581,0.636450469493866,-0.6252660155296326,-0.00569678470492363,-0.0016480758786201477,-1.741901159286499,0.6580828428268433,-0.2956503629684448,0.19645050168037415,-0.17489378154277802,0.4315541386604309,0.39815711975097656,-4.9205827713012695,-2.0926828384399414,-0.4232740104198456,1.447202444076538,0.37116673588752747,-0.46042269468307495,9.775535583496094,0.6822247505187988,0.45778733491897583
8.44,-0.4078267514705658,-0.04488403722643852,-0.04749821126461029,-1.4851200580596924,0.5762476325035095,-0.01101075578480959,0.05074474215507507,-0.07126197218894958,0.602496862411499,-0.5345842838287354,-0.4078267514705658,-0.04488403722643852,-0.04749821126461029,-1.4851200580596924,0.5762476325035095,-0.01101075578480959,0.05074474215507507,-0.07126197218894958,0.602496862411499,-0.5345842838287354,-1.0590252876281738,0.3833676874637604,1.610927700996399,-5.020871639251709,3.855316162109375,-1.703292727470398,0.17846691608428955,-0.15790505707263947,-1.8782613277435303,0.5743653774261475,-0.5799344182014465,-0.05428231880068779,0.057579584419727325,-1.7479572296142578,0.7999725937843323,-0.3030359148979187,0.2016904056072235,-0.1623680740594864,0.43187785148620605,0.33626067638397217,-11.72362995147705,-2.0200729370117188,-2.782414674758911,0.9463074803352356,0.13415436446666718,-0.31861791014671326,9.767791748046875,0.765185534954071,0.49074074625968933
8.46,-0.42508697509765625,-0.040162257850170135,-0.016783464699983597,-1.5686938762664795,0.6798575520515442,-0.04372501000761986,0.05637330561876297,-0.07746615260839462,0.562091588973999,-0.5199903249740601,-0.42508697509765625,-0.040162257850170135,-0.016783464699983597,-1.5686938762664795,0.6798575520515442,-0.04372501000761986,0.05637330561876297,-0.07746615260839462,0.562091588973999,-0.5199903249740601,-0.7022550702095032,0.05683053284883499,1.6821919679641724,-3.5194990634918213,5.671722888946533,-1.5301839113235474,0.2673740088939667,-0.018770433962345123,-1.827077031135559,0.7171226143836975,-0.614729106426239,-0.0934048444032669,0.09673324227333069,-1.7714545726776123,0.8726952075958252,-0.24154210090637207,0.1878601461648941,-0.13421639800071716,0.46496182680130005,0.24861252307891846,-10.153825759887695,-1.6129372119903564,-2.400580883026123,0.5007815361022949,0.11504411697387695,-0.3209908902645111,9.761303901672363,0.8341859579086304,0.5071207284927368
8.48,-0.44115397334098816,-0.042464397847652435,0.020004818215966225,-1.6296716928482056,0.7810150384902954,-0.06772150099277496,0.061238184571266174,-0.08014556765556335,0.5327743887901306,-0.5107296705245972,-0.44115397334098816,-0.042464397847652435,0.020004818215966225,-1.6296716928482056,0.7810150384902954,-0.06772150099277496,0.061238184571266174,-0.08014556765556335,0.5327743887901306,-0.5107296705245972,-0.8498389720916748,-0.22514979541301727,1.9918758869171143,-2.708174705505371,4.42116117477417,-0.9838724732398987,0.2366970181465149,-0.2281876802444458,-1.1897560358047485,0.21899466216564178,-0.6094967126846313,-0.11690719425678253,0.07514980435371399,-1.709643840789795,0.9405824542045593,-0.22691315412521362,0.20470786094665527,-0.12052714824676514,0.4535892903804779,0.22631442546844482,-4.34744119644165,-0.9555290937423706,-0.43800318241119385,0.15569141507148743,0.015116513706743717,-0.15039591491222382,9.756811141967773,0.8811479806900024,0.5141162872314453
8.5,-0.45518824458122253,-0.05020037293434143,0.05211808532476425,-1.6650654077529907,0.8620139360427856,-0.08476120978593826,0.06611128896474838,-0.07990936934947968,0.5154944062232971,-0.5076045393943787,-0.45518824458122253,-0.05020037293434143,0.05211808532476425,-1.6650654077529907,0.8620139360427856,-0.08476120978593826,0.06611128896474838,-0.07990936934947968,0.5154944062232971,-0.5076045393943787,-0.6340816020965576,-0.46703070402145386,1.168685793876648,-0.9945537447929382,3.694143056869507,-0.7790231704711914,0.2811034023761749,-0.020180217921733856,-0.7172467112541199,0.06723106652498245,-0.6279029846191406,-0.10169948637485504,0.08884464204311371,-1.7020514011383057,1.0211296081542969,-0.2042449712753296,0.22924135625362396,-0.08306680619716644,0.45005515217781067,0.230873703956604,-8.59613037109375,-1.8424361944198608,-1.909242033958435,-0.04924650490283966,0.02906271442770958,-0.15092642605304718,9.753787994384766,0.9122229814529419,0.5172790288925171
8.52,-0.46880999207496643,-0.05747587978839874,0.07063423842191696,-1.6774789094924927,0.940388560295105,-0.09868360310792923,0.07314644008874893,-0.07864432781934738,0.5042544603347778,-0.5084711313247681,-0.46880999207496643,-0.05747587978839874,0.07063423842191696,-1.6774789094924927,0.940388560295105,-0.09868360310792923,0.07314644008874893,-0.07864432781934738,0.5042544603347778,-0.5084711313247681,-0.7255887389183044,-0.278873473405838,0.7808850407600403,-0.39130887389183044,3.850606679916382,-0.6456654667854309,0.3960484564304352,0.1364089846611023,-0.46032318472862244,-0.12250983715057373,-0.6462743878364563,-0.09970338642597198,0.10988948494195938,-1.6857531070709229,1.0936042070388794,-0.18128204345703125,0.2200234830379486,-0.06757806241512299,0.4723564386367798,0.15000498294830322,-8.560487747192383,-2.0827646255493164,-2.1417977809906006,0.027928965166211128,0.08401535451412201,-0.08184611797332764,9.750991821289062,0.9350051283836365,0.5291715264320374
8.54,-0.4844609797000885,-0.06233720853924751,0.08510468155145645,-1.6812771558761597,1.0174007415771484,-0.1094617024064064,0.0809887945652008,-0.07476567476987839,0.4988686144351959,-0.5134504437446594,-0.4844609797000885,-0.06233720853924751,0.08510468155145645,-1.6812771558761597,1.0174007415771484,-0.1094617024064064,0.0809887945652008,-0.07476567476987839,0.4988686144351959,-0.5134504437446594,-0.8097730278968811,-0.21941319108009338,0.7408364415168762,-0.03557118773460388,3.6594605445861816,-0.46593615412712097,0.37469911575317383,0.24030093848705292,-0.10834859311580658,-0.3609052896499634,-0.5572172999382019,-0.10744749009609222,0.02834492176771164,-1.538762092590332,1.1454172134399414,-0.13358363509178162,0.2526094317436218,-0.009345248341560364,0.5089041590690613,0.21859300136566162,-7.865126132965088,-1.8053719997406006,-2.153578042984009,0.1298580765724182,0.05562688410282135,-0.004776360467076302,9.749443054199219,0.9437034130096436,0.5421023964881897
8.56,-0.49501627683639526,-0.06732043623924255,0.08397289365530014,-1.6591463088989258,1.0830715894699097,-0.11708948016166687,0.09126081317663193,-0.06678595393896103,0.5028663873672485,-0.5248506665229797,-0.49501627683639526,-0.06732043623924255,0.08397289365530014,-1.6591463088989258,1.0830715894699097,-0.11708948016166687,0.09126081317663193,-0.06678595393896103,0.5028663873672485,-0.5248506665229797,-0.31543636322021484,-0.2777235507965088,-0.8817743062973022,2.088195323944092,2.9508981704711914,-0.2789307236671448,0.6265008449554443,0.4667292833328247,0.4724029302597046,-0.7462671995162964,-0.5722776651382446,-0.037604015320539474,-0.023513181135058403,-1.4989373683929443,1.1857775449752808,-0.10324028134346008,0.29668188095092773,-0.062154270708560944,0.501212477684021,0.22709476947784424,-9.589685440063477,-2.1678881645202637,-2.8136816024780273,0.010593079961836338,0.20164592564105988,-0.02482970617711544,9.747723579406738,0.9501614570617676,0.5614131689071655
8.58,-0.5007983446121216,-0.06780599057674408,0.05519675835967064,-1.6134127378463745,1.136008620262146,-0.12063758075237274,0.10589054971933365,-0.060861941426992416,0.5158568024635315,-0.5420792698860168,-0.5007983446121216,-0.06780599057674408,0.05519675835967064,-1.6134127378463745,1.136008620262146,-0.12063758075237274,0.10589054971933365,-0.060861941426992416,0.5158568024635315,-0.5420792698860168,-0.2881949245929718,0.1791725754737854,-1.8889747858047485,2.325279951095581,2.3535425662994385,-0.10349898785352707,0.8239086866378784,0.250675231218338,0.729834258556366,-0.9278952479362488,-0.5837476253509521,0.03748052194714546,-0.021633697673678398,-1.3529075384140015,1.0689114332199097,-0.16214966773986816,0.31698334217071533,-0.06277681142091751,0.539499819278717,0.2184453010559082,-8.775045394897461,-2.885037660598755,-2.8340721130371094,0.13766199350357056,0.3393927216529846,0.08047531545162201,9.745011329650879,0.9479167461395264,0.610163688659668
8.6,-0.50509113073349,-0.05723154544830322,0.02041144110262394,-1.5527725219726562,1.1208986043930054,-0.12400296330451965,0.12418929487466812,-0.05362854152917862,0.5301226377487183,-0.5615477561950684,-0.50509113073349,-0.05723154544830322,0.02041144110262394,-1.5527725219726562,1.1208986043930054,-0.12400296330451965,0.12418929487466812,-0.05362854152917862,0.5301226377487183,-0.5615477561950684,-0.19435270130634308,0.751598060131073,-1.507055640220642,3.648040533065796,-2.4123005867004395,-0.2095659226179123,0.9384719729423523,0.4528297483921051,0.7225565314292908,-1.0189573764801025,-0.4789475202560425,0.14358557760715485,0.005820052698254585,-1.0708963871002197,0.9445949792861938,-0.11131662130355835,0.31327328085899353,-0.07330441474914551,0.6277319192886353,0.167830228805542,-7.485940933227539,-2.1708717346191406,-2.8755712509155273,0.34452223777770996,0.4150041937828064,0.10518746823072433,9.74190616607666,0.9319231510162354,0.6803601980209351
8.62,-0.503839373588562,-0.03445587679743767,0.002816461957991123,-1.44589102268219,1.039055585861206,-0.12581683695316315,0.14501060545444489,-0.05055374652147293,0.5511347651481628,-0.5864687561988831,-0.503839373588562,-0.03445587679743767,0.002816461957991123,-1.44589102268219,1.039055585861206,-0.12581683695316315,0.14501060545444489,-0.05055374652147293,0.5511347651481628,-0.5864687561988831,0.2476377785205841,1.3834943771362305,-0.3239896595478058,6.724973678588867,-4.694113731384277,0.04458922892808914,1.0781490802764893,-0.3172103762626648,1.3238916397094727,-1.5424658060073853,-0.3354073166847229,0.16128762066364288,0.11693708598613739,-0.7591601610183716,0.5973992943763733,-0.03852084279060364,0.21600425243377686,-0.06251372396945953,0.6809290647506714,0.36911171674728394,-3.8860180377960205,-1.0141764879226685,-1.852258324623108,0.3453161418437958,0.5212761163711548,0.1344456821680069,9.737346649169922,0.9152971506118774,0.7631593346595764
8.64,-0.4910861849784851,-0.008372304029762745,0.021436253562569618,-1.2783230543136597,0.8446481823921204,-0.12223180383443832,0.1609455645084381,-0.05187084898352623,0.5867800712585449,-0.6167841553688049,-0.4910861849784851,-0.008372304029762745,0.021436253562569618,-1.2783230543136597,0.8446481823921204,-0.12223180383443832,0.1609455645084381,-0.05187084898352623,0.5867800712585449,-0.6167841553688049,0.8994001150131226,1.227921962738037,2.1885874271392822,9.584254264831543,-12.114395141601562,0.2798722982406616,0.5140336751937866,-0.31636664271354675,2.005943536758423,-1.5878459215164185,-0.148648202419281,0.10685281455516815,0.20899729430675507,-0.4902969002723694,0.17693179845809937,0.18861398100852966,0.04921843111515045,-0.07085530459880829,0.8230883479118347,0.47814857959747314,-3.836998224258423,-1.3022834062576294,-2.8572871685028076,0.3349411189556122,0.11262590438127518,0.0909034013748169,9.734034538269043,0.9013274312019348,0.8199316263198853
8.66,-0.4666251838207245,0.006625533569604158,0.08590372651815414,-1.0682294368743896,0.5287960767745972,-0.10497523844242096,0.1611081212759018,-0.0635337233543396,0.6456129550933838,-0.6486498713493347,-0.4666251838207245,0.006625533569604158,0.08590372651815414,-1.0682294368743896,0.5287960767745972,-0.10497523844242096,0.1611081212759018,-0.0635337233543396,0.6456129550933838,-0.6486498713493347,1.5905113220214844,0.3945257067680359,4.110173225402832,11.07289981842041,-17.238866806030273,1.3078773021697998,-0.40349066257476807,-0.6978623867034912,3.730992555618286,-1.503631353378296,-0.059459298849105835,-0.06755213439464569,0.0932268425822258,-0.4802066385746002,-0.16478294134140015,0.6035165786743164,-0.08052331209182739,-0.10112684965133667,0.8267537355422974,0.2812831997871399,-3.7686707973480225,-1.140543818473816,-3.232771873474121,0.030057035386562347,-0.5816571712493896,0.21008259057998657,9.740885734558105,0.8711764216423035,0.7696112990379333
8.68,-0.4385841190814972,-0.00453627435490489,0.13444095849990845,-0.8747838735580444,0.17932261526584625,-0.062424175441265106,0.14222316443920135,-0.0859810933470726,0.7317242622375488,-0.6777212023735046,-0.4385841190814972,-0.00453627435490489,0.13444095849990845,-0.8747838735580444,0.17932261526584625,-0.062424175441265106,0.14222316443920135,-0.0859810933470726,0.7317242622375488,-0.6777212023735046,1.3925691843032837,-1.1299420595169067,0.7044221758842468,8.392881393432617,-16.598735809326172,2.661135673522949,-1.2360811233520508,-1.3656048774719238,4.527525901794434,-1.3981071710586548,-0.04298725724220276,-0.18571463227272034,0.11041172593832016,-0.5507971048355103,-0.4647998809814453,0.7051144242286682,-0.1647319495677948,-0.004067216068506241,0.8146905899047852,0.23430341482162476,-5.101405143737793,-3.5827314853668213,-3.016400098800659,-0.7195347547531128,-1.2815234661102295,0.7768644690513611,9.762125968933105,0.7725821137428284,0.5831932425498962
8.7,-0.4093521535396576,-0.03294768184423447,0.1448952853679657,-0.8130980134010315,0.3693278133869171,-0.0009121204493567348,0.1222921833395958,-0.09339993447065353,0.808476984500885,-0.6877748966217041,-0.4093521535396576,-0.03294768184423447,0.1448952853679657,-0.8130980134010315,0.3693278133869171,-0.0009121204493567348,0.1222921833395958,-0.09339993447065353,0.808476984500885,-0.6877748966217041,-1.4698381423950195,-0.5046603679656982,0.025338787585496902,-0.18696020543575287,2.491806983947754,3.3793492317199707,-0.2607218027114868,0.9147248268127441,3.176119089126587,0.0068957144394516945,-0.16141235828399658,-0.3663810193538666,0.09503116458654404,-0.6901664137840271,-1.0251249074935913,0.7949532270431519,-0.25158604979515076,0.09852510690689087,0.9280255436897278,-0.10739853978157043,-113.7589340209961,26.795597076416016,45.00607681274414,-0.89990234375,-1.3705196380615234,1.5550793409347534,9.788732528686523,0.5324148535728455,0.3651587963104248
8.72,-0.4220534861087799,-0.05640861764550209,0.12447112053632736,-0.8111898899078369,0.37059077620506287,0.059155236929655075,0.10792358964681625,-0.0669218972325325,0.8659075498580933,-0.6314447522163391,-0.4220534861087799,-0.05640861764550209,0.12447112053632736,-0.8111898899078369,0.37059077620506287,0.059155236929655075,0.10792358964681625,-0.0669218972325325,0.8659075498580933,-0.6314447522163391,0.07693468034267426,-2.046452760696411,-1.2352988719940186,0.7942383289337158,-0.06516485661268234,3.2323694229125977,-1.3741228580474854,1.9607410430908203,3.207686424255371,2.6280622482299805,-0.14934082329273224,-0.12490591406822205,0.06854190677404404,-0.6838518977165222,-1.1484479904174805,0.4832702875137329,-0.015066500753164291,-0.15172414481639862,1.1854918003082275,-0.1993810534477234,-19.06041717529297,1.6680446863174438,-1.0646761655807495,-1.688909888267517,-1.1127870082855225,0.8312909603118896,9.802231788635254,0.3046751916408539,0.24399328231811523
8.74,-0.40371349453926086,-0.0870073065161705,0.1084342822432518,-0.783826470375061,0.36389508843421936,0.11570177227258682,0.08802323788404465,-0.05916500464081764,0.9382191300392151,-0.5154779553413391,-0.40371349453926086,-0.0870073065161705,0.1084342822432518,-0.783826470375061,0.36389508843421936,0.11570177227258682,0.08802323788404465,-0.05916500464081764,0.9382191300392151,-0.5154779553413391,1.454897165298462,-0.8430936336517334,-0.33114537596702576,1.6341499090194702,-0.565658450126648,2.512686014175415,-0.5936985015869141,-1.5915600061416626,4.008139610290527,5.63762092590332,-0.23747877776622772,-0.2471771240234375,-0.01427403837442398,-0.6225682497024536,-1.3426190614700317,0.5097911357879639,0.09130429476499557,0.004174393601715565,0.9990209937095642,-0.09714478254318237,-7.296826362609863,2.465048313140869,2.0770938396453857,-1.78014075756073,-0.48063763976097107,0.033703628927469254,9.807435989379883,0.21481704711914062,0.06449669599533081
8.76,-0.3780830204486847,-0.10355484485626221,0.07779153436422348,-0.7536302208900452,0.34884318709373474,0.15982314944267273,0.08309970051050186,-0.067325159907341,0.9992857575416565,-0.41113996505737305,-0.3780830204486847,-0.10355484485626221,0.07779153436422348,-0.7536302208900452,0.34884318709373474,0.15982314944267273,0.08309970051050186,-0.067325159907341,0.9992857575416565,-0.41113996505737305,1.0149229764938354,-0.9485040307044983,-2.6150667667388916,1.484613299369812,-0.8965476155281067,1.9467196464538574,0.08604568243026733,1.081235408782959,2.124251365661621,5.0582427978515625,-0.20667773485183716,-0.19076912105083466,0.07429129630327225,-0.6329272985458374,-0.5533002614974976,0.3307363986968994,-0.02192113921046257,0.031301479786634445,1.026179313659668,-0.08076441287994385,-9.398337364196777,-2.0397801399230957,-0.5540271997451782,-1.275287389755249,-0.3304677903652191,0.14950856566429138,9.80770206451416,0.21225164830684662,0.006127493921667337
8.78,-0.35855451226234436,-0.11964117735624313,0.05264287441968918,-0.7245501279830933,0.33387869596481323,0.1868448108434677,0.08129812777042389,-0.04343285784125328,1.0243666172027588,-0.3161948025226593,-0.35855451226234436,-0.11964117735624313,0.05264287441968918,-0.7245501279830933,0.33387869596481323,0.1868448108434677,0.08129812777042389,-0.04343285784125328,1.0243666172027588,-0.3161948025226593,0.9223662614822388,-0.6813135147094727,0.15317778289318085,1.3322886228561401,-0.5705636739730835,0.9094391465187073,-0.3166149854660034,1.1258211135864258,0.7339324355125427,4.533261299133301,-0.05627286434173584,-0.3076116442680359,0.13739584386348724,-0.5701683163642883,-0.5093804597854614,0.304661363363266,0.24084806442260742,-0.0064560649916529655,0.9911839962005615,-0.024749845266342163,-7.160889148712158,0.4348745346069336,-0.046282414346933365,-0.5520972609519958,-0.6269986629486084,0.04290727153420448,9.807916641235352,0.18468652665615082,-0.08223321288824081
8.8,-0.3324379324913025,-0.12921516597270966,0.067308709025383,-0.6898413896560669,0.32704952359199524,0.19873008131980896,0.08239877969026566,-0.010174711234867573,1.034929633140564,-0.23218177258968353,-0.3324379324913025,-0.12921516597270966,0.067308709025383,-0.6898413896560669,0.32704952359199524,0.19873008131980896,0.08239877969026566,-0.010174711234867573,1.034929633140564,-0.23218177258968353,1.5931501388549805,-0.38087785243988037,0.9458956718444824,2.063096523284912,-0.16573162376880646,0.473075807094574,0.35326293110847473,2.0109360218048096,0.4374162256717682,3.935778856277466,-0.13515716791152954,-0.20602761209011078,-0.005577556788921356,-0.6242316365242004,-0.7157917022705078,0.4096466898918152,0.008119650185108185,-0.029876429587602615,1.101528286933899,-0.3681803345680237,-7.1943559646606445,-0.2607124149799347,0.5712280869483948,-0.5918879508972168,-0.44395482540130615,-0.16673405468463898,9.806089401245117,0.20123815536499023,-0.1902988851070404
8.82,-0.30982843041419983,-0.14172975718975067,0.06064824014902115,-0.6593484282493591,0.3280324339866638,0.21638056635856628,0.08064556121826172,0.0034629518631845713,1.0508519411087036,-0.2623591125011444,-0.30982843041419983,-0.14172975718975067,0.06064824014902115,-0.6593484282493591,0.3280324339866638,0.21638056635856628,0.08064556121826172,0.0034629518631845713,1.0508519411087036,-0.2623591125011444,0.824335515499115,-0.7036965489387512,-1.4624605178833008,1.051769733428955,0.25687605142593384,1.1197718381881714,-0.3765265941619873,-0.4995069205760956,0.9658551216125488,-4.768209457397461,-0.269398033618927,-0.1343509405851364,0.08047907799482346,-0.5836282968521118,0.15185245871543884,0.3109985291957855,-0.11714772880077362,0.04416806623339653,1.1666542291641235,-0.16630160808563232,-4.2832350730896,1.432935118675232,2.7397143840789795,-0.8562650084495544,-0.4356596767902374,0.16341575980186462,9.803990364074707,0.19927184283733368,-0.27957919239997864
8.84,-0.2998111844062805,-0.15069188177585602,0.04864531010389328,-0.6493067145347595,0.3354412913322449,0.23492583632469177,0.06867790222167969,-0.0024341472890228033,1.0724713802337646,-0.25193676352500916,-0.2998111844062805,-0.15069188177585602,0.04864531010389328,-0.6493067145347595,0.3354412913322449,0.23492583632469177,0.06867790222167969,-0.0024341472890228033,1.0724713802337646,-0.25193676352500916,0.17586442828178406,-0.23177127540111542,-0.008380729705095291,-0.04552572965621948,0.1679672747850418,0.618158757686615,-0.8199379444122314,0.22655391693115234,1.3232557773590088,3.6271414756774902,0.02053973078727722,-0.24220708012580872,-0.0249129980802536,-0.4691058397293091,0.29977303743362427,0.520304799079895,-0.1581026315689087,0.19078131020069122,1.2666423320770264,-0.4578760862350464,-8.10226821899414,1.0595539808273315,4.00070858001709,-0.23881463706493378,-0.2698861360549927,0.0629325658082962,9.802343368530273,0.1788555085659027,-0.3437696397304535
8.86,-0.2860715091228485,-0.15633277595043182,0.037835534662008286,-0.6393091082572937,0.3358374238014221,0.2500092089176178,0.04957655072212219,0.028824303299188614,1.1177376508712769,-0.31232163310050964,-0.2860715091228485,-0.15633277595043182,0.037835534662008286,-0.6393091082572937,0.3358374238014221,0.2500092089176178,0.04957655072212219,0.028824303299188614,1.1177376508712769,-0.31232163310050964,1.2271755933761597,-0.3813807964324951,-1.143310785293579,1.081200122833252,-0.20213420689105988,1.0528876781463623,-1.087605357170105,2.8538200855255127,2.8210806846618652,-6.615542411804199,-0.36256396770477295,-0.23052144050598145,-0.16031472384929657,-0.5750291347503662,-0.740990161895752,0.3897261321544647,-0.27721619606018066,-0.0033093944657593966,1.0414283275604248,-0.4749484658241272,-11.957026481628418,0.4160641133785248,5.031148910522461,-0.8662613034248352,-0.04320630431175232,-0.1798170804977417,9.801018714904785,0.19530020654201508,-0.37147560715675354
8.88,-0.27365240454673767,-0.16809289157390594,-0.01045176014304161,-0.6291643977165222,0.3281390964984894,0.2731226682662964,0.013254356570541859,0.05716077983379364,1.130186915397644,-0.40362221002578735,-0.27365240454673767,-0.16809289157390594,-0.01045176014304161,-0.6291643977165222,0.3281390964984894,0.2731226682662964,0.013254356570541859,0.05716077983379364,1.130186915397644,-0.40362221002578735,0.013571340590715408,-0.621953547000885,-3.771031618118286,-0.028188232332468033,-0.42914247512817383,1.0713859796524048,-2.2031216621398926,-0.34123069047927856,-1.2913026809692383,-3.335000991821289,-0.9377215504646301,-0.04546729102730751,-0.388261616230011,-0.7180997133255005,-1.2913957834243774,0.057904064655303955,0.008329816162586212,0.0536515973508358,0.4072941839694977,-0.510668158531189,-5.392923355102539,-0.8584195971488953,3.3303940296173096,-0.8828569054603577,-0.028903286904096603,0.312140554189682,9.80074405670166,0.19661752879619598,-0.37797585129737854
8.9,-0.3025093972682953,-0.16759581863880157,-0.12015487253665924,-0.6578382253646851,0.3005487024784088,0.2769688665866852,-0.005572274327278137,0.060282401740550995,1.0052971839904785,-0.45261046290397644,-0.3025093972682953,-0.16759581863880157,-0.12015487253665924,-0.6578382253646851,0.3005487024784088,0.2769688665866852,-0.005572274327278137,0.060282401740550995,1.0052971839904785,-0.45261046290397644,-2.748032569885254,0.4805249869823456,-6.946830749511719,-2.7400383949279785,-1.101988673210144,-0.5732868313789368,0.15109150111675262,0.5854911804199219,-10.452823638916016,-2.329195022583008,-0.3948766887187958,0.03895631060004234,0.05053098127245903,-1.6472690105438232,-0.5412329435348511,-0.09926506876945496,0.18839789927005768,-0.16615453362464905,-0.006994485855102539,-0.46566787362098694,-5.069962024688721,-2.0769338607788086,4.011395454406738,0.9730023145675659,0.9060958027839661,1.0204881429672241,9.805352210998535,0.07186872512102127,-0.2932605445384979
8.92,-0.3520120084285736,-0.14008323848247528,-0.15548567473888397,-0.8001062273979187,0.2745656371116638,0.23573938012123108,0.007026371546089649,0.022000500932335854,0.7514937520027161,-0.46614593267440796,-0.3520120084285736,-0.14008323848247528,-0.15548567473888397,-0.8001062273979187,0.2745656371116638,0.23573938012123108,0.007026371546089649,0.022000500932335854,0.7514937520027161,-0.46614593267440796,-2.2243199348449707,1.885573148727417,2.929185152053833,-11.327282905578613,5.829148292541504,-2.975269317626953,1.0168527364730835,-4.495409965515137,-13.84100341796875,0.22989842295646667,-0.3740507662296295,-0.1596895307302475,0.022190146148204803,-1.647330403327942,-0.17116665840148926,-0.28028178215026855,0.21555358171463013,-0.05071846395730972,0.45613691210746765,-0.10800778865814209,-7.088473320007324,8.105202674865723,6.273983478546143,1.2743679285049438,1.5515940189361572,-0.263962060213089,9.809846878051758,-0.03760524094104767,-0.03976736590266228
8.94,-0.36748263239860535,-0.13025978207588196,-0.0892433449625969,-1.0321670770645142,0.15867052972316742,0.18667565286159515,0.02157839760184288,-0.018062971532344818,0.6415479183197021,-0.4305557906627655,-0.36748263239860535,-0.13025978207588196,-0.0892433449625969,-1.0321670770645142,0.15867052972316742,0.18667565286159515,0.02157839760184288,-0.018062971532344818,0.6415479183197021,-0.4305557906627655,0.3008435070514679,-0.35125982761383057,3.5703868865966797,-11.08141040802002,-13.90084457397461,-2.6792733669281006,0.458238422870636,0.6306244134902954,-0.19213290512561798,-1.423121690750122,-0.3674241900444031,-0.03894532844424248,0.002186514437198639,-1.847562313079834,0.22449129819869995,-0.2644994854927063,0.1824144870042801,-0.09870622307062149,0.4827025234699249,0.008318185806274414,-11.184782981872559,-1.6791008710861206,-2.8027756214141846,0.6225286722183228,0.20417025685310364,-1.7481204271316528,9.807418823242188,0.15089519321918488,0.16694508492946625
8.96,-0.36333009600639343,-0.12769284844398499,-0.029520751908421516,-1.2585893869400024,0.09634458273649216,0.13233867287635803,0.033823560923337936,-0.009404783137142658,0.6234312653541565,-0.43909645080566406,-0.36333009600639343,-0.12769284844398499,-0.029520751908421516,-1.2585893869400024,0.09634458273649216,0.13233867287635803,0.033823560923337936,-0.009404783137142658,0.6234312653541565,-0.43909645080566406,0.2228376567363739,0.42964789271354675,2.2256646156311035,-11.23820686340332,4.957715034484863,-2.5281903743743896,0.6909523606300354,0.15096737444400787,-1.0496670007705688,-0.06033686175942421,-0.3604056239128113,-0.03938059136271477,-0.22691120207309723,-1.6038269996643066,0.5199142694473267,-0.2250635027885437,0.22963230311870575,-0.05197664350271225,0.48180827498435974,0.20354443788528442,-8.793143272399902,-2.1526007652282715,-2.0474023818969727,0.5155432224273682,0.41972893476486206,-1.4728271961212158,9.795987129211426,0.47309550642967224,0.22564901411533356
8.98,-0.35427534580230713,-0.12068725377321243,-0.039206720888614655,-1.414393663406372,0.27825120091438293,0.08966601639986038,0.050776511430740356,-0.010252618230879307,0.6027654409408569,-0.4384011924266815,-0.35427534580230713,-0.12068725377321243,-0.039206720888614655,-1.414393663406372,0.27825120091438293,0.08966601639986038,0.050776511430740356,-0.010252618230879307,0.6027654409408569,-0.4384011924266815,0.4993158280849457,0.28209173679351807,-2.9524247646331787,-4.735642433166504,10.913948059082031,-1.7821277379989624,0.9933845400810242,-0.09772694110870361,-0.9934065341949463,0.11466043442487717,-0.4758453965187073,-0.025972705334424973,-0.15156498551368713,-1.597327709197998,0.5248658061027527,-0.1256161630153656,0.26995810866355896,-0.05977610498666763,0.4179750978946686,0.41458070278167725,-10.28132152557373,-2.452380657196045,-2.02097225189209,0.005009498912841082,0.6479960680007935,-0.9628722667694092,9.778620719909668,0.7129102349281311,0.3262527287006378
9.0,-0.35584720969200134,-0.1105419248342514,-0.09831972420215607,-1.4798706769943237,0.4251665771007538,0.06113380193710327,0.07026980817317963,-0.009492611512541771,0.5799667835235596,-0.43286100029945374,-0.35584720969200134,-0.1105419248342514,-0.09831972420215607,-1.4798706769943237,0.4251665771007538,0.06113380193710327,0.07026980817317963,-0.009492611512541771,0.5799667835235596,-0.43286100029945374,-0.4931425452232361,0.6604295969009399,-2.3480310440063477,-2.425656795501709,4.861623764038086,-1.2268526554107666,0.9019147157669067,0.15451398491859436,-1.3453480005264282,0.4462113082408905,-0.5058928728103638,-0.14494942128658295,0.032690487802028656,-1.6435818672180176,0.7291293144226074,-0.14741250872612,0.20976759493350983,-0.025244973599910736,0.43929576873779297,0.2713121771812439,-9.891640663146973,-2.150053024291992,-3.105567693710327,0.23726877570152283,0.5426705479621887,-0.3416301906108856,9.76417350769043,0.8360427021980286,0.44503524899482727
9.02,-0.3700530529022217,-0.10324061661958694,-0.10753019899129868,-1.525936245918274,0.5655099749565125,0.03696077689528465,0.08064491301774979,-0.0037935608997941017,0.5491459965705872,-0.4211994707584381,-0.3700530529022217,-0.10324061661958694,-0.10753019899129868,-1.525936245918274,0.5655099749565125,0.03696077689528465,0.08064491301774979,-0.0037935608997941017,0.5491459965705872,-0.4211994707584381,-0.8281974196434021,0.09307745099067688,1.4834083318710327,-2.217790365219116,7.879993915557861,-1.1950979232788086,0.19954656064510345,0.4124774932861328,-1.58418869972229,0.601362407207489,-0.6195069551467896,-0.148530974984169,-0.03906591236591339,-1.747698426246643,0.7912891507148743,-0.23022955656051636,0.23874260485172272,0.0254158154129982,0.38076525926589966,0.35409921407699585,-6.446678161621094,-0.5132005214691162,-1.9869349002838135,0.3879270553588867,-0.012509691528975964,-0.18196208775043488,9.757641792297363,0.8843898177146912,0.49232250452041626
9.04,-0.38952863216400146,-0.10504046082496643,-0.07050395756959915,-1.5776158571243286,0.6915008425712585,0.012003961019217968,0.08269984275102615,0.008461231365799904,0.516338586807251,-0.4091370403766632,-0.38952863216400146,-0.10504046082496643,-0.07050395756959915,-1.5776158571243286,0.6915008425712585,0.012003961019217968,0.08269984275102615,0.008461231365799904,0.516338586807251,-0.4091370403766632,-1.1190526485443115,-0.1730051338672638,1.5307672023773193,-2.9447550773620605,4.976938724517822,-1.3395533561706543,0.09685418009757996,0.7824013829231262,-1.7480286359786987,0.642512857913971,-0.5934118032455444,-0.13859589397907257,0.004078000783920288,-1.7247583866119385,0.9181769490242004,-0.21423578262329102,0.22359904646873474,0.06261733919382095,0.450361043214798,0.3352910280227661,-9.34006404876709,-1.2252475023269653,-1.9601737260818481,0.6012747883796692,-0.1708880066871643,-0.17666421830654144,9.755693435668945,0.92304927110672,0.45883941650390625
9.06,-0.41064220666885376,-0.1069207563996315,-0.04382139816880226,-1.6263811588287354,0.8015859127044678,-0.012214559130370617,0.08669216930866241,0.025060921907424927,0.48882201313972473,-0.40068522095680237,-0.41064220666885376,-0.1069207563996315,-0.04382139816880226,-1.6263811588287354,0.8015859127044678,-0.012214559130370617,0.08669216930866241,0.025060921907424927,0.48882201313972473,-0.40068522095680237,-0.9674006700515747,-0.057142194360494614,1.331101417541504,-1.9264534711837769,5.588764667510986,-1.085097074508667,0.248226135969162,0.8335636258125305,-0.9709950685501099,0.18398940563201904,-0.5315203666687012,-0.12835104763507843,0.039690762758255005,-1.6629109382629395,0.9244219064712524,-0.0704968273639679,0.20437473058700562,-0.10934080183506012,0.45118701457977295,0.22062599658966064,-6.904443264007568,-0.17556551098823547,-1.3215998411178589,0.659744381904602,-0.06144624203443527,-0.21108324825763702,9.753108024597168,0.9650256037712097,0.42626675963401794
9.08,-0.4266941249370575,-0.10852932184934616,-0.01729547418653965,-1.6470832824707031,0.8750580549240112,-0.02651120163500309,0.09142418205738068,0.012752089649438858,0.48010408878326416,-0.40201154351234436,-0.4266941249370575,-0.10852932184934616,-0.01729547418653965,-1.6470832824707031,0.8750580549240112,-0.02651120163500309,0.09142418205738068,0.012752089649438858,0.48010408878326416,-0.40201154351234436,-0.6297499537467957,-0.07229719310998917,1.3954299688339233,-0.34241947531700134,2.428544282913208,-0.42036792635917664,0.25895631313323975,-2.0454769134521484,-0.1199575662612915,-0.29320406913757324,-0.5754557847976685,-0.15442951023578644,0.05217134952545166,-1.6450005769729614,1.0469681024551392,-0.06458044052124023,0.14825449883937836,-0.06524407118558884,0.4803082346916199,0.4020913243293762,-5.017965316772461,-1.0974541902542114,-0.9328445196151733,0.22763919830322266,-0.03907186537981033,-0.13433802127838135,9.74980354309082,1.005733609199524,0.4073370695114136
9.1,-0.4392786920070648,-0.11386030912399292,0.011027168482542038,-1.6490161418914795,0.9520403146743774,-0.03116479329764843,0.0940607413649559,-0.011437038891017437,0.4826291501522064,-0.4097461700439453,-0.4392786920070648,-0.11386030912399292,0.011027168482542038,-1.6490161418914795,0.9520403146743774,-0.03116479329764843,0.0940607413649559,-0.011437038891017437,0.4826291501522064,-0.4097461700439453,-0.6433029174804688,-0.41192975640296936,1.430929183959961,0.08786475658416748,4.4978251457214355,-0.12528498470783234,0.006239401176571846,-0.2428426444530487,0.31216198205947876,-0.4046486020088196,-0.4917432963848114,-0.1585238128900528,0.003161616623401642,-1.3625909090042114,1.0610451698303223,0.012614578008651733,0.19065454602241516,0.009474597871303558,0.5078588724136353,0.3420364260673523,-9.421666145324707,-1.0661741495132446,-3.3202431201934814,0.04600977897644043,-0.2607702612876892,-0.025629360228776932,9.749382019042969,1.0201135873794556,0.3808138370513916
9.12,-0.4462029039859772,-0.12063461542129517,0.026906685903668404,-1.6048177480697632,1.0130212306976318,-0.03112626262009144,0.09666778147220612,-0.012713758274912834,0.49323052167892456,-0.4201529920101166,-0.4462029039859772,-0.12063461542129517,0.026906685903668404,-1.6048177480697632,1.0130212306976318,-0.03112626262009144,0.09666778147220612,-0.012713758274912834,0.49323052167892456,-0.4201529920101166,-0.15536311268806458,-0.318144828081131,0.1382511854171753,4.061992168426514,2.172866106033325,0.14821089804172516,0.20932942628860474,-0.042145270854234695,0.7200739979743958,-0.6198009252548218,-0.5071595311164856,-0.058115046471357346,0.037676289677619934,-1.3092129230499268,0.9918110370635986,0.005402892827987671,0.28913143277168274,-0.016008347272872925,0.5157357454299927,0.46279919147491455,-8.31124210357666,-1.6833661794662476,-2.267967700958252,-0.11613138020038605,-0.18575771152973175,0.024798717349767685,9.750626564025879,1.024381160736084,0.3346973955631256
9.14,-0.4491819143295288,-0.11718178540468216,0.030465953052043915,-1.5190171003341675,1.015714406967163,-0.02767340838909149,0.10481422394514084,-0.010966481640934944,0.509986937046051,-0.4347018301486969,-0.4491819143295288,-0.11718178540468216,0.030465953052043915,-1.5190171003341675,1.015714406967163,-0.02767340838909149,0.10481422394514084,-0.010966481640934944,0.509986937046051,-0.4347018301486969,-0.15878808498382568,0.5212711095809937,0.2810513377189636,4.196358680725098,-0.9927460551261902,0.17244012653827667,0.5507591962814331,0.15351825952529907,0.8925650715827942,-0.7788658142089844,-0.42606285214424133,-0.07189472019672394,0.07798181474208832,-1.149928092956543,0.7076042294502258,0.1280469298362732,0.225237637758255,0.049541495740413666,0.5766935348510742,0.2916714549064636,-8.99071979522705,-1.746482014656067,-2.8115923404693604,0.13410426676273346,0.013158349320292473,0.07212089747190475,9.752410888671875,1.013448715209961,0.3154430389404297
9.16,-0.45098814368247986,-0.10849727690219879,0.03952166810631752,-1.4242143630981445,0.8907689452171326,-0.019821977242827415,0.11508134007453918,-0.0013003641506657004,0.5333618521690369,-0.45220109820365906,-0.45098814368247986,-0.10849727690219879,0.03952166810631752,-1.4242143630981445,0.8907689452171326,-0.019821977242827415,0.11508134007453918,-0.0013003641506657004,0.5333618521690369,-0.45220109820365906,0.012955724261701107,0.3320322632789612,0.745541512966156,5.219898223876953,-8.774160385131836,0.5805347561836243,0.4486692249774933,0.7333090901374817,1.3879473209381104,-1.0283511877059937,-0.32413968443870544,0.051434535533189774,0.05593971908092499,-0.8812454342842102,0.4867096543312073,0.17256680130958557,0.2769191563129425,0.016986718401312828,0.633682131767273,0.34534430503845215,-4.661309719085693,-1.2928330898284912,-1.4807008504867554,0.04429085552692413,-0.12468738108873367,0.20821364223957062,9.755374908447266,0.9877188801765442,0.30524149537086487
9.18,-0.4424576163291931,-0.09375984966754913,0.055623859167099,-1.2926862239837646,0.6888113021850586,-0.005643606185913086,0.12784580886363983,0.0009039422729983926,0.5676642060279846,-0.47640445828437805,-0.4424576163291931,-0.09375984966754913,0.055623859167099,-1.2926862239837646,0.6888113021850586,-0.005643606185913086,0.12784580886363983,0.0009039422729983926,0.5676642060279846,-0.47640445828437805,0.7135984897613525,1.0074634552001953,0.6254368424415588,7.640068054199219,-10.088197708129883,0.8549294471740723,0.7747749090194702,-0.06080661714076996,1.9763011932373047,-1.3603163957595825,-0.21653413772583008,0.011352170258760452,0.21263550221920013,-0.6214002370834351,0.10115334391593933,0.19573000073432922,0.11263783276081085,-0.0957757979631424,0.7524000406265259,0.3160889744758606,-7.151854515075684,-1.7015080451965332,-2.746870517730713,-0.019366178661584854,0.09589961916208267,0.2348855435848236,9.759723663330078,0.9460605978965759,0.2980939745903015
9.2,-0.4220758080482483,-0.07818963378667831,0.08979226648807526,-1.1195143461227417,0.4125908613204956,0.014139545150101185,0.13452842831611633,-0.022360505536198616,0.6131771206855774,-0.502520740032196,-0.4220758080482483,-0.07818963378667831,0.08979226648807526,-1.1195143461227417,0.4125908613204956,0.014139545150101185,0.13452842831611633,-0.022360505536198616,0.6131771206855774,-0.502520740032196,1.2557469606399536,0.5841338634490967,3.096430540084839,9.33316421508789,-15.306191444396973,1.0820244550704956,-0.09135686606168747,-2.133559465408325,2.5163116455078125,-1.3359663486480713,-0.10307569801807404,-0.011013757437467575,0.1505507230758667,-0.5171430110931396,-0.05716252326965332,0.3810739815235138,0.028956033289432526,-0.08915866166353226,0.8480352759361267,0.16835761070251465,-3.565847396850586,-0.2698269486427307,-2.7654776573181152,-0.06789220869541168,-0.419948935508728,0.17630614340305328,9.764568328857422,0.9031214118003845,0.27142107486724854
9.22,-0.3945375978946686,-0.07352445274591446,0.14207889139652252,-0.9419395327568054,0.15699031949043274,0.04375363886356354,0.12779244780540466,-0.06040441244840622,0.6764935851097107,-0.532542884349823,-0.3945375978946686,-0.07352445274591446,0.14207889139652252,-0.9419395327568054,0.15699031949043274,0.04375363886356354,0.12779244780540466,-0.06040441244840622,0.6764935851097107,-0.532542884349823,1.5387861728668213,0.02610432170331478,1.7609589099884033,8.387495040893555,-10.565058708190918,1.7677353620529175,-0.46446773409843445,-1.536355972290039,3.673933744430542,-1.6071048974990845,-0.10426196455955505,-0.12865611910820007,0.14454439282417297,-0.5031180381774902,-0.35335099697113037,0.6136966943740845,-0.04513250291347504,-0.08548716455698013,0.7529934644699097,0.20304948091506958,-3.891237735748291,-0.5231041312217712,-2.4598491191864014,-0.41451507806777954,-0.7483571171760559,0.24697813391685486,9.771052360534668,0.8596219420433044,0.15391936898231506
9.24,-0.35525545477867126,-0.08224961906671524,0.16738827526569366,-0.8792210221290588,0.3245506286621094,0.09017711877822876,0.11948206275701523,-0.08864573389291763,0.7405048608779907,-0.5471324324607849,-0.35525545477867126,-0.08224961906671524,0.16738827526569366,-0.8792210221290588,0.3245506286621094,0.09017711877822876,0.11948206275701523,-0.08864573389291763,0.7405048608779907,-0.5471324324607849,1.7576442956924438,-0.8941171169281006,0.6381639838218689,4.304873943328857,7.6173906326293945,2.695251226425171,-0.604611873626709,-1.1531099081039429,2.565103769302368,-0.3390428125858307,-0.11890903115272522,-0.1750517189502716,0.09637802094221115,-0.5760425329208374,-0.543084979057312,0.527532696723938,-0.10539589822292328,-0.048505160957574844,1.0100500583648682,0.19538980722427368,-11.573978424072266,-4.327027797698975,0.0397050641477108,-0.7192628979682922,-0.777860701084137,1.1761813163757324,9.78248119354248,0.7333132028579712,0.03754304349422455
9.26,-0.33236998319625854,-0.10286042094230652,0.1672334372997284,-0.7979578971862793,0.4468602240085602,0.14661738276481628,0.10672959685325623,-0.09621461480855942,0.7957385182380676,-0.5448263883590698,-0.33236998319625854,-0.10286042094230652,0.1672334372997284,-0.7979578971862793,0.4468602240085602,0.14661738276481628,0.10672959685325623,-0.09621461480855942,0.7957385182380676,-0.5448263883590698,-1.366647720336914,0.10563577711582184,-0.09553124755620956,-0.18193446099758148,0.7657189965248108,2.8420588970184326,0.13064338266849518,0.30690979957580566,2.9714479446411133,0.3966214656829834,-0.20861098170280457,-0.2577594220638275,0.09359996765851974,-0.6806032657623291,-1.0225305557250977,0.7456515431404114,-0.25203150510787964,-0.021587733179330826,1.0291715860366821,-0.22944578528404236,-109.1875228881836,25.698015213012695,50.56656265258789,-0.34522101283073425,-0.9860764741897583,1.2903655767440796,9.798254013061523,0.4620623290538788,-0.12967048585414886
9.28,-0.3383137583732605,-0.11422073841094971,0.14886362850666046,-0.7979592084884644,0.4396176338195801,0.1967444270849228,0.09125767648220062,-0.1004323810338974,0.8654403686523438,-0.4798002541065216,-0.3383137583732605,-0.11422073841094971,0.14886362850666046,-0.7979592084884644,0.4396176338195801,0.1967444270849228,0.09125767648220062,-0.1004323810338974,0.8654403686523438,-0.4798002541065216,0.15206076204776764,-1.2089207172393799,-1.1663761138916016,0.47126585245132446,-0.20488224923610687,2.8728699684143066,-1.5866038799285889,-0.025463934987783432,3.523684024810791,6.1275129318237305,-0.11759942770004272,-0.13077840209007263,0.048730574548244476,-0.6676431894302368,-1.020009160041809,0.37177056074142456,0.033698517829179764,-0.029342371970415115,1.1859081983566284,-0.22283229231834412,-11.196517944335938,1.1046346426010132,3.852412700653076,-1.3268707990646362,-0.7837457656860352,0.41138485074043274,9.801523208618164,0.3516489565372467,-0.20635171234607697
9.3,-0.3177669942378998,-0.1285044103860855,0.12507517635822296,-0.7792337536811829,0.4339422285556793,0.23682153224945068,0.07757777720689774,-0.08279373496770859,0.9403102397918701,-0.39107760787010193,-0.3177669942378998,-0.1285044103860855,0.12507517635822296,-0.7792337536811829,0.4339422285556793,0.23682153224945068,0.07757777720689774,-0.08279373496770859,0.9403102397918701,-0.39107760787010193,1.518562912940979,-0.2458776980638504,-1.244925618171692,1.0761796236038208,-0.32773324847221375,1.2591086626052856,-0.06387346237897873,1.362879991531372,4.011438369750977,5.7882866859436035,-0.2928239703178406,-0.23007071018218994,-0.00308120995759964,-0.6185778379440308,-1.1085128784179688,0.464979887008667,0.14111292362213135,-0.010790067724883556,1.0749636888504028,-0.08005821704864502,-5.4733052253723145,0.8954426050186157,3.061713457107544,-1.0432815551757812,-0.15959800779819489,-0.5191485285758972,9.79837417602539,0.369497150182724,-0.30237388610839844
9.32,-0.29820093512535095,-0.13439121842384338,0.08349696546792984,-0.7611424326896667,0.42064109444618225,0.26484233140945435,0.08253613859415054,-0.057737141847610474,1.000105619430542,-0.3105499744415283,-0.29820093512535095,-0.13439121842384338,0.08349696546792984,-0.7611424326896667,0.42064109444618225,0.26484233140945435,0.08253613859415054,-0.057737141847610474,1.000105619430542,-0.3105499744415283,0.5989491939544678,-0.4033105671405792,-2.785393476486206,0.7193092703819275,0.4713124632835388,1.5071876049041748,0.45796602964401245,1.220041275024414,2.0482208728790283,3.4135775566101074,-0.27359119057655334,-0.19095610082149506,0.03667367249727249,-0.6163098812103271,0.24530375003814697,0.27421337366104126,-0.0683889091014862,0.06965328752994537,0.9758113622665405,-0.07589194178581238,-8.535500526428223,-1.5946646928787231,0.4116462767124176,-0.5613959431648254,-0.09395470470190048,-0.041930098086595535,9.795286178588867,0.43757444620132446,-0.3114337921142578
9.34,-0.2873287498950958,-0.1427924633026123,0.06647501140832901,-0.7482157945632935,0.41913262009620667,0.2797699570655823,0.08273298293352127,-0.03733229264616966,1.0179457664489746,-0.2473047822713852,-0.2873287498950958,-0.1427924633026123,0.06647501140832901,-0.7482157945632935,0.41913262009620667,0.2797699570655823,0.08273298293352127,-0.03733229264616966,1.0179457664489746,-0.2473047822713852,0.4713574945926666,-0.5519648194313049,0.041393645107746124,0.565758466720581,-0.22817642986774445,0.15772658586502075,-0.36708441376686096,0.9332901835441589,0.10969796776771545,2.422084093093872,-0.13726705312728882,-0.2184896618127823,-0.0015159472823143005,-0.547622799873352,0.3237856328487396,0.27768224477767944,0.1979823261499405,-0.025307465344667435,0.9867143630981445,-0.41412878036499023,-9.654010772705078,-1.2378063201904297,0.16892299056053162,-0.02617093361914158,-0.6096727848052979,-0.17181837558746338,9.792330741882324,0.4571402966976166,-0.370652437210083
9.36,-0.27323517203330994,-0.14789848029613495,0.06227504089474678,-0.7305662035942078,0.41183188557624817,0.27918437123298645,0.0874599739909172,-0.02042994275689125,1.0135951042175293,-0.29595980048179626,-0.27323517203330994,-0.14789848029613495,0.06227504089474678,-0.7305662035942078,0.41183188557624817,0.27918437123298645,0.0874599739909172,-0.02042994275689125,1.0135951042175293,-0.29595980048179626,0.9473066329956055,-0.00622950866818428,-0.6737005114555359,1.1699132919311523,-0.4799979031085968,-0.032174501568078995,0.7176003456115723,0.4320981502532959,-0.422572523355484,-5.384028434753418,-0.23130318522453308,-0.17449334263801575,-0.006932578980922699,-0.590996503829956,-0.41211998462677,0.33342331647872925,0.0422196164727211,-0.03402498736977577,1.1383109092712402,-0.058854907751083374,-8.45077133178711,-0.8363820314407349,3.6857190132141113,-0.23446108400821686,-0.07968773692846298,-0.21752457320690155,9.787185668945312,0.49322596192359924,-0.4514787793159485
9.38,-0.2601119577884674,-0.1498759686946869,0.043376293033361435,-0.7113573551177979,0.4010682702064514,0.2872666120529175,0.09331019222736359,-0.025801628828048706,1.0240732431411743,-0.23913326859474182,-0.2601119577884674,-0.1498759686946869,0.043376293033361435,-0.7113573551177979,0.4010682702064514,0.2872666120529175,0.09331019222736359,-0.025801628828048706,1.0240732431411743,-0.23913326859474182,0.39494788646698,-0.012152989394962788,-0.6028526425361633,0.6122833490371704,-0.0427766852080822,0.5693261623382568,-0.04828348383307457,-0.6521154642105103,1.489784836769104,7.978240013122559,-0.3365435004234314,-0.14347675442695618,0.03704795986413956,-0.5454421639442444,0.31337419152259827,0.2655416429042816,-0.16629847884178162,0.0696067363023758,1.2512454986572266,-0.13425439596176147,-8.693079948425293,0.41929951310157776,3.5869054794311523,-0.3910515606403351,-0.022480880841612816,0.06352594494819641,9.786200523376465,0.5067316889762878,-0.4578322172164917
9.4,-0.2560551166534424,-0.15306472778320312,0.03884804993867874,-0.7023724913597107,0.39841365814208984,0.29436174035072327,0.07931002974510193,-0.023562351241707802,1.0710344314575195,-0.16045166552066803,-0.2560551166534424,-0.15306472778320312,0.03884804993867874,-0.7023724913597107,0.39841365814208984,0.29436174035072327,0.07931002974510193,-0.023562351241707802,1.0710344314575195,-0.16045166552066803,-0.0036884676665067673,-0.24291294813156128,0.1484413594007492,0.29583045840263367,-0.14488039910793304,0.13773885369300842,-1.2208789587020874,1.0769436359405518,2.9247496128082275,1.2669737339019775,-0.02240365743637085,-0.23546534776687622,0.02478259801864624,-0.3848104476928711,0.5016403794288635,0.4537177085876465,-0.2663561999797821,0.19703605771064758,1.3802686929702759,-0.5423374176025391,-8.606106758117676,-1.1573995351791382,3.8715198040008545,0.025315377861261368,-0.26857122778892517,0.09499255567789078,9.785595893859863,0.49634304642677307,-0.48151183128356934
9.42,-0.24605025351047516,-0.1588796079158783,0.034751903265714645,-0.6834740042686462,0.3901733160018921,0.29791659116744995,0.04801856726408005,0.02229957841336727,1.147213101387024,-0.2970036268234253,-0.24605025351047516,-0.1588796079158783,0.034751903265714645,-0.6834740042686462,0.3901733160018921,0.29791659116744995,0.04801856726408005,0.02229957841336727,1.147213101387024,-0.2970036268234253,1.0458717346191406,-0.3613264858722687,-0.671409547328949,1.6631555557250977,-0.7420043349266052,0.3878186345100403,-1.8646113872528076,3.3613080978393555,4.332129001617432,-11.409427642822266,-0.5228713750839233,-0.13736926019191742,-0.2708810269832611,-0.675503671169281,-0.744307279586792,0.059058308601379395,-0.15804187953472137,0.12314760684967041,0.9936366677284241,-0.4638857841491699,-13.304581642150879,-1.7341713905334473,5.834068775177002,-0.5506351590156555,-0.10304318368434906,-0.049322281032800674,9.784097671508789,0.49077680706977844,-0.5163986682891846
9.44,-0.2444465011358261,-0.16575075685977936,-0.029574574902653694,-0.674723744392395,0.3610880374908447,0.29487913846969604,0.015478058718144894,0.08906565606594086,1.1591681241989136,-0.41268619894981384,-0.2444465011358261,-0.16575075685977936,-0.029574574902653694,-0.674723744392395,0.3610880374908447,0.29487913846969604,0.015478058718144894,0.08906565606594086,1.1591681241989136,-0.41268619894981384,-0.8974859118461609,-0.2585989534854889,-5.748945713043213,-0.8530799150466919,-1.948486566543579,-0.8023121953010559,-1.2631165981292725,2.6531054973602295,-2.545098066329956,-2.499537229537964,-0.7481672763824463,-0.041621122509241104,-0.3045746684074402,-0.6331124305725098,-1.1617918014526367,-0.10710230469703674,-0.07613307237625122,0.04753284528851509,0.4311768710613251,-0.5519579648971558,-5.442166328430176,-0.8430682420730591,3.950012683868408,0.24250996112823486,0.3488079905509949,0.3218158781528473,9.786307334899902,0.46848052740097046,-0.49479007720947266
9.46,-0.2744366526603699,-0.15938051044940948,-0.13888037204742432,-0.695610761642456,0.310357928276062,0.26474788784980774,-0.002088068751618266,0.11034534126520157,1.0209376811981201,-0.4700998365879059,-0.2744366526603699,-0.15938051044940948,-0.13888037204742432,-0.695610761642456,0.310357928276062,0.26474788784980774,-0.002088068751618266,0.11034534126520157,1.0209376811981201,-0.4700998365879059,-1.996712327003479,0.7868157625198364,-4.873195648193359,-1.1488559246063232,-2.1491527557373047,-1.8720097541809082,-0.5581422448158264,-0.381608247756958,-10.368823051452637,-3.447136640548706,-0.4310157895088196,0.08252108842134476,0.0014523006975650787,-1.8766980171203613,-0.33795416355133057,-0.1942419409751892,0.1920524537563324,-0.21912607550621033,0.1821461319923401,-0.25794386863708496,-5.135753631591797,-2.8286426067352295,3.840893268585205,1.277967929840088,1.0847270488739014,0.8295730948448181,9.796963691711426,0.3579083979129791,-0.3570650517940521
9.48,-0.32058510184288025,-0.12528246641159058,-0.15823234617710114,-0.8235582113265991,0.2716071307659149,0.21342195570468903,0.0010999183868989348,0.04158056899905205,0.7948915362358093,-0.40468326210975647,-0.32058510184288025,-0.12528246641159058,-0.15823234617710114,-0.8235582113265991,0.2716071307659149,0.21342195570468903,0.0010999183868989348,0.04158056899905205,0.7948915362358093,-0.40468326210975647,-2.6977686882019043,2.1329379081726074,2.214090585708618,-13.11985969543457,6.74851131439209,-3.1893508434295654,0.8617336750030518,-6.299951553344727,-11.42361068725586,6.957259654998779,-0.4074348509311676,-0.17811425030231476,0.017550818622112274,-1.6521395444869995,-0.14973050355911255,-0.29030901193618774,0.20854179561138153,-0.0812758281826973,0.47485190629959106,-0.015343248844146729,-6.706433296203613,9.717991828918457,6.202367782592773,1.500918984413147,1.8797534704208374,0.007955586537718773,9.807074546813965,0.23038047552108765,-0.06564891338348389
9.5,-0.3489760160446167,-0.10443123430013657,-0.1092662513256073,-1.0861573219299316,0.130005344748497,0.14576736092567444,0.022760862484574318,-0.05582772195339203,0.6715651750564575,-0.4672086834907532,-0.3489760160446167,-0.10443123430013657,-0.1092662513256073,-1.0861573219299316,0.130005344748497,0.14576736092567444,0.022760862484574318,-0.05582772195339203,0.6715651750564575,-0.4672086834907532,-0.8579939603805542,-0.062248680740594864,2.4242472648620605,-10.830851554870605,-2.840977191925049,-3.016929864883423,1.3503297567367554,-2.4363694190979004,-3.8267388343811035,-4.441324710845947,-0.4042956233024597,0.020752418786287308,-0.08313729614019394,-1.886516809463501,0.4368772804737091,-0.34423166513442993,0.2118106484413147,-0.05648531764745712,0.45815014839172363,0.4118894338607788,-3.7111504077911377,0.9337372779846191,-2.501251459121704,0.6995289325714111,1.3499070405960083,-0.5761871337890625,9.801164627075195,0.32355600595474243,0.2618865668773651
9.52,-0.3488610088825226,-0.11197073757648468,-0.058924853801727295,-1.3002099990844727,0.174039825797081,0.1024375706911087,0.039211250841617584,-0.056022610515356064,0.6478793025016785,-0.49172115325927734,-0.3488610088825226,-0.11197073757648468,-0.058924853801727295,-1.3002099990844727,0.174039825797081,0.1024375706911087,0.039211250841617584,-0.056022610515356064,0.6478793025016785,-0.49172115325927734,0.3959552049636841,0.3183227479457855,2.167013645172119,-11.000046730041504,11.199248313903809,-2.418584108352661,0.8796077370643616,1.1363999843597412,-0.8246147632598877,0.18140046298503876,-0.3914697468280792,-0.001964133232831955,-0.03546341508626938,-1.5923149585723877,0.5751983523368835,-0.2692473530769348,0.23820284008979797,-0.13213035464286804,0.48178717494010925,0.35668468475341797,-12.105769157409668,-3.101121425628662,-3.2518959045410156,1.1233572959899902,0.4955905079841614,-1.4241389036178589,9.788167953491211,0.5221105217933655,0.39403554797172546
9.54,-0.3428024351596832,-0.09940260648727417,-0.03553037345409393,-1.4466662406921387,0.37790796160697937,0.05772196128964424,0.05770100653171539,-0.04311555251479149,0.6231768131256104,-0.4860978424549103,-0.3428024351596832,-0.09940260648727417,-0.03553037345409393,-1.4466662406921387,0.37790796160697937,0.05772196128964424,0.05770100653171539,-0.04311555251479149,0.6231768131256104,-0.4860978424549103,0.18139813840389252,0.7424949407577515,0.6504111289978027,-4.026337146759033,8.99445629119873,-1.9901893138885498,0.878126323223114,-0.6038293242454529,-1.5301796197891235,0.2203298956155777,-0.5102766752243042,0.003935921937227249,-0.1841498166322708,-1.55527925491333,0.6386107206344604,-0.07310831546783447,0.24779967963695526,-0.10841146856546402,0.4269345700740814,0.3900599479675293,-5.738796710968018,-2.7323076725006104,-0.3897739350795746,1.0886262655258179,0.6347569227218628,-0.8643232583999634,9.768128395080566,0.7593123316764832,0.49316149950027466
9.56,-0.3499331474304199,-0.08887782692909241,-0.053235094994306564,-1.4942222833633423,0.5202035903930664,0.03260280564427376,0.07541786879301071,-0.03906258940696716,0.5981565713882446,-0.4787343442440033,-0.3499331474304199,-0.08887782692909241,-0.053235094994306564,-1.4942222833633423,0.5202035903930664,0.03260280564427376,0.07541786879301071,-0.03906258940696716,0.5981565713882446,-0.4787343442440033,-0.7105152606964111,0.4249066710472107,-2.33174729347229,-1.3781261444091797,5.6987624168396,-0.7913433313369751,0.9157540798187256,0.45438602566719055,-1.220718502998352,0.47630637884140015,-0.5552178025245667,-0.1764727085828781,0.05790252238512039,-1.6577279567718506,0.7230260372161865,-0.16618722677230835,0.21035535633563995,-0.08453749120235443,0.43251827359199524,0.30877989530563354,-10.674433708190918,-2.843655824661255,-3.196016311645508,0.67670738697052,0.594978392124176,-0.044471438974142075,9.754634857177734,0.85219407081604,0.5974714159965515
9.58,-0.36806461215019226,-0.08793240040540695,-0.07306243479251862,-1.5296589136123657,0.6265297532081604,0.014157346449792385,0.08503473550081253,-0.029677821323275566,0.5662240982055664,-0.4647999703884125,-0.36806461215019226,-0.08793240040540695,-0.07306243479251862,-1.5296589136123657,0.6265297532081604,0.014157346449792385,0.08503473550081253,-0.029677821323275566,0.5662240982055664,-0.4647999703884125,-1.032365083694458,-0.279071569442749,1.0163265466690063,-2.2080559730529785,4.76163911819458,-1.0570651292800903,0.10248557478189468,0.6144731044769287,-1.7951524257659912,0.823546290397644,-0.5449703335762024,-0.08571280539035797,0.04996100813150406,-1.7953332662582397,0.8200991749763489,-0.22494345903396606,0.22586968541145325,-0.07421247661113739,0.38204336166381836,0.19664835929870605,-7.724632740020752,-0.6750878095626831,-2.669271945953369,0.7797166109085083,-0.025988202542066574,0.011508257128298283,9.751201629638672,0.8562098145484924,0.6458174586296082
9.6,-0.3862502872943878,-0.08951206505298615,-0.031414058059453964,-1.5875579118728638,0.7254460453987122,-0.010081875137984753,0.08733952045440674,-0.017053456977009773,0.5296803116798401,-0.44941040873527527,-0.3862502872943878,-0.08951206505298615,-0.031414058059453964,-1.5875579118728638,0.7254460453987122,-0.010081875137984753,0.08733952045440674,-0.017053456977009773,0.5296803116798401,-0.44941040873527527,-0.7994863390922546,0.09831254929304123,2.406320333480835,-3.4973466396331787,4.698541164398193,-1.3025704622268677,0.16388572752475739,0.6429094672203064,-1.824863314628601,0.7660080790519714,-0.6585491299629211,-0.12988270819187164,0.023279905319213867,-1.6632812023162842,0.9378846883773804,-0.21149998903274536,0.21508941054344177,0.044240184128284454,0.44193121790885925,0.3473028540611267,-9.024152755737305,-1.3494806289672852,-2.2884421348571777,0.7111047506332397,-0.0500824861228466,-0.17448624968528748,9.75062084197998,0.8819649815559387,0.6193758249282837
9.62,-0.40576639771461487,-0.09036241471767426,0.0049947164952754974,-1.6332825422286987,0.8264275193214417,-0.029972396790981293,0.09120602905750275,-0.00179107126314193,0.49917837977409363,-0.4370076656341553,-0.40576639771461487,-0.09036241471767426,0.0049947164952754974,-1.6332825422286987,0.8264275193214417,-0.029972396790981293,0.09120602905750275,-0.00179107126314193,0.49917837977409363,-0.4370076656341553,-1.1596927642822266,-0.17474497854709625,1.2462867498397827,-1.0307844877243042,5.148448944091797,-0.7979320883750916,0.19288237392902374,0.9243586659431458,-1.2630711793899536,0.47013798356056213,-0.5896022915840149,-0.10966135561466217,0.07181056588888168,-1.7025662660598755,0.9342498779296875,-0.14145949482917786,0.20728854835033417,-0.12550240755081177,0.425570547580719,0.31088751554489136,-7.484267234802246,-0.6865020394325256,-1.5161844491958618,0.7123376727104187,-0.05027485266327858,0.06507521122694016,9.750164031982422,0.9005884528160095,0.5994500517845154
9.64,-0.42651793360710144,-0.09321171045303345,0.02680939994752407,-1.6485451459884644,0.893308699131012,-0.043580587953329086,0.09462706744670868,-0.0028256941586732864,0.4808005094528198,-0.4311889708042145,-0.42651793360710144,-0.09321171045303345,0.02680939994752407,-1.6485451459884644,0.893308699131012,-0.043580587953329086,0.09462706744670868,-0.0028256941586732864,0.4808005094528198,-0.4311889708042145,-0.8349469900131226,-0.15254409611225128,1.1325674057006836,-0.767724871635437,2.082181453704834,-0.5267688035964966,0.13820479810237885,-0.5416734218597412,-0.553146243095398,0.25856858491897583,-0.6277903914451599,-0.11047928035259247,0.07778529077768326,-1.7163220643997192,1.0153625011444092,-0.10613086819648743,0.19705043733119965,-0.08769793808460236,0.45413944125175476,0.4093779921531677,-13.82224178314209,-1.2079030275344849,-4.409183979034424,0.5038542151451111,-0.01767745614051819,-0.016513606533408165,9.751028060913086,0.9041928052902222,0.5796386003494263
9.66,-0.44420427083969116,-0.09555821865797043,0.0485292486846447,-1.6653074026107788,0.9492670297622681,-0.05068765580654144,0.09832533448934555,-0.018112991005182266,0.4734547734260559,-0.4318646490573883,-0.44420427083969116,-0.09555821865797043,0.0485292486846447,-1.6653074026107788,0.9492670297622681,-0.05068765580654144,0.09832533448934555,-0.018112991005182266,0.4734547734260559,-0.4318646490573883,-0.8831262588500977,-0.1490824818611145,1.0144075155258179,-0.831936776638031,3.1087920665740967,-0.2102072685956955,0.164707213640213,-0.06665495783090591,-0.09854934364557266,-0.11332737654447556,-0.48354971408843994,-0.1123281866312027,0.013621337711811066,-1.3935950994491577,1.1020530462265015,0.012213438749313354,0.1917080283164978,-0.050358839333057404,0.494425505399704,0.4142555594444275,-8.885367393493652,-1.095048427581787,-2.800701379776001,0.23136083781719208,-0.10787926614284515,0.04232458025217056,9.75192642211914,0.9060114026069641,0.5613992810249329
9.68,-0.4528830051422119,-0.09889745712280273,0.05353117361664772,-1.6323968172073364,1.0202069282531738,-0.05049007758498192,0.10417748987674713,-0.02247178554534912,0.47878652811050415,-0.43817493319511414,-0.4528830051422119,-0.09889745712280273,0.05353117361664772,-1.6323968172073364,1.0202069282531738,-0.05049007758498192,0.10417748987674713,-0.02247178554534912,0.47878652811050415,-0.43817493319511414,-0.09940264374017715,-0.2099594622850418,-0.45855292677879333,3.860095977783203,3.735830307006836,0.2504580616950989,0.36230385303497314,-0.29969996213912964,0.6009036898612976,-0.46931445598602295,-0.4677438735961914,-0.040284376591444016,0.06076432764530182,-1.4071611166000366,1.1150715351104736,-0.04609188437461853,0.28427064418792725,-0.008935123682022095,0.5070697665214539,0.5126773118972778,-8.008757591247559,-1.522606611251831,-2.3502790927886963,-0.25070759654045105,-0.005850798450410366,0.06656588613986969,9.75314998626709,0.8999962210655212,0.5497052669525146
9.7,-0.45271173119544983,-0.09482421725988388,0.04961079731583595,-1.5582863092422485,1.0748234987258911,-0.0477212518453598,0.11364258080720901,-0.02383441850543022,0.4922756254673004,-0.449678897857666,-0.45271173119544983,-0.09482421725988388,0.04961079731583595,-1.5582863092422485,1.0748234987258911,-0.0477212518453598,0.11364258080720901,-0.02383441850543022,0.4922756254673004,-0.449678897857666,0.046807125210762024,0.5000182390213013,0.13562312722206116,3.219665765762329,1.969543695449829,0.018687939271330833,0.5431598424911499,0.11051178723573685,0.7128356695175171,-0.6444490551948547,-0.4905087947845459,-0.04290623590350151,0.08509381115436554,-1.276299238204956,0.8721072673797607,0.05248287320137024,0.26857200264930725,0.027142077684402466,0.5349823236465454,0.37947505712509155,-8.137137413024902,-1.3471730947494507,-2.801497459411621,0.023163065314292908,0.06858184188604355,-0.04454569146037102,9.753344535827637,0.8937063217163086,0.556462824344635
9.72,-0.4546232521533966,-0.08509847521781921,0.05663878098130226,-1.486786127090454,1.005163550376892,-0.04314165934920311,0.12386848032474518,-0.01909582130610943,0.5109334588050842,-0.46485432982444763,-0.4546232521533966,-0.08509847521781921,0.05663878098130226,-1.486786127090454,1.005163550376892,-0.04314165934920311,0.12386848032474518,-0.01909582130610943,0.5109334588050842,-0.46485432982444763,-0.17456069588661194,0.44243377447128296,0.562123715877533,3.979508638381958,-6.279237270355225,0.3887817859649658,0.4619060158729553,0.3061963617801666,1.0807498693466187,-0.8431804180145264,-0.2807004153728485,0.058380890637636185,0.0508202463388443,-1.0411567687988281,0.71110999584198,0.062386512756347656,0.29488807916641235,0.02316325157880783,0.6029032468795776,0.0864790678024292,-7.6372222900390625,-1.7693612575531006,-2.601755380630493,0.16807137429714203,-0.03174681216478348,0.16018709540367126,9.753938674926758,0.8860337138175964,0.5583187341690063
9.74,-0.4454014003276825,-0.07024100422859192,0.06456485390663147,-1.3807227611541748,0.8591362833976746,-0.03675839304924011,0.13747526705265045,-0.013734466396272182,0.5379452705383301,-0.4855450391769409,-0.4454014003276825,-0.07024100422859192,0.06456485390663147,-1.3807227611541748,0.8591362833976746,-0.03675839304924011,0.13747526705265045,-0.013734466396272182,0.5379452705383301,-0.4855450391769409,0.9337285161018372,0.939109206199646,0.12260743975639343,6.323584079742432,-7.329625606536865,0.35031816363334656,0.8220097422599792,0.130207821726799,1.639413595199585,-1.2253482341766357,-0.18388071656227112,0.016881991177797318,0.1877094954252243,-0.7917903661727905,0.3706579804420471,0.1892755627632141,0.1423853635787964,-0.06430014967918396,0.6969965100288391,0.3135903477668762,-6.5635552406311035,-1.411411166191101,-2.3551557064056396,0.057183485478162766,0.19931191205978394,-0.05365932360291481,9.754058837890625,0.8778983354568481,0.5689704418182373
9.76,-0.42276614904403687,-0.05669625476002693,0.08558300137519836,-1.232093095779419,0.6334090232849121,-0.02219139039516449,0.14629411697387695,-0.025912651792168617,0.5807754397392273,-0.5104950666427612,-0.42276614904403687,-0.05669625476002693,0.08558300137519836,-1.232093095779419,0.6334090232849121,-0.02219139039516449,0.14629411697387695,-0.025912651792168617,0.5807754397392273,-0.5104950666427612,1.3136123418807983,0.4664551019668579,2.280393362045288,8.242136001586914,-12.879546165466309,1.0094166994094849,0.07522115856409073,-1.1961344480514526,2.4891111850738525,-1.2980108261108398,-0.056404829025268555,0.036771196871995926,0.22929832339286804,-0.6022464632987976,0.06903395056724548,0.3746243119239807,0.034941572695970535,-0.04145173355937004,0.8239079117774963,0.2020396590232849,-4.1489386558532715,-0.9535186886787415,-2.910709857940674,-0.11996403336524963,-0.28836789727211,0.08707723766565323,9.754599571228027,0.8742616176605225,0.5652905702590942
9.78,-0.3921479880809784,-0.050219446420669556,0.14561273157596588,-1.059248924255371,0.3509444296360016,0.007726272568106651,0.14266134798526764,-0.04410512000322342,0.6450896263122559,-0.5387815237045288,-0.3921479880809784,-0.050219446420669556,0.14561273157596588,-1.059248924255371,0.3509444296360016,0.007726272568106651,0.14266134798526764,-0.04410512000322342,0.6450896263122559,-0.5387815237045288,1.7719316482543945,0.22684507071971893,3.4026691913604736,8.818007469177246,-13.889912605285645,1.8592694997787476,-0.38025733828544617,-0.5598688721656799,3.812020778656006,-1.4451990127563477,-0.09860116243362427,-0.0651291161775589,0.164570614695549,-0.5403988361358643,-0.13277071714401245,0.6670680046081543,-0.055692851543426514,-0.07844910025596619,0.7485798597335815,0.20695072412490845,-3.9360692501068115,-0.8377355337142944,-3.0666701793670654,-0.4414445459842682,-0.6953353881835938,0.23189760744571686,9.76285457611084,0.8373649716377258,0.4707266390323639
9.8,-0.3621390759944916,-0.0568530336022377,0.1935066431760788,-0.93050217628479,0.22306321561336517,0.055537737905979156,0.12855572998523712,-0.06330299377441406,0.7186118364334106,-0.5657162070274353,-0.3621390759944916,-0.0568530336022377,0.1935066431760788,-0.93050217628479,0.22306321561336517,0.055537737905979156,0.12855572998523712,-0.06330299377441406,0.7186118364334106,-0.5657162070274353,1.6483135223388672,-0.7645384669303894,1.8597437143325806,2.3647892475128174,10.113018035888672,2.8139050006866455,-0.6906582117080688,-1.3844269514083862,3.2469353675842285,-0.9115167856216431,-0.17623254656791687,-0.20960357785224915,0.10145628452301025,-0.624746561050415,-0.5648660659790039,0.5492998361587524,-0.12380427122116089,-0.009604442864656448,1.0358833074569702,0.22916418313980103,-16.40387725830078,-6.074189186096191,3.294171094894409,-1.0443363189697266,-0.9025769829750061,0.9216021299362183,9.778498649597168,0.7264596223831177,0.29885196685791016
9.82,-0.3336174488067627,-0.08479930460453033,0.19870996475219727,-0.8620071411132812,0.389925479888916,0.11851940304040909,0.11146150529384613,-0.07282768934965134,0.7889205813407898,-0.5746997594833374,-0.3336174488067627,-0.08479930460453033,0.19870996475219727,-0.8620071411132812,0.389925479888916,0.11851940304040909,0.11146150529384613,-0.07282768934965134,0.7889205813407898,-0.5746997594833374,1.1952943801879883,-1.763866901397705,-0.9056000113487244,3.5571370124816895,7.236176013946533,3.170746088027954,-0.930507481098175,0.49826404452323914,3.8563787937164307,-0.8247179985046387,-0.11439475417137146,-0.21923059225082397,0.13073395192623138,-0.5774890184402466,-0.6135754585266113,0.48618319630622864,-0.10124023258686066,-0.08684273064136505,1.2938777208328247,0.015795886516571045,-7.257655620574951,1.9617310762405396,0.2926626205444336,-0.8686102628707886,-1.0858932733535767,1.2968714237213135,9.797786712646484,0.4731823205947876,0.12480145692825317
9.84,-0.3169223666191101,-0.10945911705493927,0.18343892693519592,-0.8106861710548401,0.4986574649810791,0.17645034193992615,0.09457362443208694,-0.07088396698236465,0.8882116675376892,-0.5627396106719971,-0.3169223666191101,-0.10945911705493927,0.18343892693519592,-0.8106861710548401,0.4986574649810791,0.17645034193992615,0.09457362443208694,-0.07088396698236465,0.8882116675376892,-0.5627396106719971,-1.0276100635528564,0.3598537743091583,-0.18603627383708954,-1.8205515146255493,-0.12964145839214325,2.268756151199341,-0.23920798301696777,-0.6626201272010803,5.842970371246338,4.882198333740234,-0.2041843831539154,-0.36107364296913147,0.07571189850568771,-0.643683671951294,-1.076069951057434,0.6010782718658447,-0.13198690116405487,-0.0866488367319107,1.0258572101593018,-0.11870989203453064,-53.838279724121094,14.785713195800781,23.636882781982422,-0.1095336452126503,-0.1743064969778061,0.6924618482589722,9.805913925170898,0.27706611156463623,-0.058235205709934235
9.86,-0.30783694982528687,-0.12299269437789917,0.1569642275571823,-0.815422773361206,0.4898581802845001,0.21453097462654114,0.07454237341880798,-0.10127035528421402,0.974705696105957,-0.48685988783836365,-0.30783694982528687,-0.12299269437789917,0.1569642275571823,-0.815422773361206,0.4898581802845001,0.21453097462654114,0.07454237341880798,-0.10127035528421402,0.974705696105957,-0.48685988783836365,0.7180967330932617,-1.200871229171753,-1.564050316810608,0.32235461473464966,0.6866084933280945,2.0063276290893555,-1.1725926399230957,-1.5637760162353516,2.984818696975708,4.377683639526367,-0.1881815493106842,-0.19900044798851013,0.08219755440950394,-0.6553218960762024,-1.0835305452346802,0.38658860325813293,0.01771124079823494,-0.02561134472489357,1.1620900630950928,-0.1728317141532898,-15.615415573120117,-2.7580459117889404,-0.1401420384645462,-1.2035448551177979,-0.6064924001693726,-0.12663869559764862,9.804312705993652,0.3142769932746887,-0.11302444338798523
9.88,-0.2883906960487366,-0.13969194889068604,0.13391758501529694,-0.798265278339386,0.4883968234062195,0.24758221209049225,0.06344420462846756,-0.09825989603996277,1.0237075090408325,-0.3946228325366974,-0.2883906960487366,-0.13969194889068604,0.13391758501529694,-0.798265278339386,0.4883968234062195,0.24758221209049225,0.06344420462846756,-0.09825989603996277,1.0237075090408325,-0.3946228325366974,1.080485463142395,-0.497042715549469,-0.8997854590415955,0.9867650866508484,-0.2745879590511322,1.311660885810852,-0.0598112978041172,1.2840121984481812,2.201021432876587,6.2165846824646,-0.21794329583644867,-0.25424984097480774,0.023539148271083832,-0.6203353404998779,-0.9932695627212524,0.3619616627693176,0.026918698102235794,-0.04692168906331062,1.105591893196106,-0.08297333121299744,-6.558055400848389,-0.02950986847281456,2.832183837890625,-0.8446973562240601,-0.3609464466571808,-0.25036218762397766,9.801623344421387,0.34398579597473145,-0.2143753468990326
9.9,-0.2691340744495392,-0.15090392529964447,0.1139562577009201,-0.77918940782547,0.4816233515739441,0.2695671021938324,0.06163859739899635,-0.07865927368402481,1.0584285259246826,-0.3166652321815491,-0.2691340744495392,-0.15090392529964447,0.1139562577009201,-0.77918940782547,0.4816233515739441,0.2695671021938324,0.06163859739899635,-0.07865927368402481,1.0584285259246826,-0.3166652321815491,0.8486757874488831,-0.592034637928009,-1.028312087059021,0.9471611380577087,-0.4529259502887726,0.9465163350105286,-0.14098650217056274,0.7417774200439453,1.2593525648117065,3.8189473152160645,-0.19580519199371338,-0.22684592008590698,0.020394571125507355,-0.6233197450637817,0.2106374204158783,0.2808549404144287,0.03977193683385849,0.025779780000448227,1.0471917390823364,-0.15713313221931458,-10.324499130249023,-0.883842945098877,2.1327435970306396,-0.5296533107757568,-0.38404980301856995,-0.19496312737464905,9.7980318069458,0.39402371644973755,-0.2818269729614258
9.92,-0.2526443302631378,-0.16102662682533264,0.09359646588563919,-0.7596753835678101,0.47229254245758057,0.2797091007232666,0.06224146485328674,-0.056569114327430725,1.071181297302246,-0.2541152536869049,-0.2526443302631378,-0.16102662682533264,0.09359646588563919,-0.7596753835678101,0.47229254245758057,0.2797091007232666,0.06224146485328674,-0.056569114327430725,1.071181297302246,-0.2541152536869049,0.7228411436080933,-0.40838003158569336,-0.5550074577331543,0.9038832783699036,-0.45406776666641235,0.17855340242385864,0.1594845950603485,1.4209985733032227,0.15060536563396454,2.449941873550415,-0.16027426719665527,-0.27447161078453064,0.046839259564876556,-0.5821695327758789,0.2647096812725067,0.27757728099823,0.06415411084890366,0.005127412267029285,1.090186595916748,-0.3297778367996216,-8.153863906860352,-1.2296350002288818,1.672297716140747,-0.16813229024410248,-0.32395708560943604,-0.18021602928638458,9.79428482055664,0.4327514171600342,-0.3475708067417145
9.94,-0.23862916231155396,-0.16863732039928436,0.08338533341884613,-0.741315484046936,0.46471402049064636,0.2815154492855072,0.063889279961586,-0.030487408861517906,1.0736225843429565,-0.2698967754840851,-0.23862916231155396,-0.16863732039928436,0.08338533341884613,-0.741315484046936,0.46471402049064636,0.2815154492855072,0.063889279961586,-0.030487408861517906,1.0736225843429565,-0.2698967754840851,0.7006157636642456,-0.33779874444007874,-0.49061501026153564,0.9222502112388611,-0.3661833703517914,0.06131650134921074,0.026758473366498947,1.1349865198135376,0.16034889221191406,-2.7033615112304688,-0.13300549983978271,-0.18755385279655457,0.00311192125082016,-0.5805997252464294,-0.5055084228515625,0.3627150356769562,0.008081912994384766,0.041967060416936874,1.221045970916748,-0.17581668496131897,-8.385871887207031,-0.848052442073822,3.428534746170044,-0.25992250442504883,-0.24526263773441315,-0.08884568512439728,9.790990829467773,0.45708221197128296,-0.4045664370059967
9.96,-0.22530803084373474,-0.1727127581834793,0.07040629535913467,-0.7221465706825256,0.45674145221710205,0.2887192964553833,0.06345567107200623,-0.010001209564507008,1.0954135656356812,-0.25012829899787903,-0.22530803084373474,-0.1727127581834793,0.07040629535913467,-0.7221465706825256,0.45674145221710205,0.2887192964553833,0.06345567107200623,-0.010001209564507008,1.0954135656356812,-0.25012829899787903,0.7029621005058289,-0.08453153818845749,-0.8073200583457947,1.0227811336517334,-0.420967698097229,0.5455487370491028,-0.09731751680374146,1.0064449310302734,1.9299761056900024,3.1809237003326416,-0.17415040731430054,-0.15974318981170654,0.0002217218279838562,-0.5565280318260193,0.2823217511177063,0.42375418543815613,-0.06425929814577103,0.1226101666688919,1.246053695678711,-0.3427869379520416,-8.366927146911621,-0.2678261995315552,4.156449317932129,-0.5704673528671265,0.040247779339551926,0.037215594202280045,9.790055274963379,0.4616846442222595,-0.4216199219226837
9.98,-0.21466445922851562,-0.17357555031776428,0.05389799550175667,-0.7032632827758789,0.4492128789424896,0.30200207233428955,0.05713057145476341,0.019924478605389595,1.1371028423309326,-0.2688356637954712,-0.21466445922851562,-0.17357555031776428,0.05389799550175667,-0.7032632827758789,0.4492128789424896,0.30200207233428955,0.05713057145476341,0.019924478605389595,1.1371028423309326,-0.2688356637954712,0.3927995562553406,-0.009875386953353882,-0.8268870115280151,0.8840113282203674,-0.35533827543258667,0.7418164014816284,-0.5042325854301453,2.0500130653381348,2.0113489627838135,-3.2767696380615234,-0.19136154651641846,-0.2236444652080536,-0.054653920233249664,-0.5077857971191406,-0.2516283392906189,0.2786940932273865,-0.1550300121307373,0.14094488322734833,1.1614058017730713,-0.32685738801956177,-8.214700698852539,-0.9621008634567261,3.8838706016540527,-0.6601074934005737,0.16108378767967224,0.25172460079193115,9.792263984680176,0.43973201513290405,-0.3928035795688629
10.0,-0.20430439710617065,-0.17585790157318115,0.03448771685361862,-0.6837156414985657,0.4411506652832031,0.3086729049682617,0.0381971038877964,0.061858754605054855,1.1555684804916382,-0.3060586750507355,-0.20430439710617065,-0.17585790157318115,0.03448771685361862,-0.6837156414985657,0.4411506652832031,0.3086729049682617,0.0381971038877964,0.061858754605054855,1.1555684804916382,-0.3060586750507355,0.5650067329406738,-0.15034274756908417,-1.0260612964630127,1.0911593437194824,-0.47608208656311035,0.05338810011744499,-1.2485872507095337,2.0870256423950195,0.09940925240516663,-0.9669027924537659,-0.3986441195011139,-0.11362531781196594,-0.17479769885540009,-0.6633483171463013,-0.7098658084869385,-0.043843477964401245,-0.10273804515600204,0.07222320139408112,0.6778870224952698,-0.43416109681129456,-9.126829147338867,-1.5089201927185059,3.9805445671081543,-0.7114319205284119,0.16129125654697418,0.2018163651227951,9.795348167419434,0.40286335349082947,-0.35349124670028687
